from,to,feature,n_trans,n_probes,cohens_d,pval,pval_bonf
TH,HPF,trough_val,19,19,1.4215,1.6911360398927242e-60,4.3631309829232284e-57
TH,HPF,peak_val,19,19,1.291,1.827436124837954e-54,4.714785202081921e-51
TH,root,trough_val,94,92,1.2721,5.648304449016746e-94,1.4572625478463205e-90
TH,HPF,repolarisation_slope,19,19,1.2538,6.248590408775062e-54,1.612136325463966e-50
TH,root,peak_val,94,92,1.2494,9.395997909871656e-90,2.4241674607468872e-86
TH,HPF,psd_gamma,19,19,1.207,1.0422119938157017e-50,2.6889069440445105e-47
TH,HPF,psd_beta,19,19,1.2029,1.2451571068671939e-54,3.2125053357173603e-51
TH,HPF,psd_alpha,19,19,1.1991,4.924648525843598e-51,1.2705593196676483e-47
TH,HPF,cor_ratio,19,19,1.193,7.642309152382825e-49,1.971715761314769e-45
TH,HPF,psd_alpha_csd_diff1,19,19,1.1914,1.00752142843176e-46,2.5994052853539405e-43
TH,root,repolarisation_slope,94,92,1.1584,3.3294966490417033e-85,8.590101354527595e-82
TH,root,recovery_slope,94,92,1.1537,6.896337111838366e-90,1.7792549748542984e-86
TH,HPF,psd_lfp,19,19,1.1451,6.720636949720338e-49,1.7339243330278473e-45
TH,HPF,psd_beta_csd_diff1,19,19,1.1339,1.8108263940603487e-43,4.6719320966757e-40
TH,HPF,rms_lf,19,19,1.1336,2.5812170158415736e-48,6.65953990087126e-45
TH,HPF,recovery_slope,19,19,1.12,9.075244868103854e-56,2.3414131759707943e-52
TH,HPF,psd_theta_csd_diff1,19,19,1.1167,3.3849729107188568e-43,8.733230109654651e-40
TH,HPF,psd_delta,19,19,1.1103,7.454457610328347e-48,1.9232500634647135e-44
TH,HPF,alpha_mean,19,19,1.1081,1.4196592193327301e-41,3.662720785878444e-38
TH,HPF,rms_lf_csd_diff1,19,19,1.0902,1.1072701401193235e-42,2.8567569615078547e-39
TH,HPF,psd_lfp_csd_diff1,19,19,1.0827,3.191696717090959e-42,8.234577530094675e-39
TH,HPF,psd_theta,19,19,1.0653,5.971443650609229e-44,1.540632461857181e-40
TH,HPF,psd_alpha_csd,19,19,1.0611,4.892495548989835e-39,1.2622638516393775e-35
TH,HPF,psd_gamma_csd_diff1,19,19,1.0392,9.208732214345811e-39,2.375852911301219e-35
TH,HPF,psd_delta_csd_diff1,19,19,1.016,9.481859891480457e-41,2.446319852001958e-37
TH,HPF,psd_theta_csd,19,19,1.0105,4.190675083581926e-37,1.0811941715641369e-33
TH,HPF,aperiodic_offset,19,19,0.9682,1.3053290180227395e-39,3.367748866498668e-36
TH,root,tip_val,94,92,0.9663,7.934432843761931e-69,2.0470836736905784e-65
TH,HPF,psd_beta_csd,19,19,0.9485,1.6778193459136002e-32,4.3287739124570886e-29
TH,root,depolarisation_slope,94,92,0.9448,3.2279292815499156e-65,8.328057546398783e-62
void_fluid,Isocortex,peak_val,42,40,0.9286,4.964272661238967e-41,1.2807823465996536e-37
HB,VS,trough_val,60,55,0.903,4.9709493779352955e-79,1.2825049395073062e-75
void_fluid,Isocortex,trough_val,42,40,0.8951,2.2476057319591978e-38,5.79882278845473e-35
TH,HPF,rms_lf_csd,19,19,0.8764,3.5711647150003484e-30,9.213604964700899e-27
HB,VS,peak_val,60,55,0.8743,8.040103855835334e-78,2.074346794805516e-74
TH,HPF,psd_lfp_csd,19,19,0.873,4.0182648592654976e-30,1.0367123336904984e-26
TH,VS,peak_val,28,23,0.8594,1.0733288781627745e-38,2.769188505659958e-35
HPF,fiber tracts,trough_val,343,305,0.8532,0.0,0.0
TH,HPF,depolarisation_slope,19,19,0.8524,1.3783038003991286e-41,3.556023805029752e-38
TH,VS,trough_val,28,23,0.8466,3.0570858452458515e-42,7.887281480734296e-39
TH,HPF,psd_gamma_csd,19,19,0.8395,2.916917828757663e-29,7.525647998194771e-26
HPF,fiber tracts,peak_val,343,305,0.8317,0.0,0.0
void_fluid,Isocortex,repolarisation_slope,42,40,0.8309,1.1833448227777077e-36,3.053029642766486e-33
void_fluid,Isocortex,depolarisation_slope,42,40,0.8254,3.750256759011669e-34,9.675662438250105e-31
MB,root,trough_val,66,64,0.8228,1.6702374372574832e-57,4.3092125881243067e-54
HB,VS,repolarisation_slope,60,55,0.8203,2.343024141689765e-72,6.045002285559594e-69
void_fluid,Isocortex,tip_val,42,40,0.8123,7.770464908801799e-35,2.0047799464708642e-31
TH,HPF,tip_val,19,19,0.7976,1.1994589422384689e-37,3.0946040709752496e-34
TH,HPF,psd_delta_csd,19,19,0.7821,9.46090638607663e-26,2.4409138476077705e-22
MB,root,peak_val,66,64,0.7768,1.2811551904294699e-52,3.3053803913080325e-49
MB,root,repolarisation_slope,66,64,0.7749,1.0724057869517659e-55,2.766806930335556e-52
HB,VS,recovery_slope,60,55,0.7623,1.3117758455173231e-73,3.3843816814346935e-70
CB,void_fluid,peak_val,35,32,0.7618,6.317819657796122e-22,1.6299974717113995e-18
TH,root,rms_ap,94,92,0.7545,1.9105023946065212e-39,4.9290961780848245e-36
MB,root,depolarisation_slope,66,64,0.7488,5.629209734957145e-49,1.4523361116189434e-45
void_fluid,Isocortex,recovery_slope,42,40,0.7428,3.674164556243646e-34,9.479344555108607e-31
CB,void_fluid,depolarisation_slope,35,32,0.7349,1.8826172519457638e-20,4.857152510020071e-17
CNU,HY,psd_alpha,21,16,0.7298,1.7545425521234052e-18,4.526719784478386e-15
CB,void_fluid,tip_val,35,32,0.7278,7.185362053607267e-22,1.853823409830675e-18
TH,HPF,rms_ap,19,19,0.7249,5.189680661331307e-24,1.3389376106234773e-20
HPF,fiber tracts,repolarisation_slope,343,305,0.7174,0.0,0.0
MB,root,recovery_slope,66,64,0.7116,1.6181328225469513e-60,4.174782682171134e-57
TH,VS,repolarisation_slope,28,23,0.7079,5.434499141992426e-35,1.4021007786340457e-31
MB,void_fluid,repolarisation_slope,44,43,0.7054,1.1167286054667894e-31,2.8811598021043167e-28
TH,HPF,peak_time_secs,19,19,0.703,1.232694477438778e-24,3.180351751792047e-21
MB,void_fluid,recovery_slope,44,43,0.6936,8.62688997877736e-34,2.225737614524559e-30
TH,root,cor_ratio,94,92,0.6921,2.778692968359062e-36,7.16902785836638e-33
CB,void_fluid,trough_val,35,32,0.6904,1.7230994297848195e-18,4.445596528844834e-15
TH,HPF,alpha_std,19,19,0.6873,3.2974368582099114e-23,8.507387094181571e-20
MB,void_fluid,trough_val,44,43,0.6688,5.170109701848023e-30,1.33388830307679e-26
MB,VS,psd_beta_csd,18,13,0.6672,6.134092153126303e-12,1.582595775506586e-08
HB,VS,depolarisation_slope,60,55,0.6627,1.4065523142141035e-52,3.628904970672387e-49
HB,VS,tip_val,60,55,0.6578,6.322966483114904e-59,1.6313253526436452e-55
MB,VS,psd_gamma_csd,18,13,0.6533,8.393900768162037e-14,2.1656263981858055e-10
TH,VS,tip_val,28,23,0.6516,1.490074579951322e-26,3.8443924162744106e-23
TH,VS,alpha_mean,28,23,0.6479,5.889597101163368e-25,1.519516052100149e-21
TH,root,alpha_mean,94,92,0.644,1.033540097841141e-36,2.6665334524301438e-33
MB,void_fluid,peak_val,44,43,0.6352,6.199285644162484e-28,1.599415696193921e-24
fiber tracts,HPF,trough_val,156,127,0.6305,4.720403417914696e-80,1.2178640818219915e-76
fiber tracts,HPF,peak_val,156,127,0.6293,4.0110276277719496e-73,1.034845127965163e-69
CB,void_fluid,repolarisation_slope,35,32,0.6282,5.301978547946381e-16,1.3679104653701663e-12
MB,root,tip_val,66,64,0.6237,1.1848033734316344e-42,3.056792703453617e-39
MB,void_fluid,depolarisation_slope,44,43,0.6229,3.4849413826041753e-25,8.991148767118772e-22
VS,CB,rms_ap,55,53,0.6222,8.357841045539617e-37,2.156322989749221e-33
HPF,fiber tracts,recovery_slope,343,305,0.6157,0.0,0.0
fiber tracts,HY,trough_val,20,17,0.6128,8.972344504924428e-12,2.3148648822705024e-08
root,HPF,psd_gamma,224,215,0.6008,3.621057441036663e-104,9.342328197874591e-101
fiber tracts,Isocortex,trough_val,429,408,0.5987,3.6892699701545744e-306,9.518316522998802e-303
MB,VS,psd_gamma_csd_diff1,18,13,0.5972,2.0845118243466668e-14,5.3780405068144e-11
CNU,HY,psd_beta,21,16,0.5957,2.3470770637565835e-12,6.055458824491985e-09
root,HPF,psd_delta,224,215,0.5895,7.650710070927603e-89,1.9738831982993215e-85
MB,void_fluid,trough_time_secs,44,43,0.5868,6.376965258327443e-30,1.6452570366484802e-26
root,HPF,rms_lf,224,215,0.5859,4.934233761458769e-98,1.2730323104563624e-94
root,HPF,psd_beta,224,215,0.5829,4.889622349132937e-102,1.2615225660762977e-98
MB,void_fluid,recovery_time_secs,44,43,0.5815,4.8970936861809256e-30,1.2634501710346788e-26
TH,VS,recovery_slope,28,23,0.5812,4.622502238637404e-30,1.1926055775684503e-26
CNU,HY,alpha_std,21,16,0.5802,1.287632853233429e-12,3.322092761342247e-09
root,HPF,psd_lfp,224,215,0.5793,1.5444231458523005e-98,3.9846117162989354e-95
MB,root,trough_time_secs,66,64,0.5792,6.2936196040304186e-43,1.623753857839848e-39
fiber tracts,Isocortex,peak_val,429,408,0.5748,7.49948902482311e-270,1.9348681684043622e-266
MB,VS,psd_alpha_csd,18,13,0.5745,6.910423843785855e-11,1.7828893516967506e-07
MB,root,recovery_time_secs,66,64,0.5721,3.689300045978243e-42,9.518394118623868e-39
VS,root,psd_beta_csd,35,29,0.5618,7.797004718987578e-11,2.0116272174987952e-07
HPF,fiber tracts,alpha_std,343,305,0.5611,1.0106980553160934e-289,2.607600982715521e-286
CNU,VS,trough_val,54,43,0.5605,2.0922912879960717e-33,5.398111523029865e-30
fiber tracts,HPF,repolarisation_slope,156,127,0.5601,7.935438635766315e-79,2.0473431680277092e-75
HPF,void_fluid,rms_ap,16,6,0.5595,3.2699794259354636e-05,0.08436546918913496
MB,VS,psd_lfp_csd_diff1,18,13,0.5595,1.3580756469040983e-07,0.0003503835169012574
Isocortex,void,trough_val,59,57,0.5541,7.83708613530026e-22,2.0219682229074672e-18
CNU,HY,psd_theta,21,16,0.5524,4.5274345225662035e-11,1.1680781068220805e-07
HPF,fiber tracts,alpha_mean,343,305,0.547,0.0,0.0
MB,VS,rms_lf_csd_diff1,18,13,0.5467,2.429919767397186e-07,0.0006269192999884739
TH,VS,depolarisation_slope,28,23,0.5444,1.0282179551813752e-25,2.652802324367948e-22
VS,root,psd_lfp_csd,35,29,0.541,1.4057484788839063e-12,3.626831075520478e-09
OLF,CNU,cor_ratio,16,13,0.5405,7.1660263746949945e-09,1.8488348046713086e-05
fiber tracts,HPF,rms_lf,156,127,0.5383,4.128636529292464e-62,1.0651882245574557e-58
VS,root,rms_lf_csd,35,29,0.5375,1.7366826229307973e-12,4.480641167161457e-09
fiber tracts,HPF,psd_delta,156,127,0.5359,9.073270791222363e-61,2.3409038641353696e-57
CNU,VS,peak_val,54,43,0.5355,5.727015273398514e-30,1.4775699405368166e-26
fiber tracts,HY,recovery_slope,20,17,0.5346,1.4008737989041008e-09,3.61425440117258e-06
MB,void_fluid,tip_val,44,43,0.5334,4.766148692609791e-22,1.229666362693326e-18
fiber tracts,HPF,psd_lfp,156,127,0.5328,3.8351213582232e-61,9.894613104215856e-58
VS,root,psd_delta_csd,35,29,0.5319,8.56074233644764e-12,2.208671522803491e-08
OLF,CNU,rms_ap,16,13,0.5317,1.2966658463213036e-12,3.3453978835089636e-09
void_fluid,HPF,trough_val,45,30,0.5303,8.391810154546886e-15,2.1650870198730965e-11
TH,VS,cor_ratio,28,23,0.5293,4.676923698543673e-19,1.2066463142242676e-15
void_fluid,Isocortex,tip_time_secs,42,40,0.5281,4.766546081408592e-23,1.2297688890034168e-19
VS,root,psd_alpha_csd,35,29,0.5274,1.8637809886474875e-11,4.8085549507105175e-08
root,CB,repolarisation_slope,21,19,0.5241,3.9799212429379834e-08,0.00010268196806779997
fiber tracts,HPF,psd_beta,156,127,0.5235,9.601926147126416e-65,2.4772969459586155e-61
fiber tracts,HPF,psd_theta,156,127,0.5231,3.321213528089078e-67,8.568730902469822e-64
VS,root,psd_theta_csd,35,29,0.5224,6.042937749057149e-12,1.5590779392567444e-08
root,HPF,aperiodic_offset,224,215,0.5217,5.988581749319493e-76,1.545054091324429e-72
OLF,CTXsp,tip_time_secs,69,68,0.52,7.274255036367386e-45,1.8767577993827858e-41
MB,VS,psd_lfp_csd,18,13,0.5195,5.3995207023055135e-09,1.3930763411948225e-05
fiber tracts,HPF,psd_alpha,156,127,0.5189,1.158901331980644e-65,2.989965436510062e-62
CNU,HY,cor_ratio,21,16,0.518,8.161549554911525e-10,2.1056797851671737e-06
Isocortex,void,repolarisation_slope,59,57,0.5177,1.2616917796117385e-20,3.2551647913982856e-17
void_fluid,HPF,peak_val,45,30,0.5171,4.459448419911665e-13,1.1505376923372097e-09
Isocortex,void,peak_val,59,57,0.5148,1.3150257715942183e-24,3.392766490713083e-21
root,HPF,psd_theta,224,215,0.5145,3.163992959662846e-88,8.163101835930143e-85
MB,root,tip_time_secs,66,64,0.5123,2.806755218174854e-31,7.241428462891123e-28
root,CB,recovery_slope,21,19,0.5118,3.3125083138583214e-07,0.000854627144975447
CB,void_fluid,aperiodic_exponent,35,32,0.5116,6.15845531761918e-18,1.5888814719457486e-14
MB,VS,trough_val,18,13,0.5097,7.659080325149482e-05,0.1976042723888566
root,HPF,psd_alpha,224,215,0.5087,6.194890024327795e-86,1.5982816262765712e-82
HPF,fiber tracts,tip_val,343,305,0.5081,1.2925375396133748e-213,3.334746852202507e-210
fiber tracts,HPF,aperiodic_offset,156,127,0.508,6.463072270090311e-59,1.6674726456833004e-55
MB,VS,psd_delta_csd_diff1,18,13,0.5074,4.5902276626430564e-07,0.0011842787369619086
CNU,VS,tip_val,54,43,0.5064,3.1896210429374446e-26,8.229222290778607e-23
MB,HY,psd_beta_csd,24,23,0.504,1.055721534214811e-13,2.7237615582742125e-10
MB,VS,rms_lf_csd,18,13,0.5027,1.9234049750498397e-08,4.9623848356285865e-05
MB,HY,psd_gamma_csd,24,23,0.4987,1.0318507661304559e-14,2.6621749766165763e-11
Isocortex,void_fluid,peak_val,110,110,0.4981,4.687056828154258e-16,1.2092606616637986e-12
TH,root,aperiodic_offset,94,92,0.4973,7.62847731638571e-25,1.9681471476275133e-21
CB,void_fluid,peak_time_secs,35,32,0.4942,7.436649896405414e-17,1.9186556732725968e-13
CNU,HY,aperiodic_offset,21,16,0.4931,1.878173438191825e-08,4.8456874705349085e-05
MB,void_fluid,tip_time_secs,44,43,0.4928,6.281057235109173e-19,1.6205127666581668e-15
CNU,HY,psd_lfp,21,16,0.4926,4.792955637281938e-09,1.2365825544187399e-05
Isocortex,void_fluid,tip_val,110,110,0.4926,1.5369296614791366e-16,3.9652785266161725e-13
fiber tracts,HPF,recovery_slope,156,127,0.4923,9.637052180718838e-84,2.48635946262546e-80
HPF,fiber tracts,depolarisation_slope,343,305,0.4923,2.075223776707917e-193,5.354077343906426e-190
fiber tracts,HPF,psd_gamma,156,127,0.4912,5.89317493375052e-54,1.5204391329076341e-50
MB,void_fluid,rms_ap,44,43,0.4894,1.0565114555094583e-17,2.7257995552144025e-14
fiber tracts,HY,repolarisation_slope,20,17,0.4891,5.676290054084429e-08,0.00014644828339537827
HB,root,recovery_slope,22,21,0.489,9.06551962039481e-07,0.002338904062061861
Isocortex,void,recovery_slope,59,57,0.4831,7.351596368542666e-20,1.8967118630840077e-16
MB,VS,psd_theta_csd,18,13,0.4817,1.4934746509316702e-08,3.853164599403709e-05
CB,void_fluid,rms_ap,35,32,0.4807,1.0771673693320531e-14,2.7790918128766972e-11
VS,root,psd_gamma_csd,35,29,0.4787,5.498883962498367e-06,0.014187120623245788
Isocortex,void,depolarisation_slope,59,57,0.4782,2.4641384582969413e-26,6.357477222406108e-23
VS,root,psd_residual_gamma,35,29,0.4771,1.352427468298701e-07,0.00034892628682106484
Isocortex,void_fluid,depolarisation_slope,110,110,0.4752,2.5926849872475772e-17,6.68912726709875e-14
OLF,CNU,psd_beta,16,13,0.4749,6.822309682228094e-08,0.00017601558980148482
void_fluid,HPF,repolarisation_slope,45,30,0.4721,4.963714319046687e-12,1.2806382943140452e-08
fiber tracts,Isocortex,repolarisation_slope,429,408,0.4707,2.3813662243646537e-220,6.143924858860807e-217
Isocortex,void_fluid,trough_val,110,110,0.4703,1.1962629436292227e-15,3.0863583945633947e-12
VS,CB,aperiodic_exponent,55,53,0.4687,1.4435437496177717e-26,3.724342874013851e-23
fiber tracts,HY,peak_val,20,17,0.467,6.606275114004373e-09,1.7044189794131283e-05
void_fluid,Isocortex,psd_lfp,42,40,0.4664,6.10780074329649e-21,1.5758125917704945e-17
OLF,CNU,psd_alpha,16,13,0.4649,1.0524934186663574e-06,0.002715433020159202
void_fluid,Isocortex,psd_theta,42,40,0.4643,5.86034386542255e-19,1.5119687172790178e-15
HPF,fiber tracts,psd_theta_csd_diff1,343,305,0.4642,7.202365971302642e-280,1.8582104205960817e-276
OLF,CNU,rms_lf,16,13,0.4637,4.974551684558194e-09,1.283434334616014e-05
HY,MB,psd_delta_csd,16,14,0.4637,4.620231717474711e-08,0.00011920197831084755
void_fluid,Isocortex,peak_time_secs,42,40,0.4632,2.7187730937930286e-21,7.014434581986015e-18
HPF,fiber tracts,psd_alpha_csd_diff1,343,305,0.4625,4.102738934825291e-284,1.0585066451849251e-280
OLF,CNU,psd_theta,16,13,0.4621,1.0357530988286244e-07,0.00026722429949778507
CB,void_fluid,recovery_slope,35,32,0.4616,6.487021337151049e-12,1.6736515049849706e-08
root,CB,trough_val,21,19,0.4615,1.8248512429035478e-07,0.00047081162066911535
MB,VS,rms_ap,18,13,0.4612,6.818364740777014e-07,0.0017591381031204698
CNU,HY,rms_lf,21,16,0.4591,1.2974422866019786e-08,3.347401099433105e-05
void_fluid,HPF,recovery_slope,45,30,0.4588,4.8519474835822724e-17,1.2518024507642263e-13
MB,VS,psd_delta_csd,18,13,0.4582,5.589727680733478e-08,0.00014421497416292373
CNU,HY,psd_gamma,21,16,0.4577,1.0412306523859438e-08,2.6863750831557352e-05
TH,fiber tracts,rms_ap,196,154,0.4575,1.1779283012619632e-73,3.039055017255865e-70
OLF,CNU,psd_delta,16,13,0.4562,7.60920337863406e-09,1.9631744716875873e-05
HB,VS,rms_ap,60,55,0.4551,9.905326382275908e-24,2.5555742066271844e-20
void_fluid,Isocortex,psd_beta,42,40,0.455,1.906094849475216e-15,4.917724711646057e-12
OLF,CNU,psd_lfp,16,13,0.4545,3.320757092112381e-08,8.567553297649942e-05
MB,root,cor_ratio,66,64,0.4533,4.526818274031012e-19,1.1679191147000011e-15
MB,root,rms_ap,66,64,0.4523,2.858414405580027e-24,7.37470916639647e-21
void_fluid,Isocortex,rms_lf,42,40,0.4519,7.449155002269997e-20,1.921881990585659e-16
MB,VS,recovery_slope,18,13,0.4504,0.0020002735433093466,1.0
MB,VS,peak_val,18,13,0.4502,0.0002983792462508858,0.7698184553272854
void_fluid,Isocortex,aperiodic_offset,42,40,0.4487,1.7199941917219851e-22,4.4375850146427215e-19
HY,MB,rms_lf_csd,16,14,0.4477,3.634641221156032e-09,9.377374350582563e-06
MB,VS,psd_beta_csd_diff1,18,13,0.447,2.5118118331613477e-09,6.480474529556277e-06
VS,root,psd_residual_lfp,35,29,0.4464,2.5447446700056595e-09,6.565441248614602e-06
fiber tracts,HPF,depolarisation_slope,156,127,0.4461,8.915824611442787e-45,2.300282749752239e-41
Isocortex,void_fluid,repolarisation_slope,110,110,0.4458,4.249073887574918e-16,1.0962610629943289e-12
HB,root,repolarisation_slope,22,21,0.4433,9.369399750458774e-07,0.0024173051356183636
void_fluid,HPF,psd_residual_alpha,45,30,0.4421,4.891004637356423e-15,1.2618791964379572e-11
CNU,HY,psd_residual_theta,21,16,0.4419,6.826084914156704e-09,1.7611299078524297e-05
void_fluid,Isocortex,psd_alpha,42,40,0.4411,6.5230067611641694e-15,1.6829357443803558e-11
CB,MB,trough_val,22,19,0.4405,1.2807813974522493e-10,3.304416005426803e-07
CNU,HY,alpha_mean,21,16,0.4403,1.339135817829067e-07,0.00034549704099989933
OLF,CNU,psd_gamma,16,13,0.44,5.640116632066127e-07,0.0014551500910730609
MB,VS,repolarisation_slope,18,13,0.4397,0.0044235364681744094,1.0
void_fluid,HPF,tip_val,45,30,0.4376,3.410728572742953e-12,8.799679717676818e-09
void_fluid,HPF,depolarisation_slope,45,30,0.4373,5.4703278938735115e-11,1.411344596619366e-07
HY,MB,psd_lfp_csd,16,14,0.437,1.026195599950078e-09,2.6475846478712015e-06
MB,HY,psd_gamma_csd_diff1,24,23,0.4345,1.6211571915758332e-16,4.18258555426565e-13
CB,MB,peak_val,22,19,0.4332,8.550313542094418e-10,2.20598089386036e-06
CB,void_fluid,tip_time_secs,35,32,0.4331,0.002216065007496376,1.0
CNU,VS,repolarisation_slope,54,43,0.4325,7.031309005400966e-23,1.8140777233934493e-19
fiber tracts,Isocortex,recovery_slope,429,408,0.4303,1.290783156915895e-251,3.3302205448430087e-248
MB,root,peak_time_secs,66,64,0.43,1.2623645966563209e-34,3.256900659373308e-31
VS,root,psd_delta_csd_diff1,35,29,0.4296,3.3702472922363886e-07,0.0008695238013969882
Isocortex,fiber tracts,repolarisation_slope,44,33,0.429,8.200348793585913e-14,2.1156899887451654e-10
CB,MB,repolarisation_slope,22,19,0.4289,3.684865592911275e-09,9.506953229711089e-06
HPF,fiber tracts,psd_delta_csd_diff1,343,305,0.4288,1.1875433904005783e-224,3.063861947233492e-221
HPF,void_fluid,psd_lfp_csd_diff1,16,6,0.4287,0.008994609992402782,1.0
root,HPF,psd_alpha_csd_diff1,224,215,0.4283,7.801333643722461e-89,2.012744080080395e-85
HPF,fiber tracts,psd_beta_csd_diff1,343,305,0.4271,3.9289417456995306e-284,1.0136669703904789e-280
HPF,void_fluid,rms_lf_csd_diff1,16,6,0.4271,0.007520894491257599,1.0
Isocortex,fiber tracts,trough_val,44,33,0.4268,1.960833448317441e-14,5.0589502966589975e-11
TH,root,peak_time_secs,94,92,0.4267,2.5746867222456927e-47,6.642691743393887e-44
HB,root,trough_val,22,21,0.4262,7.508462395905704e-06,0.019371832981436715
HPF,void_fluid,psd_delta_csd_diff1,16,6,0.425,0.005608961229804705,1.0
HB,VS,trough_time_secs,60,55,0.4236,8.630166034153243e-30,2.2265828368115367e-26
CNU,HY,tip_time_secs,21,16,0.4227,2.2710942095009538e-07,0.0005859423060512461
CB,MB,trough_time_secs,22,19,0.4221,1.0394687313396347e-08,2.6818293268562575e-05
root,HPF,psd_beta_csd_diff1,224,215,0.422,8.464476493657919e-98,2.1838349353637432e-94
CB,MB,recovery_slope,22,19,0.4194,4.997398392054914e-10,1.2893287851501677e-06
HPF,void_fluid,psd_beta_csd_diff1,16,6,0.4191,0.00011656095034531101,0.30072725189090244
HPF,fiber tracts,rms_lf_csd_diff1,343,305,0.419,7.033570137306675e-279,1.814661095425122e-275
HPF,root,peak_time_secs,23,16,0.4189,3.789396148713147e-05,0.09776642063679919
Isocortex,fiber tracts,peak_val,44,33,0.4174,3.5280353908211554e-13,9.102331308318581e-10
VS,root,rms_lf_csd_diff1,35,29,0.4173,1.0950541752742182e-06,0.002825239772207483
HPF,void_fluid,trough_val,16,6,0.4173,0.00033497948080722894,0.8642470604826507
root,HPF,psd_theta_csd_diff1,224,215,0.416,3.5105642317359116e-85,9.057255717878651e-82
CB,MB,recovery_time_secs,22,19,0.4158,6.916881574164375e-09,1.784555446134409e-05
HPF,fiber tracts,psd_lfp_csd_diff1,343,305,0.4157,1.5589948884386197e-282,4.022206812171639e-279
VS,root,psd_lfp_csd_diff1,35,29,0.4157,1.1769888500753636e-06,0.0030366312331944383
HB,VS,aperiodic_exponent,60,55,0.4152,2.263167056096817e-18,5.838971004729788e-15
HB,VS,recovery_time_secs,60,55,0.4151,8.657608456999771e-28,2.2336629819059408e-24
MB,fiber tracts,trough_val,173,133,0.4133,1.226538709853251e-56,3.1644698714213875e-53
TH,fiber tracts,cor_ratio,196,154,0.4132,1.2910483051357633e-52,3.3309046272502693e-49
VS,CB,depolarisation_slope,55,53,0.4125,3.252725434896892e-16,8.392031622033982e-13
VS,CB,recovery_slope,55,53,0.4119,9.630693129385763e-15,2.484718827381527e-11
VS,CB,repolarisation_slope,55,53,0.4116,3.2616599880093854e-16,8.415082769064214e-13
CTXsp,CNU,psd_alpha,36,34,0.4115,9.30194180941088e-14,2.399900986828007e-10
MB,HY,psd_beta_csd_diff1,24,23,0.4086,8.430085044559819e-17,2.1749619414964333e-13
HPF,void_fluid,psd_gamma_csd_diff1,16,6,0.4083,0.0013568882043889009,1.0
HPF,root,trough_val,23,16,0.4079,1.6109791978846155e-06,0.004156326330542308
fiber tracts,HPF,tip_val,156,127,0.4074,2.380449273447817e-43,6.141559125495368e-40
HPF,root,psd_residual_lfp,23,16,0.4059,1.1075083711125945e-07,0.00028573715974704935
root,CB,peak_val,21,19,0.4052,2.011962883306029e-06,0.005190864238929555
CNU,VS,depolarisation_slope,54,43,0.4051,9.852774806200336e-22,2.5420158999996867e-18
TH,root,psd_theta,94,92,0.405,1.7088019540133875e-16,4.4087090413545396e-13
TH,root,psd_delta,94,92,0.4039,2.0162414639556575e-16,5.201902977005597e-13
HPF,root,psd_residual_beta,23,16,0.4037,0.00013214679945438196,0.34093874259230544
TH,root,psd_lfp,94,92,0.4026,7.430669827905157e-15,1.9171128155995305e-11
TH,root,rms_lf,94,92,0.4018,8.195195234903357e-15,2.114360370605066e-11
CNU,VS,trough_time_secs,54,43,0.4015,2.8272805123363273e-24,7.294383721827725e-21
TH,root,alpha_std,94,92,0.3996,3.44717567341905e-22,8.893713237421148e-19
MB,void_fluid,alpha_std,44,43,0.3993,0.030864136703218917,1.0
MB,fiber tracts,peak_val,173,133,0.3987,1.227350995369643e-48,3.1665655680536787e-45
CNU,VS,recovery_slope,54,43,0.398,3.943966061240321e-23,1.0175432438000029e-19
void_fluid,Isocortex,psd_gamma,42,40,0.3955,1.68784632481237e-13,4.3546435180159147e-10
fiber tracts,HPF,psd_alpha_csd_diff1,156,127,0.3949,5.842765598772764e-55,1.507433524483373e-51
HPF,fiber tracts,psd_gamma_csd_diff1,343,305,0.3946,5.683987085895736e-283,1.4664686681611e-279
TH,VS,peak_time_secs,28,23,0.3942,2.2990429629985203e-14,5.931530844536182e-11
root,HPF,psd_gamma_csd_diff1,224,215,0.394,4.11807952291813e-96,1.0624645169128775e-92
void_fluid,Isocortex,psd_delta,42,40,0.3937,6.719522842752573e-18,1.7336368934301637e-14
void_fluid,Isocortex,aperiodic_exponent,42,40,0.3936,8.954942115747692e-13,2.3103750658629043e-09
fiber tracts,HPF,psd_theta_csd_diff1,156,127,0.3936,8.084273655958313e-53,2.085742603237245e-49
MB,void_fluid,psd_gamma_csd_diff1,44,43,0.3931,2.001297665614557e-11,5.1633479772855566e-08
OLF,CTXsp,recovery_time_secs,69,68,0.3917,2.3870731043742257e-23,6.158648609285503e-20
CNU,VS,recovery_time_secs,54,43,0.3901,1.386448580225951e-23,3.5770373369829535e-20
MB,VS,psd_alpha_csd_diff1,18,13,0.3886,3.343719596108502e-06,0.008626796557959936
HPF,void_fluid,peak_val,16,6,0.3879,0.0007558196253736043,1.0
OLF,CTXsp,trough_time_secs,69,68,0.3871,9.237186887360531e-23,2.3831942169390167e-19
CNU,HY,psd_delta,21,16,0.3857,6.28226556839717e-06,0.0162082451664647
HPF,void_fluid,psd_theta_csd_diff1,16,6,0.3852,0.005526045303615009,1.0
VS,CB,trough_time_secs,55,53,0.3849,6.659468239032214e-17,1.718142805670311e-13
CTXsp,CNU,psd_theta,36,34,0.3848,5.859314814960633e-12,1.5117032222598435e-08
TH,HPF,psd_residual_gamma,19,19,0.3826,5.135470518892941e-06,0.013249513938743787
CB,MB,tip_val,22,19,0.3814,1.9988565170286587e-07,0.0005157049813933939
CTXsp,CNU,rms_lf,36,34,0.3813,4.018996570211926e-13,1.036901115114677e-09
HY,CNU,psd_delta,28,23,0.381,1.6867516496321512e-07,0.000435181925605095
MB,VS,aperiodic_exponent,18,13,0.3804,0.00039286366922445425,1.0
HPF,void_fluid,psd_residual_theta,16,6,0.3802,0.0007393741940230319,1.0
HPF,void_fluid,psd_alpha_csd_diff1,16,6,0.3798,0.0011069181657555058,1.0
VS,CB,psd_gamma,55,53,0.3792,8.576081807935414e-19,2.212629106447337e-15
Isocortex,void_fluid,recovery_slope,110,110,0.3784,3.3229634956531075e-13,8.573245818785018e-10
VS,CB,recovery_time_secs,55,53,0.378,4.2799584948227814e-16,1.1042292916642776e-12
CB,MB,depolarisation_slope,22,19,0.3778,1.61865115891644e-07,0.00041761199900044153
CTXsp,CNU,psd_beta,36,34,0.3775,7.323234972439163e-14,1.889394622889304e-10
VS,root,psd_gamma_csd_diff1,35,29,0.377,7.253456046113353e-06,0.01871391659897245
VS,root,psd_theta_csd_diff1,35,29,0.3766,1.950098607402327e-06,0.0050312544070980035
CTXsp,CNU,aperiodic_offset,36,34,0.3762,7.60973983441338e-12,1.9633128772786518e-08
VS,root,alpha_std,35,29,0.3743,1.0534804560839261e-05,0.027179795766965293
CB,void_fluid,cor_ratio,35,32,0.3733,2.6052505965875934e-05,0.06721546539195991
TH,root,psd_alpha,94,92,0.3727,3.12418543493096e-14,8.060398422121876e-11
VS,root,psd_alpha_csd_diff1,35,29,0.3712,3.8508459123775834e-05,0.09935182453934165
MB,VS,depolarisation_slope,18,13,0.3709,9.47552819274738e-05,0.24446862737288239
CTXsp,fiber tracts,psd_residual_beta,39,37,0.3704,4.228768297785439e-08,0.00010910222208286433
VS,root,psd_beta_csd_diff1,35,29,0.3701,5.19786946356733e-06,0.01341050321600371
Isocortex,fiber tracts,depolarisation_slope,44,33,0.3697,4.61364355939608e-10,1.1903200383241886e-06
CTXsp,CNU,psd_lfp,36,34,0.3697,6.50373017836535e-13,1.6779623860182604e-09
HY,MB,psd_delta_csd_diff1,16,14,0.3694,8.526809864363824e-10,2.199916945005867e-06
root,HPF,psd_lfp_csd_diff1,224,215,0.3683,1.334748456444932e-81,3.443651017627925e-78
HPF,root,peak_val,23,16,0.3672,0.0002648659780568559,0.6833542233866883
MB,VS,psd_theta_csd_diff1,18,13,0.3665,0.00025736587268781786,0.66400395153457
VS,CNU,psd_residual_delta,31,26,0.3664,1.585037687151035e-10,4.0893972328496704e-07
MB,void_fluid,psd_gamma_csd,44,43,0.3661,4.366360946614183e-09,1.1265211242264591e-05
CB,MB,tip_time_secs,22,19,0.3661,5.885098066940903e-07,0.001518355301270753
fiber tracts,HPF,psd_beta_csd_diff1,156,127,0.3652,6.431044216343116e-57,1.659209407816524e-53
root,HPF,rms_lf_csd_diff1,224,215,0.3639,1.0911855116089664e-78,2.8152586199511334e-75
HY,MB,psd_theta_csd,16,14,0.3632,2.5087649665941255e-12,6.472613613812844e-09
HPF,root,rms_ap,23,16,0.363,2.1240761353398564e-06,0.00548011642917683
CNU,VS,alpha_mean,54,43,0.3604,8.203084624865146e-23,2.1163958332152076e-19
CTXsp,CNU,psd_delta,36,34,0.3597,8.671726840948081e-11,2.2373055249646049e-07
HB,VS,tip_time_secs,60,55,0.3583,6.303972557343688e-15,1.6264249197946716e-11
root,HPF,psd_delta_csd_diff1,224,215,0.3579,4.9848181939417446e-64,1.28608309403697e-60
fiber tracts,Isocortex,alpha_mean,429,408,0.3577,8.949720178023081e-229,2.3090278059299548e-225
fiber tracts,HPF,psd_delta_csd_diff1,156,127,0.3572,2.6287212712187967e-43,6.7821008797444955e-40
MB,TH,cor_ratio,98,76,0.3563,6.016731449508261e-25,1.5523167139731314e-21
TH,HPF,trough_time_secs,19,19,0.356,2.7101099416186974e-15,6.9920836493762395e-12
VS,root,alpha_mean,35,29,0.3551,9.809755830563574e-05,0.2530917004285402
CTXsp,fiber tracts,trough_val,39,37,0.3546,1.5490318175070127e-08,3.996502089168093e-05
HY,CNU,rms_lf,28,23,0.3545,3.2094834334806675e-07,0.0008280467258380122
HPF,root,alpha_mean,23,16,0.3539,9.227128691642099e-06,0.023805992024436614
OLF,CTXsp,psd_gamma_csd_diff1,69,68,0.3536,1.8732188748009324e-24,4.8329046969864055e-21
VS,CB,cor_ratio,55,53,0.3532,1.1114649353716113e-13,2.867579533258757e-10
MB,HY,psd_alpha_csd,24,23,0.3519,2.6183569136869704e-08,6.755360837312383e-05
Isocortex,void,tip_val,59,57,0.3516,5.13104477451034e-19,1.3238095518236677e-15
Isocortex,fiber tracts,recovery_slope,44,33,0.3508,5.7953275340132856e-15,1.4951945037754277e-11
MB,fiber tracts,repolarisation_slope,173,133,0.3503,9.1338649689012e-53,2.35653716197651e-49
VS,CB,trough_val,55,53,0.3498,7.944325207371035e-15,2.049635903501727e-11
HB,root,peak_val,22,21,0.3498,0.00016614768828592452,0.4286610357776853
HY,MB,rms_lf_csd_diff1,16,14,0.3489,1.8915836731573972e-08,4.880285876746085e-05
MB,void_fluid,psd_beta_csd_diff1,44,43,0.3486,4.819604120152944e-10,1.2434578629994596e-06
HPF,root,aperiodic_exponent,23,16,0.3486,0.0008375623752720087,1.0
OLF,CNU,recovery_slope,16,13,0.3465,0.005878483872494498,1.0
TH,root,psd_beta,94,92,0.3464,1.4237300947245386e-12,3.6732236443893098e-09
root,VS,trough_time_secs,23,18,0.3461,0.00035149728870833907,0.9068630048675148
root,VS,recovery_time_secs,23,18,0.3446,0.0003966414712059057,1.0
TH,VS,alpha_std,28,23,0.3439,8.951857586058316e-16,2.3095792572030455e-12
HY,CNU,psd_lfp,28,23,0.3428,1.3055834221129817e-06,0.0033684052290514927
CNU,HY,psd_residual_alpha,21,16,0.3427,8.013097377303307e-05,0.20673791233442532
OLF,CTXsp,psd_beta_csd_diff1,69,68,0.3417,9.32139458774799e-22,2.4049198036389815e-18
HPF,root,recovery_slope,23,16,0.3411,0.00011409998290761021,0.29437795590163435
CB,void_fluid,psd_residual_delta,35,32,0.341,5.139265134453841e-09,1.325930404689091e-05
HPF,void_fluid,psd_beta_csd,16,6,0.341,0.0016997420343911245,1.0
TH,HPF,recovery_time_secs,19,19,0.3409,9.916534953526736e-15,2.558466018009898e-11
HY,MB,psd_alpha_csd,16,14,0.3402,2.134567456125356e-09,5.507184036803419e-06
fiber tracts,HPF,rms_lf_csd_diff1,156,127,0.3402,3.583600887120626e-46,9.245690288771216e-43
MB,void_fluid,psd_beta_csd,44,43,0.34,4.618273237050874e-09,1.1915144951591254e-05
VS,root,psd_alpha,35,29,0.34,4.0524722133639986e-07,0.0010455378310479117
HPF,root,cor_ratio,23,16,0.3399,0.005418403567808959,1.0
HY,CNU,psd_beta,28,23,0.3393,1.3130238691553681e-06,0.00338760158242085
HPF,fiber tracts,aperiodic_exponent,343,305,0.3386,1.7634182754495676e-74,4.549619150659884e-71
fiber tracts,HPF,psd_lfp_csd_diff1,156,127,0.3379,1.4011703403947651e-45,3.615019478218494e-42
OLF,CNU,psd_lfp_csd_diff1,16,13,0.3359,0.0001943648963223964,0.5014614325117827
HY,MB,psd_lfp_csd_diff1,16,14,0.3358,3.596261464980944e-08,9.278354579650835e-05
MB,void_fluid,aperiodic_exponent,44,43,0.3357,2.8990838000655e-14,7.47963620416899e-11
VS,root,psd_gamma,35,29,0.3354,6.562714679707076e-07,0.0016931803873644256
CTXsp,CNU,alpha_mean,36,34,0.3352,1.1897766163837946e-12,3.06962367027019e-09
VS,root,psd_residual_delta,35,29,0.3348,1.4147493546845677e-05,0.03650053335086185
TH,HPF,psd_residual_theta,19,19,0.3341,4.9911970557427155e-05,0.12877288403816206
HPF,void_fluid,psd_theta_csd,16,6,0.3341,0.0012522920389200405,1.0
TH,root,psd_gamma,94,92,0.3336,3.3207379259390074e-12,8.56750384892264e-09
OLF,CNU,alpha_mean,16,13,0.3322,8.964912493348118e-05,0.23129474232838146
OLF,CNU,rms_lf_csd_diff1,16,13,0.3311,0.00011147275859611013,0.2875997171779641
CTXsp,fiber tracts,peak_val,39,37,0.3298,1.066498956833439e-07,0.00027515673086302725
CTXsp,CNU,psd_gamma,36,34,0.3285,2.7766356015085945e-13,7.163719851892174e-10
VS,CNU,tip_val,31,26,0.3285,0.0004709741999715586,1.0
HY,CNU,aperiodic_offset,28,23,0.3282,6.19434006521976e-06,0.01598139736826698
MB,HY,psd_lfp_csd,24,23,0.3278,2.9411612410877503e-07,0.0007588196002006396
void_fluid,HPF,psd_residual_theta,45,30,0.3273,8.082357687129689e-09,2.08524828327946e-05
MB,void_fluid,peak_time_secs,44,43,0.327,1.0815894386178644e-12,2.7905007516340904e-09
OLF,CNU,aperiodic_offset,16,13,0.3256,0.00061284844860397,1.0
OLF,CNU,repolarisation_slope,16,13,0.3244,0.003287321656292191,1.0
HPF,root,repolarisation_slope,23,16,0.3229,0.0013503056601033674,1.0
MB,fiber tracts,recovery_slope,173,133,0.3225,1.20586505854491e-56,3.111131851045868e-53
fiber tracts,Isocortex,trough_time_secs,429,408,0.3198,1.8852954582731623e-169,4.864062282344759e-166
OLF,CNU,psd_gamma_csd_diff1,16,13,0.3194,1.4347362862842423e-07,0.00037016196186133454
HPF,void_fluid,psd_gamma_csd,16,6,0.3194,0.0004924502214879577,1.0
CB,void_fluid,trough_time_secs,35,32,0.3182,0.0004399864911234546,1.0
VS,CB,peak_val,55,53,0.3179,1.1775203508367612e-16,3.038002505158844e-13
VS,root,rms_lf,35,29,0.3165,2.5104146720298666e-07,0.0006476869853837056
VS,CNU,depolarisation_slope,31,26,0.316,0.001321469713552327,1.0
VS,root,psd_lfp,35,29,0.3157,2.759746523462727e-07,0.0007120146030533837
HPF,void_fluid,psd_residual_alpha,16,6,0.3146,2.360640858326854e-05,0.060904534144832836
HB,root,tip_time_secs,22,21,0.3142,7.201822639658867e-06,0.018580702410319876
OLF,CNU,psd_delta_csd_diff1,16,13,0.3139,3.029284379293933e-05,0.07815553698578347
CNU,VS,alpha_std,54,43,0.3131,4.77732310573033e-19,1.2325493612784252e-15
VS,root,aperiodic_offset,35,29,0.3128,4.4105867713610244e-07,0.0011379313870111443
fiber tracts,HY,trough_time_secs,20,17,0.3127,0.002198066150246056,1.0
fiber tracts,Isocortex,recovery_time_secs,429,408,0.3123,1.5167238561923063e-164,3.91314754897615e-161
MB,VS,tip_val,18,13,0.3121,0.0016080631136262456,1.0
HY,CNU,psd_gamma,28,23,0.3109,0.000168977610825851,0.4359622359306956
VS,root,psd_theta,35,29,0.3107,1.3083842621281723e-06,0.0033756313962906848
Isocortex,fiber tracts,tip_val,44,33,0.3096,1.752600211326236e-08,4.521708545221689e-05
fiber tracts,HPF,psd_gamma_csd_diff1,156,127,0.3091,6.979684235401721e-43,1.800758532733644e-39
OLF,CNU,tip_time_secs,16,13,0.3091,0.06923876385495584,1.0
root,CB,trough_time_secs,21,19,0.3077,9.823504030670901e-06,0.025344640399130924
HPF,void_fluid,psd_theta,16,6,0.3074,0.017332691578834908,1.0
HB,root,depolarisation_slope,22,21,0.3074,3.873557938077831e-05,0.09993779480240805
CB,void_fluid,recovery_time_secs,35,32,0.3063,0.000991915019370513,1.0
OLF,CTXsp,psd_lfp_csd_diff1,69,68,0.3058,3.5137581606312774e-18,9.065496054428696e-15
HPF,fiber tracts,psd_alpha_csd,343,305,0.3057,1.2526231813779524e-302,3.231767807955117e-299
HPF,fiber tracts,psd_theta_csd,343,305,0.3035,1.338190351132561e-286,3.4525311059220074e-283
CNU,OLF,depolarisation_slope,31,28,0.3032,6.101201211723674e-08,0.0001574109912624708
root,HPF,psd_alpha_csd,224,215,0.3029,7.096134093436198e-84,1.830802596106539e-80
MB,HY,rms_lf_csd,24,23,0.3025,3.0644683378592716e-06,0.007906328311676921
OLF,CTXsp,cor_ratio,69,68,0.3022,1.1817139099810045e-14,3.0488218877509914e-11
CNU,OLF,tip_time_secs,31,28,0.3018,3.3546284164316477e-08,8.654941314393652e-05
fiber tracts,HY,rms_ap,20,17,0.3011,0.00019668361717600002,0.50744373231408
HY,MB,psd_residual_alpha,16,14,0.3008,0.04066351713698759,1.0
Isocortex,void_fluid,tip_time_secs,110,110,0.3006,1.0328381727641333e-10,2.6647224857314636e-07
HPF,void_fluid,aperiodic_offset,16,6,0.3006,0.06484348453328705,1.0
fiber tracts,HY,recovery_time_secs,20,17,0.3004,0.0032263735167341783,1.0
HPF,root,psd_residual_alpha,23,16,0.3001,0.001083168072371845,1.0
HPF,void_fluid,psd_alpha,16,6,0.2998,0.023324439610734642,1.0
HY,CNU,psd_theta,28,23,0.2996,2.8485264444044932e-05,0.07349198226563593
OLF,CTXsp,psd_alpha_csd_diff1,69,68,0.2994,1.4177472395626423e-17,3.657787878071617e-14
MB,VS,recovery_time_secs,18,13,0.298,0.01011574418618747,1.0
TH,HPF,psd_residual_beta,19,19,0.2973,0.0007669407236901454,1.0
VS,root,psd_beta,35,29,0.2972,8.947598532710003e-06,0.023084804214391807
void_fluid,void,psd_residual_delta,120,119,0.2971,9.368947981291739e-07,0.0024171885791732686
OLF,CNU,psd_alpha_csd_diff1,16,13,0.2955,6.565276723159098e-05,0.16938413945750472
CNU,HY,psd_residual_lfp,21,16,0.2955,0.0029802612076410876,1.0
OLF,CNU,psd_theta_csd_diff1,16,13,0.2949,0.0005306437682299598,1.0
OLF,CTXsp,psd_gamma_csd,69,68,0.2943,1.8963670817060254e-14,4.892627070801545e-11
HPF,void_fluid,psd_gamma,16,6,0.2942,0.02092788494631678,1.0
HPF,void_fluid,depolarisation_slope,16,6,0.2942,0.005671882991741424,1.0
VS,root,psd_delta,35,29,0.2942,2.546741526580745e-07,0.0006570593138578323
fiber tracts,Isocortex,cor_ratio,429,408,0.2939,3.1397310757527356e-98,8.100506175442059e-95
HPF,void_fluid,psd_residual_lfp,16,6,0.2936,1.8702876415461293e-05,0.04825342115189014
OLF,CTXsp,rms_lf_csd_diff1,69,68,0.2919,1.0246197090757703e-16,2.6435188494154875e-13
Isocortex,fiber tracts,cor_ratio,44,33,0.2904,6.188237135062456e-12,1.5965651808461138e-08
MB,HY,psd_alpha_csd_diff1,24,23,0.2899,1.768312311740677e-07,0.00045622457642909464
CTXsp,CNU,cor_ratio,36,34,0.2898,1.2967038551556499e-08,3.3454959463015767e-05
TH,fiber tracts,alpha_mean,196,154,0.2897,5.087921856189553e-32,1.3126838388969048e-28
HPF,fiber tracts,cor_ratio,343,305,0.2888,8.462551683641803e-59,2.183338334379585e-55
OLF,CNU,trough_val,16,13,0.2887,0.001587593795915552,1.0
fiber tracts,MB,trough_time_secs,158,124,0.2883,4.6545568468693195e-26,1.2008756664922845e-22
CNU,fiber tracts,trough_val,200,159,0.288,3.356446445376429e-38,8.659631829071188e-35
MB,void_fluid,psd_alpha_csd_diff1,44,43,0.288,4.402178132257563e-06,0.011357619581224512
Isocortex,fiber tracts,rms_ap,44,33,0.2879,2.4073250480303782e-17,6.210898623918376e-14
TH,VS,rms_ap,28,23,0.2877,3.481454471753861e-13,8.982152537124962e-10
fiber tracts,HY,depolarisation_slope,20,17,0.2875,0.00010575374323893406,0.2728446575564499
OLF,CNU,psd_beta_csd_diff1,16,13,0.2873,9.687823556048265e-05,0.24994584774604522
CNU,OLF,peak_time_secs,31,28,0.2869,9.483013598605018e-10,2.4466175084400946e-06
HY,MB,alpha_mean,16,14,0.2865,0.013861681577895364,1.0
root,CB,recovery_time_secs,21,19,0.286,9.830528683913804e-05,0.2536276400449761
root,HPF,psd_theta_csd,224,215,0.2854,1.240521914958356e-75,3.2005465405925585e-72
HPF,root,depolarisation_slope,23,16,0.2852,0.0023871227282538676,1.0
CB,MB,psd_residual_lfp,22,19,0.2851,0.0007396323081764959,1.0
CNU,OLF,psd_residual_alpha,31,28,0.2844,1.1071809630886102e-05,0.02856526884768614
MB,root,psd_residual_lfp,66,64,0.2837,7.673654896050404e-08,0.00019798029631810043
root,fiber tracts,psd_lfp,103,89,0.2831,3.726520576987458e-12,9.614423088627641e-09
MB,VS,cor_ratio,18,13,0.283,0.009185797849935208,1.0
HB,VS,peak_time_secs,60,55,0.2828,2.7524700608084015e-16,7.101372756885676e-13
fiber tracts,MB,recovery_time_secs,158,124,0.2826,4.715907434384309e-25,1.2167041180711516e-21
VS,CB,tip_val,55,53,0.2826,5.035649303404651e-18,1.2991975202784e-14
HPF,void_fluid,rms_lf,16,6,0.2825,0.02079384852677685,1.0
OLF,CTXsp,psd_gamma,69,68,0.2822,7.823221614424799e-15,2.018391176521598e-11
CTXsp,fiber tracts,cor_ratio,39,37,0.2817,0.0002017451817724968,0.5205025689730417
HPF,void_fluid,psd_lfp,16,6,0.2815,0.01633302357450553,1.0
CTXsp,CNU,alpha_std,36,34,0.2812,4.722683440176705e-11,1.21845232756559e-07
root,HPF,psd_beta_csd,224,215,0.281,1.0837243677043332e-89,2.7960088686771798e-86
void_fluid,Isocortex,psd_beta_csd_diff1,42,40,0.2808,3.963128338864522e-06,0.010224871114270466
root,fiber tracts,rms_lf,103,89,0.2808,3.3373399796655616e-12,8.610337147537149e-09
root,fiber tracts,psd_beta,103,89,0.2805,3.662765002774961e-11,9.449933707159399e-08
void_fluid,HPF,peak_time_secs,45,30,0.2804,1.5817085329805748e-11,4.080808015089883e-08
fiber tracts,Isocortex,tip_val,429,408,0.2801,9.626663514765915e-90,2.4836791868096063e-86
HPF,fiber tracts,psd_beta_csd,343,305,0.2799,0.0,0.0
MB,root,psd_residual_gamma,66,64,0.2796,1.6541920524532344e-09,4.267815495329344e-06
CNU,HY,tip_val,21,16,0.2794,0.002415654435332686,1.0
CNU,VS,cor_ratio,54,43,0.2791,8.336992940340083e-18,2.1509441786077414e-14
HPF,root,psd_residual_theta,23,16,0.2787,0.0027119848563599055,1.0
fiber tracts,TH,trough_val,132,98,0.2786,8.464326962652955e-21,2.1837963563644625e-17
MB,TH,alpha_mean,98,76,0.2783,1.2547742402728449e-11,3.23731753990394e-08
VS,CNU,peak_time_secs,31,26,0.2777,0.0010195460285512409,1.0
Isocortex,void,psd_residual_alpha,59,57,0.2776,1.6834929306149866e-09,4.3434117609866656e-06
MB,void_fluid,psd_alpha_csd,44,43,0.2773,2.1773939864787766e-06,0.005617676485115243
Isocortex,void_fluid,peak_time_secs,110,110,0.2768,6.202780347071354e-07,0.0016003173295444093
root,fiber tracts,aperiodic_offset,103,89,0.2763,1.008804162917551e-10,2.602714740327282e-07
root,CB,depolarisation_slope,21,19,0.2761,0.0002143595611502934,0.5530476677677569
HPF,root,psd_residual_gamma,23,16,0.2758,0.006709641515031198,1.0
root,fiber tracts,psd_delta,103,89,0.2757,8.391170723484104e-12,2.1649220466588987e-08
root,fiber tracts,psd_theta,103,89,0.2754,4.0015460392960717e-11,1.0323988781383864e-07
HY,MB,cor_ratio,16,14,0.275,2.5964500160249657e-05,0.06698841041344411
MB,void_fluid,psd_residual_theta,44,43,0.275,2.8481031733178684e-05,0.073481061871601
MB,fiber tracts,depolarisation_slope,173,133,0.2744,1.904539031003862e-37,4.913710699989964e-34
MB,HY,psd_lfp_csd_diff1,24,23,0.274,2.5181433255571986e-06,0.006496809779937572
CB,MB,psd_residual_gamma,22,19,0.2736,0.0002347816704551731,0.6057367097743466
MB,root,alpha_mean,66,64,0.2733,6.798411788738784e-11,1.7539902414946063e-07
HY,MB,psd_gamma_csd,16,14,0.2726,9.334287833015455e-08,0.00024082462609179876
void_fluid,HPF,psd_residual_beta,45,30,0.2722,6.781751750719331e-06,0.017496919516855874
MB,VS,trough_time_secs,18,13,0.2722,0.028433233674365517,1.0
TH,HPF,psd_residual_lfp,19,19,0.2717,0.00838441967673583,1.0
CNU,OLF,repolarisation_slope,31,28,0.2716,1.2126950559279544e-05,0.031287532442941225
VS,root,recovery_slope,35,29,0.2713,6.6555465825151255e-06,0.017171310182889022
HPF,void_fluid,aperiodic_exponent,16,6,0.271,0.1680364017999959,1.0
HB,root,aperiodic_exponent,22,21,0.2709,0.00024007630995945593,0.6193968796953963
root,fiber tracts,psd_gamma,103,89,0.2708,7.109616128755249e-10,1.8342809612188543e-06
TH,VS,psd_lfp_csd,28,23,0.2707,0.010469681815318137,1.0
OLF,CTXsp,psd_beta,69,68,0.2705,1.183962542957111e-16,3.0546233608293463e-13
VS,root,trough_val,35,29,0.2703,0.00014090609677779766,0.36353772968671794
HPF,void_fluid,psd_delta,16,6,0.2703,0.051109482260702624,1.0
HY,MB,psd_theta_csd_diff1,16,14,0.2702,2.450224148203347e-07,0.0006321578302364635
Isocortex,void,psd_residual_theta,59,57,0.2696,1.2680611990893537e-08,3.2715978936505325e-05
CNU,fiber tracts,peak_val,200,159,0.2696,5.170536391223722e-37,1.3339983889357202e-33
MB,TH,rms_ap,98,76,0.2696,2.6340945110728577e-21,6.7959638385679725e-18
OLF,CNU,alpha_std,16,13,0.2695,0.0003896870166753123,1.0
CB,void_fluid,psd_gamma_csd_diff1,35,32,0.2694,3.0636102775537066e-07,0.0007904114516088563
TH,VS,rms_lf_csd,28,23,0.2688,0.011169971743683671,1.0
MB,VS,aperiodic_offset,18,13,0.2683,0.0004972810734139621,1.0
HPF,root,tip_val,23,16,0.2679,0.0262820326055599,1.0
CTXsp,fiber tracts,psd_gamma,39,37,0.2679,3.773391106419348e-05,0.09735349054561918
VS,root,recovery_time_secs,35,29,0.2675,0.19507032778203204,1.0
CB,fiber tracts,trough_val,238,139,0.2673,8.460762992842029e-33,2.1828768521532436e-29
HPF,void_fluid,psd_alpha_csd,16,6,0.2672,0.03219024645861401,1.0
fiber tracts,Isocortex,alpha_std,429,408,0.2657,9.330417375787323e-196,2.4072476829531295e-192
root,fiber tracts,psd_alpha,103,89,0.2652,5.762992781104548e-11,1.4868521375249734e-07
TH,VS,psd_delta_csd,28,23,0.2648,0.014062614658552687,1.0
void_fluid,HPF,alpha_mean,45,30,0.2636,3.226664931627988e-16,8.324795523600209e-13
CNU,OLF,tip_val,31,28,0.2635,7.996717254375654e-07,0.002063153051628919
HPF,void_fluid,psd_delta_csd,16,6,0.2634,0.110606830595688,1.0
HPF,void_fluid,psd_lfp_csd,16,6,0.2633,0.05376251221733104,1.0
CB,MB,psd_residual_delta,22,19,0.2631,0.00060856011767671,1.0
HB,CB,psd_residual_delta,42,34,0.263,3.510636692342565e-07,0.0009057442666243817
VS,root,trough_time_secs,35,29,0.2629,0.16775867944959166,1.0
CTXsp,fiber tracts,recovery_time_secs,39,37,0.2628,0.006654584448674837,1.0
MB,HY,aperiodic_exponent,24,23,0.2621,9.50477261683005e-06,0.02452231335142153
HB,root,trough_time_secs,22,21,0.2612,1.4749672435075492e-05,0.03805415488249477
CNU,HY,depolarisation_slope,21,16,0.2605,0.06441343422372563,1.0
OLF,CTXsp,peak_time_secs,69,68,0.2599,7.926746193787221e-17,2.045100517997103e-13
CTXsp,fiber tracts,trough_time_secs,39,37,0.2598,0.007719750010062931,1.0
CTXsp,fiber tracts,psd_gamma_csd_diff1,39,37,0.2591,0.0006874734777452263,1.0
OLF,CTXsp,psd_theta_csd_diff1,69,68,0.2589,1.6692917334355421e-15,4.3067726722636984e-12
void_fluid,void,rms_ap,120,119,0.2583,2.0563479517377505e-08,5.3053777154833964e-05
OLF,CTXsp,psd_beta_csd,69,68,0.2578,4.9542462859242336e-12,1.2781955417684523e-08
fiber tracts,Isocortex,depolarisation_slope,429,408,0.2577,1.0639886060169157e-73,2.7450906035236424e-70
CNU,HY,aperiodic_exponent,21,16,0.2567,0.006526280318218698,1.0
HPF,fiber tracts,rms_lf_csd,343,305,0.2566,8.243626065319096e-264,2.1268555248523267e-260
HPF,fiber tracts,psd_lfp_csd,343,305,0.2557,1.5074757286083656e-266,3.889287379809583e-263
OLF,Isocortex,rms_ap,64,60,0.2557,1.3845970168366825e-07,0.00035722603034386407
HY,MB,psd_alpha_csd_diff1,16,14,0.2554,2.8459735459995354e-05,0.07342611748678801
MB,VS,psd_delta,18,13,0.2554,0.004469133226420823,1.0
OLF,CNU,psd_residual_gamma,16,13,0.2548,0.01433209384498352,1.0
HY,CNU,aperiodic_exponent,28,23,0.2546,0.00022228507517688383,0.5734954939563602
CTXsp,fiber tracts,rms_ap,39,37,0.2545,0.0016102101144215071,1.0
root,CB,alpha_mean,21,19,0.2543,0.04276775011821994,1.0
HB,CB,peak_time_secs,42,34,0.2533,1.944866271713726e-06,0.005017754981021413
TH,root,psd_residual_delta,94,92,0.2529,6.532348976763614e-10,1.6853460360050124e-06
fiber tracts,TH,peak_val,132,98,0.2526,1.5848256112275726e-18,4.088850076967137e-15
VS,CNU,peak_val,31,26,0.252,0.0007623890959402848,1.0
OLF,CTXsp,tip_val,69,68,0.252,1.9085776348965408e-13,4.924130298033075e-10
fiber tracts,HY,psd_gamma_csd,20,17,0.2512,5.920005779955527e-11,1.527361491228526e-07
MB,HY,psd_theta_csd,24,23,0.2494,0.0015824896908375613,1.0
HY,CNU,psd_alpha,28,23,0.2487,0.00017518913630389213,0.4519879716640417
HPF,void_fluid,rms_lf_csd,16,6,0.2483,0.10713041065627243,1.0
root,HPF,psd_gamma_csd,224,215,0.2478,1.3145896815063451e-82,3.3916413782863704e-79
Isocortex,void_fluid,psd_residual_beta,110,110,0.2476,4.023146630518789e-05,0.10379718306738477
HPF,fiber tracts,psd_delta_csd,343,305,0.2475,6.178325851574279e-217,1.594008069706164e-213
MB,fiber tracts,trough_time_secs,173,133,0.2475,3.151119101324374e-28,8.129887281416886e-25
void_fluid,Isocortex,psd_residual_alpha,42,40,0.2475,1.0746590422426196e-05,0.027726203289859586
VS,root,cor_ratio,35,29,0.2471,0.09435609066606021,1.0
root,CB,cor_ratio,21,19,0.2469,0.0006524195061116014,1.0
VS,CB,psd_beta,55,53,0.2464,6.974578337397523e-15,1.7994412110485608e-11
HB,root,psd_residual_theta,22,21,0.2462,0.0003654262210084758,0.9427996502018676
MB,HY,rms_lf_csd_diff1,24,23,0.2459,5.972596211284752e-06,0.015409298225114661
HB,root,recovery_time_secs,22,21,0.2449,0.00011404506562779984,0.2942362693197236
OLF,CTXsp,psd_lfp,69,68,0.2446,2.9629916304319835e-14,7.644518406514518e-11
MB,void_fluid,alpha_mean,44,43,0.2445,0.6671776950201321,1.0
HY,MB,psd_gamma_csd_diff1,16,14,0.244,5.854466348555266e-09,1.5104523179272586e-05
HPF,void_fluid,psd_beta,16,6,0.2438,0.051689371738760516,1.0
HPF,fiber tracts,psd_gamma_csd,343,305,0.2437,6.450930589091414e-290,1.6643400919855848e-286
VS,fiber tracts,tip_time_secs,79,71,0.2434,1.5824986178554525e-09,4.082846434067068e-06
MB,HY,psd_residual_lfp,24,23,0.2429,6.295301021878231e-05,0.16241876636445837
HY,fiber tracts,psd_residual_alpha,34,33,0.2426,0.00010873621053550107,0.28053942318159275
fiber tracts,CNU,alpha_mean,114,87,0.2423,2.6154666487951614e-12,6.747903953891516e-09
CNU,OLF,recovery_slope,31,28,0.2418,0.0001773505544481943,0.4575644304763413
MB,fiber tracts,recovery_time_secs,173,133,0.2408,4.738377088520953e-27,1.2225012888384059e-23
CB,fiber tracts,peak_val,238,139,0.2402,8.557224131329699e-28,2.2077638258830624e-24
void_fluid,Isocortex,psd_gamma_csd_diff1,42,40,0.24,2.040873312436752e-05,0.0526545314608682
VS,root,psd_residual_alpha,35,29,0.2393,0.0028899137883536714,1.0
CTXsp,fiber tracts,psd_lfp_csd_diff1,39,37,0.2385,0.0009146172116314299,1.0
root,CB,psd_residual_delta,21,19,0.2384,0.0002782283212010052,0.7178290686985934
CTXsp,fiber tracts,alpha_mean,39,37,0.2384,0.000563504674037503,1.0
void_fluid,Isocortex,psd_residual_beta,42,40,0.2382,5.98520977903513e-06,0.015441841229910635
fiber tracts,Isocortex,tip_time_secs,429,408,0.2381,1.7540739846271273e-62,4.525510880337989e-59
void_fluid,HPF,alpha_std,45,30,0.2378,1.2333716230209751e-11,3.1820987873941156e-08
CTXsp,fiber tracts,psd_lfp_csd,39,37,0.237,0.0033084049098133566,1.0
CB,fiber tracts,repolarisation_slope,238,139,0.2366,3.1787100458787697e-25,8.201071918367226e-22
OLF,CTXsp,rms_lf,69,68,0.2365,4.903676575753646e-14,1.2651485565444405e-10
void_fluid,Isocortex,psd_residual_theta,42,40,0.2364,7.926648923790776e-07,0.0020450754223380204
MB,fiber tracts,tip_val,173,133,0.2357,5.62834907252995e-29,1.452114060712727e-25
TH,VS,psd_alpha_csd,28,23,0.2356,0.0015872378840039068,1.0
fiber tracts,CNU,trough_val,114,87,0.2353,7.696761211573514e-11,1.9857643925859667e-07
HPF,void_fluid,recovery_slope,16,6,0.2352,0.061068725237317,1.0
void_fluid,void,psd_residual_alpha,120,119,0.2346,1.254910293906434e-05,0.032376685582785995
CTXsp,CNU,psd_theta_csd_diff1,36,34,0.2345,9.387853352318289e-08,0.00024220661648981186
HPF,root,psd_gamma_csd,23,16,0.2343,0.03028729861947658,1.0
fiber tracts,HY,alpha_std,20,17,0.2341,0.6082331129481646,1.0
fiber tracts,HPF,psd_alpha_csd,156,127,0.2335,5.255410358561535e-36,1.355895872508876e-32
HPF,root,alpha_std,23,16,0.2332,0.0004072006280563232,1.0
HPF,void_fluid,repolarisation_slope,16,6,0.2331,0.023250688734977442,1.0
VS,CNU,tip_time_secs,31,26,0.2326,0.001110610812212915,1.0
VS,root,repolarisation_slope,35,29,0.2323,6.488288905844685e-05,0.1673978537707929
HB,root,psd_theta,22,21,0.2323,0.0011682685076099758,1.0
OLF,Isocortex,psd_gamma,64,60,0.232,1.0368092853903333e-11,2.67496795630706e-08
CTXsp,fiber tracts,rms_lf_csd,39,37,0.2318,0.003868702153978482,1.0
CTXsp,fiber tracts,rms_lf_csd_diff1,39,37,0.2317,0.0013207038292542919,1.0
TH,VS,psd_beta_csd,28,23,0.2316,5.699639473902341e-06,0.014705069842668039
fiber tracts,HPF,psd_theta_csd,156,127,0.2313,6.35871628103221e-36,1.64054880050631e-32
MB,VS,psd_theta,18,13,0.2309,0.0013528210080589753,1.0
HPF,root,psd_beta_csd,23,16,0.2306,0.006297145841836314,1.0
MB,void_fluid,psd_lfp_csd,44,43,0.2302,9.834728100872752e-05,0.253735985002517
void_fluid,void,aperiodic_exponent,120,119,0.2297,2.4659492678374944e-07,0.0006362149111020735
HB,root,psd_residual_beta,22,21,0.2297,0.001173256071926947,1.0
OLF,CTXsp,psd_delta_csd_diff1,69,68,0.2295,2.139937096840107e-12,5.521037709847476e-09
VS,fiber tracts,tip_val,79,71,0.2288,7.8534652832872e-09,2.0261940430880977e-05
CTXsp,CNU,psd_alpha_csd_diff1,36,34,0.2283,1.2529512285508247e-05,0.03232614169661128
Isocortex,void_fluid,psd_residual_gamma,110,110,0.2281,0.022577246811604668,1.0
OLF,Isocortex,psd_beta,64,60,0.2278,8.97752834766436e-11,2.316202313697405e-07
HY,fiber tracts,psd_residual_beta,34,33,0.2274,0.03393773975234382,1.0
fiber tracts,HY,tip_val,20,17,0.2274,0.020056787371493013,1.0
HB,CB,psd_residual_alpha,42,34,0.2273,1.4537004434660086e-10,3.750547144142302e-07
TH,VS,psd_residual_theta,28,23,0.2269,5.351050423732248e-06,0.0138057100932292
VS,CNU,trough_val,31,26,0.2264,0.00046109294884112283,1.0
void_fluid,void,psd_residual_theta,120,119,0.2264,1.347929771652391e-05,0.034776588108631684
CTXsp,fiber tracts,repolarisation_slope,39,37,0.2263,5.309592093933011e-07,0.0013698747602347169
CB,fiber tracts,recovery_slope,238,139,0.226,8.521916620176728e-26,2.198654488005596e-22
root,HPF,psd_lfp_csd,224,215,0.2259,1.0862750540645838e-61,2.802589639486626e-58
HPF,void_fluid,psd_residual_gamma,16,6,0.2258,0.0007794143773830344,1.0
Isocortex,void,tip_time_secs,59,57,0.2257,2.3863526256323185e-07,0.0006156789774131382
CB,void_fluid,psd_gamma_csd,35,32,0.2254,0.0008311602283215619,1.0
VS,CNU,aperiodic_exponent,31,26,0.2251,0.01921317153507382,1.0
CTXsp,fiber tracts,psd_beta_csd_diff1,39,37,0.2246,0.0012830557628407998,1.0
MB,HY,psd_theta_csd_diff1,24,23,0.2245,0.006819749987526403,1.0
CNU,OLF,peak_val,31,28,0.224,9.955641831604014e-06,0.025685555925538357
HPF,root,psd_gamma_csd_diff1,23,16,0.224,0.005967013517602869,1.0
Isocortex,void,psd_residual_beta,59,57,0.2234,9.065610731626393e-07,0.0023389275687596095
fiber tracts,TH,alpha_mean,132,98,0.2233,1.2098456950307308e-10,3.1214018931792856e-07
MB,VS,psd_lfp,18,13,0.2233,0.0011865180402137832,1.0
MB,VS,rms_lf,18,13,0.2228,0.004108904941098907,1.0
fiber tracts,CNU,alpha_std,114,87,0.2227,2.9504221859481247e-10,7.612089239746162e-07
Isocortex,fiber tracts,psd_residual_lfp,44,33,0.2225,0.0006045991235975735,1.0
root,HPF,rms_lf_csd,224,215,0.2224,7.591254175565458e-59,1.958543577295888e-55
MB,void_fluid,psd_lfp_csd_diff1,44,43,0.2223,0.001800879935120401,1.0
CNU,OLF,trough_val,31,28,0.2222,3.069808846130624e-05,0.0792010682301701
HPF,fiber tracts,psd_gamma,343,305,0.2217,7.324132719363351e-40,1.8896262415957446e-36
TH,VS,psd_gamma_csd,28,23,0.2215,9.149521216382107e-06,0.023605764738265835
TH,VS,psd_delta_csd_diff1,28,23,0.2213,0.07519909374786167,1.0
void_fluid,Isocortex,psd_alpha_csd_diff1,42,40,0.221,0.0008420295738050566,1.0
OLF,Isocortex,psd_alpha,64,60,0.2205,9.768239541549283e-09,2.520205801719715e-05
root,VS,psd_theta_csd,23,18,0.2186,0.014572419438501918,1.0
MB,void_fluid,rms_lf_csd,44,43,0.2186,0.00015785594690042419,0.4072683430030944
void_fluid,Isocortex,alpha_std,42,40,0.2181,0.02124960048878772,1.0
void_fluid,Isocortex,trough_time_secs,42,40,0.2179,1.46680774297772e-07,0.0003784363976882518
void_fluid,HPF,tip_time_secs,45,30,0.2176,0.001130631828857398,1.0
OLF,Isocortex,trough_time_secs,64,60,0.2176,1.888480980211916e-08,4.872280928946743e-05
Isocortex,void_fluid,rms_ap,110,110,0.2167,2.063748820232914e-05,0.053244719562009185
CB,void_fluid,aperiodic_offset,35,32,0.2164,0.0001558043571374669,0.4019752414146646
CTXsp,fiber tracts,recovery_slope,39,37,0.2161,3.488659140652068e-07,0.0009000740582882336
root,VS,psd_theta_csd_diff1,23,18,0.2153,0.055133593010923757,1.0
Isocortex,void_fluid,trough_time_secs,110,110,0.2152,2.7207775126935874e-06,0.0070196059827494555
void_fluid,void,trough_val,120,119,0.2152,0.013218502193445881,1.0
OLF,CTXsp,alpha_mean,69,68,0.215,5.77284098842256e-09,1.4893929750130204e-05
void_fluid,Isocortex,psd_residual_delta,42,40,0.2143,0.0004906322627348064,1.0
CTXsp,fiber tracts,rms_lf,39,37,0.2141,0.0004639119250955753,1.0
CTXsp,fiber tracts,psd_lfp,39,37,0.2137,0.0008908503605601152,1.0
OLF,CTXsp,alpha_std,69,68,0.2135,5.147097969550073e-13,1.327951276143919e-09
CTXsp,fiber tracts,psd_delta_csd,39,37,0.2134,0.009411444144410022,1.0
CNU,VS,rms_ap,54,43,0.2133,2.7858033907865953e-06,0.007187372748229416
root,VS,depolarisation_slope,23,18,0.2128,0.0008333885277049669,1.0
OLF,Isocortex,recovery_time_secs,64,60,0.2127,3.8332161597935814e-08,9.88969769226744e-05
root,VS,psd_alpha_csd_diff1,23,18,0.2119,0.08323153157362762,1.0
MB,VS,psd_residual_delta,18,13,0.2114,0.00033621678564308544,0.8674393069591604
HY,CNU,psd_beta_csd_diff1,28,23,0.2111,0.0007926112184880514,1.0
TH,root,aperiodic_exponent,94,92,0.2107,4.821824895685733e-05,0.12440308230869192
HY,MB,rms_ap,16,14,0.2107,0.0628201316247496,1.0
MB,HY,psd_residual_delta,24,23,0.2104,0.004039105233914274,1.0
HPF,void_fluid,peak_time_secs,16,6,0.2101,0.006893623647306118,1.0
HY,MB,aperiodic_exponent,16,14,0.2097,0.036810154673014905,1.0
TH,VS,psd_theta_csd,28,23,0.2096,0.02185138821377153,1.0
CNU,OLF,psd_residual_delta,31,28,0.2095,2.1276860920312847e-05,0.05489430117440715
CNU,HY,psd_residual_gamma,21,16,0.2091,0.10306249737423519,1.0
VS,CB,rms_lf,55,53,0.2085,4.77111121909792e-09,1.2309466945272635e-05
Isocortex,void_fluid,recovery_time_secs,110,110,0.2083,4.7998289707774645e-06,0.012383558744605859
OLF,CTXsp,rms_ap,69,68,0.2083,2.2056826481139726e-08,5.690661232134049e-05
fiber tracts,HPF,psd_beta_csd,156,127,0.2082,4.242790788934718e-35,1.0946400235451574e-31
MB,void_fluid,rms_lf_csd_diff1,44,43,0.2081,0.00264529878554708,1.0
Isocortex,void_fluid,psd_residual_alpha,110,110,0.2077,0.0002021041934462512,0.5214288190913281
void_fluid,Isocortex,recovery_time_secs,42,40,0.2076,3.8034761097514525e-07,0.0009812968363158748
HY,CNU,psd_alpha_csd_diff1,28,23,0.2072,8.896752857730938e-05,0.2295362237294582
fiber tracts,CNU,peak_val,114,87,0.2069,6.768399023627461e-09,1.746246948095885e-05
fiber tracts,HPF,psd_residual_gamma,156,127,0.2056,0.00014933122082981683,0.38527454974092745
CTXsp,fiber tracts,psd_gamma_csd,39,37,0.2049,0.0033084049098133566,1.0
TH,root,psd_theta_csd_diff1,94,92,0.2044,1.3202717766139764e-05,0.034063011836640594
VS,fiber tracts,recovery_time_secs,79,71,0.2042,6.037237282476259e-13,1.5576072188788747e-09
HY,CNU,rms_ap,28,23,0.2041,1.8338738570982977e-05,0.04731394551313608
HPF,void_fluid,tip_val,16,6,0.204,0.4824931332595982,1.0
VS,CB,tip_time_secs,55,53,0.2034,1.565327853351717e-06,0.00403854586164743
OLF,CNU,peak_val,16,13,0.2032,0.008944917401726952,1.0
root,VS,rms_ap,23,18,0.2026,0.043470429531503076,1.0
fiber tracts,CNU,psd_beta_csd_diff1,114,87,0.2024,2.566926200986608e-10,6.622669598545449e-07
root,VS,recovery_slope,23,18,0.2021,0.03391240574256909,1.0
HY,CNU,cor_ratio,28,23,0.2018,0.0009218985958895235,1.0
VS,root,peak_val,35,29,0.2018,0.006470250095533806,1.0
VS,fiber tracts,trough_time_secs,79,71,0.2016,1.5972673297536317e-12,4.12094971076437e-09
OLF,CTXsp,psd_alpha_csd,69,68,0.2015,4.654970471127114e-08,0.00012009823815507955
OLF,Isocortex,psd_lfp,64,60,0.2014,9.743771247997956e-08,0.0002513892981983473
root,VS,psd_residual_gamma,23,18,0.2013,0.11294122837433648,1.0
CTXsp,fiber tracts,psd_residual_alpha,39,37,0.2009,6.048925148067959e-05,0.15606226882015334
CTXsp,fiber tracts,psd_beta_csd,39,37,0.2009,0.004761449946923739,1.0
HPF,Isocortex,psd_theta_csd_diff1,48,47,0.2009,1.0124533795420043e-07,0.0002612129719218371
MB,TH,alpha_std,98,76,0.2008,5.518478678262859e-05,0.14237674989918175
VS,CNU,repolarisation_slope,31,26,0.2006,0.018796921835463956,1.0
root,VS,psd_alpha_csd,23,18,0.1999,0.031234088637320127,1.0
MB,VS,psd_beta,18,13,0.1995,0.0025601289819629897,1.0
CNU,HY,recovery_slope,21,16,0.1994,0.0008576747037519002,1.0
CTXsp,fiber tracts,psd_delta,39,37,0.1991,0.001146932327723345,1.0
HB,root,aperiodic_offset,22,21,0.1987,0.011193083538381625,1.0
HB,root,psd_lfp,22,21,0.1984,0.03457182752690521,1.0
HY,MB,psd_beta_csd,16,14,0.1983,1.0806481892729586e-08,2.788072328324233e-05
MB,void_fluid,psd_theta_csd_diff1,44,43,0.1982,0.00961067094399449,1.0
MB,fiber tracts,cor_ratio,173,133,0.1977,1.881599498534198e-12,4.854526706218231e-09
HY,CNU,trough_time_secs,28,23,0.1977,0.0003827415916365637,0.9874733064223344
VS,fiber tracts,psd_beta_csd_diff1,79,71,0.1977,3.0796323073031114e-12,7.945451352842027e-09
fiber tracts,HY,aperiodic_exponent,20,17,0.197,0.0071776828371254795,1.0
HPF,Isocortex,recovery_time_secs,48,47,0.1969,0.005115266977235395,1.0
CTXsp,CNU,psd_beta_csd_diff1,36,34,0.1966,0.005010595624615406,1.0
TH,root,psd_residual_theta,94,92,0.1964,0.000670748783925405,1.0
CNU,OLF,alpha_mean,31,28,0.196,0.004061618472592825,1.0
VS,CB,alpha_std,55,53,0.1959,3.478253317517715e-06,0.008973893559195706
MB,HY,trough_val,24,23,0.1957,0.0008756181680429182,1.0
fiber tracts,MB,tip_time_secs,158,124,0.1957,5.5331505339089014e-08,0.00014275528377484965
fiber tracts,HY,psd_residual_gamma,20,17,0.1957,0.02114771721110312,1.0
VS,CB,psd_alpha,55,53,0.1949,3.608065206342893e-10,9.308808232364665e-07
OLF,Isocortex,rms_lf,64,60,0.1948,2.8078062432248407e-07,0.0007244140107520089
root,fiber tracts,trough_val,103,89,0.1948,0.02988964512654034,1.0
fiber tracts,HPF,psd_residual_theta,156,127,0.1947,6.29816019055884e-16,1.6249253291641808e-12
CTXsp,fiber tracts,psd_delta_csd_diff1,39,37,0.1945,0.008696224284542864,1.0
root,VS,psd_residual_delta,23,18,0.1936,0.0756009658137278,1.0
CTXsp,fiber tracts,psd_theta_csd,39,37,0.1934,0.014659360718404783,1.0
HY,CNU,recovery_time_secs,28,23,0.1934,0.00047286840008348846,1.0
TH,VS,rms_lf_csd_diff1,28,23,0.1928,0.09823668213375927,1.0
HY,CNU,psd_gamma_csd_diff1,28,23,0.1927,0.00081623956860928,1.0
root,HPF,psd_delta_csd,224,215,0.1926,6.265357658865395e-42,1.616462275987272e-38
CTXsp,CNU,trough_val,36,34,0.1925,0.0001906036479563132,0.49175741172728804
CNU,HY,trough_val,21,16,0.1922,0.018112540873479056,1.0
fiber tracts,root,alpha_std,153,140,0.192,0.19600324398151248,1.0
OLF,Isocortex,psd_theta,64,60,0.1916,1.6312423599216428e-06,0.004208605288597838
OLF,CTXsp,psd_alpha,69,68,0.1909,1.133997522125244e-09,2.9257136070831296e-06
HB,root,tip_val,22,21,0.1903,0.0005989764071636512,1.0
HPF,Isocortex,trough_time_secs,48,47,0.1902,0.00671533437670725,1.0
HB,root,psd_alpha,22,21,0.19,0.0027731613886753056,1.0
TH,VS,psd_lfp_csd_diff1,28,23,0.19,0.04497807678563488,1.0
HPF,void_fluid,recovery_time_secs,16,6,0.1895,0.16032161534423062,1.0
TH,root,psd_delta_csd_diff1,94,92,0.1893,4.221341187984689e-06,0.010891060265000497
Isocortex,void,alpha_std,59,57,0.1892,0.22906030523388798,1.0
TH,MB,depolarisation_slope,51,41,0.1892,0.0011871997527454433,1.0
MB,HY,recovery_slope,24,23,0.1891,0.0027149202059455024,1.0
HY,TH,trough_time_secs,56,56,0.189,2.9850724582580735e-09,7.70148694230583e-06
CNU,HY,psd_alpha_csd_diff1,21,16,0.1889,0.00902930259243157,1.0
HPF,fiber tracts,psd_beta,343,305,0.1889,6.397339704864033e-29,1.6505136438549206e-25
Isocortex,fiber tracts,psd_gamma,44,33,0.1884,0.0073659727869568575,1.0
HB,root,rms_lf,22,21,0.188,0.03245126524587055,1.0
root,CB,rms_ap,21,19,0.188,0.08017504053504834,1.0
HY,fiber tracts,psd_delta_csd,34,33,0.1879,0.0038803971485435627,1.0
MB,VS,psd_alpha,18,13,0.1878,0.020981369301119417,1.0
HPF,Isocortex,psd_delta_csd_diff1,48,47,0.1875,2.2918452101528138e-06,0.00591296064219426
root,HPF,psd_residual_theta,224,215,0.1874,1.118654626743342e-12,2.8861289369978225e-09
CB,fiber tracts,psd_residual_delta,238,139,0.1874,2.6108105897916547e-16,6.735891321662469e-13
HPF,void_fluid,trough_time_secs,16,6,0.187,0.20775084984723868,1.0
Isocortex,void_fluid,psd_alpha,110,110,0.1869,5.901588356105405e-05,0.15226097958751944
fiber tracts,TH,rms_ap,132,98,0.1869,3.581718020957352e-08,9.240832494069969e-05
HY,TH,recovery_time_secs,56,56,0.1864,4.295016680566812e-09,1.1081143035862374e-05
CTXsp,CNU,repolarisation_slope,36,34,0.1859,8.037614764684316e-05,0.20737046092885536
Isocortex,fiber tracts,psd_beta_csd_diff1,44,33,0.1858,4.982927029371619e-05,0.12855951735778776
fiber tracts,HY,psd_gamma_csd_diff1,20,17,0.1854,1.3460863688900392e-07,0.0003472902831736301
MB,VS,psd_residual_gamma,18,13,0.185,0.08488772532978457,1.0
OLF,CNU,psd_residual_theta,16,13,0.1847,0.09260496845595043,1.0
fiber tracts,MB,cor_ratio,158,124,0.184,1.866112178219362e-11,4.814569419805954e-08
fiber tracts,CNU,psd_gamma,114,87,0.184,1.3234827637326856e-06,0.003414585530430329
Isocortex,fiber tracts,psd_beta,44,33,0.1837,0.02108596340136983,1.0
fiber tracts,HPF,peak_time_secs,156,127,0.1836,1.755399398689564e-27,4.528930448619076e-24
HB,VS,psd_residual_alpha,60,55,0.1835,0.8724317752684145,1.0
TH,MB,trough_time_secs,51,41,0.1834,0.0032204676990593003,1.0
Isocortex,fiber tracts,psd_gamma_csd_diff1,44,33,0.1833,5.399626700969608e-05,0.13931036888501588
TH,root,psd_alpha_csd_diff1,94,92,0.183,6.752627525679086e-05,0.17421779016252043
VS,fiber tracts,rms_ap,79,71,0.1825,6.680468772881589e-05,0.172356094340345
CTXsp,fiber tracts,psd_alpha_csd,39,37,0.1824,0.007633108381666198,1.0
OLF,CTXsp,psd_lfp_csd,69,68,0.1824,1.0045495691707148e-06,0.0025917378884604443
TH,MB,repolarisation_slope,51,41,0.1823,0.03399855349814762,1.0
VS,root,psd_residual_theta,35,29,0.182,0.0307040542958221,1.0
void_fluid,Isocortex,psd_beta_csd,42,40,0.1819,0.0040806467448827695,1.0
VS,fiber tracts,depolarisation_slope,79,71,0.1819,5.174235205861967e-09,1.3349526831123875e-05
HPF,root,psd_beta_csd_diff1,23,16,0.1814,0.04551649368017094,1.0
CTXsp,fiber tracts,tip_val,39,37,0.1811,1.1603976414830044e-06,0.0029938259150261515
HY,fiber tracts,trough_val,34,33,0.1804,0.6653639620196792,1.0
MB,void_fluid,psd_theta_csd,44,43,0.1801,0.012218538524423622,1.0
HY,MB,trough_val,16,14,0.1801,0.11594623127788327,1.0
CTXsp,CNU,rms_ap,36,34,0.18,6.271280710377934e-05,0.1617990423277507
void_fluid,void,recovery_slope,120,119,0.1797,0.15377935041509302,1.0
VS,CNU,psd_residual_alpha,31,26,0.1796,0.0003251251322559609,0.8388228412203791
root,VS,aperiodic_exponent,23,18,0.1793,0.5157854827191835,1.0
OLF,CTXsp,psd_theta,69,68,0.179,2.4577019688923622e-08,6.340871079742294e-05
CNU,fiber tracts,repolarisation_slope,200,159,0.1789,8.538943574010039e-19,2.20304744209459e-15
CTXsp,fiber tracts,psd_theta_csd_diff1,39,37,0.1788,0.003521927845229753,1.0
VS,fiber tracts,psd_alpha_csd_diff1,79,71,0.1786,2.3769078421107628e-09,6.132422232645768e-06
fiber tracts,CNU,psd_alpha_csd_diff1,114,87,0.1784,6.074125290102033e-10,1.5671243248463245e-06
HPF,void_fluid,tip_time_secs,16,6,0.1783,0.025794130591918013,1.0
fiber tracts,CNU,psd_beta,114,87,0.1782,1.057529761784545e-06,0.0027284267854041262
HB,VS,psd_gamma,60,55,0.1781,2.818064670752981e-08,7.270606850542691e-05
TH,MB,recovery_time_secs,51,41,0.178,0.005515304319987996,1.0
HY,CNU,psd_theta_csd_diff1,28,23,0.1778,0.00024202691678384185,0.6244294453023119
HY,fiber tracts,psd_residual_gamma,34,33,0.1777,0.44220626772240523,1.0
void_fluid,void,cor_ratio,120,119,0.1774,3.970759463493092e-05,0.10244559415812177
root,HPF,psd_residual_gamma,224,215,0.177,2.0825545648956185e-11,5.3729907774306955e-08
fiber tracts,HPF,rms_lf_csd,156,127,0.1769,7.232886920042942e-23,1.866084825371079e-19
Isocortex,void_fluid,psd_beta,110,110,0.1768,4.6219070647514415e-05,0.11924520227058719
fiber tracts,HPF,psd_lfp_csd,156,127,0.1759,1.0225658780198294e-22,2.63821996529116e-19
void_fluid,Isocortex,rms_ap,42,40,0.1757,0.0008755548803529222,1.0
MB,TH,trough_time_secs,98,76,0.1755,5.30958882252352e-29,1.369873916211068e-25
MB,TH,recovery_time_secs,98,76,0.1754,3.990839487078317e-29,1.0296365876662057e-25
TH,root,rms_lf_csd_diff1,94,92,0.1753,3.4203317288285223e-06,0.008824455860377587
MB,root,psd_gamma,66,64,0.1752,3.165034591182156e-06,0.008165789245249962
HY,fiber tracts,psd_theta_csd,34,33,0.1752,0.055572403413307825,1.0
root,HPF,alpha_std,224,215,0.1752,4.807789534567568e-07,0.0012404096999184325
HB,fiber tracts,trough_time_secs,181,115,0.175,4.0611127128892464e-12,1.0477670799254256e-08
HB,root,psd_beta,22,21,0.1747,0.012582356915998495,1.0
CTXsp,fiber tracts,psd_alpha_csd_diff1,39,37,0.1743,0.0027990076010192856,1.0
void_fluid,Isocortex,psd_residual_lfp,42,40,0.1742,1.0545125852749304e-06,0.0027206424700093206
VS,fiber tracts,cor_ratio,79,71,0.1739,3.452564167864778e-08,8.907615553091128e-05
fiber tracts,CNU,repolarisation_slope,114,87,0.1739,9.191920755312922e-08,0.0002371515554870734
MB,void_fluid,psd_delta_csd,44,43,0.1735,0.007617635482089971,1.0
Isocortex,fiber tracts,psd_lfp,44,33,0.1732,0.023832595335959293,1.0
MB,root,rms_lf,66,64,0.1732,9.937602057761336e-05,0.2563901330902425
MB,root,psd_lfp,66,64,0.1727,7.794649031969945e-05,0.2011019450248246
VS,CB,psd_residual_gamma,55,53,0.1727,5.1305976726991256e-05,0.13236941995563745
HPF,root,psd_delta_csd,23,16,0.1724,0.003927352935641265,1.0
fiber tracts,CB,trough_val,262,149,0.1723,4.210799941711612e-17,1.0863863849615958e-13
TH,root,psd_residual_lfp,94,92,0.1723,0.00783515424422907,1.0
HY,fiber tracts,psd_residual_theta,34,33,0.1722,0.0064474373049305065,1.0
fiber tracts,HPF,psd_delta_csd,156,127,0.1717,2.191080124324289e-20,5.652986720756665e-17
CB,MB,psd_lfp_csd,22,19,0.1716,0.004252157704350008,1.0
HY,TH,trough_val,56,56,0.1713,6.044860953224452e-05,0.15595741259319085
MB,HY,repolarisation_slope,24,23,0.1713,0.007265025192652303,1.0
CB,MB,rms_lf_csd,22,19,0.1712,0.0016143901380424894,1.0
HB,root,psd_residual_alpha,22,21,0.1712,0.018659540516032816,1.0
HB,VS,psd_residual_theta,60,55,0.1711,0.15000479102927727,1.0
CTXsp,CNU,psd_residual_alpha,36,34,0.171,0.0016626750501979256,1.0
VS,fiber tracts,peak_val,79,71,0.1709,2.7032632341057163e-05,0.06974419143992748
fiber tracts,root,psd_delta,153,140,0.1708,2.876156205022337e-06,0.007420483008957629
VS,CNU,alpha_mean,31,26,0.1707,0.003079135472059741,1.0
MB,HY,tip_time_secs,24,23,0.1705,0.027301358660509565,1.0
CB,MB,psd_delta_csd,22,19,0.1703,0.0005271868317165546,1.0
HPF,Isocortex,aperiodic_exponent,48,47,0.1703,0.00039089598117190055,1.0
root,VS,repolarisation_slope,23,18,0.17,0.030948016692854075,1.0
HY,fiber tracts,tip_val,34,33,0.1696,0.46385880217462794,1.0
MB,root,psd_beta,66,64,0.1696,6.81716348354924e-05,0.1758828178755704
CTXsp,fiber tracts,peak_time_secs,39,37,0.1696,9.762905370814663e-06,0.02518829585670183
fiber tracts,CNU,psd_gamma_csd_diff1,114,87,0.1694,3.175140148856363e-07,0.0008191861584049417
CTXsp,fiber tracts,depolarisation_slope,39,37,0.1693,0.000838557378254835,1.0
VS,fiber tracts,psd_gamma_csd_diff1,79,71,0.1688,7.051827911132168e-11,1.8193716010720993e-07
void_fluid,void,psd_beta_csd_diff1,120,119,0.1687,0.0006342634388482355,1.0
Isocortex,void_fluid,psd_residual_theta,110,110,0.1687,0.0037858526289022807,1.0
HY,fiber tracts,psd_alpha_csd_diff1,34,33,0.1686,0.12591842721216798,1.0
HY,CNU,psd_lfp_csd_diff1,28,23,0.1686,0.0033489044344683426,1.0
OLF,CNU,psd_theta_csd,16,13,0.1685,0.010157563091589142,1.0
TH,MB,recovery_slope,51,41,0.1684,0.05675684094975448,1.0
TH,root,psd_lfp_csd_diff1,94,92,0.1683,1.0587190083151895e-05,0.02731495041453189
CNU,VS,aperiodic_exponent,54,43,0.1683,0.0008804728553273263,1.0
OLF,CTXsp,psd_delta,69,68,0.1683,2.553200242644104e-06,0.006587256626021788
OLF,Isocortex,cor_ratio,64,60,0.1682,0.04664319218064914,1.0
CTXsp,CNU,recovery_slope,36,34,0.1681,7.006669754588161e-05,0.18077207966837455
OLF,CTXsp,rms_lf_csd,69,68,0.168,7.67844743005979e-06,0.01981039436955426
CNU,HY,psd_gamma_csd,21,16,0.1679,0.01959653843318511,1.0
Isocortex,fiber tracts,rms_lf,44,33,0.1678,0.02912070774220112,1.0
VS,CNU,cor_ratio,31,26,0.1673,0.0001422663464185994,0.36704717375998647
VS,fiber tracts,peak_time_secs,79,71,0.1673,5.896333965501558e-06,0.015212541630994019
HB,root,psd_delta,22,21,0.1672,0.14021500762267194,1.0
HPF,fiber tracts,psd_lfp,343,305,0.1672,8.884462716841499e-20,2.2921913809451064e-16
HB,fiber tracts,recovery_time_secs,181,115,0.1672,2.7868766515332883e-11,7.190141760955884e-08
MB,root,psd_residual_beta,66,64,0.1667,0.0010543630102365469,1.0
fiber tracts,MB,psd_beta,158,124,0.1667,7.851702078592414e-09,2.0257391362768428e-05
TH,VS,trough_time_secs,28,23,0.1666,0.006707472032723411,1.0
HY,fiber tracts,recovery_slope,34,33,0.1665,0.05506996561336362,1.0
HY,MB,psd_beta_csd_diff1,16,14,0.1665,1.907246387640367e-06,0.004920695680112147
VS,CB,psd_lfp,55,53,0.1664,1.0691297989817683e-06,0.002758354881372962
fiber tracts,root,rms_lf,153,140,0.1662,5.0794768577239095e-06,0.013105050292927687
Isocortex,void,aperiodic_exponent,59,57,0.1661,0.0001980663876767441,0.5110112802059998
HY,fiber tracts,psd_theta_csd_diff1,34,33,0.1659,0.14777139688664648,1.0
MB,root,alpha_std,66,64,0.1657,4.365043516020756e-07,0.001126181227133355
Isocortex,fiber tracts,psd_residual_gamma,44,33,0.1655,0.18079917326344364,1.0
fiber tracts,MB,psd_gamma,158,124,0.1654,3.135000425175256e-08,8.08830109695216e-05
HB,VS,psd_residual_beta,60,55,0.1652,0.0015767515451155653,1.0
MB,TH,psd_residual_alpha,98,76,0.1648,1.3221898007138086e-09,3.411249685841626e-06
VS,fiber tracts,repolarisation_slope,79,71,0.1645,2.928256632504695e-06,0.007554902111862113
CB,MB,psd_residual_beta,22,19,0.1639,0.008774905809583192,1.0
HY,CNU,rms_lf_csd_diff1,28,23,0.1637,0.003455230025024605,1.0
MB,fiber tracts,rms_ap,173,133,0.1637,1.049221041993116e-13,2.7069902883422394e-10
OLF,CTXsp,psd_theta_csd,69,68,0.1636,1.0897476980172227e-06,0.0028115490608844346
OLF,CTXsp,depolarisation_slope,69,68,0.1634,1.0871934434561781e-11,2.8049590841169396e-08
CNU,OLF,alpha_std,31,28,0.1634,0.009691285798086697,1.0
VS,fiber tracts,psd_theta_csd_diff1,79,71,0.1633,2.6732433662797926e-07,0.0006896967885001865
OLF,CNU,psd_residual_lfp,16,13,0.1631,0.12734347148398506,1.0
HY,fiber tracts,depolarisation_slope,34,33,0.1631,0.8715924575626511,1.0
HPF,fiber tracts,rms_lf,343,305,0.1629,7.028752823649785e-18,1.8134182285016444e-14
MB,HY,psd_delta_csd,24,23,0.1625,0.014873760443265672,1.0
CB,MB,psd_residual_theta,22,19,0.1623,0.05417650839117249,1.0
fiber tracts,CNU,psd_lfp,114,87,0.1622,1.3953029621249554e-05,0.03599881642282385
CB,MB,psd_residual_alpha,22,19,0.1622,0.01642903956877009,1.0
fiber tracts,CNU,rms_lf,114,87,0.1622,7.934332618344653e-06,0.020470578155329208
Isocortex,fiber tracts,psd_alpha,44,33,0.162,0.00320224175309064,1.0
fiber tracts,HPF,psd_gamma_csd,156,127,0.1619,1.612539080664009e-22,4.1603508281131433e-19
Isocortex,void,psd_beta,59,57,0.1613,0.00031876272233565385,0.822407823625987
root,fiber tracts,peak_val,103,89,0.161,0.15323990522915032,1.0
fiber tracts,HPF,psd_residual_alpha,156,127,0.161,9.945484134590278e-10,2.5659349067242916e-06
TH,MB,tip_time_secs,51,41,0.1609,0.0006375710360058957,1.0
fiber tracts,root,psd_lfp,153,140,0.1608,9.220542921529347e-06,0.023789000737545713
fiber tracts,CNU,recovery_slope,114,87,0.1607,1.652952126266638e-08,4.264616485767926e-05
MB,root,aperiodic_offset,66,64,0.1606,0.0014704240633865637,1.0
OLF,CNU,depolarisation_slope,16,13,0.1601,0.017833701362066506,1.0
fiber tracts,TH,cor_ratio,132,98,0.1597,1.2448618370385203e-07,0.00032117435395593826
fiber tracts,CNU,psd_alpha,114,87,0.1596,6.809616375897623e-06,0.017568810249815867
root,fiber tracts,psd_gamma_csd_diff1,103,89,0.1592,0.00020359511811514922,0.525275404737085
TH,VS,recovery_time_secs,28,23,0.1592,0.010707291072354573,1.0
fiber tracts,VS,psd_lfp,49,45,0.1586,0.0010358480662010683,1.0
OLF,CNU,psd_lfp_csd,16,13,0.158,0.02186876179475668,1.0
Isocortex,fiber tracts,psd_theta,44,33,0.1573,0.011099072525037706,1.0
fiber tracts,CB,peak_val,262,149,0.1572,2.2078169730471463e-14,5.696167790461638e-11
void_fluid,void,psd_alpha,120,119,0.1569,0.024698857795924265,1.0
OLF,CNU,rms_lf_csd,16,13,0.1569,0.02812337545097133,1.0
fiber tracts,CNU,psd_theta,114,87,0.1566,1.7829860740776778e-06,0.004600104071120409
fiber tracts,MB,rms_ap,158,124,0.1565,1.3591696655878616e-09,3.506657737216683e-06
VS,CNU,recovery_slope,31,26,0.1565,0.012890793055648352,1.0
HPF,fiber tracts,rms_ap,343,305,0.1564,1.3747137685673809e-10,3.5467615229038424e-07
VS,CB,psd_residual_delta,55,53,0.1563,0.004181659901631741,1.0
CTXsp,fiber tracts,psd_beta,39,37,0.1561,0.006499050118157024,1.0
TH,VS,tip_time_secs,28,23,0.156,2.627409641733467e-05,0.06778716875672344
fiber tracts,VS,rms_lf,49,45,0.1559,0.0013390539462976626,1.0
HPF,root,rms_lf_csd,23,16,0.1559,0.0036889960671679612,1.0
Isocortex,void_fluid,psd_residual_delta,110,110,0.1558,0.13410206034171443,1.0
CB,void_fluid,psd_residual_theta,35,32,0.1557,0.03458851525850958,1.0
HY,fiber tracts,peak_val,34,33,0.1557,0.8657021160007401,1.0
CTXsp,CNU,peak_val,36,34,0.1556,0.002220546483277657,1.0
CNU,fiber tracts,psd_residual_lfp,200,159,0.1555,1.5338092610590868e-06,0.003957227893532444
root,fiber tracts,psd_beta_csd_diff1,103,89,0.1555,0.0009254521091178311,1.0
MB,root,psd_delta,66,64,0.1554,0.0033212417225820553,1.0
HY,fiber tracts,psd_alpha_csd,34,33,0.1552,0.09306323611764458,1.0
CTXsp,CNU,psd_lfp_csd_diff1,36,34,0.1547,0.000664458051911257,1.0
MB,void_fluid,psd_delta_csd_diff1,44,43,0.1544,0.027269164701145564,1.0
void_fluid,void,aperiodic_offset,120,119,0.1536,0.0049269843693049405,1.0
MB,fiber tracts,tip_time_secs,173,133,0.1534,1.3378847536209498e-09,3.4517426643420506e-06
void_fluid,void,repolarisation_slope,120,119,0.1531,0.3115794486344978,1.0
OLF,Isocortex,alpha_mean,64,60,0.1531,0.27260103094573673,1.0
CTXsp,CNU,rms_lf_csd_diff1,36,34,0.153,0.0002915462266224792,0.7521892646859963
TH,root,psd_residual_alpha,94,92,0.1528,0.011639822601051793,1.0
fiber tracts,HY,psd_residual_lfp,20,17,0.1526,0.17623127161735996,1.0
HPF,Isocortex,aperiodic_offset,48,47,0.1523,0.0014236782321484557,1.0
HY,TH,peak_val,56,56,0.1523,0.00047270861159835775,1.0
OLF,CNU,psd_alpha_csd,16,13,0.1522,0.013065063545527514,1.0
fiber tracts,MB,psd_alpha_csd_diff1,158,124,0.1518,2.6453982969285676e-08,6.825127606075704e-05
VS,CNU,recovery_time_secs,31,26,0.1518,0.015023414869556015,1.0
CTXsp,fiber tracts,psd_alpha,39,37,0.1516,0.0010337878007454467,1.0
CTXsp,fiber tracts,psd_theta,39,37,0.1514,0.003802127201188175,1.0
fiber tracts,HPF,psd_residual_lfp,156,127,0.1513,0.03058446306142218,1.0
Isocortex,fiber tracts,psd_delta,44,33,0.1513,0.04166188964549964,1.0
VS,CNU,psd_residual_lfp,31,26,0.1511,0.05530595108033706,1.0
TH,MB,peak_val,51,41,0.1506,0.08519931568264855,1.0
CNU,fiber tracts,recovery_slope,200,159,0.1504,1.8179677906820273e-19,4.69035689995963e-16
root,fiber tracts,psd_beta_csd,103,89,0.1502,8.391813875652963e-06,0.021650879799184643
VS,CB,psd_theta,55,53,0.1501,6.438586003652346e-07,0.0016611551889423053
HB,root,psd_residual_lfp,22,21,0.15,0.00057188399075542,1.0
CNU,fiber tracts,trough_time_secs,200,159,0.1498,3.314415929904765e-18,8.551193099154294e-15
fiber tracts,CNU,psd_theta_csd_diff1,114,87,0.1496,5.668600498295539e-07,0.001462498928560249
root,VS,cor_ratio,23,18,0.1494,0.05622659686466211,1.0
HY,fiber tracts,rms_lf_csd,34,33,0.1494,0.1191236072597426,1.0
TH,MB,trough_val,51,41,0.1493,0.13842258235998756,1.0
HPF,Isocortex,psd_alpha_csd_diff1,48,47,0.1492,0.0001600974725843115,0.41305147926752367
OLF,Isocortex,aperiodic_offset,64,60,0.1492,0.0011580234272669234,1.0
OLF,CNU,psd_gamma_csd,16,13,0.1491,0.014679954298799137,1.0
fiber tracts,VS,psd_alpha,49,45,0.1489,0.000913325615240573,1.0
OLF,CNU,peak_time_secs,16,13,0.1489,0.03594744940950163,1.0
fiber tracts,MB,aperiodic_offset,158,124,0.1488,8.831942302390447e-07,0.0022786411140167354
void_fluid,HPF,psd_residual_gamma,45,30,0.1484,0.23004761395333762,1.0
fiber tracts,root,aperiodic_offset,153,140,0.1484,5.7941696986059653e-05,0.14948957822403391
root,fiber tracts,psd_gamma_csd,103,89,0.1482,0.00027705115026596325,0.7147919676861851
HY,MB,alpha_std,16,14,0.1479,0.6374717501596205,1.0
CTXsp,CNU,psd_delta_csd_diff1,36,34,0.1478,1.5934567829573944e-06,0.004111118500030078
MB,HY,cor_ratio,24,23,0.1475,0.6822917805069951,1.0
fiber tracts,VS,psd_delta,49,45,0.1475,0.0011183341162248875,1.0
VS,CNU,trough_time_secs,31,26,0.1475,0.015565882628275343,1.0
fiber tracts,MB,psd_beta_csd_diff1,158,124,0.1474,1.6047137560627344e-06,0.004140161490641855
HY,MB,psd_alpha,16,14,0.1471,0.5453612364213674,1.0
HY,MB,tip_time_secs,16,14,0.1471,0.02521306576330817,1.0
fiber tracts,TH,alpha_std,132,98,0.1471,7.207188306196628e-05,0.185945458299873
CNU,HY,peak_time_secs,21,16,0.1468,0.09282339462566197,1.0
CNU,fiber tracts,recovery_time_secs,200,159,0.1467,1.2354201969844686e-17,3.187384108219929e-14
Isocortex,void_fluid,psd_beta_csd_diff1,110,110,0.1466,0.0014502917483060216,1.0
MB,root,psd_alpha,66,64,0.1466,0.0003022305380780471,0.7797547882413615
fiber tracts,CB,psd_residual_delta,262,149,0.1465,2.0445477518446094e-10,5.274933199759093e-07
root,HPF,alpha_mean,224,215,0.1465,0.00016568673763522296,0.42747178309887524
fiber tracts,TH,repolarisation_slope,132,98,0.1465,1.808729134322995e-14,4.6665211665533275e-11
Isocortex,void_fluid,psd_theta,110,110,0.1464,0.0010178888900114072,1.0
HY,CNU,psd_delta_csd_diff1,28,23,0.1464,0.03015615368585456,1.0
root,VS,tip_time_secs,23,18,0.1464,0.005159347372169843,1.0
VS,fiber tracts,trough_val,79,71,0.1462,0.000262195855350983,0.6764653068055361
fiber tracts,MB,psd_alpha,158,124,0.1461,3.96077309627421e-06,0.010218794588387462
CNU,fiber tracts,tip_val,200,159,0.1459,7.584960167844652e-10,1.9569197233039204e-06
fiber tracts,CB,repolarisation_slope,262,149,0.1459,5.955632844836582e-13,1.5365532739678383e-09
HPF,root,psd_lfp_csd,23,16,0.1453,0.005161547621060918,1.0
HY,CNU,psd_residual_theta,28,23,0.1452,0.030518997499204174,1.0
fiber tracts,VS,psd_gamma,49,45,0.1451,0.004736165621328043,1.0
CNU,HY,psd_theta_csd_diff1,21,16,0.1448,0.02089068969907303,1.0
HB,CB,tip_time_secs,42,34,0.1444,0.030874131239149682,1.0
MB,void_fluid,cor_ratio,44,43,0.1442,4.5228269505769496e-06,0.01166889353248853
TH,HPF,psd_residual_alpha,19,19,0.144,0.2329882556283881,1.0
Isocortex,void,psd_alpha,59,57,0.1435,0.00046388235810231726,1.0
fiber tracts,root,psd_gamma,153,140,0.1432,0.00021238152809388997,0.5479443424822361
TH,MB,tip_val,51,41,0.143,0.008628993722326858,1.0
Isocortex,fiber tracts,peak_time_secs,44,33,0.143,0.2796614074157451,1.0
fiber tracts,root,psd_beta,153,140,0.143,8.079082549327408e-05,0.20844032977264712
fiber tracts,VS,psd_beta,49,45,0.1427,0.006189766578779302,1.0
fiber tracts,VS,psd_theta,49,45,0.1426,0.0011326582762271108,1.0
Isocortex,fiber tracts,psd_alpha_csd_diff1,44,33,0.1426,0.01652343187650632,1.0
CB,void_fluid,psd_beta_csd_diff1,35,32,0.1423,0.0014369467309847297,1.0
fiber tracts,HY,alpha_mean,20,17,0.1423,0.24350202378981622,1.0
HY,fiber tracts,psd_delta_csd_diff1,34,33,0.1422,0.11523473792314748,1.0
fiber tracts,MB,psd_theta,158,124,0.142,8.94505955738401e-06,0.023078253658050746
CB,MB,psd_beta_csd,22,19,0.142,0.025454435285442226,1.0
fiber tracts,TH,recovery_slope,132,98,0.1419,1.3959901815151124e-16,3.60165466830899e-13
TH,VS,psd_alpha_csd_diff1,28,23,0.1418,0.015848104133713074,1.0
Isocortex,void_fluid,psd_alpha_csd_diff1,110,110,0.1415,0.001046751020257946,1.0
OLF,Isocortex,psd_delta,64,60,0.1409,0.0005154183526463859,1.0
root,CB,aperiodic_exponent,21,19,0.1408,0.25774377400231396,1.0
fiber tracts,root,alpha_mean,153,140,0.1408,0.22471704622508426,1.0
void_fluid,Isocortex,psd_gamma_csd,42,40,0.1407,0.1081259676759285,1.0
root,fiber tracts,psd_residual_lfp,103,89,0.1407,0.006138902319153996,1.0
CB,MB,psd_gamma_csd,22,19,0.1405,0.034656861376095124,1.0
void_fluid,void,psd_theta,120,119,0.1405,0.019937639545339458,1.0
root,VS,psd_residual_beta,23,18,0.1404,0.22946843885703605,1.0
HPF,fiber tracts,psd_alpha,343,305,0.1403,2.7965572492188004e-14,7.215117702984504e-11
MB,fiber tracts,psd_alpha_csd,173,133,0.1402,0.02450040289786117,1.0
TH,root,psd_theta_csd,94,92,0.1401,7.606293046568997e-07,0.0019624236060148013
HPF,Isocortex,rms_lf_csd_diff1,48,47,0.14,3.24440070013479e-05,0.0837055380634776
HB,VS,cor_ratio,60,55,0.1399,0.0016216779462267644,1.0
root,fiber tracts,psd_alpha_csd,103,89,0.1398,7.003653459922785e-05,0.18069425926600785
TH,VS,psd_beta_csd_diff1,28,23,0.1397,0.0024615796168765166,1.0
fiber tracts,CB,alpha_mean,262,149,0.1397,7.508163629694926e-09,1.937106216461291e-05
root,fiber tracts,psd_theta_csd,103,89,0.1396,0.00018189960974025987,0.46930099312987045
HY,MB,peak_val,16,14,0.1394,0.10763545395941886,1.0
CTXsp,CNU,psd_gamma_csd_diff1,36,34,0.1393,0.019586988292896068,1.0
void_fluid,HPF,cor_ratio,45,30,0.1393,2.8223866377836312e-06,0.007281757525481769
HY,fiber tracts,peak_time_secs,34,33,0.1392,7.799521337334627e-06,0.020122765050323337
root,CB,psd_residual_lfp,21,19,0.1391,0.07885235351864911,1.0
fiber tracts,HB,aperiodic_exponent,155,109,0.1389,8.911015081118208e-06,0.02299041890928498
CNU,VS,peak_time_secs,54,43,0.1389,1.5336868679442504e-13,3.956912119296166e-10
CNU,OLF,psd_residual_theta,31,28,0.1389,0.07484558805726535,1.0
fiber tracts,VS,rms_ap,49,45,0.1381,0.0075128375955041135,1.0
MB,VS,tip_time_secs,18,13,0.138,0.2816109096686288,1.0
MB,HY,peak_val,24,23,0.138,0.00614600555390157,1.0
root,fiber tracts,alpha_mean,103,89,0.1377,0.6262005490541909,1.0
CB,void_fluid,psd_gamma,35,32,0.1376,0.12851791960374354,1.0
root,fiber tracts,recovery_slope,103,89,0.1375,0.08087267371175852,1.0
fiber tracts,VS,cor_ratio,49,45,0.1374,7.70843846165242e-06,0.019887771231063243
Isocortex,void_fluid,psd_alpha_csd,110,110,0.1374,0.0014531419333189848,1.0
CB,void_fluid,psd_lfp_csd_diff1,35,32,0.1373,0.015770735395984538,1.0
HY,fiber tracts,psd_lfp_csd,34,33,0.1373,0.20942496709554947,1.0
MB,fiber tracts,psd_theta_csd,173,133,0.1372,0.009019401391489401,1.0
Isocortex,void,psd_gamma,59,57,0.1372,0.00023139436457498576,0.5969974606034633
root,CB,tip_time_secs,21,19,0.1372,0.02116696869651422,1.0
root,VS,psd_lfp_csd_diff1,23,18,0.1371,0.1187407783702138,1.0
OLF,CNU,psd_delta_csd,16,13,0.1371,0.008136521103809377,1.0
CB,fiber tracts,trough_time_secs,238,139,0.1369,9.724373107547627e-06,0.025088882617472878
OLF,CNU,aperiodic_exponent,16,13,0.1369,0.05175388192032617,1.0
HY,fiber tracts,tip_time_secs,34,33,0.1369,0.052184608200935005,1.0
fiber tracts,root,psd_theta,153,140,0.1368,5.135130554142e-05,0.1324863682968636
MB,void_fluid,psd_gamma,44,43,0.1368,0.013537602798506354,1.0
root,fiber tracts,repolarisation_slope,103,89,0.1368,0.2501774958830316,1.0
Isocortex,void,trough_time_secs,59,57,0.1365,0.00160335983892915,1.0
MB,root,psd_theta,66,64,0.1362,0.0005600190532338577,1.0
CNU,OLF,trough_time_secs,31,28,0.1358,0.09562361959996299,1.0
CNU,HY,psd_beta_csd_diff1,21,16,0.1357,0.12491381431620749,1.0
root,VS,rms_lf_csd_diff1,23,18,0.1356,0.09910444061053776,1.0
fiber tracts,root,psd_alpha,153,140,0.1352,9.117016532591413e-05,0.23521902654085844
fiber tracts,MB,psd_lfp,158,124,0.1352,5.825806088742072e-07,0.0015030579708954547
fiber tracts,VS,aperiodic_offset,49,45,0.1351,0.0050358926348806395,1.0
OLF,CNU,psd_beta_csd,16,13,0.1349,0.03448607712718854,1.0
TH,MB,psd_delta,51,41,0.1349,0.054316385074069225,1.0
root,VS,psd_delta_csd,23,18,0.1348,0.0825816961597033,1.0
fiber tracts,CNU,recovery_time_secs,114,87,0.1348,9.749643276727926e-08,0.00025154079653958046
void_fluid,HPF,aperiodic_exponent,45,30,0.1344,0.09473903989231837,1.0
Isocortex,fiber tracts,psd_theta_csd_diff1,44,33,0.1341,0.05518940525000076,1.0
CNU,HY,trough_time_secs,21,16,0.1339,0.05719102388659659,1.0
TH,fiber tracts,trough_time_secs,196,154,0.1335,0.0002452463374846635,0.6327355507104319
Isocortex,void_fluid,psd_theta_csd,110,110,0.1333,0.002648882947870755,1.0
Isocortex,fiber tracts,aperiodic_offset,44,33,0.1332,0.021762268599026666,1.0
TH,HPF,tip_time_secs,19,19,0.133,0.0057481379850648304,1.0
TH,fiber tracts,aperiodic_offset,196,154,0.1329,5.856375175509215e-08,0.00015109447952813774
root,fiber tracts,psd_alpha_csd_diff1,103,89,0.1328,0.01062442816389296,1.0
CB,void_fluid,psd_residual_beta,35,32,0.1327,0.2433514032091637,1.0
TH,VS,psd_theta,28,23,0.1326,0.00800818691091232,1.0
fiber tracts,HB,psd_residual_gamma,155,109,0.1326,3.037823857484343e-06,0.007837585552309605
Isocortex,void,psd_residual_gamma,59,57,0.1324,0.00046781844315945835,1.0
HY,fiber tracts,repolarisation_slope,34,33,0.1324,0.06176012893901239,1.0
MB,HY,tip_val,24,23,0.1323,0.9535901820828195,1.0
Isocortex,void_fluid,psd_beta_csd,110,110,0.1322,0.0011373742373053683,1.0
root,VS,tip_val,23,18,0.1322,0.059945648240857324,1.0
CB,fiber tracts,psd_residual_beta,238,139,0.1321,4.5536312292841995e-14,1.1748368571553234e-10
Isocortex,void_fluid,psd_theta_csd_diff1,110,110,0.1321,0.0009428102753317485,1.0
fiber tracts,CNU,psd_delta,114,87,0.1319,5.347923525059373e-05,0.13797642694653184
void_fluid,void,psd_alpha_csd_diff1,120,119,0.1318,0.002790146888826464,1.0
fiber tracts,CNU,trough_time_secs,114,87,0.1318,1.3130932778539745e-07,0.00033877806568632544
CNU,HY,recovery_time_secs,21,16,0.1316,0.03761552356089219,1.0
root,fiber tracts,psd_residual_beta,103,89,0.1315,0.0025801162526403873,1.0
fiber tracts,CB,recovery_slope,262,149,0.1311,4.93413453868608e-13,1.2730067109810087e-09
root,fiber tracts,psd_lfp_csd_diff1,103,89,0.131,0.0007291185116652611,1.0
CNU,VS,psd_residual_gamma,54,43,0.1305,0.000579271065330596,1.0
Isocortex,void,recovery_time_secs,59,57,0.1305,0.0028631885995760446,1.0
MB,VS,alpha_std,18,13,0.1305,0.24383376351013808,1.0
void_fluid,HPF,psd_delta_csd,45,30,0.1304,0.009152681084500435,1.0
Isocortex,void_fluid,psd_residual_lfp,110,110,0.1304,0.729516213763119,1.0
CNU,OLF,recovery_time_secs,31,28,0.1303,0.10766155094564511,1.0
root,fiber tracts,psd_lfp_csd,103,89,0.1302,0.0010881854094053035,1.0
VS,root,tip_time_secs,35,29,0.13,0.8350610645831738,1.0
void_fluid,Isocortex,psd_theta_csd_diff1,42,40,0.1299,0.03405959452203943,1.0
root,fiber tracts,tip_time_secs,103,89,0.1298,0.0066575329529972,1.0
MB,VS,psd_gamma,18,13,0.1297,0.022222663894940535,1.0
HPF,fiber tracts,trough_time_secs,343,305,0.1296,1.5936465750450528e-39,4.111608163616236e-36
CNU,fiber tracts,psd_residual_beta,200,159,0.1296,2.650115150586509e-12,6.837297088513193e-09
CB,fiber tracts,recovery_time_secs,238,139,0.1294,3.5786103894322533e-05,0.09232814804735213
void_fluid,void,tip_time_secs,120,119,0.1293,0.006440793755792386,1.0
fiber tracts,CNU,tip_time_secs,114,87,0.1291,0.00018742037176606736,0.4835445591564538
HB,fiber tracts,psd_residual_gamma,181,115,0.1288,5.24351954188579e-07,0.0013528280418065336
HPF,Isocortex,repolarisation_slope,48,47,0.1287,0.24427812850630626,1.0
CTXsp,fiber tracts,psd_residual_gamma,39,37,0.1284,0.041550269644281816,1.0
CNU,VS,psd_residual_lfp,54,43,0.1282,0.00015016172644200836,0.38741725422038154
VS,root,depolarisation_slope,35,29,0.1282,0.17169121596015635,1.0
void_fluid,HPF,psd_residual_delta,45,30,0.1281,0.004110412190002049,1.0
TH,root,psd_alpha_csd,94,92,0.128,2.9261978976493482e-05,0.07549590575935318
void_fluid,void,psd_gamma_csd_diff1,120,119,0.1279,0.0011513557018186802,1.0
HB,fiber tracts,trough_val,181,115,0.1279,1.1178305931913324e-11,2.8840029304336375e-08
TH,root,psd_beta_csd_diff1,94,92,0.1277,0.003319295674628542,1.0
TH,fiber tracts,recovery_time_secs,196,154,0.1276,0.0006580485065699485,1.0
CTXsp,fiber tracts,alpha_std,39,37,0.1276,0.0029208531413396055,1.0
TH,fiber tracts,psd_delta,196,154,0.1275,6.593341561487807e-07,0.0017010821228638543
MB,HY,psd_delta_csd_diff1,24,23,0.1274,0.06307864088627715,1.0
VS,fiber tracts,alpha_mean,79,71,0.1274,0.0002167242605031312,0.5591485920980785
root,fiber tracts,rms_lf_csd,103,89,0.1272,0.0015620622057180788,1.0
void_fluid,void,psd_theta_csd_diff1,120,119,0.1272,0.0076584663341898885,1.0
Isocortex,fiber tracts,psd_lfp_csd_diff1,44,33,0.1272,0.02118458003532409,1.0
CNU,VS,psd_residual_alpha,54,43,0.1268,0.00036926249904243555,0.9526972475294837
fiber tracts,TH,tip_val,132,98,0.1268,1.7944998644417245e-08,4.629809650259649e-05
MB,HY,psd_residual_theta,24,23,0.1265,0.04808055567216041,1.0
fiber tracts,MB,rms_lf,158,124,0.1264,3.76199865189978e-07,0.0009705956521901432
MB,fiber tracts,psd_lfp_csd,173,133,0.1261,0.000449163887396795,1.0
MB,VS,psd_residual_beta,18,13,0.126,0.3097599099338798,1.0
TH,MB,cor_ratio,51,41,0.1259,0.04117383133955618,1.0
fiber tracts,HPF,aperiodic_exponent,156,127,0.1256,3.795074861607107e-05,0.09791293142946336
HPF,fiber tracts,psd_delta,343,305,0.1254,4.1756620399293925e-08,0.00010773208063017832
VS,fiber tracts,psd_lfp_csd_diff1,79,71,0.1254,0.00010945413895615947,0.28239167850689145
HPF,Isocortex,rms_ap,48,47,0.1254,0.26833772824034785,1.0
MB,fiber tracts,rms_lf_csd,173,133,0.1254,0.00032420659702008057,0.8364530203118079
TH,MB,rms_lf,51,41,0.1253,0.027418318440352325,1.0
CB,void_fluid,rms_lf_csd_diff1,35,32,0.1253,0.020253369078775663,1.0
HY,fiber tracts,psd_beta_csd_diff1,34,33,0.1252,0.9362893587809938,1.0
fiber tracts,HY,psd_beta_csd,20,17,0.1251,0.015787177054903567,1.0
root,fiber tracts,rms_lf_csd_diff1,103,89,0.125,0.0013650633112536371,1.0
HPF,fiber tracts,psd_theta,343,305,0.125,2.930518086030771e-11,7.56073666195939e-08
HY,fiber tracts,rms_lf_csd_diff1,34,33,0.1249,0.4702250039485515,1.0
root,VS,rms_lf_csd,23,18,0.1249,0.17310782624250565,1.0
VS,CB,peak_time_secs,55,53,0.1248,0.0009338563968872085,1.0
fiber tracts,MB,psd_theta_csd_diff1,158,124,0.1246,1.4273938547113832e-05,0.03682676145155369
CB,fiber tracts,depolarisation_slope,238,139,0.1244,1.7046359402584967e-08,4.397960725866921e-05
HPF,fiber tracts,recovery_time_secs,343,305,0.1243,3.9379169216803103e-38,1.01598256579352e-34
HB,root,peak_time_secs,22,21,0.1239,0.9231876736388936,1.0
OLF,CTXsp,aperiodic_offset,69,68,0.1239,8.671211805690374e-05,0.22371726458681163
VS,fiber tracts,psd_delta_csd_diff1,79,71,0.1239,2.9648419122531035e-05,0.07649292133613007
HPF,root,tip_time_secs,23,16,0.1234,0.0629419451428754,1.0
root,VS,psd_lfp_csd,23,18,0.1233,0.23399524138902406,1.0
CTXsp,fiber tracts,aperiodic_offset,39,37,0.1233,0.09668204216659071,1.0
TH,VS,psd_theta_csd_diff1,28,23,0.1232,0.01873467816140605,1.0
Isocortex,void,alpha_mean,59,57,0.1232,0.5139473036222162,1.0
root,VS,psd_beta_csd_diff1,23,18,0.123,0.3732593955758934,1.0
HPF,Isocortex,psd_lfp_csd_diff1,48,47,0.1229,0.00012183203929937245,0.3143266613923809
root,VS,psd_delta_csd_diff1,23,18,0.1228,0.2701003218137856,1.0
TH,MB,psd_lfp,51,41,0.1227,0.06028731048064655,1.0
root,fiber tracts,alpha_std,103,89,0.1224,0.7368079783446535,1.0
VS,CNU,alpha_std,31,26,0.1223,0.0008405253554071528,1.0
HB,fiber tracts,peak_val,181,115,0.1223,1.2307231835503753e-08,3.1752658135599685e-05
VS,fiber tracts,rms_lf_csd_diff1,79,71,0.1223,0.00011291407443392523,0.2913183120395271
root,VS,psd_residual_lfp,23,18,0.1221,0.6328634912624234,1.0
HPF,fiber tracts,psd_residual_theta,343,305,0.1219,4.57924732760678e-13,1.1814458105225493e-09
HPF,Isocortex,recovery_slope,48,47,0.1213,0.2787141839667857,1.0
root,HPF,recovery_time_secs,224,215,0.1213,0.00010622515412083942,0.27406089763176567
HPF,root,psd_residual_delta,23,16,0.1212,0.14908005464645838,1.0
root,fiber tracts,psd_theta_csd_diff1,103,89,0.1212,0.008109899578558108,1.0
HY,TH,psd_residual_beta,56,56,0.1211,0.9751504794850547,1.0
root,VS,psd_gamma_csd,23,18,0.1211,0.24571220933043036,1.0
root,HPF,psd_residual_beta,224,215,0.1211,0.0005322381495430847,1.0
root,HPF,tip_time_secs,224,215,0.121,1.0399720130621465e-10,2.683127793700338e-07
CB,MB,cor_ratio,22,19,0.1209,0.048187298432417494,1.0
MB,VS,psd_residual_lfp,18,13,0.1207,0.4519319889232163,1.0
TH,MB,aperiodic_offset,51,41,0.1201,0.11038894429575412,1.0
CTXsp,fiber tracts,psd_residual_delta,39,37,0.1199,0.02166107236496859,1.0
root,HPF,trough_time_secs,224,215,0.1198,0.00016360122912698944,0.4220911711476328
HY,CNU,psd_alpha_csd,28,23,0.1196,0.0009567565182593755,1.0
VS,CNU,aperiodic_offset,31,26,0.1196,0.10269227050700348,1.0
HY,TH,tip_time_secs,56,56,0.1196,0.0029761739959467417,1.0
VS,fiber tracts,recovery_slope,79,71,0.1194,7.872135176806056e-05,0.20310108756159623
HB,VS,alpha_mean,60,55,0.1194,0.0019505351275033284,1.0
HY,CNU,psd_theta_csd,28,23,0.1194,0.00012554456704307442,0.323904982971132
fiber tracts,HY,psd_residual_theta,20,17,0.1194,0.8966744241149291,1.0
CB,MB,alpha_mean,22,19,0.1193,0.8279205369428946,1.0
void_fluid,void,psd_residual_beta,120,119,0.1192,0.12778559664108644,1.0
fiber tracts,CB,psd_residual_beta,262,149,0.1191,4.43864777701813e-09,1.1451711264706775e-05
OLF,CTXsp,psd_residual_lfp,69,68,0.119,0.005534593210652439,1.0
HPF,Isocortex,cor_ratio,48,47,0.119,0.006084592277229598,1.0
CTXsp,fiber tracts,psd_residual_theta,39,37,0.1184,0.005430976254682265,1.0
MB,TH,peak_time_secs,98,76,0.1182,0.28925717383286753,1.0
root,fiber tracts,psd_delta_csd,103,89,0.1181,0.008178865742266466,1.0
HY,fiber tracts,psd_lfp_csd_diff1,34,33,0.118,0.9579704351917413,1.0
fiber tracts,CNU,psd_beta_csd,114,87,0.1179,7.958569750693623e-06,0.020533109956789548
MB,fiber tracts,peak_time_secs,173,133,0.1177,6.455565511259631e-17,1.6655359019049848e-13
root,CB,psd_gamma,21,19,0.1177,0.20436643151910883,1.0
CNU,HY,rms_lf_csd_diff1,21,16,0.1176,0.30519497911055293,1.0
HY,CNU,psd_residual_gamma,28,23,0.1175,0.024705063096799103,1.0
Isocortex,void_fluid,psd_gamma_csd_diff1,110,110,0.1175,0.007529020854819861,1.0
void_fluid,Isocortex,psd_delta_csd,42,40,0.1171,0.023232056008400056,1.0
HB,fiber tracts,repolarisation_slope,181,115,0.117,2.906576326404894e-12,7.498966922124627e-09
root,VS,trough_val,23,18,0.117,0.06002870996777567,1.0
HY,MB,psd_gamma,16,14,0.117,0.23682701486836544,1.0
MB,TH,repolarisation_slope,98,76,0.1169,4.0135367450907956e-21,1.0354924802334253e-17
Isocortex,void_fluid,alpha_std,110,110,0.1165,0.3099694248927909,1.0
HPF,Isocortex,psd_theta_csd,48,47,0.1164,8.862779418615724e-05,0.22865970900028568
TH,fiber tracts,psd_gamma,196,154,0.1163,1.3211941848371288e-05,0.034086809968797926
HY,fiber tracts,psd_gamma,34,33,0.1161,0.12291259064755491,1.0
MB,TH,depolarisation_slope,98,76,0.1159,1.5596031991760396e-11,4.023776253874182e-08
void_fluid,HPF,psd_alpha,45,30,0.1159,0.008110736027756506,1.0
Isocortex,fiber tracts,psd_residual_beta,44,33,0.1158,0.017024718647605817,1.0
HY,TH,aperiodic_exponent,56,56,0.1158,0.009116235833691937,1.0
CNU,fiber tracts,psd_residual_gamma,200,159,0.1157,0.1010156064486266,1.0
fiber tracts,Isocortex,rms_ap,429,408,0.1157,3.3893799173221553e-10,8.744600186691161e-07
Isocortex,fiber tracts,rms_lf_csd_diff1,44,33,0.1156,0.027305687219851087,1.0
fiber tracts,MB,psd_delta,158,124,0.1155,1.188844143904398e-05,0.03067217891273347
TH,fiber tracts,rms_lf,196,154,0.1155,6.543200754367575e-06,0.016881457946268344
TH,fiber tracts,psd_lfp,196,154,0.1154,4.059765753013499e-06,0.010474195642774829
HPF,root,psd_alpha_csd_diff1,23,16,0.1152,0.2736090397595581,1.0
root,HPF,aperiodic_exponent,224,215,0.1152,0.00032542776384391443,0.8396036307172993
CTXsp,CNU,aperiodic_exponent,36,34,0.1149,0.017219767937181094,1.0
CNU,fiber tracts,psd_residual_alpha,200,159,0.1149,1.7009125422389844e-08,4.38835435897658e-05
root,HPF,psd_residual_alpha,224,215,0.1149,5.5411640406446865e-06,0.014296203224863292
HB,VS,aperiodic_offset,60,55,0.1147,0.0034832489670317338,1.0
CTXsp,CNU,tip_time_secs,36,34,0.1146,0.09968908373864632,1.0
HY,CNU,psd_beta_csd,28,23,0.1145,0.001863803379950775,1.0
MB,TH,peak_val,98,76,0.1145,3.803518597865906e-21,9.813077982494038e-18
Isocortex,void_fluid,psd_lfp,110,110,0.1143,0.0021056437900491927,1.0
fiber tracts,VS,psd_delta_csd,49,45,0.1138,0.03526803348731589,1.0
root,CB,alpha_std,21,19,0.1134,0.939424059489703,1.0
HY,CNU,tip_val,28,23,0.1133,0.4642043266902156,1.0
VS,CNU,psd_alpha,31,26,0.1128,0.14015060249214878,1.0
MB,HY,aperiodic_offset,24,23,0.1128,0.00043688387419802554,1.0
MB,VS,peak_time_secs,18,13,0.1127,0.39946250822128926,1.0
TH,fiber tracts,psd_beta,196,154,0.1127,9.814309193592253e-06,0.02532091771946801
CTXsp,fiber tracts,aperiodic_exponent,39,37,0.1127,0.11895390618850644,1.0
TH,HPF,aperiodic_exponent,19,19,0.1125,0.1751145067198543,1.0
HPF,void_fluid,psd_residual_beta,16,6,0.1125,0.6851968375246988,1.0
CNU,VS,psd_gamma_csd_diff1,54,43,0.1124,0.005979248698655238,1.0
root,HPF,rms_ap,224,215,0.1124,0.0010178362380392732,1.0
void_fluid,void,psd_beta_csd,120,119,0.112,0.027875857792417406,1.0
HPF,Isocortex,psd_residual_beta,48,47,0.1119,0.040009454519602354,1.0
HPF,Isocortex,tip_time_secs,48,47,0.1119,0.23724319681616146,1.0
HPF,Isocortex,psd_alpha_csd,48,47,0.1118,0.0005625811094128571,1.0
OLF,CTXsp,psd_residual_theta,69,68,0.1117,0.0027525153875597483,1.0
void_fluid,void,peak_val,120,119,0.1117,0.14035209222763478,1.0
MB,HY,rms_ap,24,23,0.1115,0.31774215565028174,1.0
fiber tracts,CNU,aperiodic_offset,114,87,0.1115,0.0004574499389143592,1.0
Isocortex,void,psd_theta,59,57,0.1115,0.0018032062148783839,1.0
CB,void_fluid,psd_beta_csd,35,32,0.1112,0.01705700483158129,1.0
VS,CB,psd_residual_lfp,55,53,0.1112,1.6344518123206592e-05,0.042168856757873005
MB,TH,trough_val,98,76,0.111,8.9032473712736e-21,2.2970378217885888e-17
CNU,HY,psd_lfp_csd,21,16,0.1108,0.14610717460416778,1.0
HPF,void_fluid,alpha_mean,16,6,0.1106,0.0999369033088374,1.0
fiber tracts,TH,tip_time_secs,132,98,0.1106,0.004234853233938062,1.0
MB,fiber tracts,psd_beta_csd,173,133,0.1105,0.4717280192499038,1.0
TH,root,psd_residual_gamma,94,92,0.1104,0.032838047539082885,1.0
TH,MB,alpha_std,51,41,0.1103,0.00013536031244724676,0.34922960611389664
VS,CNU,psd_lfp_csd_diff1,31,26,0.11,0.07024658560637406,1.0
OLF,CTXsp,psd_residual_gamma,69,68,0.1099,0.02574503808579178,1.0
VS,root,tip_val,35,29,0.1098,0.09199491920373389,1.0
fiber tracts,VS,psd_delta_csd_diff1,49,45,0.1097,0.006865775515380532,1.0
HPF,root,psd_alpha_csd,23,16,0.1097,0.8117061339948126,1.0
MB,fiber tracts,rms_lf_csd_diff1,173,133,0.1094,0.06767014322130366,1.0
MB,TH,recovery_slope,98,76,0.1093,5.844921068181487e-18,1.5079896355908236e-14
CNU,fiber tracts,psd_residual_theta,200,159,0.1092,5.37039883554645e-06,0.013855628995709841
root,HPF,psd_residual_lfp,224,215,0.109,0.0005142354125468224,1.0
HY,MB,repolarisation_slope,16,14,0.1087,0.1944036334407876,1.0
fiber tracts,CB,aperiodic_exponent,262,149,0.1085,1.7421506837070578e-07,0.00044947487639642093
CNU,OLF,psd_residual_beta,31,28,0.1085,0.15253243936080096,1.0
MB,fiber tracts,psd_lfp_csd_diff1,173,133,0.1085,0.1398688056562855,1.0
CNU,fiber tracts,alpha_mean,200,159,0.1085,1.6059688803866315e-08,4.143399711397509e-05
CB,void_fluid,psd_theta,35,32,0.1082,0.003337455205741104,1.0
OLF,CTXsp,psd_delta_csd,69,68,0.1081,0.0004152513499931747,1.0
root,CB,peak_time_secs,21,19,0.1081,0.05609729195968104,1.0
Isocortex,void,peak_time_secs,59,57,0.108,4.6741058635969656e-14,1.2059193128080171e-10
HB,CB,trough_val,42,34,0.1079,0.004341351489278645,1.0
root,VS,psd_gamma_csd_diff1,23,18,0.1078,0.12150635773895238,1.0
TH,MB,psd_gamma,51,41,0.1077,0.15574426393215615,1.0
Isocortex,void_fluid,psd_lfp_csd_diff1,110,110,0.1076,0.0021242746026066263,1.0
MB,TH,tip_val,98,76,0.1075,1.396457081572714e-09,3.602859270457602e-06
root,fiber tracts,psd_delta_csd_diff1,103,89,0.1074,0.0026221847783621383,1.0
Isocortex,void_fluid,rms_lf,110,110,0.1073,0.0032378478594023413,1.0
Isocortex,void_fluid,psd_gamma,110,110,0.1073,0.0025894787035607744,1.0
HB,root,psd_gamma,22,21,0.1072,0.1648690488099862,1.0
fiber tracts,VS,psd_theta_csd_diff1,49,45,0.107,0.00037052581680626663,0.955956607360168
MB,fiber tracts,psd_delta_csd,173,133,0.1069,0.0003326170967777674,0.8581521096866399
TH,root,psd_gamma_csd_diff1,94,92,0.1064,0.003732781884577077,1.0
void_fluid,Isocortex,psd_alpha_csd,42,40,0.1063,0.3878417243962321,1.0
OLF,Isocortex,peak_time_secs,64,60,0.1061,0.0231659092352073,1.0
HPF,root,psd_gamma,23,16,0.1061,0.2586770570270178,1.0
fiber tracts,MB,psd_residual_delta,158,124,0.106,2.6223200790665486e-05,0.06765585803991696
HY,fiber tracts,psd_beta_csd,34,33,0.106,0.8095157278764629,1.0
MB,fiber tracts,psd_delta_csd_diff1,173,133,0.1059,0.006440088990530093,1.0
CNU,HY,psd_lfp_csd_diff1,21,16,0.1058,0.3048109227020884,1.0
CNU,HY,rms_lf_csd,21,16,0.1054,0.1286615290128557,1.0
MB,TH,psd_residual_theta,98,76,0.1054,3.095261573333312e-06,0.007985774859199945
MB,fiber tracts,psd_delta,173,133,0.1053,0.24167342938897096,1.0
Isocortex,fiber tracts,psd_beta_csd,44,33,0.1051,0.0342261564297913,1.0
Isocortex,void_fluid,rms_lf_csd_diff1,110,110,0.105,0.0027895548540063484,1.0
HY,CNU,psd_residual_lfp,28,23,0.1049,0.04810565849151052,1.0
root,VS,peak_val,23,18,0.1048,0.03215499990342663,1.0
CTXsp,CNU,depolarisation_slope,36,34,0.1048,0.038748680387626855,1.0
CNU,HY,psd_delta_csd,21,16,0.1046,0.11464743180512778,1.0
fiber tracts,CNU,psd_lfp_csd_diff1,114,87,0.1045,0.0005699697216533157,1.0
HY,MB,tip_val,16,14,0.1044,0.09037301383879232,1.0
HPF,root,psd_delta_csd_diff1,23,16,0.1044,0.05243366792062632,1.0
HB,fiber tracts,psd_residual_lfp,181,115,0.1042,2.7960235251620616e-10,7.213740694918118e-07
fiber tracts,HPF,cor_ratio,156,127,0.1041,2.5015186290677857e-05,0.06453918062994887
CNU,HY,psd_delta_csd_diff1,21,16,0.104,0.6194062059314609,1.0
OLF,CTXsp,aperiodic_exponent,69,68,0.1039,0.0016788520225673833,1.0
CNU,HY,psd_alpha_csd,21,16,0.1038,0.2765600307060653,1.0
MB,HY,psd_residual_gamma,24,23,0.1038,0.0028750611882157493,1.0
fiber tracts,root,tip_time_secs,153,140,0.1036,0.0002810022464664034,0.7249857958833208
TH,root,recovery_time_secs,94,92,0.1035,0.00020406895732203904,0.5264979098908608
HPF,fiber tracts,psd_residual_delta,343,305,0.1035,1.1234512360369752e-07,0.0002898504188975396
MB,HY,psd_theta,24,23,0.1034,0.0035167704072898032,1.0
OLF,CNU,psd_residual_alpha,16,13,0.1033,0.8912466174605311,1.0
fiber tracts,VS,psd_residual_beta,49,45,0.1032,0.0657121606413636,1.0
MB,HY,peak_time_secs,24,23,0.1032,0.00634279344264703,1.0
HY,CNU,psd_residual_delta,28,23,0.1029,0.18885635382593868,1.0
CNU,VS,psd_residual_delta,54,43,0.1027,0.02262568972492352,1.0
OLF,Isocortex,alpha_std,64,60,0.1026,0.23100464441125912,1.0
fiber tracts,HPF,tip_time_secs,156,127,0.1025,2.3097654506230825e-07,0.0005959194862607553
HB,fiber tracts,rms_ap,181,115,0.1025,0.000991778658009175,1.0
TH,MB,psd_residual_delta,51,41,0.1023,0.003592567993299318,1.0
MB,void_fluid,aperiodic_offset,44,43,0.1021,0.003991812085761825,1.0
HPF,Isocortex,depolarisation_slope,48,47,0.102,0.1673726125706052,1.0
CNU,fiber tracts,tip_time_secs,200,159,0.1018,0.0067113650611287405,1.0
fiber tracts,TH,psd_delta,132,98,0.1018,0.00025851508670771703,0.66696892370591
CNU,VS,psd_beta_csd_diff1,54,43,0.1017,0.007955227989623854,1.0
TH,VS,psd_residual_alpha,28,23,0.1016,0.01417864499459295,1.0
MB,HY,psd_delta,24,23,0.1015,0.00040395078966306745,1.0
VS,CNU,rms_lf_csd_diff1,31,26,0.1013,0.07392488725876589,1.0
TH,root,rms_lf_csd,94,92,0.1012,4.331286602782444e-05,0.11174719435178705
HY,MB,psd_residual_theta,16,14,0.1011,0.6940064154327804,1.0
HY,CNU,psd_gamma_csd,28,23,0.1009,0.0074668045934157485,1.0
TH,root,psd_lfp_csd,94,92,0.1005,3.3731747036676984e-05,0.08702790735462662
fiber tracts,VS,psd_residual_alpha,49,45,0.1004,0.09397502385509729,1.0
MB,fiber tracts,alpha_mean,173,133,0.0998,1.395978306678637e-11,3.6016240312308836e-08
void_fluid,Isocortex,psd_residual_gamma,42,40,0.0994,0.00012819656560805157,0.330747139268773
TH,root,trough_time_secs,94,92,0.0994,0.00024006640057176878,0.6193713134751635
TH,VS,psd_gamma_csd_diff1,28,23,0.0993,0.015032281761579514,1.0
void_fluid,void,psd_gamma_csd,120,119,0.0993,0.03439618692369117,1.0
MB,VS,psd_residual_theta,18,13,0.0991,0.03256928363071719,1.0
MB,TH,tip_time_secs,98,76,0.0988,0.0017511213605796217,1.0
fiber tracts,TH,rms_lf,132,98,0.0987,0.0011035847544285115,1.0
HY,MB,recovery_slope,16,14,0.0986,0.19371271466716633,1.0
fiber tracts,VS,peak_time_secs,49,45,0.0986,0.008230655574731603,1.0
CB,void_fluid,psd_residual_gamma,35,32,0.0985,0.6820084636771624,1.0
HB,MB,psd_theta,76,69,0.0984,0.004177459250775183,1.0
VS,CB,psd_residual_beta,55,53,0.0982,0.12110570168190042,1.0
fiber tracts,MB,psd_gamma_csd_diff1,158,124,0.0981,0.0009387308283890544,1.0
OLF,Isocortex,psd_residual_lfp,64,60,0.0979,0.007621716246334828,1.0
HB,root,psd_residual_gamma,22,21,0.0979,0.010575487155809062,1.0
HY,CNU,rms_lf_csd,28,23,0.0979,0.03894406039686956,1.0
CB,fiber tracts,tip_val,238,139,0.0978,2.8864888363746643e-05,0.07447141197846634
fiber tracts,TH,trough_time_secs,132,98,0.0977,0.0992175465897043,1.0
fiber tracts,HB,psd_residual_beta,155,109,0.0977,0.0011025059274003134,1.0
HY,CNU,psd_lfp_csd,28,23,0.0976,0.024893830836737445,1.0
MB,void_fluid,psd_theta,44,43,0.0975,0.01390561815951814,1.0
fiber tracts,HB,peak_val,155,109,0.0973,0.0019664689860036584,1.0
fiber tracts,TH,recovery_time_secs,132,98,0.0971,0.09738265080626034,1.0
HB,VS,psd_residual_gamma,60,55,0.097,0.04432413887184659,1.0
HB,CB,psd_delta_csd_diff1,42,34,0.0969,0.0006884168632219567,1.0
root,fiber tracts,psd_residual_gamma,103,89,0.0969,0.293196453660012,1.0
fiber tracts,CNU,aperiodic_exponent,114,87,0.0968,0.00687515827056971,1.0
fiber tracts,Isocortex,psd_alpha_csd_diff1,429,408,0.0967,1.9417809223257357e-23,5.009794779600398e-20
HY,fiber tracts,aperiodic_exponent,34,33,0.0965,0.05653486652757148,1.0
OLF,Isocortex,tip_val,64,60,0.0965,0.10426960290916673,1.0
TH,fiber tracts,psd_residual_alpha,196,154,0.0965,4.041966326341982e-05,0.10428273121962314
CNU,fiber tracts,depolarisation_slope,200,159,0.0959,1.751536430196877e-07,0.00045189639899079426
HB,MB,psd_beta,76,69,0.0959,0.010153363687807995,1.0
HPF,root,psd_delta,23,16,0.0958,0.1731415640444156,1.0
fiber tracts,root,rms_ap,153,140,0.0955,0.20448572332001136,1.0
void_fluid,void,psd_lfp_csd_diff1,120,119,0.0955,0.024842352464176768,1.0
Isocortex,void_fluid,aperiodic_offset,110,110,0.0955,0.012312109564018871,1.0
CNU,OLF,psd_residual_gamma,31,28,0.0953,0.3222181516460869,1.0
fiber tracts,CNU,psd_alpha_csd,114,87,0.0953,7.926693458427512e-06,0.02045086912274298
fiber tracts,Isocortex,aperiodic_offset,429,408,0.0951,2.067504499999688e-06,0.005334161609999196
CNU,HY,psd_theta_csd,21,16,0.0951,0.42884835640497465,1.0
fiber tracts,HB,aperiodic_offset,155,109,0.0948,0.001895680289778377,1.0
void_fluid,void,rms_lf_csd_diff1,120,119,0.0948,0.02519069978685055,1.0
VS,root,aperiodic_exponent,35,29,0.0947,0.008604371940952234,1.0
fiber tracts,Isocortex,psd_alpha_csd,429,408,0.0947,8.978180401789178e-47,2.3163705436616078e-43
HB,CB,psd_residual_beta,42,34,0.0946,0.0006235150642393632,1.0
HB,MB,cor_ratio,76,69,0.0944,0.010328371842375075,1.0
MB,void_fluid,psd_residual_gamma,44,43,0.0942,0.5950826179474581,1.0
Isocortex,void_fluid,psd_delta_csd_diff1,110,110,0.0941,0.014621370959658318,1.0
void_fluid,Isocortex,psd_lfp_csd_diff1,42,40,0.0941,0.17292631513878243,1.0
CB,MB,psd_alpha_csd,22,19,0.0938,0.20827661531298025,1.0
fiber tracts,HPF,trough_time_secs,156,127,0.0934,0.08637314044270092,1.0
MB,root,aperiodic_exponent,66,64,0.0934,0.025655805758369163,1.0
HB,MB,psd_gamma,76,69,0.0934,0.007011804563377896,1.0
fiber tracts,HY,psd_lfp_csd,20,17,0.0933,0.04692068929837782,1.0
TH,VS,psd_alpha,28,23,0.0933,0.02991862657232887,1.0
TH,MB,alpha_mean,51,41,0.0932,0.029580850079435377,1.0
MB,void_fluid,psd_beta,44,43,0.0931,0.23900567154248809,1.0
Isocortex,fiber tracts,alpha_std,44,33,0.0931,0.0026658701690428976,1.0
TH,root,psd_delta_csd,94,92,0.093,0.0001670694801294355,0.4310392587339436
fiber tracts,Isocortex,psd_delta,429,408,0.0929,1.825690746936959e-05,0.04710282127097354
MB,fiber tracts,psd_alpha_csd_diff1,173,133,0.0929,0.9287280923303712,1.0
fiber tracts,HY,cor_ratio,20,17,0.0927,0.039225182536628156,1.0
fiber tracts,Isocortex,psd_theta_csd,429,408,0.0926,2.3637619262750506e-39,6.098505769789631e-36
fiber tracts,CB,tip_time_secs,262,149,0.0925,4.008261176542582e-06,0.010341313835479862
HB,MB,psd_residual_theta,76,69,0.0924,3.673751733515612e-05,0.0947827947247028
Isocortex,void_fluid,psd_gamma_csd,110,110,0.0923,0.006909175464866051,1.0
HB,MB,psd_alpha,76,69,0.0923,0.011413962346153146,1.0
fiber tracts,VS,psd_theta_csd,49,45,0.0922,0.0022130306619624683,1.0
CB,MB,psd_theta_csd,22,19,0.0922,0.1873007875144287,1.0
HB,CB,psd_residual_theta,42,34,0.0921,5.491800809754096e-05,0.14168846089165568
OLF,Isocortex,psd_gamma_csd_diff1,64,60,0.0921,0.28265007631313244,1.0
root,CB,rms_lf,21,19,0.092,0.28911898905208344,1.0
CNU,VS,psd_gamma,54,43,0.092,0.061136445560993215,1.0
fiber tracts,HY,psd_residual_delta,20,17,0.0917,0.6423670148365748,1.0
TH,fiber tracts,psd_residual_theta,196,154,0.0914,6.582088135677148e-07,0.0016981787390047043
Isocortex,void,cor_ratio,59,57,0.0912,0.0003286700314786213,0.8479686812148429
fiber tracts,Isocortex,aperiodic_exponent,429,408,0.0912,1.7457945295656675e-09,4.504149886279422e-06
root,HPF,peak_time_secs,224,215,0.0911,2.4682827499474715e-23,6.368169494864477e-20
CTXsp,CNU,psd_alpha_csd,36,34,0.0911,0.01477043265247471,1.0
HB,fiber tracts,recovery_slope,181,115,0.091,3.943700868934756e-14,1.0174748241851671e-10
fiber tracts,TH,psd_lfp,132,98,0.0907,0.00537712948067298,1.0
fiber tracts,MB,psd_residual_beta,158,124,0.0906,0.0025959660221769156,1.0
fiber tracts,CNU,tip_val,114,87,0.0906,0.0008159672812664537,1.0
fiber tracts,VS,psd_residual_theta,49,45,0.0906,0.2056908133930957,1.0
MB,fiber tracts,psd_beta_csd_diff1,173,133,0.0905,0.7504697575797329,1.0
fiber tracts,HB,rms_ap,155,109,0.0904,0.043139204670969246,1.0
fiber tracts,root,peak_time_secs,153,140,0.0904,5.62161059814192e-05,0.14503755343206154
fiber tracts,Isocortex,psd_beta_csd_diff1,429,408,0.0903,8.014775697501357e-21,2.06781212995535e-17
MB,fiber tracts,psd_gamma_csd,173,133,0.0903,0.5450829355799143,1.0
VS,CNU,psd_beta_csd,31,26,0.0902,0.18430073991497753,1.0
TH,fiber tracts,psd_theta,196,154,0.0901,5.927562568604828e-05,0.15293111427000455
void_fluid,void,depolarisation_slope,120,119,0.0901,0.5031129728327262,1.0
fiber tracts,CNU,depolarisation_slope,114,87,0.0899,0.017373940671619167,1.0
fiber tracts,CNU,rms_lf_csd_diff1,114,87,0.0898,0.001890273997123691,1.0
VS,CNU,psd_residual_beta,31,26,0.0896,0.05241564155577585,1.0
OLF,Isocortex,recovery_slope,64,60,0.0895,0.07213226087733797,1.0
HY,fiber tracts,psd_residual_lfp,34,33,0.0893,0.0023084146785740767,1.0
Isocortex,void_fluid,psd_delta_csd,110,110,0.0893,0.05519919319660371,1.0
fiber tracts,CB,cor_ratio,262,149,0.0892,6.350083363556032e-07,0.0016383215077974563
CNU,HY,psd_beta_csd,21,16,0.0888,0.13857570879091782,1.0
HB,root,cor_ratio,22,21,0.0888,0.3336343245918755,1.0
fiber tracts,Isocortex,psd_theta_csd_diff1,429,408,0.0886,1.542623027667686e-20,3.97996741138263e-17
MB,TH,psd_delta,98,76,0.0884,0.020056174752442212,1.0
HB,CB,rms_lf_csd_diff1,42,34,0.0884,0.0028381646832229073,1.0
fiber tracts,HB,psd_residual_delta,155,109,0.0881,0.003142503536098813,1.0
CTXsp,CNU,psd_theta_csd,36,34,0.0881,0.01120276192346862,1.0
HY,MB,psd_residual_gamma,16,14,0.0879,0.9147949137093597,1.0
void_fluid,void,psd_delta_csd_diff1,120,119,0.0879,0.06393658225451222,1.0
VS,CNU,psd_beta_csd_diff1,31,26,0.0877,0.2362452784659128,1.0
HB,MB,aperiodic_offset,76,69,0.0877,0.05379675972423259,1.0
OLF,Isocortex,psd_residual_gamma,64,60,0.0875,0.0005262174446102084,1.0
HB,CB,rms_ap,42,34,0.0875,0.09799592547356788,1.0
HB,CB,psd_delta_csd,42,34,0.0875,9.529469336544582e-08,0.0002458603088828502
void_fluid,void,psd_alpha_csd,120,119,0.0875,0.06488006815067793,1.0
void_fluid,HPF,rms_lf_csd,45,30,0.0874,0.009064861171176372,1.0
fiber tracts,HPF,recovery_time_secs,156,127,0.0874,0.13618413225089335,1.0
HB,CB,psd_lfp_csd_diff1,42,34,0.0873,0.004387904690554762,1.0
HY,fiber tracts,psd_gamma_csd_diff1,34,33,0.0873,0.16583718473120734,1.0
fiber tracts,VS,psd_alpha_csd_diff1,49,45,0.0872,0.002557932139247625,1.0
fiber tracts,HY,aperiodic_offset,20,17,0.087,0.08884472977906788,1.0
MB,HY,psd_residual_beta,24,23,0.0868,0.03999292230128831,1.0
HPF,Isocortex,psd_residual_alpha,48,47,0.0867,0.3371659073805703,1.0
void_fluid,HPF,psd_beta,45,30,0.0863,0.00719265379665088,1.0
MB,HY,depolarisation_slope,24,23,0.0859,0.8810555888746235,1.0
CNU,fiber tracts,aperiodic_exponent,200,159,0.0858,0.0017374803352647608,1.0
TH,root,psd_beta_csd,94,92,0.0857,0.002895350526820994,1.0
HB,VS,psd_beta,60,55,0.0857,5.7191812871947005e-06,0.014755487720962327
TH,MB,psd_alpha,51,41,0.0856,0.20101332282932838,1.0
fiber tracts,HY,psd_alpha_csd_diff1,20,17,0.0856,0.1386440333676969,1.0
HY,CNU,psd_delta_csd,28,23,0.0856,0.10959562993823402,1.0
void_fluid,void,psd_beta,120,119,0.0856,0.5367145018268931,1.0
root,CB,psd_residual_alpha,21,19,0.0854,0.2579346207795695,1.0
CB,void_fluid,psd_alpha_csd_diff1,35,32,0.0853,0.03957218698213465,1.0
OLF,CTXsp,psd_residual_alpha,69,68,0.0852,0.016442000419265492,1.0
root,CB,psd_residual_beta,21,19,0.0849,0.05981564831531033,1.0
TH,MB,psd_beta,51,41,0.0847,0.2154905234877046,1.0
Isocortex,fiber tracts,psd_gamma_csd,44,33,0.0846,0.049257342034246365,1.0
fiber tracts,CB,tip_val,262,149,0.0844,9.117538021910365e-05,0.2352324809652874
CNU,fiber tracts,alpha_std,200,159,0.0844,3.0641107741538656e-06,0.007905405797316974
TH,VS,psd_gamma,28,23,0.0843,0.02247884861586366,1.0
HB,root,alpha_mean,22,21,0.0843,0.4391810949468252,1.0
Isocortex,void_fluid,psd_lfp_csd,110,110,0.0842,0.08786788825928224,1.0
VS,CNU,psd_lfp_csd,31,26,0.0841,0.2861268564761005,1.0
HY,TH,aperiodic_offset,56,56,0.0839,0.00017096786830185037,0.44109710021877396
CNU,VS,psd_gamma_csd,54,43,0.0839,0.08558494723895126,1.0
Isocortex,void_fluid,rms_lf_csd,110,110,0.0838,0.09346126830782574,1.0
HPF,Isocortex,trough_val,48,47,0.0838,0.3854808795935051,1.0
OLF,Isocortex,tip_time_secs,64,60,0.0838,0.011444655574350562,1.0
VS,CNU,psd_residual_theta,31,26,0.0836,0.11632526130592984,1.0
CTXsp,CNU,recovery_time_secs,36,34,0.0835,0.0044343907092052,1.0
fiber tracts,HPF,rms_ap,156,127,0.0834,0.0009046720753502997,1.0
Isocortex,void,psd_delta_csd,59,57,0.0834,0.5259948619732129,1.0
MB,fiber tracts,psd_gamma_csd_diff1,173,133,0.0834,0.5512179803690653,1.0
fiber tracts,CB,depolarisation_slope,262,149,0.0832,0.00014255122746309492,0.3677821668547849
root,HPF,psd_residual_delta,224,215,0.0831,0.13601904789466568,1.0
root,CB,psd_lfp,21,19,0.0831,0.3364762603544975,1.0
HPF,Isocortex,psd_beta_csd_diff1,48,47,0.0829,0.008031968093448031,1.0
MB,void_fluid,psd_delta,44,43,0.0828,0.002905885507348896,1.0
fiber tracts,CB,alpha_std,262,149,0.0828,3.848721977790467e-16,9.929702702699405e-13
fiber tracts,Isocortex,psd_beta_csd,429,408,0.0827,4.342475884091098e-45,1.1203587780955033e-41
TH,fiber tracts,psd_alpha,196,154,0.0825,0.00021808367252105137,0.5626558751043126
MB,fiber tracts,psd_theta_csd_diff1,173,133,0.0824,0.8330908325535489,1.0
root,fiber tracts,psd_residual_alpha,103,89,0.0823,0.03713231269361533,1.0
VS,CNU,psd_gamma_csd,31,26,0.0822,0.2927029110941026,1.0
void_fluid,HPF,psd_theta_csd,45,30,0.082,0.05552379236047155,1.0
HB,CB,rms_lf_csd,42,34,0.0819,9.225464717883203e-08,0.00023801698972138665
VS,CB,psd_delta,55,53,0.0818,0.0054109624922974555,1.0
HB,MB,trough_time_secs,76,69,0.0818,0.031773145859419684,1.0
MB,fiber tracts,aperiodic_offset,173,133,0.0817,0.4551150406236243,1.0
HB,CB,psd_lfp_csd,42,34,0.0815,1.1291512121363169e-07,0.0002913210127311698
HB,fiber tracts,rms_lf,181,115,0.0815,0.0008818604647102965,1.0
HB,CB,recovery_slope,42,34,0.0813,0.030299459772093515,1.0
HB,CB,psd_theta_csd,42,34,0.0812,0.00029223247174901026,0.7539597771124464
TH,VS,psd_lfp,28,23,0.081,0.05163218180630746,1.0
fiber tracts,Isocortex,psd_gamma_csd_diff1,429,408,0.0808,3.0386590443819827e-19,7.839740334505515e-16
CTXsp,CNU,psd_residual_theta,36,34,0.0807,0.010454834098103289,1.0
TH,fiber tracts,psd_residual_delta,196,154,0.0801,0.01770431130918849,1.0
void_fluid,Isocortex,cor_ratio,42,40,0.0801,0.3671598882923217,1.0
void_fluid,HPF,psd_lfp_csd,45,30,0.08,0.010653189903850904,1.0
HB,fiber tracts,psd_residual_delta,181,115,0.08,0.0009480047199812664,1.0
CNU,OLF,psd_alpha,31,28,0.0798,0.4153942762724776,1.0
HB,MB,recovery_time_secs,76,69,0.0795,0.03164306209514173,1.0
CNU,HY,psd_residual_delta,21,16,0.0794,0.22884362449424023,1.0
TH,VS,psd_residual_lfp,28,23,0.0794,0.0169151717808303,1.0
fiber tracts,MB,psd_alpha_csd,158,124,0.0793,0.002079982107305192,1.0
HB,CB,psd_theta_csd_diff1,42,34,0.0792,0.6895139567209996,1.0
CB,fiber tracts,psd_residual_theta,238,139,0.0791,0.21941369719108594,1.0
HPF,fiber tracts,peak_time_secs,343,305,0.0791,1.5518121449104313e-20,4.0036753338689124e-17
fiber tracts,root,trough_time_secs,153,140,0.0789,7.938670413798368e-05,0.2048176966759979
HB,CB,psd_alpha_csd,42,34,0.0786,9.266032066330563e-05,0.23906362731132852
VS,CNU,rms_lf_csd,31,26,0.0785,0.40821451764823036,1.0
fiber tracts,Isocortex,psd_residual_delta,429,408,0.0785,2.842063853864436e-06,0.007332524742970245
HB,fiber tracts,psd_residual_theta,181,115,0.0784,9.493840234162426e-05,0.2449410780413906
VS,root,peak_time_secs,35,29,0.0783,0.9977448233615499,1.0
TH,VS,psd_beta,28,23,0.0783,0.0930698360711947,1.0
fiber tracts,VS,psd_residual_lfp,49,45,0.0781,0.07885104335087177,1.0
fiber tracts,Isocortex,psd_lfp_csd_diff1,429,408,0.078,4.7688991303020235e-18,1.230375975617922e-14
VS,CNU,psd_theta,31,26,0.078,0.13664007105155282,1.0
HB,MB,psd_residual_delta,76,69,0.0779,0.0044582303108744855,1.0
HY,CNU,alpha_std,28,23,0.0777,0.10133336472014243,1.0
CNU,VS,psd_beta_csd,54,43,0.0777,0.12213123169664998,1.0
TH,fiber tracts,aperiodic_exponent,196,154,0.0777,4.391525017742436e-05,0.11330134545775485
void_fluid,Isocortex,rms_lf_csd_diff1,42,40,0.0777,0.2628344681354108,1.0
OLF,Isocortex,psd_lfp_csd_diff1,64,60,0.0776,0.3928038376970421,1.0
fiber tracts,HB,tip_time_secs,155,109,0.0775,0.02111090000316367,1.0
fiber tracts,TH,psd_alpha,132,98,0.0774,0.03790099198764014,1.0
CB,void_fluid,alpha_std,35,32,0.0771,0.6572924653042151,1.0
HB,fiber tracts,depolarisation_slope,181,115,0.0771,0.00018841881585035864,0.48612054489392525
TH,MB,psd_theta,51,41,0.0769,0.26771316174816484,1.0
HB,CB,aperiodic_exponent,42,34,0.0768,0.016355869770491333,1.0
HB,CB,rms_lf,42,34,0.0768,0.9768636801480411,1.0
fiber tracts,Isocortex,rms_lf_csd_diff1,429,408,0.0768,5.033651446794263e-17,1.2986820732729198e-13
HB,CB,psd_gamma_csd_diff1,42,34,0.0767,0.3887771974584424,1.0
fiber tracts,Isocortex,rms_lf,429,408,0.0767,0.007051737321066093,1.0
fiber tracts,Isocortex,psd_theta,429,408,0.0767,0.0023551900751560646,1.0
TH,VS,psd_residual_beta,28,23,0.0766,0.5376513797419862,1.0
HB,MB,psd_residual_lfp,76,69,0.0766,1.806973719731207e-05,0.04661992196906514
Isocortex,fiber tracts,psd_delta_csd_diff1,44,33,0.0766,0.23994958788819443,1.0
OLF,Isocortex,psd_alpha_csd_diff1,64,60,0.0764,0.3035940227698398,1.0
fiber tracts,HY,rms_lf_csd,20,17,0.0764,0.1180194451892444,1.0
fiber tracts,CB,psd_residual_lfp,262,149,0.0763,0.22258851880510278,1.0
fiber tracts,Isocortex,psd_lfp_csd,429,408,0.0763,5.438819835913806e-34,1.4032155176657619e-30
HB,CB,psd_beta_csd_diff1,42,34,0.0762,0.8949817237629911,1.0
HB,VS,psd_delta,60,55,0.0761,0.03179640448104913,1.0
fiber tracts,HPF,psd_residual_delta,156,127,0.0761,0.0002783882571950104,0.7182417035631269
MB,fiber tracts,rms_lf,173,133,0.076,0.68900122463809,1.0
fiber tracts,Isocortex,rms_lf_csd,429,408,0.076,2.0733898811721887e-32,5.349345893424247e-29
HPF,Isocortex,psd_delta,48,47,0.0757,0.03731159810569062,1.0
fiber tracts,root,depolarisation_slope,153,140,0.0756,5.754854529089104e-06,0.014847524685049887
HB,CB,peak_val,42,34,0.0756,0.0016714181370220593,1.0
fiber tracts,TH,psd_beta,132,98,0.0754,0.024520917506018414,1.0
TH,MB,psd_gamma_csd_diff1,51,41,0.0753,0.060552632637295815,1.0
OLF,Isocortex,psd_theta_csd_diff1,64,60,0.0749,0.24151362445946045,1.0
void_fluid,void,psd_theta_csd,120,119,0.0745,0.1373065499164816,1.0
HB,CB,psd_beta_csd,42,34,0.0743,0.014127043074927022,1.0
HB,CB,repolarisation_slope,42,34,0.0741,0.01983687011596287,1.0
HB,CB,psd_alpha_csd_diff1,42,34,0.0741,0.8841707761265681,1.0
HPF,fiber tracts,psd_residual_beta,343,305,0.074,0.0017328887258955148,1.0
MB,TH,psd_residual_gamma,98,76,0.0738,0.013165271907201435,1.0
fiber tracts,Isocortex,psd_lfp,429,408,0.0737,0.01503061102871242,1.0
HB,CB,psd_gamma_csd,42,34,0.0735,0.004998688191704386,1.0
OLF,CNU,psd_residual_delta,16,13,0.0734,0.7549332429841196,1.0
root,fiber tracts,depolarisation_slope,103,89,0.0734,0.8926134024592947,1.0
TH,MB,psd_beta_csd_diff1,51,41,0.0733,0.05226124292641553,1.0
HY,MB,psd_theta,16,14,0.0733,0.40118566270583467,1.0
HY,MB,rms_lf,16,14,0.0732,0.7763463238469255,1.0
CB,void_fluid,psd_delta_csd_diff1,35,32,0.0731,0.12890983556749236,1.0
fiber tracts,TH,psd_gamma,132,98,0.073,0.023645921642988798,1.0
root,VS,aperiodic_offset,23,18,0.073,0.9515641017389347,1.0
void_fluid,HPF,psd_gamma_csd_diff1,45,30,0.073,0.3953129258318202,1.0
root,VS,psd_beta_csd,23,18,0.0726,0.4647489637728148,1.0
OLF,Isocortex,rms_lf_csd_diff1,64,60,0.0724,0.40752986921208256,1.0
HB,MB,peak_time_secs,76,69,0.0722,0.3207433852655419,1.0
fiber tracts,TH,depolarisation_slope,132,98,0.0722,2.8229007738027e-06,0.007283083996410966
VS,CNU,psd_gamma_csd_diff1,31,26,0.0722,0.6639381374004858,1.0
CTXsp,CNU,trough_time_secs,36,34,0.0722,0.009541185638326174,1.0
fiber tracts,root,recovery_time_secs,153,140,0.0722,0.0001552756417469113,0.40061115570703115
CTXsp,CNU,psd_residual_gamma,36,34,0.072,0.007379057753916459,1.0
HY,MB,aperiodic_offset,16,14,0.072,0.42491923493352435,1.0
HY,MB,psd_residual_delta,16,14,0.072,0.7933621458135094,1.0
HB,fiber tracts,psd_delta,181,115,0.072,0.03615903216444021,1.0
MB,fiber tracts,aperiodic_exponent,173,133,0.0719,0.05267147208176387,1.0
MB,fiber tracts,psd_residual_theta,173,133,0.0716,0.002858140462699316,1.0
CNU,OLF,psd_theta_csd_diff1,31,28,0.0716,0.6093678963458531,1.0
CB,MB,psd_gamma_csd_diff1,22,19,0.0716,0.4476410635356912,1.0
TH,VS,rms_lf,28,23,0.0714,0.07733310294219735,1.0
fiber tracts,TH,aperiodic_offset,132,98,0.0714,0.03868792649401344,1.0
HB,MB,psd_residual_beta,76,69,0.0713,0.026068458116815713,1.0
Isocortex,void_fluid,psd_delta,110,110,0.0708,0.05833756871794005,1.0
HPF,Isocortex,psd_theta,48,47,0.0708,0.08771667012571312,1.0
void_fluid,HPF,psd_gamma,45,30,0.0708,0.003932520448890252,1.0
TH,fiber tracts,psd_delta_csd_diff1,196,154,0.0707,3.540113747631546e-07,0.0009133493468889388
void_fluid,void,alpha_std,120,119,0.0702,0.011889783113655732,1.0
TH,MB,psd_lfp_csd_diff1,51,41,0.0702,0.1314085185084557,1.0
MB,fiber tracts,psd_lfp,173,133,0.0702,0.655785812825329,1.0
Isocortex,fiber tracts,psd_alpha_csd,44,33,0.0701,0.1084683355874677,1.0
TH,MB,psd_theta_csd_diff1,51,41,0.0701,0.028796969409538953,1.0
HY,CNU,psd_residual_beta,28,23,0.0701,0.26228157777852323,1.0
fiber tracts,Isocortex,psd_delta_csd,429,408,0.0701,1.090430916502112e-22,2.8133117645754487e-19
TH,MB,psd_alpha_csd_diff1,51,41,0.07,0.03758231988149691,1.0
CNU,OLF,psd_gamma_csd,31,28,0.07,0.30794569594865706,1.0
HPF,fiber tracts,psd_residual_alpha,343,305,0.0698,0.00047778661097776996,1.0
void_fluid,HPF,psd_theta,45,30,0.0698,0.08614354839926092,1.0
HB,root,psd_theta_csd_diff1,22,21,0.0697,0.04280466785477705,1.0
TH,MB,rms_lf_csd_diff1,51,41,0.0697,0.12687699116079765,1.0
CTXsp,fiber tracts,tip_time_secs,39,37,0.0696,0.5536523227841244,1.0
VS,fiber tracts,psd_beta_csd,79,71,0.0695,0.003533929006098362,1.0
void_fluid,void,peak_time_secs,120,119,0.0695,0.9659023239288371,1.0
TH,fiber tracts,psd_theta_csd_diff1,196,154,0.0694,4.6300407355096703e-05,0.1194550509761495
fiber tracts,root,peak_val,153,140,0.0693,0.009473493112988896,1.0
CNU,VS,psd_residual_theta,54,43,0.0692,0.021322658649152507,1.0
HB,fiber tracts,psd_lfp,181,115,0.0691,0.0051832011742147695,1.0
HPF,Isocortex,peak_val,48,47,0.0689,0.5840011413430586,1.0
CTXsp,CNU,psd_residual_lfp,36,34,0.0688,0.03243394932194374,1.0
HY,TH,psd_residual_alpha,56,56,0.0688,0.0010235441068076937,1.0
OLF,Isocortex,psd_beta_csd_diff1,64,60,0.0687,0.5018035106730597,1.0
OLF,Isocortex,psd_residual_delta,64,60,0.0686,0.018987774372493688,1.0
Isocortex,fiber tracts,psd_residual_delta,44,33,0.0686,0.8245769316363563,1.0
OLF,Isocortex,aperiodic_exponent,64,60,0.0685,0.36218769169504006,1.0
fiber tracts,TH,psd_theta,132,98,0.0684,0.04404100881822023,1.0
CNU,OLF,psd_delta_csd_diff1,31,28,0.0684,0.596554242394548,1.0
CB,MB,psd_beta_csd_diff1,22,19,0.0684,0.690905295835662,1.0
void_fluid,HPF,psd_beta_csd_diff1,45,30,0.0681,0.2364678653484391,1.0
CB,MB,psd_alpha,22,19,0.068,0.2405988090857376,1.0
HB,MB,psd_lfp,76,69,0.068,0.042213767365906055,1.0
HY,TH,rms_ap,56,56,0.0679,0.11811422583642361,1.0
HB,CB,trough_time_secs,42,34,0.0679,0.7559839768462997,1.0
fiber tracts,root,tip_val,153,140,0.0678,0.00010809138622482222,0.2788757764600413
fiber tracts,root,trough_val,153,140,0.0678,0.013230922889458204,1.0
root,HPF,cor_ratio,224,215,0.0677,0.014577373568166492,1.0
MB,fiber tracts,psd_gamma,173,133,0.0677,0.728333980409734,1.0
fiber tracts,HPF,psd_residual_beta,156,127,0.0674,0.005564995763281409,1.0
TH,root,psd_gamma_csd,94,92,0.0668,0.010900525832368245,1.0
fiber tracts,Isocortex,psd_gamma_csd,429,408,0.0666,2.3403867222023043e-31,6.038197743281945e-28
fiber tracts,root,repolarisation_slope,153,140,0.0666,0.009582125974572503,1.0
CB,MB,psd_lfp_csd_diff1,22,19,0.0666,0.7036793570036636,1.0
fiber tracts,CB,rms_ap,262,149,0.0665,0.001716428999336441,1.0
TH,fiber tracts,alpha_std,196,154,0.0664,5.4573630114731836e-17,1.4079996569600813e-13
HB,root,psd_delta_csd_diff1,22,21,0.0663,0.2225048960823497,1.0
fiber tracts,Isocortex,psd_alpha,429,408,0.0663,0.012725298237171953,1.0
fiber tracts,root,recovery_slope,153,140,0.0663,0.02118625908362487,1.0
root,fiber tracts,trough_time_secs,103,89,0.0661,0.03573428598642384,1.0
HY,MB,psd_beta,16,14,0.0659,0.7214437387843968,1.0
Isocortex,void,psd_delta_csd_diff1,59,57,0.0658,0.6921661862333941,1.0
CB,MB,aperiodic_exponent,22,19,0.0657,0.3798832284298014,1.0
fiber tracts,HY,psd_theta_csd_diff1,20,17,0.0657,0.22791135200362322,1.0
HB,CB,alpha_mean,42,34,0.0657,5.788849128689697e-06,0.01493523075201942
fiber tracts,MB,psd_beta_csd,158,124,0.0657,0.0029403731264545973,1.0
TH,MB,psd_delta_csd_diff1,51,41,0.0656,0.20839427236938668,1.0
TH,MB,aperiodic_exponent,51,41,0.0655,0.8265642884311795,1.0
HY,MB,psd_lfp,16,14,0.0655,0.2576453000050841,1.0
root,fiber tracts,aperiodic_exponent,103,89,0.0654,0.27233407266841725,1.0
MB,TH,psd_residual_beta,98,76,0.0654,0.0004996096530215218,1.0
HY,TH,psd_residual_lfp,56,56,0.0654,0.8994163697113775,1.0
Isocortex,fiber tracts,psd_theta_csd,44,33,0.0652,0.13292688147293247,1.0
fiber tracts,Isocortex,psd_delta_csd_diff1,429,408,0.0652,2.692988174896899e-10,6.947909491234e-07
fiber tracts,HB,psd_theta,155,109,0.0651,0.06760900759143745,1.0
root,CB,psd_residual_gamma,21,19,0.0651,0.1847156014941519,1.0
void_fluid,void,psd_lfp,120,119,0.065,0.8589962294490621,1.0
MB,root,psd_theta_csd_diff1,66,64,0.0647,1.5208224087870886e-05,0.03923721814670689
CB,MB,alpha_std,22,19,0.0646,0.25789484332982626,1.0
fiber tracts,VS,trough_val,49,45,0.0646,0.26954451617774067,1.0
MB,void_fluid,psd_residual_alpha,44,43,0.0644,0.19370859019357878,1.0
CTXsp,CNU,psd_beta_csd,36,34,0.0641,0.5283053754671484,1.0
HB,fiber tracts,peak_time_secs,181,115,0.064,0.00011887982741358999,0.3067099547270622
HPF,Isocortex,alpha_std,48,47,0.064,0.07840303411072765,1.0
root,fiber tracts,recovery_time_secs,103,89,0.0639,0.05101004959170956,1.0
HPF,Isocortex,psd_delta_csd,48,47,0.0638,0.0031691311670624346,1.0
OLF,Isocortex,depolarisation_slope,64,60,0.0637,0.44951883993796304,1.0
MB,TH,rms_lf,98,76,0.0636,0.058016665404218584,1.0
Isocortex,void,rms_lf_csd,59,57,0.0635,0.8517545011824913,1.0
HB,MB,trough_val,76,69,0.0634,0.288036323341026,1.0
TH,fiber tracts,psd_residual_gamma,196,154,0.0633,0.2785637738737373,1.0
root,CB,tip_val,21,19,0.0633,0.0006948825007917603,1.0
fiber tracts,VS,psd_alpha_csd,49,45,0.0633,0.006666724488952679,1.0
MB,HY,alpha_std,24,23,0.0632,0.03263866998560224,1.0
CNU,OLF,rms_ap,31,28,0.0631,0.4303726355632822,1.0
VS,CNU,psd_beta,31,26,0.063,0.4116047432746225,1.0
VS,fiber tracts,psd_alpha_csd,79,71,0.063,0.0028552851912777145,1.0
VS,fiber tracts,psd_theta_csd,79,71,0.0628,0.002568508550081175,1.0
Isocortex,fiber tracts,psd_residual_theta,44,33,0.0627,0.1857642065711862,1.0
TH,root,psd_residual_beta,94,92,0.0626,0.24876945177003718,1.0
fiber tracts,VS,rms_lf_csd,49,45,0.0626,0.19718272619801913,1.0
fiber tracts,CNU,cor_ratio,114,87,0.0623,0.07709264271820955,1.0
fiber tracts,CNU,psd_theta_csd,114,87,0.0623,0.0004528088513249059,1.0
fiber tracts,CNU,psd_gamma_csd,114,87,0.0622,0.0014715447342011454,1.0
HY,CNU,recovery_slope,28,23,0.0619,0.15023831227057488,1.0
CB,fiber tracts,psd_residual_lfp,238,139,0.0619,0.5307416910178995,1.0
fiber tracts,TH,psd_residual_delta,132,98,0.0618,0.6413022779700737,1.0
fiber tracts,HB,trough_time_secs,155,109,0.0618,0.006783501409579921,1.0
void_fluid,HPF,psd_gamma_csd,45,30,0.0618,0.6455522085024836,1.0
TH,fiber tracts,recovery_slope,196,154,0.0617,2.375750381502359e-157,6.129435984276086e-154
fiber tracts,root,aperiodic_exponent,153,140,0.0617,0.4408293616218647,1.0
void_fluid,void,psd_residual_lfp,120,119,0.0616,0.7762810023305794,1.0
TH,fiber tracts,tip_val,196,154,0.0616,1.2532171046481785e-89,3.2333001299923e-86
HY,MB,recovery_time_secs,16,14,0.0616,0.8919502204647731,1.0
fiber tracts,VS,rms_lf_csd_diff1,49,45,0.0615,0.05633513298491428,1.0
CNU,fiber tracts,peak_time_secs,200,159,0.0615,0.4381572964938527,1.0
root,CB,psd_delta,21,19,0.0614,0.9668869202321004,1.0
CB,void_fluid,psd_delta,35,32,0.0614,0.07734989527878335,1.0
fiber tracts,CB,psd_gamma,262,149,0.0614,2.830314498700269e-05,0.07302211406646694
CTXsp,CNU,peak_time_secs,36,34,0.0611,0.12416581219379562,1.0
CB,MB,rms_lf_csd_diff1,22,19,0.0611,0.6951537622706873,1.0
CNU,VS,psd_beta,54,43,0.061,0.36968020932211954,1.0
CB,fiber tracts,alpha_std,238,139,0.0607,6.4634707623229335e-06,0.01667575456679317
CB,MB,psd_theta,22,19,0.0607,0.164313617075597,1.0
void_fluid,void,psd_gamma,120,119,0.0606,0.9357836343083787,1.0
CNU,OLF,psd_beta_csd_diff1,31,28,0.0605,0.8900400104675859,1.0
HPF,Isocortex,psd_residual_theta,48,47,0.0605,0.9565188892834103,1.0
Isocortex,void,psd_lfp_csd,59,57,0.0604,0.9573124376278946,1.0
fiber tracts,HB,recovery_time_secs,155,109,0.0604,0.009751312051330762,1.0
fiber tracts,Isocortex,psd_residual_gamma,429,408,0.0603,0.004675891467013185,1.0
HY,TH,alpha_mean,56,56,0.0602,0.07636655703597608,1.0
MB,fiber tracts,psd_beta,173,133,0.0602,0.6872469089030484,1.0
HB,MB,peak_val,76,69,0.06,0.17834587557593484,1.0
HB,CB,recovery_time_secs,42,34,0.0597,0.4929136845737825,1.0
MB,root,psd_residual_delta,66,64,0.0597,0.5296988263759059,1.0
HY,MB,trough_time_secs,16,14,0.0596,0.9126665582931336,1.0
HB,fiber tracts,psd_gamma,181,115,0.0595,0.0029509620704715866,1.0
HPF,Isocortex,psd_lfp,48,47,0.0595,0.09967704114485598,1.0
CNU,fiber tracts,psd_alpha,200,159,0.0595,0.025958247656096754,1.0
fiber tracts,VS,recovery_slope,49,45,0.0594,0.049622048810981756,1.0
CB,MB,aperiodic_offset,22,19,0.0593,0.14975605971875502,1.0
VS,fiber tracts,psd_residual_theta,79,71,0.059,0.2246360889642527,1.0
TH,fiber tracts,psd_alpha_csd_diff1,196,154,0.059,0.0008720413487811695,1.0
HPF,Isocortex,rms_lf,48,47,0.0586,0.09731719489069357,1.0
fiber tracts,Isocortex,psd_residual_lfp,429,408,0.0584,0.00029678017006770044,0.7656928387746671
Isocortex,fiber tracts,alpha_mean,44,33,0.0584,2.8938098857926847e-06,0.007466029505345127
fiber tracts,HY,psd_beta_csd_diff1,20,17,0.058,0.22266578320458152,1.0
fiber tracts,MB,alpha_mean,158,124,0.0579,2.308255079908462e-13,5.955298106163832e-10
HB,MB,rms_lf,76,69,0.0578,0.07459428833203538,1.0
MB,root,psd_alpha_csd_diff1,66,64,0.0576,0.00018679195527515602,0.48192324460990255
fiber tracts,CB,psd_residual_gamma,262,149,0.0575,0.47407371750362903,1.0
Isocortex,fiber tracts,aperiodic_exponent,44,33,0.0575,0.5212120508060828,1.0
HPF,root,aperiodic_offset,23,16,0.0574,0.7016741661051433,1.0
Isocortex,void,psd_lfp,59,57,0.0573,0.0029530798556764337,1.0
fiber tracts,HY,tip_time_secs,20,17,0.057,0.0031833001963767643,1.0
MB,fiber tracts,psd_residual_lfp,173,133,0.057,0.3588745611456311,1.0
fiber tracts,VS,psd_lfp_csd,49,45,0.0569,0.17014711614975608,1.0
TH,MB,psd_alpha_csd,51,41,0.0569,0.17577403415463522,1.0
fiber tracts,VS,psd_lfp_csd_diff1,49,45,0.0568,0.05927162071625506,1.0
CNU,OLF,psd_alpha_csd_diff1,31,28,0.0568,0.8023121283385124,1.0
TH,MB,psd_beta_csd,51,41,0.0567,0.14824319023410165,1.0
HY,TH,psd_theta,56,56,0.0565,0.0006963435018136796,1.0
HB,root,psd_alpha_csd_diff1,22,21,0.0562,0.06768281006479858,1.0
TH,MB,psd_gamma_csd,51,41,0.056,0.1510184865294737,1.0
MB,HY,alpha_mean,24,23,0.0558,0.06588826002308608,1.0
MB,HY,rms_lf,24,23,0.0558,0.028736706538767677,1.0
root,fiber tracts,rms_ap,103,89,0.0555,0.4296839745887908,1.0
MB,HY,psd_lfp,24,23,0.0554,0.01442659787687688,1.0
MB,TH,aperiodic_offset,98,76,0.0554,0.1073942942681692,1.0
fiber tracts,CNU,psd_residual_delta,114,87,0.0553,0.04423876618182301,1.0
root,fiber tracts,psd_residual_theta,103,89,0.0552,0.4290627533841137,1.0
OLF,CTXsp,psd_residual_beta,69,68,0.0552,0.037463320344261995,1.0
HB,fiber tracts,psd_theta,181,115,0.0551,0.08771035470333166,1.0
void_fluid,void,rms_lf,120,119,0.0551,0.855032906519618,1.0
fiber tracts,Isocortex,psd_beta,429,408,0.055,0.2345631292638254,1.0
VS,root,psd_residual_beta,35,29,0.0548,0.5711427641413784,1.0
HB,fiber tracts,psd_alpha,181,115,0.0547,0.05411984630930509,1.0
HB,MB,psd_residual_alpha,76,69,0.0545,0.11893623282767221,1.0
MB,HY,trough_time_secs,24,23,0.0543,0.8738976854806308,1.0
root,VS,psd_delta,23,18,0.0541,0.9861185693085862,1.0
CB,void_fluid,psd_lfp_csd,35,32,0.0541,0.2002672279933001,1.0
fiber tracts,HY,psd_residual_alpha,20,17,0.054,0.7066994755515712,1.0
HY,CNU,depolarisation_slope,28,23,0.054,0.043802710738308166,1.0
HPF,Isocortex,psd_beta_csd,48,47,0.054,0.06480296541548393,1.0
TH,fiber tracts,rms_lf_csd_diff1,196,154,0.0539,1.3440147305917418e-05,0.03467558004926694
OLF,Isocortex,repolarisation_slope,64,60,0.0537,0.12289872990888552,1.0
HPF,void_fluid,psd_residual_delta,16,6,0.0534,0.19409666583114282,1.0
TH,MB,psd_theta_csd,51,41,0.0534,0.11989299335801536,1.0
HY,CNU,peak_time_secs,28,23,0.0534,0.16305886628761335,1.0
MB,void_fluid,psd_residual_delta,44,43,0.053,0.9000143772462852,1.0
HB,fiber tracts,psd_theta_csd_diff1,181,115,0.0525,0.0001936302248429709,0.4995659800948649
CTXsp,CNU,psd_residual_delta,36,34,0.0525,0.24660768786638443,1.0
fiber tracts,VS,tip_time_secs,49,45,0.0523,0.9876530366755811,1.0
fiber tracts,HB,psd_gamma_csd_diff1,155,109,0.0522,1.3766100503515708e-05,0.035516539299070525
VS,CB,psd_residual_alpha,55,53,0.0521,0.26928681637868246,1.0
MB,TH,psd_lfp,98,76,0.052,0.1318542049108789,1.0
CTXsp,CNU,psd_residual_beta,36,34,0.052,0.7038568857907095,1.0
fiber tracts,HB,psd_residual_lfp,155,109,0.052,0.00028802780547264334,0.7431117381194198
HB,MB,psd_residual_gamma,76,69,0.0519,0.05942049565275185,1.0
void_fluid,void,psd_residual_gamma,120,119,0.0517,0.8253344843102123,1.0
root,CB,psd_residual_theta,21,19,0.0515,0.2978750178682501,1.0
CB,MB,rms_ap,22,19,0.0514,0.28782128721667855,1.0
HB,CB,psd_delta,42,34,0.0514,0.868395737060827,1.0
OLF,CNU,recovery_time_secs,16,13,0.0513,0.9656915504494097,1.0
CB,MB,peak_time_secs,22,19,0.0513,0.020728111727067795,1.0
HY,fiber tracts,psd_gamma_csd,34,33,0.0513,0.019405824522190435,1.0
fiber tracts,CNU,rms_ap,114,87,0.0512,0.016602457528638637,1.0
CNU,fiber tracts,aperiodic_offset,200,159,0.0511,0.13429862312298144,1.0
OLF,Isocortex,psd_residual_beta,64,60,0.0511,0.19865595184161822,1.0
MB,HY,recovery_time_secs,24,23,0.051,0.9419738837994778,1.0
OLF,Isocortex,psd_residual_theta,64,60,0.0508,0.011100108937978994,1.0
CNU,OLF,rms_lf_csd_diff1,31,28,0.0507,0.7746975363958687,1.0
fiber tracts,CB,psd_gamma_csd_diff1,262,149,0.0507,3.1740820567189318e-09,8.189131706334845e-06
fiber tracts,HB,cor_ratio,155,109,0.0505,0.10714570794411835,1.0
HB,CB,psd_alpha,42,34,0.0505,5.65699026378715e-06,0.014595034880570849
HY,fiber tracts,rms_ap,34,33,0.0503,0.008576663770891528,1.0
TH,fiber tracts,psd_lfp_csd_diff1,196,154,0.0502,4.630354264365044e-05,0.11946314002061813
fiber tracts,MB,aperiodic_exponent,158,124,0.0501,0.0825453297805361,1.0
CNU,OLF,psd_lfp_csd,31,28,0.0501,0.36229017046344825,1.0
CB,fiber tracts,psd_beta,238,139,0.0498,0.01140173317301914,1.0
HB,root,psd_lfp_csd_diff1,22,21,0.0498,0.3868484589664355,1.0
MB,root,psd_delta_csd_diff1,66,64,0.0497,0.0006249940271553897,1.0
HB,fiber tracts,psd_alpha_csd_diff1,181,115,0.0497,4.3600579315296766e-05,0.11248949463346565
fiber tracts,Isocortex,psd_gamma,429,408,0.0496,0.258948975894591,1.0
HPF,void_fluid,alpha_std,16,6,0.0495,0.6595554024562136,1.0
void_fluid,HPF,psd_delta_csd_diff1,45,30,0.0495,0.3303530825505142,1.0
VS,root,rms_ap,35,29,0.0494,0.2009794458697215,1.0
HPF,root,psd_beta,23,16,0.0494,0.6034974126485364,1.0
HY,TH,psd_residual_theta,56,56,0.0493,0.10538878162525281,1.0
TH,MB,psd_residual_beta,51,41,0.0492,0.7267113156611757,1.0
fiber tracts,HY,psd_residual_beta,20,17,0.0492,0.48573567307454213,1.0
fiber tracts,HB,alpha_mean,155,109,0.0491,0.06786499278888933,1.0
CB,void_fluid,alpha_mean,35,32,0.049,0.2761538035169121,1.0
HB,root,rms_lf_csd_diff1,22,21,0.049,0.3752009638206927,1.0
TH,MB,psd_lfp_csd,51,41,0.0489,0.1419659274575376,1.0
root,HPF,depolarisation_slope,224,215,0.0488,2.9094111792152104e-25,7.506280842375243e-22
fiber tracts,VS,psd_residual_delta,49,45,0.0487,0.5795561471766975,1.0
VS,fiber tracts,psd_gamma_csd,79,71,0.0486,0.01214946562046192,1.0
fiber tracts,HB,psd_lfp_csd_diff1,155,109,0.0484,0.003739338271065788,1.0
HPF,Isocortex,rms_lf_csd,48,47,0.0484,0.008315893725304412,1.0
VS,CB,psd_gamma_csd_diff1,55,53,0.0484,1.2345467536554432e-16,3.1851306244310435e-13
HB,CB,aperiodic_offset,42,34,0.0482,0.003615510458832665,1.0
void_fluid,HPF,psd_alpha_csd,45,30,0.0482,0.12491733356890146,1.0
HPF,Isocortex,psd_beta,48,47,0.0482,0.33650390383659945,1.0
fiber tracts,HB,trough_val,155,109,0.0482,0.001221254095488185,1.0
fiber tracts,VS,psd_beta_csd_diff1,49,45,0.0481,0.0342446592957996,1.0
CNU,fiber tracts,psd_theta,200,159,0.0481,0.07318209500951509,1.0
MB,fiber tracts,psd_residual_gamma,173,133,0.0481,0.034499197335732576,1.0
TH,fiber tracts,psd_residual_lfp,196,154,0.048,0.7098597644900371,1.0
TH,MB,rms_lf_csd,51,41,0.048,0.12820079803479748,1.0
HPF,void_fluid,cor_ratio,16,6,0.048,0.6265564028992989,1.0
fiber tracts,HB,rms_lf_csd_diff1,155,109,0.0478,0.0048050291353076155,1.0
HPF,root,psd_theta_csd_diff1,23,16,0.0478,0.634920440511139,1.0
root,VS,psd_gamma,23,18,0.0477,0.7650699067804172,1.0
HB,MB,tip_time_secs,76,69,0.0474,0.013129206334319453,1.0
CNU,OLF,rms_lf_csd,31,28,0.0474,0.48492196338683224,1.0
fiber tracts,CB,psd_residual_theta,262,149,0.0473,0.05941959358089289,1.0
void_fluid,HPF,recovery_time_secs,45,30,0.0473,0.396938068700714,1.0
Isocortex,void,rms_lf,59,57,0.0471,0.006239666114021014,1.0
HB,CB,psd_lfp,42,34,0.0471,0.2913439299932955,1.0
fiber tracts,MB,psd_lfp_csd_diff1,158,124,0.047,0.0151586847503811,1.0
root,CB,psd_theta,21,19,0.047,0.6378495260609198,1.0
fiber tracts,VS,psd_gamma_csd_diff1,49,45,0.047,0.02041137049448162,1.0
root,CB,psd_beta,21,19,0.0468,0.11194364565819426,1.0
VS,CNU,psd_residual_gamma,31,26,0.0466,0.5056538901618783,1.0
fiber tracts,MB,psd_theta_csd,158,124,0.0466,0.04654987265784452,1.0
fiber tracts,TH,psd_residual_lfp,132,98,0.0466,0.04639231226790175,1.0
CNU,OLF,psd_beta,31,28,0.0465,0.9521018218924635,1.0
fiber tracts,VS,alpha_mean,49,45,0.0465,0.004254832052997995,1.0
fiber tracts,MB,psd_residual_lfp,158,124,0.0465,0.19312776782088925,1.0
CNU,OLF,psd_residual_lfp,31,28,0.0462,0.8363052988504983,1.0
MB,TH,aperiodic_exponent,98,76,0.0461,0.3913901929297541,1.0
CTXsp,CNU,psd_delta_csd,36,34,0.046,0.0995292136353617,1.0
CNU,fiber tracts,psd_delta,200,159,0.0458,0.19750000278955127,1.0
fiber tracts,root,psd_lfp_csd,153,140,0.0458,0.1064540932058295,1.0
CB,void_fluid,psd_theta_csd_diff1,35,32,0.0458,0.19278905145896885,1.0
MB,root,rms_lf_csd_diff1,66,64,0.0458,1.063030190903373e-05,0.02742617892530702
VS,CNU,psd_delta_csd_diff1,31,26,0.0458,0.6650785424864727,1.0
Isocortex,void,rms_lf_csd_diff1,59,57,0.0457,0.9755485806428382,1.0
TH,fiber tracts,trough_val,196,154,0.0457,7.659839644695178e-165,1.976238628331356e-161
MB,HY,psd_alpha,24,23,0.0457,0.18963345844453094,1.0
MB,void_fluid,rms_lf,44,43,0.0457,0.08719001836584678,1.0
CNU,fiber tracts,psd_lfp,200,159,0.0457,0.08054593320582464,1.0
TH,VS,aperiodic_exponent,28,23,0.0457,0.7369580470885222,1.0
HB,CB,cor_ratio,42,34,0.0457,0.2078139523225394,1.0
fiber tracts,HB,psd_alpha,155,109,0.0456,0.16510157001064163,1.0
OLF,Isocortex,psd_delta_csd_diff1,64,60,0.0455,0.30794415696089616,1.0
MB,VS,alpha_mean,18,13,0.0455,0.053147825245423226,1.0
CNU,OLF,psd_delta,31,28,0.0454,0.2777396185419865,1.0
HB,fiber tracts,rms_lf_csd_diff1,181,115,0.0454,0.00032277781339969694,0.8327667585712181
HB,fiber tracts,psd_lfp_csd_diff1,181,115,0.0454,0.00023997353685664474,0.6191317250901435
void_fluid,Isocortex,rms_lf_csd,42,40,0.0454,0.19774735788441666,1.0
void_fluid,HPF,psd_beta_csd,45,30,0.0453,0.8864965642930053,1.0
fiber tracts,CB,rms_lf,262,149,0.0452,0.0004999807599167613,1.0
fiber tracts,HY,psd_delta,20,17,0.0452,0.7296878464831451,1.0
fiber tracts,HB,psd_residual_alpha,155,109,0.0452,0.3270043652184642,1.0
root,CB,psd_alpha,21,19,0.0449,0.236806214590925,1.0
TH,MB,psd_residual_theta,51,41,0.0448,0.4941688704786956,1.0
fiber tracts,root,rms_lf_csd,153,140,0.0448,0.12022524437559895,1.0
fiber tracts,CB,psd_theta_csd_diff1,262,149,0.0447,1.144409072571426e-07,0.0002952575407234279
HB,fiber tracts,psd_gamma_csd_diff1,181,115,0.0446,9.336935876250966e-08,0.00024089294560727492
HB,fiber tracts,tip_time_secs,181,115,0.0446,0.2919149392862942,1.0
CB,void_fluid,psd_alpha_csd,35,32,0.0446,0.062110427701944644,1.0
fiber tracts,VS,peak_val,49,45,0.0443,0.5273581228264089,1.0
VS,fiber tracts,psd_residual_beta,79,71,0.0443,0.30089675745038347,1.0
CB,fiber tracts,psd_delta,238,139,0.0442,0.1792221655856302,1.0
fiber tracts,CB,psd_delta_csd_diff1,262,149,0.0442,0.00012172413431792237,0.3140482665402397
TH,MB,peak_time_secs,51,41,0.0442,0.6712324475365534,1.0
root,CB,psd_gamma_csd_diff1,21,19,0.0441,0.006780848884580626,1.0
HB,MB,alpha_mean,76,69,0.0441,0.03373166537938881,1.0
MB,root,psd_lfp_csd_diff1,66,64,0.044,8.833401263509943e-06,0.022790175259855654
Isocortex,fiber tracts,trough_time_secs,44,33,0.044,0.26620834862716936,1.0
CNU,fiber tracts,psd_residual_delta,200,159,0.044,0.0025112819269849647,1.0
fiber tracts,VS,psd_beta_csd,49,45,0.0439,0.0781220593394651,1.0
HY,TH,alpha_std,56,56,0.0438,0.9042404655564857,1.0
CNU,OLF,psd_lfp_csd_diff1,31,28,0.0436,0.8050740275750485,1.0
fiber tracts,VS,repolarisation_slope,49,45,0.0435,0.17194814410656,1.0
HB,fiber tracts,psd_residual_alpha,181,115,0.0434,0.009758104089655948,1.0
HPF,Isocortex,psd_lfp_csd,48,47,0.0434,0.013802120191102043,1.0
fiber tracts,HB,psd_beta_csd_diff1,155,109,0.0434,0.004402496638408717,1.0
fiber tracts,HB,psd_beta,155,109,0.0433,0.5152465886831794,1.0
fiber tracts,HY,psd_delta_csd,20,17,0.0432,0.6696884598265059,1.0
CTXsp,fiber tracts,psd_residual_lfp,39,37,0.0432,0.517120450124007,1.0
fiber tracts,CB,psd_lfp_csd_diff1,262,149,0.0431,1.2906135812549206e-07,0.0003329783039637695
CNU,fiber tracts,rms_lf,200,159,0.0431,0.10271527560411464,1.0
HY,fiber tracts,cor_ratio,34,33,0.043,0.08547118335168948,1.0
fiber tracts,CB,psd_beta_csd_diff1,262,149,0.043,5.481854201361177e-08,0.00014143183839511835
MB,fiber tracts,alpha_std,173,133,0.0429,0.00062041119032392,1.0
HB,root,psd_residual_delta,22,21,0.0429,0.27672885198461794,1.0
HB,CB,psd_theta,42,34,0.0428,3.0778570614534236e-05,0.07940871218549833
fiber tracts,VS,alpha_std,49,45,0.0427,0.007788423020893439,1.0
Isocortex,fiber tracts,recovery_time_secs,44,33,0.0427,0.27232158991431665,1.0
Isocortex,void,psd_residual_delta,59,57,0.0426,0.7128371839300001,1.0
HB,VS,psd_theta_csd,60,55,0.0426,0.22111308265956697,1.0
MB,TH,psd_delta_csd_diff1,98,76,0.0425,0.1235332627407144,1.0
HB,VS,psd_alpha_csd,60,55,0.0425,0.02336233161153944,1.0
fiber tracts,root,psd_gamma_csd,153,140,0.0425,0.0763204213927527,1.0
HY,TH,psd_lfp,56,56,0.0424,0.017073006165919596,1.0
TH,MB,psd_delta_csd,51,41,0.0424,0.5055009192332678,1.0
CNU,HY,repolarisation_slope,21,16,0.0424,0.20273273813707604,1.0
TH,fiber tracts,repolarisation_slope,196,154,0.0423,5.011763578142296e-143,1.2930350031607123e-139
CNU,HY,psd_gamma_csd_diff1,21,16,0.0423,0.2638214318903216,1.0
fiber tracts,CB,rms_lf_csd_diff1,262,149,0.0423,3.3908346334329695e-07,0.0008748353354257061
TH,fiber tracts,tip_time_secs,196,154,0.0423,0.07423039627367108,1.0
root,VS,psd_residual_theta,23,18,0.0422,0.34730298309678187,1.0
HB,fiber tracts,aperiodic_exponent,181,115,0.0421,0.050796200628235304,1.0
CB,void_fluid,psd_beta,35,32,0.0421,0.41170659027764633,1.0
fiber tracts,HY,psd_lfp_csd_diff1,20,17,0.0421,0.4513247597515069,1.0
OLF,CNU,trough_time_secs,16,13,0.0421,0.9725885167098061,1.0
fiber tracts,MB,alpha_std,158,124,0.042,4.4501913114470697e-07,0.001148149358353344
HB,CB,tip_val,42,34,0.042,0.9531614253124847,1.0
HPF,fiber tracts,aperiodic_offset,343,305,0.0419,0.5084045195635317,1.0
fiber tracts,CB,psd_alpha_csd_diff1,262,149,0.0419,3.750750961393294e-08,9.676937480394699e-05
fiber tracts,HB,alpha_std,155,109,0.0419,0.004119668168563489,1.0
HB,fiber tracts,psd_delta_csd_diff1,181,115,0.0417,0.004137835549764153,1.0
CTXsp,CNU,psd_lfp_csd,36,34,0.0417,0.23359365796481124,1.0
Isocortex,void,psd_lfp_csd_diff1,59,57,0.0417,0.9734730001333879,1.0
root,CB,psd_alpha_csd_diff1,21,19,0.0416,0.17042584788627735,1.0
fiber tracts,HB,psd_delta_csd_diff1,155,109,0.0416,0.04380846433889474,1.0
fiber tracts,VS,psd_residual_gamma,49,45,0.0414,0.8051587316469431,1.0
HY,TH,psd_alpha,56,56,0.0413,0.0029027549773322815,1.0
CB,void_fluid,rms_lf_csd,35,32,0.0412,0.3280865189765183,1.0
void_fluid,HPF,trough_time_secs,45,30,0.0411,0.384257975449537,1.0
HY,TH,psd_delta,56,56,0.0411,0.06817400988592169,1.0
fiber tracts,root,psd_delta_csd,153,140,0.041,0.13610275933964341,1.0
CTXsp,CNU,rms_lf_csd,36,34,0.041,0.24888718949877597,1.0
fiber tracts,HB,tip_val,155,109,0.041,0.09441610498914513,1.0
HB,VS,psd_delta_csd,60,55,0.041,0.7465370519095,1.0
HB,VS,psd_alpha,60,55,0.041,0.001728825388156448,1.0
HB,VS,rms_lf_csd,60,55,0.0409,0.2801522696962827,1.0
MB,root,psd_residual_theta,66,64,0.0409,0.30576820175402786,1.0
TH,fiber tracts,psd_beta_csd_diff1,196,154,0.0407,0.004333833484314129,1.0
Isocortex,fiber tracts,tip_time_secs,44,33,0.0406,0.2595274065476013,1.0
root,VS,peak_time_secs,23,18,0.0406,0.24274510248844872,1.0
CNU,OLF,psd_alpha_csd,31,28,0.0405,0.5115288003945702,1.0
fiber tracts,HB,psd_theta_csd_diff1,155,109,0.0403,0.034779501062667965,1.0
void_fluid,void,psd_lfp_csd,120,119,0.0402,0.5351878119081082,1.0
fiber tracts,HB,psd_alpha_csd_diff1,155,109,0.0401,0.007935698912460928,1.0
HB,fiber tracts,alpha_std,181,115,0.0399,0.0028917275910258287,1.0
Isocortex,void_fluid,alpha_mean,110,110,0.0394,0.9801928082490918,1.0
HB,VS,psd_lfp_csd,60,55,0.0394,0.13505653504329104,1.0
HB,fiber tracts,psd_beta_csd_diff1,181,115,0.0393,0.0005679515099744606,1.0
HPF,Isocortex,psd_residual_delta,48,47,0.0393,0.04288903323693695,1.0
CB,fiber tracts,psd_residual_gamma,238,139,0.0392,0.5405851053607952,1.0
HY,fiber tracts,psd_beta,34,33,0.0392,0.5282756076895534,1.0
HB,CB,psd_gamma,42,34,0.0391,0.010712777538619192,1.0
void_fluid,void,rms_lf_csd,120,119,0.039,0.5570363929687738,1.0
CNU,VS,rms_lf,54,43,0.039,0.9261758919644102,1.0
HY,MB,psd_residual_lfp,16,14,0.0389,0.7502616601295893,1.0
fiber tracts,HB,psd_gamma_csd,155,109,0.0388,1.4954654822184873e-06,0.0038583009441236975
CB,fiber tracts,rms_ap,238,139,0.0388,0.01706688861878372,1.0
MB,root,psd_beta_csd_diff1,66,64,0.0386,0.0022259348187734524,1.0
fiber tracts,VS,depolarisation_slope,49,45,0.0385,0.6233162254599327,1.0
fiber tracts,HB,psd_alpha_csd,155,109,0.0385,0.0001218731825749971,0.3144328110434925
Isocortex,fiber tracts,psd_lfp_csd,44,33,0.0385,0.5100772052925784,1.0
HB,fiber tracts,psd_theta_csd,181,115,0.0383,3.947056228160887e-05,0.10183405068655088
fiber tracts,CB,psd_lfp,262,149,0.0383,0.0008092115192922053,1.0
fiber tracts,MB,psd_delta_csd,158,124,0.0383,0.5089828208868203,1.0
CNU,OLF,psd_theta,31,28,0.0382,0.8160070107083325,1.0
MB,fiber tracts,psd_residual_alpha,173,133,0.0382,0.05089532750508046,1.0
VS,CNU,psd_alpha_csd_diff1,31,26,0.0382,0.4887400969632909,1.0
fiber tracts,MB,rms_lf_csd_diff1,158,124,0.0381,0.029367028992726262,1.0
fiber tracts,HB,psd_theta_csd,155,109,0.0381,0.002836369262455942,1.0
VS,CNU,psd_theta_csd_diff1,31,26,0.0381,0.5632631692562493,1.0
VS,CNU,psd_theta_csd,31,26,0.038,0.4108896265692962,1.0
fiber tracts,root,psd_alpha_csd_diff1,153,140,0.0379,0.0047045413579352765,1.0
MB,void_fluid,psd_lfp,44,43,0.0378,0.1287027461340511,1.0
fiber tracts,VS,aperiodic_exponent,49,45,0.0377,0.4537914626599371,1.0
CNU,VS,psd_lfp,54,43,0.0377,0.9718371957126344,1.0
MB,void_fluid,psd_residual_lfp,44,43,0.0377,0.3773949722471108,1.0
root,HPF,peak_val,224,215,0.0376,1.6266525328526873e-19,4.196763534759933e-16
MB,TH,psd_residual_delta,98,76,0.0376,0.05439605172509484,1.0
CTXsp,CNU,psd_gamma_csd,36,34,0.0374,0.7361398613597825,1.0
CNU,fiber tracts,psd_beta,200,159,0.0374,0.13509334047661062,1.0
CB,MB,psd_delta_csd_diff1,22,19,0.037,0.7595020325373282,1.0
fiber tracts,MB,psd_gamma_csd,158,124,0.037,0.19162838009863792,1.0
void_fluid,void,recovery_time_secs,120,119,0.037,0.05166718531315185,1.0
CNU,VS,psd_delta,54,43,0.0367,0.7094624366151746,1.0
fiber tracts,HB,psd_beta_csd,155,109,0.0366,1.9711318670466376e-05,0.05085520216980325
CNU,VS,psd_lfp_csd_diff1,54,43,0.0364,0.4775809434017404,1.0
HY,CNU,repolarisation_slope,28,23,0.0363,0.09826254217220878,1.0
fiber tracts,HB,psd_lfp_csd,155,109,0.0361,0.004696805496995152,1.0
fiber tracts,CNU,psd_residual_lfp,114,87,0.0359,0.558086971088196,1.0
VS,fiber tracts,psd_residual_lfp,79,71,0.0359,0.34257524867021016,1.0
void_fluid,void,trough_time_secs,120,119,0.0358,0.06682617185483658,1.0
fiber tracts,root,psd_residual_alpha,153,140,0.0358,0.3506794507437382,1.0
fiber tracts,HB,rms_lf_csd,155,109,0.0357,0.00634389358939418,1.0
CNU,fiber tracts,cor_ratio,200,159,0.0357,0.19078329180047138,1.0
HPF,root,rms_lf_csd_diff1,23,16,0.0356,0.2736090397595581,1.0
HY,TH,rms_lf,56,56,0.0353,0.04790694521009641,1.0
HPF,Isocortex,alpha_mean,48,47,0.0352,0.002657640650736843,1.0
OLF,CNU,tip_val,16,13,0.0351,0.056493534761585,1.0
void_fluid,void,psd_delta,120,119,0.035,0.5845883136287735,1.0
HB,MB,psd_alpha_csd_diff1,76,69,0.0349,0.013628750417201475,1.0
void_fluid,HPF,psd_lfp,45,30,0.0348,0.32302809379230024,1.0
HB,fiber tracts,psd_alpha_csd,181,115,0.0346,2.063684010392031e-05,0.053243047468114396
fiber tracts,CB,psd_alpha,262,149,0.0346,0.004919256383322613,1.0
Isocortex,void,aperiodic_offset,59,57,0.0346,0.4755702610900876,1.0
MB,fiber tracts,psd_alpha,173,133,0.0345,0.4080918552056081,1.0
VS,fiber tracts,psd_residual_gamma,79,71,0.0343,0.5326752452213678,1.0
void_fluid,void,psd_delta_csd,120,119,0.0342,0.8827820778430013,1.0
fiber tracts,CB,psd_theta,262,149,0.0342,0.005233194799078953,1.0
VS,CB,psd_residual_theta,55,53,0.0341,0.010291107389349454,1.0
HY,TH,psd_residual_gamma,56,56,0.0341,0.1527307103691546,1.0
VS,CNU,psd_lfp,31,26,0.034,0.35626276443181715,1.0
fiber tracts,CNU,psd_residual_gamma,114,87,0.0339,0.3868222095506495,1.0
fiber tracts,root,psd_beta_csd_diff1,153,140,0.0338,0.00188808814349593,1.0
CB,void_fluid,psd_delta_csd,35,32,0.0336,0.4350245150097216,1.0
VS,CNU,psd_delta,31,26,0.0334,0.7024340762401642,1.0
root,CB,psd_beta_csd_diff1,21,19,0.0334,0.02268617279477578,1.0
VS,CNU,psd_alpha_csd,31,26,0.0333,0.259762111252143,1.0
MB,TH,rms_lf_csd_diff1,98,76,0.0331,0.1310375548348758,1.0
HY,TH,psd_beta,56,56,0.0331,0.04688931466715888,1.0
OLF,Isocortex,psd_theta_csd,64,60,0.0331,0.7496469220427391,1.0
MB,fiber tracts,psd_theta,173,133,0.033,0.32384584924704873,1.0
OLF,Isocortex,trough_val,64,60,0.033,0.41457035169208256,1.0
root,fiber tracts,tip_val,103,89,0.0327,0.6573739679334634,1.0
fiber tracts,HB,psd_delta_csd,155,109,0.0327,0.02318931893434659,1.0
HB,MB,depolarisation_slope,76,69,0.0325,0.9227739752793889,1.0
CB,fiber tracts,tip_time_secs,238,139,0.0325,0.33859695235055376,1.0
fiber tracts,TH,psd_gamma_csd_diff1,132,98,0.0324,0.00045307639113555435,1.0
void_fluid,Isocortex,alpha_mean,42,40,0.0324,0.5905709486523151,1.0
HPF,Isocortex,peak_time_secs,48,47,0.0324,0.9819075263017014,1.0
MB,TH,psd_gamma,98,76,0.0323,0.09322870593029807,1.0
HB,VS,psd_beta_csd,60,55,0.0323,5.945523498330814e-07,0.00153394506256935
HPF,root,trough_time_secs,23,16,0.032,0.0282942164737809,1.0
CNU,OLF,aperiodic_exponent,31,28,0.032,0.3849115385787838,1.0
CNU,fiber tracts,psd_gamma_csd_diff1,200,159,0.0319,0.00045566965679397805,1.0
fiber tracts,CB,psd_gamma_csd,262,149,0.0318,3.623053988060331e-10,9.347479289195654e-07
HB,fiber tracts,psd_gamma_csd,181,115,0.0317,8.265023720492615e-09,2.1323761198870946e-05
HB,fiber tracts,psd_beta,181,115,0.0316,0.10127946205999953,1.0
HB,fiber tracts,cor_ratio,181,115,0.0315,0.14341552119708847,1.0
VS,fiber tracts,alpha_std,79,71,0.0315,5.448653168184805e-05,0.14057525173916796
fiber tracts,MB,psd_residual_theta,158,124,0.0315,0.15215688792327964,1.0
HY,CNU,alpha_mean,28,23,0.0313,0.5903640766148739,1.0
CNU,OLF,psd_beta_csd,31,28,0.0313,0.6062465485936507,1.0
TH,fiber tracts,psd_theta_csd,196,154,0.0312,4.39720066877053e-09,1.1344777725427968e-05
HB,VS,psd_delta_csd_diff1,60,55,0.0311,0.9223191234312156,1.0
OLF,CTXsp,peak_val,69,68,0.0311,0.001220907716127443,1.0
Isocortex,fiber tracts,rms_lf_csd,44,33,0.031,0.5472366040483625,1.0
CB,MB,psd_beta,22,19,0.031,0.08625805391668208,1.0
TH,fiber tracts,psd_residual_beta,196,154,0.0308,0.951187729696357,1.0
HY,TH,depolarisation_slope,56,56,0.0308,0.5411359980991728,1.0
CNU,VS,psd_theta_csd,54,43,0.0308,0.0678135577265538,1.0
HY,TH,tip_val,56,56,0.0308,0.0800232994270194,1.0
fiber tracts,HPF,alpha_std,156,127,0.0307,3.110500180105895e-12,8.025090464673209e-09
fiber tracts,CB,psd_alpha_csd,262,149,0.0306,1.2168349471058775e-10,3.139434163533164e-07
void_fluid,HPF,rms_lf,45,30,0.0306,0.3706065634253505,1.0
fiber tracts,VS,psd_gamma_csd,49,45,0.0305,0.21984601965173356,1.0
MB,TH,psd_lfp_csd_diff1,98,76,0.0304,0.15457606863916631,1.0
Isocortex,void,psd_delta,59,57,0.0301,0.44810299228547934,1.0
HB,VS,psd_theta_csd_diff1,60,55,0.0301,0.0333308879764203,1.0
MB,root,psd_gamma_csd,66,64,0.0301,0.014429585771681366,1.0
fiber tracts,CNU,psd_delta_csd,114,87,0.0301,0.8528508349794639,1.0
OLF,Isocortex,psd_lfp_csd,64,60,0.03,0.9896809028529384,1.0
HB,fiber tracts,alpha_mean,181,115,0.03,0.8636752779735546,1.0
HB,root,psd_beta_csd_diff1,22,21,0.03,0.49433903827346737,1.0
root,CB,psd_theta_csd_diff1,21,19,0.03,0.3890517616504028,1.0
fiber tracts,TH,psd_delta_csd_diff1,132,98,0.0299,0.13045916346608336,1.0
fiber tracts,TH,psd_residual_gamma,132,98,0.0298,0.0006869800302948571,1.0
HB,VS,rms_lf_csd_diff1,60,55,0.0298,0.33441643750939376,1.0
HB,fiber tracts,psd_lfp_csd,181,115,0.0298,0.0025890871761455954,1.0
HY,fiber tracts,psd_lfp,34,33,0.0298,0.4081812432445353,1.0
MB,fiber tracts,psd_residual_beta,173,133,0.0298,0.498755560187078,1.0
fiber tracts,CB,psd_theta_csd,262,149,0.0297,3.061886793341619e-08,7.899667926821377e-05
CNU,VS,rms_lf_csd_diff1,54,43,0.0295,0.6162683843702288,1.0
HY,fiber tracts,rms_lf,34,33,0.0295,0.3626878859798375,1.0
CNU,fiber tracts,psd_gamma_csd,200,159,0.0294,1.6281395308235016e-07,0.0004200599989524634
HPF,root,rms_lf,23,16,0.0292,0.6579828759257087,1.0
CB,fiber tracts,psd_gamma,238,139,0.0292,0.12083043121247415,1.0
void_fluid,HPF,aperiodic_offset,45,30,0.0292,0.9655250055191442,1.0
MB,root,psd_residual_alpha,66,64,0.029,0.7297851988622339,1.0
VS,CB,psd_delta_csd_diff1,55,53,0.0289,5.0843614523813235e-06,0.013117652547143815
fiber tracts,CB,psd_beta,262,149,0.0289,0.0061795484146574,1.0
fiber tracts,Isocortex,psd_residual_beta,429,408,0.0288,0.02315753513405077,1.0
HPF,Isocortex,psd_residual_lfp,48,47,0.0288,0.5232475595972503,1.0
HB,fiber tracts,rms_lf_csd,181,115,0.0288,0.008185508214093987,1.0
void_fluid,HPF,psd_alpha_csd_diff1,45,30,0.0287,0.4062709297176469,1.0
HB,fiber tracts,psd_beta_csd,181,115,0.0287,3.064324980300543e-06,0.007905958449175401
fiber tracts,CB,psd_beta_csd,262,149,0.0287,5.439103785220238e-09,1.4032887765868214e-05
fiber tracts,HB,repolarisation_slope,155,109,0.0286,0.005760320122239975,1.0
HPF,root,recovery_time_secs,23,16,0.0283,0.023900848663945894,1.0
OLF,Isocortex,rms_lf_csd,64,60,0.0282,0.987160077456396,1.0
HY,CNU,peak_val,28,23,0.0282,0.14940749396861958,1.0
fiber tracts,root,psd_delta_csd_diff1,153,140,0.028,0.00824755057103748,1.0
TH,VS,aperiodic_offset,28,23,0.028,0.36129923926560414,1.0
fiber tracts,CB,psd_delta,262,149,0.0277,0.013361301157104578,1.0
fiber tracts,TH,psd_beta_csd_diff1,132,98,0.0275,0.00028182215727591683,0.7271011657718655
CB,fiber tracts,psd_residual_alpha,238,139,0.0275,0.14534374431484107,1.0
CNU,fiber tracts,psd_beta_csd,200,159,0.0274,4.160830800480078e-06,0.010734943465238601
TH,fiber tracts,psd_alpha_csd,196,154,0.0274,2.9523630761661944e-08,7.617096736508781e-05
OLF,CTXsp,recovery_slope,69,68,0.0274,0.27111323142784716,1.0
HY,fiber tracts,psd_alpha,34,33,0.0274,0.6978396286217967,1.0
TH,VS,psd_delta,28,23,0.0274,0.12352875138144273,1.0
fiber tracts,HB,peak_time_secs,155,109,0.0274,0.1023967280570087,1.0
fiber tracts,CNU,psd_delta_csd_diff1,114,87,0.0274,0.16912264920481135,1.0
Isocortex,void_fluid,cor_ratio,110,110,0.0274,0.7362001168353494,1.0
fiber tracts,CB,psd_lfp_csd,262,149,0.0272,1.3902870080441262e-07,0.00035869404807538455
VS,CNU,rms_lf,31,26,0.027,0.36202244720466703,1.0
root,HPF,repolarisation_slope,224,215,0.0269,4.2076983958187915e-19,1.0855861861212483e-15
TH,MB,psd_residual_lfp,51,41,0.0267,0.4918048958118906,1.0
fiber tracts,root,psd_theta_csd_diff1,153,140,0.0267,0.02370358639898408,1.0
MB,TH,psd_beta,98,76,0.0266,0.3841454070873266,1.0
fiber tracts,CB,rms_lf_csd,262,149,0.0266,5.997481784298524e-07,0.0015473503003490192
fiber tracts,HB,depolarisation_slope,155,109,0.0266,0.02467489142398387,1.0
TH,fiber tracts,peak_val,196,154,0.0263,1.1029290748220131e-144,2.845557013040794e-141
TH,fiber tracts,psd_gamma_csd_diff1,196,154,0.026,0.007095779098228601,1.0
root,fiber tracts,psd_residual_delta,103,89,0.026,0.5793355697490123,1.0
MB,root,psd_theta_csd,66,64,0.026,5.3519903387754554e-12,1.3808135074040676e-08
fiber tracts,MB,psd_residual_gamma,158,124,0.0259,0.9595879322346899,1.0
HB,VS,psd_alpha_csd_diff1,60,55,0.0259,0.0007467264652919581,1.0
HB,VS,psd_lfp_csd_diff1,60,55,0.0256,0.12695541820127948,1.0
HY,fiber tracts,alpha_mean,34,33,0.0255,0.017790939223762157,1.0
CNU,fiber tracts,psd_gamma,200,159,0.0254,0.3343328272200955,1.0
OLF,Isocortex,psd_alpha_csd,64,60,0.0254,0.8127769411423897,1.0
HB,fiber tracts,psd_delta_csd,181,115,0.0253,0.08415273562312894,1.0
HB,MB,psd_beta_csd_diff1,76,69,0.0253,0.011936648849128501,1.0
fiber tracts,root,psd_theta_csd,153,140,0.0253,0.030184391775706435,1.0
fiber tracts,TH,psd_residual_alpha,132,98,0.0252,0.343536684710674,1.0
root,CB,psd_lfp_csd_diff1,21,19,0.0252,0.3955796437172301,1.0
CNU,OLF,psd_theta_csd,31,28,0.0252,0.5711809669084472,1.0
TH,VS,psd_residual_delta,28,23,0.0251,0.9643967687598883,1.0
void_fluid,HPF,rms_ap,45,30,0.0251,0.2509937904075441,1.0
void_fluid,Isocortex,psd_lfp_csd,42,40,0.025,0.271260243693473,1.0
TH,fiber tracts,depolarisation_slope,196,154,0.0249,2.9100371931717053e-95,7.507895958383e-92
HB,MB,psd_gamma_csd_diff1,76,69,0.0249,0.011211876705150005,1.0
VS,CB,psd_theta_csd,55,53,0.0248,0.00022040522937313105,0.5686454917826781
root,CB,rms_lf_csd_diff1,21,19,0.0248,0.45615530726105136,1.0
CB,fiber tracts,alpha_mean,238,139,0.0248,0.023103281615594655,1.0
MB,TH,psd_theta,98,76,0.0247,0.43213643248074685,1.0
HB,MB,psd_delta,76,69,0.0246,0.290909231421844,1.0
fiber tracts,HY,rms_lf_csd_diff1,20,17,0.0246,0.7085537947843864,1.0
fiber tracts,TH,psd_alpha_csd_diff1,132,98,0.0244,0.023557477689906108,1.0
HPF,Isocortex,psd_alpha,48,47,0.0242,0.598056814491895,1.0
CB,fiber tracts,psd_delta_csd_diff1,238,139,0.0241,4.923404400915529e-07,0.0012702383354362065
root,CB,aperiodic_offset,21,19,0.024,0.4851719451451564,1.0
OLF,CTXsp,trough_val,69,68,0.0239,0.15024418686438537,1.0
fiber tracts,HY,psd_theta_csd,20,17,0.0238,0.688865505627287,1.0
VS,fiber tracts,aperiodic_exponent,79,71,0.0237,0.805222028485638,1.0
HB,fiber tracts,psd_residual_beta,181,115,0.0236,0.3805524454594629,1.0
MB,TH,psd_delta_csd,98,76,0.0235,0.40997897257667626,1.0
HPF,root,psd_lfp,23,16,0.0235,0.7002169694991445,1.0
VS,CB,psd_beta_csd_diff1,55,53,0.0235,4.428478777682656e-12,1.1425475246421253e-08
root,VS,alpha_mean,23,18,0.0234,0.262485647739084,1.0
root,HPF,trough_val,224,215,0.0234,7.712106557815466e-19,1.98972349191639e-15
CNU,VS,psd_delta_csd,54,43,0.0234,0.14104722099434136,1.0
VS,CB,psd_alpha_csd,55,53,0.023,4.147840884788733e-06,0.010701429482754932
fiber tracts,HY,psd_alpha,20,17,0.0229,0.1492425587146351,1.0
VS,CNU,rms_ap,31,26,0.0229,0.18409323009447376,1.0
fiber tracts,VS,recovery_time_secs,49,45,0.0228,0.32958992162002954,1.0
fiber tracts,TH,rms_lf_csd_diff1,132,98,0.0226,0.10403597769413177,1.0
MB,VS,psd_residual_alpha,18,13,0.0226,0.3115788928462008,1.0
root,CB,psd_delta_csd_diff1,21,19,0.0225,0.4281410210531058,1.0
CB,fiber tracts,peak_time_secs,238,139,0.0225,0.0243581685387709,1.0
fiber tracts,HB,psd_delta,155,109,0.0225,0.13486819534586114,1.0
fiber tracts,TH,psd_lfp_csd_diff1,132,98,0.0223,0.0911401027754791,1.0
fiber tracts,CB,psd_delta_csd,262,149,0.0223,0.0006981197571590205,1.0
fiber tracts,root,psd_beta_csd,153,140,0.0223,0.00530353888170559,1.0
HB,MB,recovery_slope,76,69,0.0223,0.48460958450667513,1.0
HY,TH,cor_ratio,56,56,0.0222,0.919305254799163,1.0
CB,void_fluid,psd_lfp,35,32,0.0221,0.1798201010087762,1.0
CNU,HY,psd_residual_beta,21,16,0.022,0.9167961439044794,1.0
MB,root,psd_gamma_csd_diff1,66,64,0.0219,0.0026574002062967504,1.0
HB,MB,repolarisation_slope,76,69,0.0219,0.49712891687512617,1.0
CB,fiber tracts,aperiodic_exponent,238,139,0.0217,0.3300513556833127,1.0
OLF,Isocortex,psd_delta_csd,64,60,0.0216,0.7823473798484424,1.0
HB,VS,psd_gamma_csd_diff1,60,55,0.0216,2.717998955370536e-10,7.012437304855984e-07
root,HPF,tip_val,224,215,0.0215,2.873394948319892e-24,7.413358966665321e-21
CB,fiber tracts,rms_lf,238,139,0.0215,0.6341220744385637,1.0
HY,TH,psd_gamma,56,56,0.0215,0.34325967940541335,1.0
MB,TH,psd_theta_csd_diff1,98,76,0.0215,0.8659024415275609,1.0
HB,MB,psd_theta_csd_diff1,76,69,0.0214,0.018428981697103785,1.0
VS,CNU,psd_gamma,31,26,0.0214,0.2717665434493257,1.0
VS,CB,rms_lf_csd,55,53,0.0213,0.00018891331560770476,0.4873963542678783
HB,MB,rms_ap,76,69,0.0212,0.07192868024433398,1.0
VS,CB,psd_lfp_csd,55,53,0.0212,8.154646793150842e-05,0.21038988726329172
HY,MB,psd_delta,16,14,0.0207,0.4751863271735245,1.0
HPF,root,psd_lfp_csd_diff1,23,16,0.0207,0.3850179189715329,1.0
CNU,OLF,psd_gamma_csd_diff1,31,28,0.0204,0.7778437324476186,1.0
Isocortex,fiber tracts,psd_delta_csd,44,33,0.0203,0.6355122191626215,1.0
VS,CB,psd_delta_csd,55,53,0.0203,0.0009698387953365834,1.0
CNU,fiber tracts,psd_lfp_csd,200,159,0.0203,0.00228830909337235,1.0
CNU,VS,psd_theta_csd_diff1,54,43,0.0202,0.6069108956323468,1.0
fiber tracts,TH,peak_time_secs,132,98,0.0202,0.056779823943486935,1.0
CB,MB,psd_alpha_csd_diff1,22,19,0.0201,0.564365437257277,1.0
HB,MB,psd_delta_csd_diff1,76,69,0.0201,0.3379854145286991,1.0
fiber tracts,CB,peak_time_secs,262,149,0.0201,0.9275246790957018,1.0
MB,TH,psd_gamma_csd_diff1,98,76,0.02,0.07395947286629129,1.0
MB,TH,rms_lf_csd,98,76,0.02,0.5915114284728605,1.0
MB,void_fluid,psd_residual_beta,44,43,0.0198,0.8708604338386122,1.0
CNU,VS,psd_residual_beta,54,43,0.0198,0.8568232576319907,1.0
VS,CB,aperiodic_offset,55,53,0.0196,0.15589893634176816,1.0
CNU,fiber tracts,rms_lf_csd,200,159,0.0195,0.0050096423535884406,1.0
VS,CNU,psd_delta_csd,31,26,0.0195,0.8472196630967866,1.0
HB,root,rms_ap,22,21,0.0194,0.4897535913915283,1.0
HY,TH,psd_residual_delta,56,56,0.0194,0.619711235008064,1.0
MB,TH,psd_residual_lfp,98,76,0.0193,0.31389203726201576,1.0
VS,CB,psd_lfp_csd_diff1,55,53,0.0193,1.017970469689878e-08,2.6263638117998853e-05
fiber tracts,HB,psd_lfp,155,109,0.0193,0.7560105991114356,1.0
root,VS,rms_lf,23,18,0.0192,0.6921816949600225,1.0
HB,VS,psd_gamma_csd,60,55,0.0191,4.68873325514173e-11,1.2096931798265665e-07
VS,fiber tracts,psd_delta_csd,79,71,0.019,0.30452756903756795,1.0
HY,fiber tracts,aperiodic_offset,34,33,0.019,0.47522395527700534,1.0
MB,TH,psd_alpha,98,76,0.019,0.6504720959015253,1.0
fiber tracts,root,psd_residual_delta,153,140,0.0189,0.5143186226140658,1.0
CB,fiber tracts,psd_lfp,238,139,0.0189,0.6942934068891391,1.0
fiber tracts,HB,psd_gamma,155,109,0.0189,0.1634941231767577,1.0
fiber tracts,VS,trough_time_secs,49,45,0.0189,0.2923634306368845,1.0
VS,fiber tracts,psd_theta,79,71,0.0188,0.9982274430944965,1.0
Isocortex,void,psd_theta_csd_diff1,59,57,0.0187,0.6972259079739913,1.0
MB,TH,psd_lfp_csd,98,76,0.0187,0.6161335273023869,1.0
CNU,fiber tracts,psd_delta_csd,200,159,0.0186,0.028733465983264067,1.0
MB,TH,psd_alpha_csd_diff1,98,76,0.0186,0.8555138621416917,1.0
fiber tracts,TH,psd_theta_csd_diff1,132,98,0.0184,0.2514972832148179,1.0
fiber tracts,root,psd_alpha_csd,153,140,0.0184,0.012399167354303603,1.0
CB,void_fluid,psd_theta_csd,35,32,0.0183,0.37677174046146245,1.0
HY,fiber tracts,psd_residual_delta,34,33,0.0181,0.6271516944242919,1.0
fiber tracts,CNU,psd_residual_beta,114,87,0.0181,0.5054676505693705,1.0
MB,root,psd_alpha_csd,66,64,0.0181,5.27062918071417e-10,1.359822328624256e-06
CB,void_fluid,psd_alpha,35,32,0.018,0.07365574092467504,1.0
HPF,fiber tracts,psd_residual_lfp,343,305,0.0179,0.8271868109482561,1.0
fiber tracts,MB,tip_val,158,124,0.0176,4.342011765804217e-11,1.120239035577488e-07
HB,VS,alpha_std,60,55,0.0176,4.060467791327933e-18,1.0476006901626067e-14
fiber tracts,root,psd_gamma_csd_diff1,153,140,0.0175,0.005748823306485034,1.0
HB,CB,alpha_std,42,34,0.0175,0.14294135131335906,1.0
MB,TH,psd_beta_csd_diff1,98,76,0.0175,0.5492717361519821,1.0
fiber tracts,MB,trough_val,158,124,0.0174,5.638827593398334e-21,1.4548175190967703e-17
CB,MB,psd_delta,22,19,0.0173,0.4501816367075794,1.0
fiber tracts,HB,psd_residual_theta,155,109,0.0171,0.7394125382068386,1.0
Isocortex,void,psd_theta_csd,59,57,0.0171,0.5407115466007822,1.0
VS,CB,psd_beta_csd,55,53,0.0171,5.731367382683051e-09,1.4786927847322271e-05
HB,VS,psd_residual_delta,60,55,0.0171,0.3480738122079121,1.0
MB,TH,psd_gamma_csd,98,76,0.017,0.6629074823342491,1.0
fiber tracts,TH,psd_gamma_csd,132,98,0.017,0.13692492413933965,1.0
HPF,Isocortex,psd_gamma_csd,48,47,0.0166,0.6856117083912112,1.0
HB,root,psd_theta_csd,22,21,0.0166,0.39241830072827,1.0
HB,root,psd_delta_csd,22,21,0.0163,0.9759726624295466,1.0
root,HPF,recovery_slope,224,215,0.0163,1.979767281263624e-18,5.10779958566015e-15
fiber tracts,TH,aperiodic_exponent,132,98,0.0163,0.4310020371492904,1.0
VS,CB,rms_lf_csd_diff1,55,53,0.0163,6.163458969110746e-08,0.00015901724140305725
TH,fiber tracts,psd_delta_csd,196,154,0.0162,3.7852018039537166e-13,9.765820654200588e-10
root,VS,psd_lfp,23,18,0.0161,0.7594862042318921,1.0
CNU,fiber tracts,psd_alpha_csd,200,159,0.016,0.007004957904953001,1.0
HB,MB,psd_gamma_csd,76,69,0.016,0.4414681876222568,1.0
fiber tracts,CB,recovery_time_secs,262,149,0.016,0.2649113594793546,1.0
HB,root,alpha_std,22,21,0.016,0.5395559573394408,1.0
MB,void_fluid,psd_alpha,44,43,0.0158,0.886622923616603,1.0
fiber tracts,root,rms_lf_csd_diff1,153,140,0.0157,0.007623141996367191,1.0
HPF,fiber tracts,psd_residual_gamma,343,305,0.0156,0.001153947290671527,1.0
fiber tracts,Isocortex,peak_time_secs,429,408,0.0155,0.00020451764600768905,0.5276555266998377
CTXsp,CNU,tip_val,36,34,0.0152,0.8684194637814798,1.0
fiber tracts,HY,psd_gamma,20,17,0.0152,0.7513445722642602,1.0
CNU,fiber tracts,psd_beta_csd_diff1,200,159,0.0151,0.0366633172848631,1.0
fiber tracts,root,psd_residual_beta,153,140,0.015,0.8032643193208994,1.0
fiber tracts,HY,psd_lfp,20,17,0.0148,0.6269663473130946,1.0
HB,root,psd_gamma_csd,22,21,0.0147,0.4413364679112586,1.0
HB,MB,psd_theta_csd,76,69,0.0146,0.026269526550121793,1.0
HY,CNU,trough_val,28,23,0.0146,0.3309915909117992,1.0
CNU,OLF,psd_delta_csd,31,28,0.0146,0.8793288255297382,1.0
fiber tracts,Isocortex,psd_residual_theta,429,408,0.0145,0.3438459792382026,1.0
HB,MB,tip_val,76,69,0.0145,0.9525820496944164,1.0
OLF,Isocortex,psd_gamma_csd,64,60,0.0145,0.3226799537833428,1.0
MB,TH,psd_beta_csd,98,76,0.0144,0.89039792826974,1.0
HB,VS,psd_lfp,60,55,0.0143,0.7216170451808512,1.0
CB,fiber tracts,rms_lf_csd_diff1,238,139,0.0143,3.5907794885509536e-07,0.000926421108046146
VS,fiber tracts,psd_residual_delta,79,71,0.0143,0.5312642151627245,1.0
MB,HY,psd_residual_alpha,24,23,0.0142,0.9985771701000081,1.0
CNU,fiber tracts,psd_theta_csd_diff1,200,159,0.0142,0.493365838387386,1.0
VS,fiber tracts,psd_residual_alpha,79,71,0.0141,0.7723837291454287,1.0
fiber tracts,CNU,peak_time_secs,114,87,0.0141,0.9476361708349461,1.0
fiber tracts,root,psd_lfp_csd_diff1,153,140,0.0139,0.007662645197374674,1.0
TH,fiber tracts,rms_lf_csd,196,154,0.0139,1.632241083081086e-10,4.2111819943492016e-07
void_fluid,Isocortex,psd_delta_csd_diff1,42,40,0.0138,0.9186079118055629,1.0
HB,root,psd_alpha_csd,22,21,0.0136,0.36655549389556086,1.0
CNU,VS,psd_lfp_csd,54,43,0.0136,0.6912965651995621,1.0
HY,fiber tracts,alpha_std,34,33,0.0135,0.004467452479546255,1.0
OLF,CTXsp,psd_residual_delta,69,68,0.0135,0.7399466767536904,1.0
HB,MB,psd_lfp_csd,76,69,0.0133,0.05428345485767418,1.0
Isocortex,void,rms_ap,59,57,0.0132,0.33611693113768193,1.0
OLF,Isocortex,psd_residual_alpha,64,60,0.0132,0.08788702245301676,1.0
MB,TH,psd_theta_csd,98,76,0.0131,0.5192326819026458,1.0
HB,root,psd_gamma_csd_diff1,22,21,0.0131,0.8179102560505604,1.0
HPF,Isocortex,psd_gamma,48,47,0.0128,0.9784787707174994,1.0
OLF,CNU,psd_residual_beta,16,13,0.0127,0.09639448607625892,1.0
HB,VS,psd_theta,60,55,0.0126,0.2881167959001102,1.0
TH,MB,psd_residual_gamma,51,41,0.0126,0.13818193289977773,1.0
Isocortex,void,psd_gamma_csd,59,57,0.0126,0.36741161402769185,1.0
CB,void_fluid,psd_residual_lfp,35,32,0.0126,0.7519617596379269,1.0
HY,fiber tracts,psd_delta,34,33,0.0125,0.5528948682782586,1.0
HB,fiber tracts,aperiodic_offset,181,115,0.0124,0.8144945119572469,1.0
CB,MB,psd_lfp,22,19,0.0124,0.6969454673223888,1.0
VS,fiber tracts,psd_lfp_csd,79,71,0.0124,0.5221855483037015,1.0
VS,fiber tracts,psd_alpha,79,71,0.0124,0.9506857013101632,1.0
CB,fiber tracts,psd_lfp_csd_diff1,238,139,0.0122,3.9496608400335534e-07,0.0010190124967286568
TH,fiber tracts,psd_lfp_csd,196,154,0.0121,2.160111901249504e-09,5.57308870522372e-06
fiber tracts,root,cor_ratio,153,140,0.012,0.5842488074692265,1.0
HPF,root,psd_theta_csd,23,16,0.0119,0.3904192482367701,1.0
fiber tracts,CB,psd_residual_alpha,262,149,0.0117,0.08033352108713276,1.0
CNU,VS,psd_alpha_csd_diff1,54,43,0.0115,0.34136078936021264,1.0
fiber tracts,TH,psd_beta_csd,132,98,0.0115,0.3449888351415912,1.0
MB,TH,psd_alpha_csd,98,76,0.0115,0.516776357433929,1.0
HB,MB,rms_lf_csd,76,69,0.0115,0.06536160102827711,1.0
HB,root,rms_lf_csd,22,21,0.0114,0.720657901443019,1.0
fiber tracts,root,psd_residual_gamma,153,140,0.0114,0.1448189157204196,1.0
fiber tracts,CNU,psd_residual_theta,114,87,0.0113,0.5477881732251506,1.0
MB,root,psd_beta_csd,66,64,0.011,0.0010803531973939073,1.0
void_fluid,void,alpha_mean,120,119,0.011,0.005026746119160335,1.0
HPF,Isocortex,tip_val,48,47,0.0109,0.799145674139028,1.0
CB,void_fluid,rms_lf,35,32,0.0108,0.5807133542874385,1.0
TH,fiber tracts,psd_beta_csd,196,154,0.0107,5.374724635495998e-07,0.0013866789559579674
MB,fiber tracts,psd_residual_delta,173,133,0.0106,0.6658020513323752,1.0
fiber tracts,MB,recovery_slope,158,124,0.0106,2.0149687271025607e-23,5.1986193159246066e-20
CNU,fiber tracts,psd_theta_csd,200,159,0.0105,0.07075171464175814,1.0
HB,root,psd_lfp_csd,22,21,0.0105,0.7434718715142625,1.0
HY,TH,repolarisation_slope,56,56,0.0103,0.10940705007098692,1.0
CNU,VS,aperiodic_offset,54,43,0.0103,0.6317154682304915,1.0
HY,MB,psd_residual_beta,16,14,0.0101,0.8892993022687458,1.0
root,VS,psd_beta,23,18,0.0101,0.9301915538838003,1.0
HB,MB,alpha_std,76,69,0.0098,0.015960299119216766,1.0
HY,MB,depolarisation_slope,16,14,0.0097,0.38190745409765836,1.0
Isocortex,fiber tracts,psd_residual_alpha,44,33,0.0096,0.4805974630832416,1.0
HB,MB,psd_alpha_csd,76,69,0.0096,0.055341378197951416,1.0
CB,fiber tracts,psd_theta_csd_diff1,238,139,0.0096,9.470027745609318e-06,0.02443267158367204
CNU,VS,rms_lf_csd,54,43,0.0095,0.5334271695714063,1.0
HB,CB,psd_beta,42,34,0.0094,5.38441543900232e-05,0.13891791832625985
root,fiber tracts,cor_ratio,103,89,0.0091,0.761002119270799,1.0
CB,MB,psd_theta_csd_diff1,22,19,0.0089,0.621330117898838,1.0
HB,MB,psd_beta_csd,76,69,0.0089,0.10870273791105427,1.0
fiber tracts,HB,recovery_slope,155,109,0.0088,0.0027413792588066054,1.0
CNU,OLF,cor_ratio,31,28,0.0087,0.6050000149799895,1.0
CNU,fiber tracts,rms_ap,200,159,0.0085,0.9641471216521863,1.0
fiber tracts,HY,psd_delta_csd_diff1,20,17,0.0085,0.8570374446982816,1.0
TH,MB,psd_residual_alpha,51,41,0.0085,0.6226877892757512,1.0
HY,CNU,psd_residual_alpha,28,23,0.0085,0.7092091429552407,1.0
root,VS,psd_residual_alpha,23,18,0.0084,0.4358163710959059,1.0
VS,fiber tracts,rms_lf_csd,79,71,0.0084,0.6614670017614535,1.0
CB,void_fluid,psd_residual_alpha,35,32,0.0083,0.7134493326849394,1.0
HPF,root,psd_alpha,23,16,0.0082,0.6837802861011968,1.0
OLF,CTXsp,repolarisation_slope,69,68,0.0081,0.018094465725068377,1.0
CNU,fiber tracts,psd_lfp_csd_diff1,200,159,0.0081,0.22441448386446783,1.0
HB,CB,psd_residual_lfp,42,34,0.0079,0.5071415647265008,1.0
CB,fiber tracts,psd_alpha,238,139,0.0079,0.12142052271373938,1.0
CB,fiber tracts,aperiodic_offset,238,139,0.0078,0.4581548232875685,1.0
root,fiber tracts,peak_time_secs,103,89,0.0076,0.061092266956926,1.0
void_fluid,HPF,rms_lf_csd_diff1,45,30,0.0076,0.9863785457499181,1.0
CNU,HY,peak_val,21,16,0.0075,0.9995125425336064,1.0
HY,TH,psd_gamma_csd,56,56,0.0075,0.07451533045691663,1.0
OLF,Isocortex,peak_val,64,60,0.0074,0.8305229793472385,1.0
HY,TH,psd_theta_csd_diff1,56,56,0.0074,0.5777607891785974,1.0
OLF,Isocortex,psd_beta_csd,64,60,0.0073,0.5515092025585784,1.0
fiber tracts,MB,rms_lf_csd,158,124,0.0073,0.6686789534081111,1.0
fiber tracts,HPF,alpha_mean,156,127,0.0073,3.086407463752005e-20,7.962931256480173e-17
root,CB,psd_beta_csd,21,19,0.0073,0.3825898688188496,1.0
CB,fiber tracts,cor_ratio,238,139,0.0072,0.10626618413096549,1.0
HB,MB,rms_lf_csd_diff1,76,69,0.0072,0.047648275592179476,1.0
fiber tracts,HY,psd_beta,20,17,0.0072,0.9498000893974119,1.0
VS,fiber tracts,psd_delta,79,71,0.0072,0.11461838613735212,1.0
Isocortex,void_fluid,aperiodic_exponent,110,110,0.0071,0.6901731139151448,1.0
VS,CB,psd_theta_csd_diff1,55,53,0.007,1.0140080557685889e-06,0.0026161407838829593
Isocortex,void,psd_alpha_csd,59,57,0.007,0.3582794335454744,1.0
root,CB,psd_delta_csd,21,19,0.0069,0.6649776968775492,1.0
CNU,OLF,aperiodic_offset,31,28,0.0069,0.8842589868656907,1.0
HY,TH,psd_gamma_csd_diff1,56,56,0.0069,0.09746554757948761,1.0
fiber tracts,root,psd_residual_theta,153,140,0.0069,0.9640931114121797,1.0
CB,fiber tracts,psd_beta_csd,238,139,0.0068,1.5154922004293735e-06,0.003909969877107783
CNU,VS,psd_alpha_csd,54,43,0.0068,0.5563878732477243,1.0
CNU,fiber tracts,psd_delta_csd_diff1,200,159,0.0068,0.9982013623063017,1.0
VS,CB,psd_alpha_csd_diff1,55,53,0.0068,3.196445449891056e-08,8.246829260718924e-05
fiber tracts,CB,trough_time_secs,262,149,0.0067,0.5102131414019906,1.0
CNU,OLF,psd_gamma,31,28,0.0065,0.772920883098296,1.0
MB,HY,psd_gamma,24,23,0.0065,0.3874617614239315,1.0
VS,fiber tracts,psd_lfp,79,71,0.0064,0.688802835380726,1.0
HPF,Isocortex,psd_gamma_csd_diff1,48,47,0.0064,0.4016776781727355,1.0
CB,MB,rms_lf,22,19,0.0064,0.9720867905030742,1.0
HY,TH,peak_time_secs,56,56,0.0063,0.5004879635719919,1.0
HB,root,psd_beta_csd,22,21,0.0062,0.9193357801980099,1.0
CNU,fiber tracts,rms_lf_csd_diff1,200,159,0.0062,0.32631403369895073,1.0
Isocortex,void,psd_gamma_csd_diff1,59,57,0.0061,0.22061968441081814,1.0
void_fluid,HPF,psd_residual_lfp,45,30,0.0061,0.17852088421940626,1.0
fiber tracts,CB,aperiodic_offset,262,149,0.0061,0.7280362590054082,1.0
TH,HPF,psd_residual_delta,19,19,0.0061,0.9211052860873972,1.0
CNU,OLF,psd_lfp,31,28,0.006,0.611995337155602,1.0
fiber tracts,HB,rms_lf,155,109,0.006,0.8524285378497333,1.0
VS,CB,psd_gamma_csd,55,53,0.006,9.11353836799431e-13,2.351292898942532e-09
fiber tracts,HY,rms_lf,20,17,0.006,0.6999152579710501,1.0
VS,fiber tracts,psd_gamma,79,71,0.0059,0.44051987366305634,1.0
root,VS,psd_alpha,23,18,0.0058,0.7488193033870747,1.0
HPF,root,psd_theta,23,16,0.0058,0.4068974321181784,1.0
TH,VS,psd_residual_gamma,28,23,0.0058,0.17480053721789324,1.0
CB,fiber tracts,psd_gamma_csd,238,139,0.0057,3.680865777930181e-08,9.496633707059867e-05
fiber tracts,HY,psd_alpha_csd,20,17,0.0057,0.8332909078183524,1.0
HPF,fiber tracts,tip_time_secs,343,305,0.0057,0.2588280315178635,1.0
root,VS,alpha_std,23,18,0.0056,0.7618112423296401,1.0
fiber tracts,HY,peak_time_secs,20,17,0.0055,0.7827583870000326,1.0
Isocortex,void,psd_alpha_csd_diff1,59,57,0.0055,0.2513538732620414,1.0
Isocortex,void,psd_beta_csd,59,57,0.0055,0.676364107496242,1.0
HY,TH,psd_beta_csd,56,56,0.0054,0.16903281367293543,1.0
HPF,Isocortex,psd_residual_gamma,48,47,0.0054,0.4545620856672299,1.0
TH,fiber tracts,peak_time_secs,196,154,0.0054,5.827170797064111e-49,1.5034100656425407e-45
fiber tracts,root,psd_residual_lfp,153,140,0.0052,0.12783934289884694,1.0
root,VS,psd_theta,23,18,0.0052,0.8007061244198679,1.0
CB,fiber tracts,psd_alpha_csd_diff1,238,139,0.0052,0.00023305874577726142,0.6012915641053345
CNU,HY,rms_ap,21,16,0.0051,0.8298871463720394,1.0
MB,HY,psd_beta,24,23,0.0047,0.9365570146506236,1.0
TH,root,tip_time_secs,94,92,0.0045,0.32385061680947647,1.0
fiber tracts,CNU,psd_lfp_csd,114,87,0.0045,0.4390108170939475,1.0
HB,VS,rms_lf,60,55,0.0045,0.355663253919829,1.0
void_fluid,HPF,psd_theta_csd_diff1,45,30,0.0045,0.8038645381275469,1.0
CB,fiber tracts,psd_theta,238,139,0.0044,0.4775116363392887,1.0
VS,fiber tracts,aperiodic_offset,79,71,0.0043,0.37921879742645925,1.0
HB,CB,depolarisation_slope,42,34,0.0043,0.5174766903797205,1.0
fiber tracts,CNU,rms_lf_csd,114,87,0.0042,0.6428279698777299,1.0
fiber tracts,HY,psd_theta,20,17,0.0042,0.44808552423609227,1.0
CNU,OLF,rms_lf,31,28,0.004,0.8396528452650831,1.0
fiber tracts,VS,tip_val,49,45,0.0038,0.6818624084071556,1.0
CNU,VS,psd_alpha,54,43,0.0036,0.6370245678166682,1.0
CNU,fiber tracts,psd_alpha_csd_diff1,200,159,0.0036,0.8203655827258252,1.0
HY,TH,psd_delta_csd_diff1,56,56,0.0035,0.08702366016945746,1.0
HB,fiber tracts,tip_val,181,115,0.0035,0.17648418687394518,1.0
HY,fiber tracts,psd_theta,34,33,0.0035,0.5821916088677797,1.0
HB,MB,psd_lfp_csd_diff1,76,69,0.0035,0.03309145917930604,1.0
fiber tracts,TH,psd_lfp_csd,132,98,0.0034,0.9978031286017971,1.0
void_fluid,HPF,psd_delta,45,30,0.0034,0.8103526749215921,1.0
HY,fiber tracts,recovery_time_secs,34,33,0.0032,0.23680531972937513,1.0
root,CB,psd_theta_csd,21,19,0.0031,0.40319349445951147,1.0
Isocortex,void,psd_beta_csd_diff1,59,57,0.0031,0.756327581607331,1.0
CNU,VS,tip_time_secs,54,43,0.003,0.8164956477288072,1.0
CB,fiber tracts,psd_gamma_csd_diff1,238,139,0.0029,5.638300052455625e-06,0.014546814135335512
MB,root,psd_delta_csd,66,64,0.0027,7.963495065001272e-06,0.02054581726770328
fiber tracts,MB,repolarisation_slope,158,124,0.0027,7.18017993473386e-24,1.852486423161336e-20
fiber tracts,CNU,psd_residual_alpha,114,87,0.0027,0.7931642885448064,1.0
CB,fiber tracts,psd_beta_csd_diff1,238,139,0.0026,0.004040803129275461,1.0
TH,fiber tracts,psd_gamma_csd,196,154,0.0026,4.469098083206999e-05,0.11530273054674058
root,CB,rms_lf_csd,21,19,0.0026,0.5539550758217717,1.0
HY,fiber tracts,trough_time_secs,34,33,0.0025,0.20791981348623956,1.0
MB,root,psd_lfp_csd,66,64,0.0025,1.8410203508099627e-06,0.004749832505089703
root,CB,psd_alpha_csd,21,19,0.0025,0.19670832439301067,1.0
HB,VS,psd_beta_csd_diff1,60,55,0.0025,1.4501104268557288e-09,3.7412849012877805e-06
VS,CB,alpha_mean,55,53,0.0024,0.7944643847722281,1.0
HY,TH,psd_lfp_csd,56,56,0.0024,0.306084706527614,1.0
VS,fiber tracts,rms_lf,79,71,0.0024,0.5034473078500712,1.0
fiber tracts,MB,peak_val,158,124,0.0024,7.814276941553009e-20,2.0160834509206765e-16
void_fluid,void,tip_val,120,119,0.0023,0.9279540355447831,1.0
HY,MB,peak_time_secs,16,14,0.0023,0.26132973522762515,1.0
Isocortex,void,psd_residual_lfp,59,57,0.0022,0.4778606381581103,1.0
HY,TH,rms_lf_csd,56,56,0.0021,0.2512375638013611,1.0
fiber tracts,MB,psd_lfp_csd,158,124,0.0021,0.49299523205681284,1.0
fiber tracts,Isocortex,psd_residual_alpha,429,408,0.0019,0.7815933144537862,1.0
fiber tracts,TH,rms_lf_csd,132,98,0.0019,0.8524716047948853,1.0
CB,fiber tracts,psd_delta_csd,238,139,0.0017,3.447595496233416e-08,8.894796380282213e-05
CB,MB,psd_gamma,22,19,0.0017,0.4120751407374881,1.0
fiber tracts,TH,psd_theta_csd,132,98,0.0017,0.6115344561228606,1.0
HY,TH,psd_theta_csd,56,56,0.0016,0.3017708830229513,1.0
fiber tracts,TH,psd_alpha_csd,132,98,0.0016,0.8798629830183433,1.0
fiber tracts,TH,psd_residual_theta,132,98,0.0016,0.3520878789660743,1.0
root,CB,psd_gamma_csd,21,19,0.0015,0.04207511098544021,1.0
fiber tracts,MB,psd_residual_alpha,158,124,0.0014,0.8564738491799953,1.0
HY,TH,psd_alpha_csd,56,56,0.0014,0.21868948243038588,1.0
CB,fiber tracts,psd_alpha_csd,238,139,0.0013,2.2742421261305062e-07,0.0005867544685416706
root,CB,psd_lfp_csd,21,19,0.0013,0.4857395853312053,1.0
HY,TH,psd_beta_csd_diff1,56,56,0.0013,0.1437630113045505,1.0
HY,TH,psd_alpha_csd_diff1,56,56,0.0012,0.2689478896806027,1.0
HY,TH,recovery_slope,56,56,0.0012,0.03740015989447161,1.0
HB,VS,psd_residual_lfp,60,55,0.0011,0.3155836490032561,1.0
HY,TH,psd_lfp_csd_diff1,56,56,0.001,0.32320116583166814,1.0
HB,CB,psd_residual_gamma,42,34,0.0009,0.8616379416736886,1.0
HB,MB,psd_delta_csd,76,69,0.0009,0.2857474706333646,1.0
fiber tracts,TH,psd_residual_beta,132,98,0.0009,0.2168350607352314,1.0
VS,fiber tracts,psd_beta,79,71,0.0008,0.4260229171922433,1.0
HB,MB,aperiodic_exponent,76,69,0.0008,0.36295776447132266,1.0
fiber tracts,MB,depolarisation_slope,158,124,0.0008,8.203142711869999e-21,2.1164108196624596e-17
CB,fiber tracts,psd_lfp_csd,238,139,0.0008,6.326237083241278e-09,1.6321691674762497e-05
fiber tracts,MB,peak_time_secs,158,124,0.0006,1.3684860099914452e-05,0.035306939057779284
CB,fiber tracts,psd_theta_csd,238,139,0.0006,7.368838838815439e-08,0.00019011604204143833
TH,MB,rms_ap,51,41,0.0005,0.575201515625968,1.0
fiber tracts,TH,psd_delta_csd,132,98,0.0005,0.6677241743241409,1.0
fiber tracts,MB,psd_delta_csd_diff1,158,124,0.0004,0.4024347212031748,1.0
CNU,VS,psd_theta,54,43,0.0004,0.7702152891920446,1.0
void_fluid,HPF,psd_lfp_csd_diff1,45,30,0.0004,0.9223906382320373,1.0
HY,CNU,tip_time_secs,28,23,0.0003,0.6467191159446393,1.0
CNU,VS,psd_delta_csd_diff1,54,43,0.0003,0.6469515397034933,1.0
HY,TH,rms_lf_csd_diff1,56,56,0.0002,0.3149605883272444,1.0
HY,TH,psd_delta_csd,56,56,0.0001,0.36191900122366527,1.0
void_fluid,Isocortex,psd_theta_csd,42,40,0.0001,0.5640892808712235,1.0
CB,fiber tracts,rms_lf_csd,238,139,0.0,5.705116035994345e-09,1.4719199372865411e-05
MB,root,rms_lf_csd,66,64,0.0,1.1692411580068946e-06,0.003016642187657788
