pid,m,epsilon,alpha,track,bytes,bytes_spatial,bytes_vh,rank_median,snr,snr_chunk_median,snr_chunk_p10,snr_delta,snr_gamma,r2
1a276285-8b0e-4cc9-9f0a-a3a002978724,p48,100.0,6.863715560110469,size,30040938,1018779,28999093,17.0,20.576536705558798,20.157561465346156,19.183230834828553,26.14374918304211,20.053635283822903,0.13455190458790056
1a276285-8b0e-4cc9-9f0a-a3a002978724,p48,100.0,13.99725347195935,snr,16255322,1018779,15213477,17.0,15.927544250117034,15.484887010577753,14.5971827056449,22.461038825432947,15.255003679036609
1e104bf4-7a24-4624-a5b2-c2c8289c0de7,p48,100.0,6.863715560110469,size,30953924,1045420,29884032,17.0,20.268629687309257,20.305143448948236,19.676107532671956,25.703344154138087,14.61126349123424,0.04887592606675206
1e104bf4-7a24-4624-a5b2-c2c8289c0de7,p48,100.0,13.99725347195935,snr,17410419,1045420,16340527,17.0,15.52289102610364,15.52698656404888,15.05705335480033,21.804145864179084,9.667673565262774
6638cfb3-3831-4fc2-9327-194b76cf22e1,p48,100.0,6.863715560110469,size,19088123,782777,18285396,15.0,19.692206018853543,19.701907490842093,19.353439642052496,30.10453970009982,13.302357945794874,0.03112500949761665
6638cfb3-3831-4fc2-9327-194b76cf22e1,p48,100.0,13.99725347195935,snr,9689643,782777,8886916,15.0,15.45698707803638,15.46894659522917,15.069032238446837,25.90898964526941,8.97000451988568
749cb2b7-e57e-4453-a794-f6230e4d0226,p48,100.0,6.863715560110469,size,30297162,1164254,29106802,17.0,21.55098580447715,21.370873777128637,20.860555041792406,29.908723575897614,16.96599963537623,0.05460292791003185
749cb2b7-e57e-4453-a794-f6230e4d0226,p48,100.0,13.99725347195935,snr,17360776,1164254,16170416,17.0,17.43826037402288,17.246031273429615,16.704117506679765,26.278411964310003,12.670132906959235
d7ec0892-0a6c-4f4f-9d8f-72083692af5c,p48,100.0,6.863715560110469,size,38476694,1344891,37110257,25.0,16.432685649408537,16.76870048072133,12.585846569267538,19.533468413465567,13.039503068837323,0.31162530144964407
d7ec0892-0a6c-4f4f-9d8f-72083692af5c,p48,100.0,13.99725347195935,snr,19344510,1344891,17978073,25.0,11.912529459217684,12.222095997725495,8.13558947878889,16.420786749828935,8.359164906811307
da8dfec1-d265-44e8-84ce-6ae9c109b8bd,p48,100.0,6.863715560110469,size,28733010,1219075,27493985,24.0,14.871146219132127,14.871896485222639,14.432050993668897,22.878879420250474,10.861477355852184,0.03752480351403942
da8dfec1-d265-44e8-84ce-6ae9c109b8bd,p48,100.0,13.99725347195935,snr,13241368,1219075,12002343,24.0,10.919181445520385,10.913985116488243,10.501910579041871,19.58938313531838,6.700683359878258
dab512bd-a02d-4c1f-8dbc-9155a163efc0,p48,100.0,6.863715560110469,size,17448320,783797,16647499,18.0,20.875833892823362,20.843072292700064,20.471196831854005,26.269448180746792,15.061934728870682,0.14230662125913152
dab512bd-a02d-4c1f-8dbc-9155a163efc0,p48,100.0,13.99725347195935,snr,9895272,783797,9094451,18.0,16.774211987629027,16.74610946539253,16.400773144443225,21.63637777517064,11.051336944550044
dc7e9403-19f7-409f-9240-05ee57cb7aea,p48,100.0,6.863715560110469,size,37962731,1466358,36473345,26.0,18.455079358926653,17.882176615563413,17.30885827125892,25.058756216234215,15.029719740018773,0.10901563396465908
dc7e9403-19f7-409f-9240-05ee57cb7aea,p48,100.0,13.99725347195935,snr,19826013,1466358,18336627,26.0,14.293988684273497,13.693027371345487,13.095354388857693,21.134096333647857,10.73460370416698
e8f9fba4-d151-4b00-bee7-447f0f3e752c,p48,100.0,6.863715560110469,size,33994752,1364196,32607224,24.0,15.324733327917437,15.487526326613146,13.746377905132068,19.00193323679912,13.961364701433528,0.17976512407140954
e8f9fba4-d151-4b00-bee7-447f0f3e752c,p48,100.0,13.99725347195935,snr,16878712,1364196,15491184,24.0,11.285945748936747,11.408091557094558,9.886507325297693,15.663707226423105,9.560570594768356
eebcaf65-7fa4-4118-869d-a084e84530e2,p48,100.0,6.863715560110469,size,19820610,951226,18848066,17.0,16.763590728684864,16.85695559477155,14.954972455811244,18.119990300239294,11.681163156790696,0.2626841069377539
eebcaf65-7fa4-4118-869d-a084e84530e2,p48,100.0,13.99725347195935,snr,9808279,951226,8835735,17.0,13.283574549217674,13.356195975873442,11.743923936741556,15.839258787783013,7.969275020627863
fe380793-8035-414e-b000-09bfe5ece92a,p48,100.0,6.863715560110469,size,38940732,1424555,37489311,21.0,19.974336583123698,19.88533947540972,19.17979075081264,25.784164249606995,17.75850823197064,0.18480486663595552
fe380793-8035-414e-b000-09bfe5ece92a,p48,100.0,13.99725347195935,snr,21034927,1424555,19583506,21.0,15.519073508593726,15.402759638498097,14.75143049723125,21.769280776523804,13.084369784945258
1a276285-8b0e-4cc9-9f0a-a3a002978724,p48,100.0,2.5,grid,54170918,1018779,53129073,17.0,25.643687609102646,25.401419416141273,24.012063403004518,28.055932564378956,25.94093588946444,0.13614319609047487
1a276285-8b0e-4cc9-9f0a-a3a002978724,p48,100.0,3.5,grid,46107686,1018779,45065841,17.0,24.384619598810986,24.058132406751596,22.859833123184156,27.788647516020248,24.32610764806607,0.13563570790891788
1a276285-8b0e-4cc9-9f0a-a3a002978724,p48,100.0,5.0,grid,37380342,1018779,36338497,17.0,22.526132082462258,22.151007033669696,21.058032089967504,27.155323861113352,22.156114240484875,0.13498463967429808
1a276285-8b0e-4cc9-9f0a-a3a002978724,p48,100.0,7.0,grid,29603881,1018779,28562036,17.0,20.449550722854724,20.033472377748303,19.063089585043357,26.067185655815898,19.92106108181772,0.1344737248350263
1a276285-8b0e-4cc9-9f0a-a3a002978724,p48,100.0,10.0,grid,22147572,1018779,21105727,17.0,18.09488805311888,17.656433860876028,16.767195589367144,24.389722464071788,17.484511211274175,0.13479703155383416
1a276285-8b0e-4cc9-9f0a-a3a002978724,p48,100.0,14.0,grid,16252644,1018779,15210799,17.0,15.926358170664097,15.48311042337084,14.596719408644825,22.460276418317736,15.253785385853401,0.1330309240752655
1e104bf4-7a24-4624-a5b2-c2c8289c0de7,p48,100.0,2.5,grid,54770973,1045420,53701081,17.0,25.47005354005179,25.567649557216626,24.50830437039342,27.564496134848262,20.916441902750456,0.05251895287895236
1e104bf4-7a24-4624-a5b2-c2c8289c0de7,p48,100.0,3.5,grid,46704623,1045420,45634731,17.0,24.14352490894982,24.22622849626603,23.325895840730137,27.32009548260104,19.11819268581013,0.051623113117409636
1e104bf4-7a24-4624-a5b2-c2c8289c0de7,p48,100.0,5.0,grid,38140785,1045420,37070893,17.0,22.23530462560945,22.2910575557383,21.56420059580185,26.721238803975034,16.79702863123631,0.05043246794884437
1e104bf4-7a24-4624-a5b2-c2c8289c0de7,p48,100.0,7.0,grid,30528528,1045420,29458636,17.0,20.142023026536737,20.176326309311314,19.562000713587647,25.6216866551324,14.475516735800527,0.04901663130762568
1e104bf4-7a24-4624-a5b2-c2c8289c0de7,p48,100.0,10.0,grid,23285318,1045420,22215426,17.0,17.780882605708193,17.807300093309138,17.288898581220845,23.877882886098728,11.99540764367148,0.04709677220573738
1e104bf4-7a24-4624-a5b2-c2c8289c0de7,p48,100.0,14.0,grid,17407255,1045420,16337363,17.0,15.521635670513804,15.525761999588106,15.056406319240024,21.803013524149655,9.666389907961852,0.04615156078219018
6638cfb3-3831-4fc2-9327-194b76cf22e1,p48,100.0,2.5,grid,38437427,782777,37634700,15.0,24.941925257645003,24.94453358030355,24.554742970182016,32.630417972623945,19.167044123647173,0.029024906751513146
6638cfb3-3831-4fc2-9327-194b76cf22e1,p48,100.0,3.5,grid,31811134,782777,31008407,15.0,23.563880000961937,23.578415523377497,23.209017032089992,32.26216981768803,17.550426423748192,0.028318026680475117
6638cfb3-3831-4fc2-9327-194b76cf22e1,p48,100.0,5.0,grid,24759208,782777,23956481,15.0,21.61948521220264,21.63035400729251,21.281022363534657,31.407347313971957,15.366127296675394,0.03014806748187293
6638cfb3-3831-4fc2-9327-194b76cf22e1,p48,100.0,7.0,grid,18765952,782777,17963225,15.0,19.571996685578878,19.581381024652288,19.223165085423666,30.005751226188494,13.175664813446478,0.03149807888607681
6638cfb3-3831-4fc2-9327-194b76cf22e1,p48,100.0,10.0,grid,13502386,782777,12699659,15.0,17.404589045900746,17.41555149989615,17.042151113373855,28.00941607874804,10.93842682230584,0.035214725094341315
6638cfb3-3831-4fc2-9327-194b76cf22e1,p48,100.0,14.0,grid,9687688,782777,8884961,15.0,15.455879962848485,15.467695810420423,15.069032238446837,25.90739735697102,8.968904360272106,0.03758879654286229
749cb2b7-e57e-4453-a794-f6230e4d0226,p48,100.0,2.5,grid,57378054,1164254,56187694,17.0,26.181946278889857,26.062548666795347,25.508200216810557,31.758841175329454,22.411942438160178,0.0548375928769711
749cb2b7-e57e-4453-a794-f6230e4d0226,p48,100.0,3.5,grid,47712492,1164254,46522132,17.0,24.97372098284154,24.834862034899285,24.32006118991346,31.508961215630997,20.854286224545923,0.05516976089013059
749cb2b7-e57e-4453-a794-f6230e4d0226,p48,100.0,5.0,grid,37922535,1164254,36732175,17.0,23.269628278540658,23.116082853473618,22.618752953219378,30.90861620021462,18.8446963278336,0.055372376912538046
749cb2b7-e57e-4453-a794-f6230e4d0226,p48,100.0,7.0,grid,29863318,1164254,28672958,17.0,21.440824931704157,21.25733754452645,20.75033207748932,29.832178997161073,16.848550077373567,0.05460386441728948
749cb2b7-e57e-4453-a794-f6230e4d0226,p48,100.0,10.0,grid,22748144,1164254,21557784,17.0,19.400329101872714,19.20849190858414,18.674455382013402,28.167611586436216,14.706748750716956,0.05459860199664368
749cb2b7-e57e-4453-a794-f6230e4d0226,p48,100.0,14.0,grid,17357447,1164254,16167087,17.0,17.437066885989662,17.244875040451518,16.702873752571055,26.27746869182304,12.668876444087992,0.05444044265641834
d7ec0892-0a6c-4f4f-9d8f-72083692af5c,p48,100.0,2.5,grid,72536366,1344891,71169929,25.0,21.27195866823471,21.61061073826072,17.374212165112887,21.078697298791322,18.59019441185741,0.31383379854786275
d7ec0892-0a6c-4f4f-9d8f-72083692af5c,p48,100.0,3.5,grid,61171419,1344891,59804982,25.0,20.095308871685198,20.440722712431384,16.234758728109576,20.87665523510122,17.1182139002209,0.31343946882808216
d7ec0892-0a6c-4f4f-9d8f-72083692af5c,p48,100.0,5.0,grid,48837148,1344891,47470711,25.0,18.316372704693812,18.66777857852943,14.480521356722774,20.378660369031515,15.07393971327616,0.31318002390390154
d7ec0892-0a6c-4f4f-9d8f-72083692af5c,p48,100.0,7.0,grid,37867056,1344891,36500619,25.0,16.310186679865172,16.64430686770381,12.468199292681057,19.46687990427279,12.90978940076795,0.31179248441593443
d7ec0892-0a6c-4f4f-9d8f-72083692af5c,p48,100.0,10.0,grid,27516737,1344891,26150300,25.0,14.035225661156296,14.381795950613013,10.178487109978064,18.02179356578533,10.537365940661577,0.3098046461429055
d7ec0892-0a6c-4f4f-9d8f-72083692af5c,p48,100.0,14.0,grid,19340056,1344891,17973619,25.0,11.911235675615451,12.21929419818341,8.133030899138427,16.419814999316756,8.357796907337757,0.30880439621222966
da8dfec1-d265-44e8-84ce-6ae9c109b8bd,p48,100.0,2.5,grid,61534857,1219075,60295832,24.0,19.43517251486861,19.46175595309003,18.89814361029057,25.154458586254805,15.860122364980349,0.038720883573951315
da8dfec1-d265-44e8-84ce-6ae9c109b8bd,p48,100.0,3.5,grid,50177088,1219075,48938063,24.0,18.2974856322387,18.31925329949296,17.803981723763272,24.786966861439055,14.555115071150704,0.03843773582213561
da8dfec1-d265-44e8-84ce-6ae9c109b8bd,p48,100.0,5.0,grid,38239874,1219075,37000849,24.0,16.60634992572444,16.620751768996577,16.150403958026764,23.994826748505403,12.706231323046719,0.03725425060376286
da8dfec1-d265-44e8-84ce-6ae9c109b8bd,p48,100.0,7.0,grid,28194488,1219075,26955463,24.0,14.760414900477803,14.758280380506058,14.31576990255555,22.79992446214358,10.744391688439425,0.037642730436451166
da8dfec1-d265-44e8-84ce-6ae9c109b8bd,p48,100.0,10.0,grid,19509329,1219075,18270304,24.0,12.747108879582417,12.741122929670448,12.310014767833314,21.23729437308569,8.613878489982692,0.038596351336561474
da8dfec1-d265-44e8-84ce-6ae9c109b8bd,p48,100.0,14.0,grid,13237987,1219075,11998962,24.0,10.918092225830607,10.913282310702817,10.501497983431857,19.58803113411892,6.6995479817484815,0.03597260726100049
dab512bd-a02d-4c1f-8dbc-9155a163efc0,p48,100.0,2.5,grid,34545548,783797,33744727,18.0,25.90732957344617,25.886697153808015,25.49756699504035,29.258348058579827,20.82094583864859,0.1471789031508589
dab512bd-a02d-4c1f-8dbc-9155a163efc0,p48,100.0,3.5,grid,28221979,783797,27421158,18.0,24.482500098848806,24.451158225371362,24.074707979091322,28.807274347986112,18.976256071760154,0.14396775370411474
dab512bd-a02d-4c1f-8dbc-9155a163efc0,p48,100.0,5.0,grid,22063983,783797,21263162,18.0,22.63857043315495,22.604322278356975,22.218501974718166,27.792382185133647,16.8586024256542,0.14186704087486235
dab512bd-a02d-4c1f-8dbc-9155a163efc0,p48,100.0,7.0,grid,17193288,783797,16392467,18.0,20.76532790817483,20.73412850358395,20.361554585106628,26.161714328504292,14.95448364733679,0.14233623377259985
dab512bd-a02d-4c1f-8dbc-9155a163efc0,p48,100.0,10.0,grid,13033233,783797,12232412,18.0,18.7231086677538,18.69227596482577,18.331688071993597,23.92036404846972,12.996747624708851,0.150002934914652
dab512bd-a02d-4c1f-8dbc-9155a163efc0,p48,100.0,14.0,grid,9893113,783797,9092292,18.0,16.772976835801977,16.745528319426093,16.400299690038853,21.635277911942204,11.049949367749836,0.1531566822224637
dc7e9403-19f7-409f-9240-05ee57cb7aea,p48,100.0,2.5,grid,75963593,1466358,74474207,26.0,23.39295376516441,22.91777347123994,22.335009594441324,27.909598457736603,20.365711312677316,0.10928490392836188
dc7e9403-19f7-409f-9240-05ee57cb7aea,p48,100.0,3.5,grid,62656487,1466358,61167101,26.0,22.097143490440722,21.579995984946947,20.99766781766156,27.437226304302843,18.893392504414393,0.10914224977410525
dc7e9403-19f7-409f-9240-05ee57cb7aea,p48,100.0,5.0,grid,48807005,1466358,47317619,26.0,20.263151872316527,19.707110595468535,19.134195171913937,26.43610474005478,16.91233946469074,0.10926269615982731
dc7e9403-19f7-409f-9240-05ee57cb7aea,p48,100.0,7.0,grid,37349974,1466358,35860588,26.0,18.34093572032248,17.76561275270945,17.19529136609546,24.962864587776977,14.912187552186637,0.10904729907011201
dc7e9403-19f7-409f-9240-05ee57cb7aea,p48,100.0,10.0,grid,27354403,1466358,25865017,26.0,16.248626206199145,15.634930863202433,15.073439735354398,23.05221279090974,12.752590766081777,0.1092190873943466
dc7e9403-19f7-409f-9240-05ee57cb7aea,p48,100.0,14.0,grid,19822254,1466358,18332868,26.0,14.292877302724829,13.691946125403344,13.094127184653736,21.132760569427063,10.733501141203739,0.10821939836550076
e8f9fba4-d151-4b00-bee7-447f0f3e752c,p48,100.0,2.5,grid,69275864,1364196,67888336,24.0,20.01029387290172,20.209593499688687,18.3970158571603,20.432290561699965,19.79978410782163,0.18825364183803928
e8f9fba4-d151-4b00-bee7-447f0f3e752c,p48,100.0,3.5,grid,57032854,1364196,55645326,24.0,18.823554195552653,19.04172694549967,17.22057942844719,20.256488145412902,18.149340830111157,0.18675368018295468
e8f9fba4-d151-4b00-bee7-447f0f3e752c,p48,100.0,5.0,grid,44217267,1364196,42829739,24.0,17.093475534452356,17.30572697404463,15.491879250916849,19.809104037060624,15.998794133179164,0.1844320389908204
e8f9fba4-d151-4b00-bee7-447f0f3e752c,p48,100.0,7.0,grid,33407725,1364196,32020197,24.0,15.211604791762337,15.369590237629971,13.641765002535498,18.936300683110368,13.833758230490725,0.1791580363964279
e8f9fba4-d151-4b00-bee7-447f0f3e752c,p48,100.0,10.0,grid,23858066,1364196,22470538,24.0,13.15306995250041,13.293558598242,11.647602938564226,17.446784042240445,11.562027851827416,0.1710467170164337
e8f9fba4-d151-4b00-bee7-447f0f3e752c,p48,100.0,14.0,grid,16875034,1364196,15487506,24.0,11.284934538009741,11.406957690381558,9.88624034722544,15.662809147435322,9.559437942532991,0.1590678578316821
eebcaf65-7fa4-4118-869d-a084e84530e2,p48,100.0,2.5,grid,43685355,951226,42712811,17.0,20.901374782621463,20.912718572721012,18.67517328512829,18.909917118845055,17.284248289644218,0.2683249564728861
eebcaf65-7fa4-4118-869d-a084e84530e2,p48,100.0,3.5,grid,35064357,951226,34091813,17.0,19.828324163194743,19.885296628055027,17.703019138229735,18.817455261593384,15.609295115263752,0.2663342234264492
eebcaf65-7fa4-4118-869d-a084e84530e2,p48,100.0,5.0,grid,26399260,951226,25426716,17.0,18.299494617471318,18.345129352359745,16.336201979382995,18.578520151957424,13.53301690553585,0.2640304081843121
eebcaf65-7fa4-4118-869d-a084e84530e2,p48,100.0,7.0,grid,19455458,951226,18482914,17.0,16.66601199495355,16.74636358974425,14.872365238953826,18.08033200312876,11.569032450137895,0.2625490033080301
eebcaf65-7fa4-4118-869d-a084e84530e2,p48,100.0,10.0,grid,13754811,951226,12782267,17.0,14.903553732235046,14.931306013957,13.231475264600723,17.12917741519642,9.633400112471385,0.25643206717251554
eebcaf65-7fa4-4118-869d-a084e84530e2,p48,100.0,14.0,grid,9806117,951226,8833573,17.0,13.282575123432597,13.356195975873442,11.741666606651037,15.838330807771177,7.968310762225697,0.25239451591093065
fe380793-8035-414e-b000-09bfe5ece92a,p48,100.0,2.5,grid,73130975,1424555,71679554,21.0,25.061284126365063,24.991729164945543,24.129561648068115,27.947348064921307,23.478099851466286,0.18527184105183414
fe380793-8035-414e-b000-09bfe5ece92a,p48,100.0,3.5,grid,61349229,1424555,59897808,21.0,23.74322481653541,23.675795115390166,22.920121024041716,27.64639001781508,21.891238630889216,0.1854579696159805
fe380793-8035-414e-b000-09bfe5ece92a,p48,100.0,5.0,grid,48972767,1424555,47521346,21.0,21.87621557125878,21.795616610265892,21.07809826369971,26.93207905898735,19.789799742865494,0.18548423387888668
fe380793-8035-414e-b000-09bfe5ece92a,p48,100.0,7.0,grid,38355191,1424555,36903770,21.0,19.851617043170418,19.760607927208888,19.063599910325898,25.695656612564136,17.628633417750457,0.18460777027998732
fe380793-8035-414e-b000-09bfe5ece92a,p48,100.0,10.0,grid,28586498,1424555,27135077,21.0,17.602152563392252,17.49435937528945,16.810718733658785,23.833476099860825,15.272086800084558,0.1826841639490847
fe380793-8035-414e-b000-09bfe5ece92a,p48,100.0,14.0,grid,21031060,1424555,19579639,21.0,15.517872350213121,15.401899531954985,14.75023641153693,21.76810419704614,13.08315919257274,0.1803110135029471
1a276285-8b0e-4cc9-9f0a-a3a002978724,inf,100.0,2.5,grid,66288157,13136018,53129073,17.0,25.652212834409944,25.407655750261174,24.022067062378355,28.108872474488066,25.940310386924207,0.136201738461879
1a276285-8b0e-4cc9-9f0a-a3a002978724,inf,100.0,3.5,grid,58224925,13136018,45065841,17.0,24.39095532258591,24.062486847003008,22.866759287284076,27.837797470043405,24.325745402545863,0.13570181369393108
1a276285-8b0e-4cc9-9f0a-a3a002978724,inf,100.0,5.0,grid,49497581,13136018,36338497,17.0,22.530151765655027,22.153285208639595,21.063140511970982,27.19648238838554,22.155935723593302,0.13503455854793556
1a276285-8b0e-4cc9-9f0a-a3a002978724,inf,100.0,7.0,grid,41721120,13136018,28562036,17.0,20.451891309666998,20.034633036478112,19.064599983834913,26.097231633654925,19.92097785496149,0.13445234516570592
1a276285-8b0e-4cc9-9f0a-a3a002978724,inf,100.0,10.0,grid,34264811,13136018,21105727,17.0,18.096104781629954,17.65702203950673,16.770919895675625,24.407882704145795,17.48447482702225,0.1349762111682552
1a276285-8b0e-4cc9-9f0a-a3a002978724,inf,100.0,14.0,grid,28369883,13136018,15210799,17.0,15.926993050007017,15.483625647866209,14.59730228678747,22.470208635398457,15.253769993592805,0.13307816132927153
1e104bf4-7a24-4624-a5b2-c2c8289c0de7,inf,100.0,2.5,grid,67537575,13812022,53701081,17.0,25.478873224488773,25.573664160506063,24.53000425135665,27.613946371944472,20.915862113019642,0.0526740253592064
1e104bf4-7a24-4624-a5b2-c2c8289c0de7,inf,100.0,3.5,grid,59471225,13812022,45634731,17.0,24.14997497647416,24.229808618679307,23.337085001552765,27.366459513356528,19.11780176709278,0.05173006939913927
1e104bf4-7a24-4624-a5b2-c2c8289c0de7,inf,100.0,5.0,grid,50907387,13812022,37070893,17.0,22.23937762421182,22.294257982269166,21.574863602812364,26.760799323241514,16.796799319668754,0.050593812743097266
1e104bf4-7a24-4624-a5b2-c2c8289c0de7,inf,100.0,7.0,grid,43295130,13812022,29458636,17.0,20.144436673064675,20.178182497728464,19.567653204403054,25.65115292315156,14.475387285763574,0.049146034352330226
1e104bf4-7a24-4624-a5b2-c2c8289c0de7,inf,100.0,10.0,grid,36051920,13812022,22215426,17.0,17.78217625573869,17.808445271689678,17.29065673802659,23.89599578814209,11.995338967409952,0.04725076086521485
1e104bf4-7a24-4624-a5b2-c2c8289c0de7,inf,100.0,14.0,grid,30173857,13812022,16337363,17.0,15.52231926954406,15.526142794654866,15.062159554012304,21.812884560581743,9.666353249413541,0.04622133119789551
6638cfb3-3831-4fc2-9327-194b76cf22e1,inf,100.0,2.5,grid,47756784,10102134,37634700,15.0,24.943287280056616,24.946061815109623,24.556203380447215,32.638812811975086,19.16715149082317,0.028992032189864125
6638cfb3-3831-4fc2-9327-194b76cf22e1,inf,100.0,3.5,grid,41130491,10102134,31008407,15.0,23.564849493781974,23.579235439452525,23.21152000665146,32.26978612300997,17.550487650212247,0.028256535199440713
6638cfb3-3831-4fc2-9327-194b76cf22e1,inf,100.0,5.0,grid,34078565,10102134,23956481,15.0,21.62007508210518,21.63099197763279,21.2815399016654,31.41341868263219,15.366153505085956,0.030155011114323838
6638cfb3-3831-4fc2-9327-194b76cf22e1,inf,100.0,7.0,grid,28085309,10102134,17963225,15.0,19.572334663045833,19.581724275830926,19.223449610597136,30.009903319368263,13.175673944189256,0.031746764851770415
6638cfb3-3831-4fc2-9327-194b76cf22e1,inf,100.0,10.0,grid,22821743,10102134,12699659,15.0,17.40476875197341,17.41567348732624,17.04229609489367,28.01178820761953,10.938429474443689,0.03528818908963893
6638cfb3-3831-4fc2-9327-194b76cf22e1,inf,100.0,14.0,grid,19007045,10102134,8884961,15.0,15.455977896418956,15.467797610555493,15.069160467780094,25.908705270355593,8.96890496094623,0.03760749919044093
749cb2b7-e57e-4453-a794-f6230e4d0226,inf,100.0,2.5,grid,71694217,15480417,56187694,17.0,26.18653208317638,26.065754895084126,25.51118688268594,31.79156251868862,22.41177554196409,0.054979286601295585
749cb2b7-e57e-4453-a794-f6230e4d0226,inf,100.0,3.5,grid,62028655,15480417,46522132,17.0,24.977115400997913,24.837315319294824,24.323017925811737,31.53958796912487,20.85413735078173,0.05501758074076679
749cb2b7-e57e-4453-a794-f6230e4d0226,inf,100.0,5.0,grid,52238698,15480417,36732175,17.0,23.27183931869068,23.11789779155541,22.62268823776171,30.934685888494336,18.84458823611993,0.055263434488116325
749cb2b7-e57e-4453-a794-f6230e4d0226,inf,100.0,7.0,grid,44179481,15480417,28672958,17.0,21.44220182260848,21.259450338076057,20.751437634953586,29.85166591622729,16.848482902410492,0.054596899425839895
749cb2b7-e57e-4453-a794-f6230e4d0226,inf,100.0,10.0,grid,37064307,15480417,21557784,17.0,19.401123170767036,19.208999424320325,18.674924733005614,28.17993342035728,14.706715557210954,0.054576746297121725
749cb2b7-e57e-4453-a794-f6230e4d0226,inf,100.0,14.0,grid,31673610,15480417,16167087,17.0,17.437527221944787,17.24511200452211,16.70326631716919,26.284759931822773,12.668861975664054,0.054466181055952134
d7ec0892-0a6c-4f4f-9d8f-72083692af5c,inf,100.0,2.5,grid,89296842,18105367,71169929,25.0,21.310171283270485,21.637387733213224,17.41346795493722,21.29638375146785,18.58528809524121,0.3140079521112501
d7ec0892-0a6c-4f4f-9d8f-72083692af5c,inf,100.0,3.5,grid,77931895,18105367,59804982,25.0,20.123933498767784,20.467094260866144,16.27836217472628,21.080839508886612,17.114944479510537,0.31340540548280815
d7ec0892-0a6c-4f4f-9d8f-72083692af5c,inf,100.0,5.0,grid,65597624,18105367,47470711,25.0,18.33454824325368,18.67736231623424,14.495829661129001,20.552732717251622,15.072163099905962,0.3130269741816586
d7ec0892-0a6c-4f4f-9d8f-72083692af5c,inf,100.0,7.0,grid,54627532,18105367,36500619,25.0,16.32064173758392,16.658861510727114,12.47244352315783,19.595667564188105,12.90886985996371,0.31157837407217936
d7ec0892-0a6c-4f4f-9d8f-72083692af5c,inf,100.0,10.0,grid,44277213,18105367,26150300,25.0,14.040398978581257,14.388108440597698,10.180875750316945,18.09837570681883,10.536915127856993,0.3094116757428774
d7ec0892-0a6c-4f4f-9d8f-72083692af5c,inf,100.0,14.0,grid,36100532,18105367,17973619,25.0,11.913748268551576,12.223255524872389,8.134405109829256,16.460675541566033,8.357568550909383,0.3083267444644574
da8dfec1-d265-44e8-84ce-6ae9c109b8bd,inf,100.0,2.5,grid,76775405,16459623,60295832,24.0,19.45180257619912,19.47319502014899,18.916635269568808,25.27006831632474,15.862129967351319,0.038484180105728405
da8dfec1-d265-44e8-84ce-6ae9c109b8bd,inf,100.0,3.5,grid,65417636,16459623,48938063,24.0,18.309677817993336,18.32943744544001,17.81657909287285,24.8904427666532,14.55629625757783,0.03821738300083222
da8dfec1-d265-44e8-84ce-6ae9c109b8bd,inf,100.0,5.0,grid,53480422,16459623,37000849,24.0,16.613872697222398,16.625931558490354,16.15571018366794,24.07591161625955,12.706747353633428,0.03725979719506611
da8dfec1-d265-44e8-84ce-6ae9c109b8bd,inf,100.0,7.0,grid,43435036,16459623,26955463,24.0,14.764655711791308,14.761677657905182,14.318638965330498,22.854816877906504,10.744571589638525,0.037764314446752545
da8dfec1-d265-44e8-84ce-6ae9c109b8bd,inf,100.0,10.0,grid,34749877,16459623,18270304,24.0,12.749245744366943,12.742268865989494,12.311698961507188,21.268708941647407,8.613915531863165,0.038486227553897745
da8dfec1-d265-44e8-84ce-6ae9c109b8bd,inf,100.0,14.0,grid,28478535,16459623,11998962,24.0,10.919202521737784,10.914206627394504,10.502291995867088,19.605061256269817,6.699543120995265,0.036241934013052646
dab512bd-a02d-4c1f-8dbc-9155a163efc0,inf,100.0,2.5,grid,43728449,9966698,33744727,18.0,25.911274565628833,25.890569940535514,25.501326404588006,29.28128671453902,20.820860092861583,0.1480897339056163
dab512bd-a02d-4c1f-8dbc-9155a163efc0,inf,100.0,3.5,grid,37404880,9966698,27421158,18.0,24.485303737043807,24.45390360855702,24.077369321730732,28.82769113851291,18.976188274366528,0.14539653418263987
dab512bd-a02d-4c1f-8dbc-9155a163efc0,inf,100.0,5.0,grid,31246884,9966698,21263162,18.0,22.640350113699693,22.606090104502425,22.22005356362334,27.808030072499808,16.858558267400767,0.14360740452056042
dab512bd-a02d-4c1f-8dbc-9155a163efc0,inf,100.0,7.0,grid,26376189,9966698,16392467,18.0,20.766422797543477,20.735031300240323,20.36268459162825,26.1718243334198,14.954459643289155,0.14472207677313198
dab512bd-a02d-4c1f-8dbc-9155a163efc0,inf,100.0,10.0,grid,22216134,9966698,12232412,18.0,18.723723224704536,18.69289743040629,18.33231780808968,23.925736295277172,12.996735036397865,0.15235318070770343
dab512bd-a02d-4c1f-8dbc-9155a163efc0,inf,100.0,14.0,grid,19076014,9966698,9092292,18.0,16.773313209058053,16.745863928255723,16.400567737073985,21.63795903242512,11.04994353886785,0.1553542330410529
dc7e9403-19f7-409f-9240-05ee57cb7aea,inf,100.0,2.5,grid,94340015,19842780,74474207,26.0,23.4035579629371,22.929087765088056,22.348762369757864,27.989642016097754,20.367639232503873,0.10914579831817217
dc7e9403-19f7-409f-9240-05ee57cb7aea,inf,100.0,3.5,grid,81032909,19842780,61167101,26.0,22.104588286810312,21.586931763402365,21.004135528464452,27.507186318369005,18.894513106914218,0.10900307981649437
dc7e9403-19f7-409f-9240-05ee57cb7aea,inf,100.0,5.0,grid,67183427,19842780,47317619,26.0,20.26755850048003,19.71190370015161,19.139325701179892,26.488404785921887,16.91282053602614,0.1091293188655248
dc7e9403-19f7-409f-9240-05ee57cb7aea,inf,100.0,7.0,grid,55726396,19842780,35860588,26.0,18.343399810238964,17.76772163876148,17.19754433734335,24.996391735130118,14.912363724571321,0.10887051955303972
dc7e9403-19f7-409f-9240-05ee57cb7aea,inf,100.0,10.0,grid,45730825,19842780,25865017,26.0,16.249897748460683,15.636067271864956,15.07451695165225,23.070508337816285,12.752647164715047,0.10927036703874904
dc7e9403-19f7-409f-9240-05ee57cb7aea,inf,100.0,14.0,grid,38198676,19842780,18332868,26.0,14.293560782473095,13.692404463628193,13.094711083954623,21.14270608756687,10.733519029520544,0.1082694113325835
e8f9fba4-d151-4b00-bee7-447f0f3e752c,inf,100.0,2.5,grid,86462234,18550566,67888336,24.0,20.04849631500845,20.240080876134485,18.441695770330515,20.642698924105606,19.794677966479775,0.1877454017713427
e8f9fba4-d151-4b00-bee7-447f0f3e752c,inf,100.0,3.5,grid,74219224,18550566,55645326,24.0,18.852350085466604,19.06495455103886,17.24870455903208,20.45596389754231,18.146059328083677,0.18622676580584618
e8f9fba4-d151-4b00-bee7-447f0f3e752c,inf,100.0,5.0,grid,61403637,18550566,42829739,24.0,17.112365034969358,17.323221841879857,15.518186717107474,19.98313073889152,15.997113084499638,0.1838542862984326
e8f9fba4-d151-4b00-bee7-447f0f3e752c,inf,100.0,7.0,grid,50594095,18550566,32020197,24.0,15.223197085280802,15.378727601557653,13.659179455963216,19.069093668419125,13.832938696192308,0.17877568489259066
e8f9fba4-d151-4b00-bee7-447f0f3e752c,inf,100.0,10.0,grid,41044436,18550566,22470538,24.0,13.15947925811679,13.298267368106965,11.654285220908132,17.529062247748737,11.56164477277381,0.1707405345825881
e8f9fba4-d151-4b00-bee7-447f0f3e752c,inf,100.0,14.0,grid,34061404,18550566,15487506,24.0,11.28846934007128,11.409647382496587,9.890772477178482,15.708215844877916,9.559245275661514,0.15905131762954916
eebcaf65-7fa4-4118-869d-a084e84530e2,inf,100.0,2.5,grid,55201020,12466891,42712811,17.0,20.96486871062282,20.995924495382965,18.750072077087182,19.179623688622815,17.270094610054706,0.2674450257505743
eebcaf65-7fa4-4118-869d-a084e84530e2,inf,100.0,3.5,grid,46580022,12466891,34091813,17.0,19.87795544364272,19.926076749111935,17.78323719702289,19.07899494574082,15.60084500545017,0.26568846103166266
eebcaf65-7fa4-4118-869d-a084e84530e2,inf,100.0,5.0,grid,37914925,12466891,25426716,17.0,18.334098311915984,18.383182732697026,16.378889885433406,18.820339571114356,13.5289607692276,0.2632823153661398
eebcaf65-7fa4-4118-869d-a084e84530e2,inf,100.0,7.0,grid,30971123,12466891,18482914,17.0,16.688967493594202,16.764053007054933,14.906521792895619,18.285296165729747,11.56727925607131,0.2622879062380159
eebcaf65-7fa4-4118-869d-a084e84530e2,inf,100.0,10.0,grid,25270476,12466891,12782267,17.0,14.91759553611827,14.941877431457208,13.251775473702699,17.277759453796687,9.632735579299174,0.25626765245056293
eebcaf65-7fa4-4118-869d-a084e84530e2,inf,100.0,14.0,grid,21321782,12466891,8833573,17.0,13.290936642393463,13.364161250923495,11.747033469517351,15.932290704651455,7.968044810990157,0.25207306849651767
fe380793-8035-414e-b000-09bfe5ece92a,inf,100.0,2.5,grid,90879222,19172802,71679554,21.0,25.074746351509983,25.007060216756933,24.155326929202165,28.017204066526745,23.488575713651358,0.18532191692635258
fe380793-8035-414e-b000-09bfe5ece92a,inf,100.0,3.5,grid,79097476,19172802,59897808,21.0,23.752843283287085,23.68426533556002,22.92417102695349,27.710818623434168,21.89782699986562,0.18547706649314888
fe380793-8035-414e-b000-09bfe5ece92a,inf,100.0,5.0,grid,66721014,19172802,47521346,21.0,21.882074341539287,21.799257952124368,21.083097539557244,26.985116656266417,19.79315838783576,0.18551083762681442
fe380793-8035-414e-b000-09bfe5ece92a,inf,100.0,7.0,grid,56103438,19172802,36903770,21.0,19.85494948660516,19.76263826905111,19.065705038397667,25.733118057429,17.63020380043923,0.18461677617559524
fe380793-8035-414e-b000-09bfe5ece92a,inf,100.0,10.0,grid,46334745,19172802,27135077,21.0,17.603895135905553,17.495630741655667,16.812149331412467,23.8552594644825,15.272772927279462,0.1826948714831378
fe380793-8035-414e-b000-09bfe5ece92a,inf,100.0,14.0,grid,38779307,19172802,19579639,21.0,15.518794185292649,15.40242454503253,14.750781253160337,21.779745151829523,13.08347412193734,0.18033251566993658
1a276285-8b0e-4cc9-9f0a-a3a002978724,p48,70.0,2.5,grid,57085467,1238215,55824186,21.0,26.43970528996612,26.080222352821796,24.830386904807796,29.543810328027213,26.4157270138779,0.13591233883098797
1a276285-8b0e-4cc9-9f0a-a3a002978724,p48,70.0,3.5,grid,47435301,1238215,46174020,21.0,24.75937940789467,24.36095457469844,23.24045189208673,28.97702118042378,24.44816526398923,0.13546342919181842
1a276285-8b0e-4cc9-9f0a-a3a002978724,p48,70.0,5.0,grid,37949394,1238215,36688113,21.0,22.65207259472396,22.236451652761644,21.19969344477068,27.87433741793921,22.167025320933988,0.1349842635573011
1a276285-8b0e-4cc9-9f0a-a3a002978724,p48,70.0,7.0,grid,29924801,1238215,28663520,21.0,20.483658625147022,20.052038134069527,19.091648592026125,26.38025680386733,19.92142156880127,0.13427012816216088
1a276285-8b0e-4cc9-9f0a-a3a002978724,p48,70.0,10.0,grid,22388976,1238215,21127695,21.0,18.10031209507317,17.657474392320452,16.77771278766224,24.470644438961557,17.484532713699103,0.13435924343049388
1a276285-8b0e-4cc9-9f0a-a3a002978724,p48,70.0,14.0,grid,16475118,1238215,15213837,21.0,15.926916190095891,15.483061811696865,14.5966954248143,22.47345031556342,15.25378304009447,0.13309233601413584
1e104bf4-7a24-4624-a5b2-c2c8289c0de7,p48,70.0,2.5,grid,57635352,1283604,56327276,20.0,26.435557351496485,26.52370732744206,25.629667037786614,29.487034105964327,21.36744623105933,0.05298437976675463
1e104bf4-7a24-4624-a5b2-c2c8289c0de7,p48,70.0,3.5,grid,48141788,1283604,46833712,20.0,24.63045168127584,24.69181999972664,23.93487655744217,28.888644430870947,19.218242254571976,0.051828803393730305
1e104bf4-7a24-4624-a5b2-c2c8289c0de7,p48,70.0,5.0,grid,38841952,1283604,37533876,20.0,22.421062981175474,22.473097923684634,21.821670076055998,27.681977344945494,16.80471248175056,0.05104612847292811
1e104bf4-7a24-4624-a5b2-c2c8289c0de7,p48,70.0,7.0,grid,30926709,1283604,29618633,20.0,20.19872789788033,20.229038303250515,19.643160051206635,26.011551721415955,14.47563714506167,0.04920889464946887
1e104bf4-7a24-4624-a5b2-c2c8289c0de7,p48,70.0,10.0,grid,23558525,1283604,22250449,20.0,17.790415432936083,17.814874403651814,17.30389531490158,23.952648073188776,11.995389961221484,0.046918196627010134
1e104bf4-7a24-4624-a5b2-c2c8289c0de7,p48,70.0,14.0,grid,17650477,1283604,16342401,20.0,15.522383708852242,15.526906209933815,15.063123898830867,21.80955722432731,9.666387198641964,0.04598364702858393
6638cfb3-3831-4fc2-9327-194b76cf22e1,p48,70.0,2.5,grid,41097429,974595,40102884,19.0,25.942826780286264,25.966052918403435,25.59387301506059,34.796859335456965,19.923150119271472,0.027855271868070464
6638cfb3-3831-4fc2-9327-194b76cf22e1,p48,70.0,3.5,grid,33029091,974595,32034546,19.0,24.008994844452836,24.031137337703342,23.675312675507946,33.88898436055345,17.77163542013264,0.028314496454644122
6638cfb3-3831-4fc2-9327-194b76cf22e1,p48,70.0,5.0,grid,25260127,974595,24265582,19.0,21.755400790192134,21.77181779600431,21.424064858948896,32.25375246895793,15.391849544053123,0.03047617824973492
6638cfb3-3831-4fc2-9327-194b76cf22e1,p48,70.0,7.0,grid,19035186,974595,18040641,19.0,19.60439175703796,19.61478655876119,19.25684202655822,30.271144959082314,13.176507924247094,0.03155633222305909
6638cfb3-3831-4fc2-9327-194b76cf22e1,p48,70.0,10.0,grid,13706992,974595,12712447,19.0,17.408456478870068,17.419498059884305,17.044445708540724,28.04074899823615,10.938427742937657,0.03502515501499126
6638cfb3-3831-4fc2-9327-194b76cf22e1,p48,70.0,14.0,grid,9881032,974595,8886487,19.0,15.456103880149456,15.46770703590672,15.070288373056835,25.909195649034324,8.968905289184528,0.03756440330697408
749cb2b7-e57e-4453-a794-f6230e4d0226,p48,70.0,2.5,grid,61572933,1485324,60061503,23.0,27.140933583401843,27.008920682042397,26.51253055512869,34.01976436895839,22.947218909443965,0.0550156883880033
749cb2b7-e57e-4453-a794-f6230e4d0226,p48,70.0,3.5,grid,49617210,1485324,48105780,23.0,25.43372240402691,25.277065501935066,24.787142552490085,33.320856991044174,20.987233206528273,0.05527173538158159
749cb2b7-e57e-4453-a794-f6230e4d0226,p48,70.0,5.0,grid,38751061,1485324,37239631,23.0,23.4359379360208,23.260016045998118,22.758791524968334,31.987248052945226,18.856302630220966,0.05549407755678892
749cb2b7-e57e-4453-a794-f6230e4d0226,p48,70.0,7.0,grid,30330351,1485324,28818921,23.0,21.49052027292724,21.29567984240035,20.785080087281134,30.257454192216535,16.84883618778571,0.05469642151902576
749cb2b7-e57e-4453-a794-f6230e4d0226,p48,70.0,10.0,grid,23097911,1485324,21586481,23.0,19.409059496722577,19.215010967467965,18.683036307833152,28.24989591335548,14.70674182283547,0.05464131190804766
749cb2b7-e57e-4453-a794-f6230e4d0226,p48,70.0,14.0,grid,17683472,1485324,16172042,23.0,17.437942446540802,17.246671856034105,16.702846491843335,26.285866791848974,12.668878632725864,0.05444584531574681
d7ec0892-0a6c-4f4f-9d8f-72083692af5c,p48,70.0,2.5,grid,78306248,1777200,76507502,33.0,22.253290024865592,22.621157320892046,18.28631655470898,22.943699576475105,19.243335128358197,0.31485239127792264
d7ec0892-0a6c-4f4f-9d8f-72083692af5c,p48,70.0,3.5,grid,63636015,1777200,61837269,33.0,20.531984342334887,20.882361642984645,16.689028361575495,22.453511403706973,17.286341935333166,0.3144522081749396
d7ec0892-0a6c-4f4f-9d8f-72083692af5c,p48,70.0,5.0,grid,49859904,1777200,48061158,33.0,18.459511999833623,18.804873310161547,14.605036838970161,21.434295972742664,15.088509253829454,0.3139005034194655
d7ec0892-0a6c-4f4f-9d8f-72083692af5c,p48,70.0,7.0,grid,38470913,1777200,36672167,33.0,16.351504778997956,16.708284072029233,12.485486114816199,19.97087986882638,12.910283479639123,0.3125243998784678
d7ec0892-0a6c-4f4f-9d8f-72083692af5c,p48,70.0,10.0,grid,27986391,1777200,26187645,33.0,14.042701265862245,14.38995368702436,10.180720814929913,18.159157773215227,10.537423384888715,0.31045709081729955
d7ec0892-0a6c-4f4f-9d8f-72083692af5c,p48,70.0,14.0,grid,19778307,1777200,17979561,33.0,11.911953952462063,12.220697181983551,8.133054844412875,16.439173881121206,8.357814081822088,0.3090148655073104
da8dfec1-d265-44e8-84ce-6ae9c109b8bd,p48,70.0,2.5,grid,68625524,1706354,66899220,35.0,20.57715938739608,20.598822644990452,20.0905005393969,27.449301355038568,16.714158226529456,0.03821264862963136
da8dfec1-d265-44e8-84ce-6ae9c109b8bd,p48,70.0,3.5,grid,53149718,1706354,51423414,35.0,18.774642358338276,18.785057851620085,18.311264386734337,26.457308592413582,14.803888828196854,0.03844073877961063
da8dfec1-d265-44e8-84ce-6ae9c109b8bd,p48,70.0,5.0,grid,39332143,1706354,37605839,35.0,16.732643396721212,16.739037155373524,16.28865564118223,24.854982847095194,12.731936018906476,0.037363043083392555
da8dfec1-d265-44e8-84ce-6ae9c109b8bd,p48,70.0,7.0,grid,28805850,1706354,27079546,35.0,14.786359479145599,14.784208114485962,14.339931619278302,23.096185607836542,10.745196554435365,0.03782185307109864
da8dfec1-d265-44e8-84ce-6ae9c109b8bd,p48,70.0,10.0,grid,20015272,1706354,18288968,35.0,12.750172244424206,12.743557506835304,12.312681829711089,21.290161187516993,8.61390032401842,0.03826903333857268
da8dfec1-d265-44e8-84ce-6ae9c109b8bd,p48,70.0,14.0,grid,13728305,1706354,12002001,35.0,10.918255427701215,10.91322732358427,10.501659463352127,19.592174860327308,6.699557421297962,0.035921338876003905
dab512bd-a02d-4c1f-8dbc-9155a163efc0,p48,70.0,2.5,grid,36261410,911418,35332968,21.0,26.680327551336894,26.662251058996056,26.258895085631575,30.82846778353303,21.221272436797427,0.14915073334209727
dab512bd-a02d-4c1f-8dbc-9155a163efc0,p48,70.0,3.5,grid,29053540,911418,28125098,21.0,24.85554120685045,24.827497192322845,24.429175228203047,29.95779216551876,19.076865579292118,0.14468929211308357
dab512bd-a02d-4c1f-8dbc-9155a163efc0,p48,70.0,5.0,grid,22435711,911418,21507269,21.0,22.775207522746257,22.742189024251676,22.336292354864526,28.37588694958952,16.86854574661435,0.14001491723267723
dab512bd-a02d-4c1f-8dbc-9155a163efc0,p48,70.0,7.0,grid,17394663,911418,16466221,21.0,20.806388782427774,20.77023208709624,20.394360521763403,26.345857851766723,14.954693960821032,0.14121901357234823
dab512bd-a02d-4c1f-8dbc-9155a163efc0,p48,70.0,10.0,grid,13176282,911418,12247840,21.0,18.730524876481564,18.701392637288787,18.344886224907448,23.947166913099448,12.996727980790174,0.14923849064805583
dab512bd-a02d-4c1f-8dbc-9155a163efc0,p48,70.0,14.0,grid,10023270,911418,9094828,21.0,16.77373895800067,16.74632456305811,16.400286053353128,21.637773956627484,11.049948311701563,0.15314779084734398
dc7e9403-19f7-409f-9240-05ee57cb7aea,p48,70.0,2.5,grid,82153241,1887756,80242457,34.0,24.3391308538172,23.84134270168321,23.266058073521542,29.96890672419116,21.07790049641367,0.10927409407911826
dc7e9403-19f7-409f-9240-05ee57cb7aea,p48,70.0,3.5,grid,65170709,1887756,63259925,34.0,22.469502203946305,21.93030046775789,21.353305460857353,28.850877477908746,19.09343849804135,0.1090387616730617
dc7e9403-19f7-409f-9240-05ee57cb7aea,p48,70.0,5.0,grid,49680880,1887756,47770096,34.0,20.352810090102945,19.783465271296606,19.20597297728562,27.078684919126314,16.93183441413316,0.10911890349591125
dc7e9403-19f7-409f-9240-05ee57cb7aea,p48,70.0,7.0,grid,37848374,1887756,35937590,34.0,18.358213785668124,17.77967654590647,17.210021626573052,25.142867076177424,14.912657265018003,0.10895574325840152
dc7e9403-19f7-409f-9240-05ee57cb7aea,p48,70.0,10.0,grid,27787151,1887756,25876367,34.0,16.250539518407194,15.636007366429123,15.07410801309481,23.075412480124164,12.752585817324704,0.10918680787929869
dc7e9403-19f7-409f-9240-05ee57cb7aea,p48,70.0,14.0,grid,20245359,1887756,18334575,34.0,14.29300829404346,13.691903720394137,13.094332325715861,21.13432237349152,10.73349685891786,0.10821408830884172
e8f9fba4-d151-4b00-bee7-447f0f3e752c,p48,70.0,2.5,grid,74305525,1769404,72512789,31.0,20.90805737272804,21.12662001998155,19.20524658369321,22.097641498576863,20.246259336356495,0.18826424871429326
e8f9fba4-d151-4b00-bee7-447f0f3e752c,p48,70.0,3.5,grid,59361394,1769404,57568658,31.0,19.26786283844133,19.493466541961176,17.61329821792761,21.672829356788444,18.242372526938638,0.1866017872842859
e8f9fba4-d151-4b00-bee7-447f0f3e752c,p48,70.0,5.0,grid,45319057,1769404,43526321,31.0,17.267564004986422,17.49122229253163,15.651125701302286,20.752027900973985,16.004456353429074,0.1844641691418455
e8f9fba4-d151-4b00-bee7-447f0f3e752c,p48,70.0,7.0,grid,34052009,1769404,32259273,31.0,15.268589606725412,15.42596603307096,13.704825014602449,19.35993109033449,13.833868634998678,0.17944516120650744
e8f9fba4-d151-4b00-bee7-447f0f3e752c,p48,70.0,10.0,grid,24315216,1769404,22522480,31.0,13.163436584956097,13.301950678136402,11.659038356174666,17.539042519732234,11.562055496640866,0.170912905722316
e8f9fba4-d151-4b00-bee7-447f0f3e752c,p48,70.0,14.0,grid,17287200,1769404,15494464,31.0,11.285801453760701,11.40704699688059,9.886993438229672,15.672019606055262,9.55945604115501,0.1591993804832792
eebcaf65-7fa4-4118-869d-a084e84530e2,p48,70.0,2.5,grid,46761991,1224381,45516292,22.0,21.67637546185648,21.774570338470348,19.47307609719941,20.26449812565419,17.626245194551583,0.26784471846468927
eebcaf65-7fa4-4118-869d-a084e84530e2,p48,70.0,3.5,grid,36541029,1224381,35295330,22.0,20.26386258327188,20.30520265540867,18.209571925229902,20.067382260577155,15.685002432545081,0.26672495465809887
eebcaf65-7fa4-4118-869d-a084e84530e2,p48,70.0,5.0,grid,27141809,1224381,25896110,22.0,18.506274772719703,18.587272725284897,16.58832005009007,19.595075236934928,13.539775924114391,0.2647577117768021
eebcaf65-7fa4-4118-869d-a084e84530e2,p48,70.0,7.0,grid,19915521,1224381,18669822,22.0,16.754653619576892,16.825913269638434,14.991897050117206,18.744216738163914,11.569401440669324,0.262158590231934
eebcaf65-7fa4-4118-869d-a084e84530e2,p48,70.0,10.0,grid,14084489,1224381,12838790,22.0,14.931390127467939,14.973801450265567,13.289700304816932,17.415572480476097,9.633435549428919,0.2584315088770631
eebcaf65-7fa4-4118-869d-a084e84530e2,p48,70.0,14.0,grid,10093271,1224381,8847572,22.0,13.28903006835851,13.359911595924157,11.759073377837513,15.91951768506612,7.968302986433308,0.25225922949266943
fe380793-8035-414e-b000-09bfe5ece92a,p48,70.0,2.5,grid,77230141,1729434,75473841,26.0,25.935280862822047,25.882965939594254,25.156537124943434,29.741278769336276,24.06970325762564,0.18574381210572755
fe380793-8035-414e-b000-09bfe5ece92a,p48,70.0,3.5,grid,63297335,1729434,61541035,26.0,24.164878429798193,24.097734572093472,23.378048343644657,29.063454379013066,22.085608886803392,0.18577099840236488
fe380793-8035-414e-b000-09bfe5ece92a,p48,70.0,5.0,grid,49836877,1729434,48080577,26.0,22.024402633964474,21.93746528629497,21.24893704687268,27.754525040316622,19.824493014525192,0.18575627145369722
fe380793-8035-414e-b000-09bfe5ece92a,p48,70.0,7.0,grid,38821160,1729434,37064860,26.0,19.892352826781796,19.792387633267438,19.10112075447611,26.00483530989351,17.632849233294763,0.18483315320533888
fe380793-8035-414e-b000-09bfe5ece92a,p48,70.0,10.0,grid,28922610,1729434,27166310,26.0,17.60864965445109,17.503686701180456,16.818461805620405,23.8933646067707,15.2727666779134,0.18280746913564938
fe380793-8035-414e-b000-09bfe5ece92a,p48,70.0,14.0,grid,21340448,1729434,19584148,26.0,15.518473643131767,15.401926213345936,14.751592315175756,21.775441147656398,13.08330578332708,0.1803748758946243
1a276285-8b0e-4cc9-9f0a-a3a002978724,p32,100.0,2.5,grid,53842359,690220,53129073,17.0,25.615509520212882,25.377431779042368,23.98422912825146,27.90004044799785,25.941777155432927,0.13612572583594518
1a276285-8b0e-4cc9-9f0a-a3a002978724,p32,100.0,3.5,grid,45779127,690220,45065841,17.0,24.363841549127763,24.044217706090794,22.842072892116857,27.64368446643878,24.3266496951887,0.13565808066336071
1a276285-8b0e-4cc9-9f0a-a3a002978724,p32,100.0,5.0,grid,37051783,690220,36338497,17.0,22.51311805195271,22.143222544453156,21.0450711190555,27.034318813332817,22.156406095931413,0.13480969443846247
1a276285-8b0e-4cc9-9f0a-a3a002978724,p32,100.0,7.0,grid,29275322,690220,28562036,17.0,20.442053367253443,20.029557704314538,19.05880727160828,25.97845949208185,19.921214125325296,0.13432727415950518
1a276285-8b0e-4cc9-9f0a-a3a002978724,p32,100.0,10.0,grid,21819013,690220,21105727,17.0,18.09104493365821,17.65513787342336,16.75961038727772,24.33616879269732,17.48458292004908,0.13501481039444496
1a276285-8b0e-4cc9-9f0a-a3a002978724,p32,100.0,14.0,grid,15924085,690220,15210799,17.0,15.924367218058668,15.481241841945423,14.595309574004098,22.43111782852949,15.253811555155261,0.13299465863978044
1e104bf4-7a24-4624-a5b2-c2c8289c0de7,p32,100.0,2.5,grid,54431160,705607,53701081,17.0,25.43262805580079,25.541937817117528,24.44858411616277,27.405069407222747,20.914989385988516,0.05207243988325572
1e104bf4-7a24-4624-a5b2-c2c8289c0de7,p32,100.0,3.5,grid,46364810,705607,45634731,17.0,24.1164781552933,24.209359500679998,23.28107944722372,27.170543404371607,19.11774991985648,0.051254051889639496
1e104bf4-7a24-4624-a5b2-c2c8289c0de7,p32,100.0,5.0,grid,37800972,705607,37070893,17.0,22.218452814431963,22.279782276771456,21.520180594392862,26.593628919058094,16.797057132798024,0.050224964088227186
1e104bf4-7a24-4624-a5b2-c2c8289c0de7,p32,100.0,7.0,grid,30188715,705607,29458636,17.0,20.13216902415746,20.16861756260664,19.54242207325384,25.526806800924614,14.475640824727256,0.048730027686076705
1e104bf4-7a24-4624-a5b2-c2c8289c0de7,p32,100.0,10.0,grid,22945505,705607,22215426,17.0,17.77564868298036,17.803074371123223,17.279624919893624,23.819579555874867,11.995501899216208,0.046902171854515395
1e104bf4-7a24-4624-a5b2-c2c8289c0de7,p32,100.0,14.0,grid,17067442,705607,16337363,17.0,15.518855593113374,15.523721608701369,15.045232155820154,21.770914076708635,9.666444867466321,0.04593138280386333
6638cfb3-3831-4fc2-9327-194b76cf22e1,p32,100.0,2.5,grid,38182268,527618,37634700,15.0,24.93580695873593,24.938269173028434,24.548608569592936,32.59426189918225,19.166602004839433,0.027876294179635108
6638cfb3-3831-4fc2-9327-194b76cf22e1,p32,100.0,3.5,grid,31555975,527618,31008407,15.0,23.559540460277518,23.573086179365394,23.204697251542218,32.229282784712744,17.550209696177102,0.027513487756472665
6638cfb3-3831-4fc2-9327-194b76cf22e1,p32,100.0,5.0,grid,24504049,527618,23956481,15.0,21.61685262173467,21.62798942268782,21.278683413829786,31.381014513621558,15.366064060064065,0.02934568685762784
6638cfb3-3831-4fc2-9327-194b76cf22e1,p32,100.0,7.0,grid,18510793,527618,17963225,15.0,19.570487959360495,19.579988866354643,19.222066509652713,29.9876201160752,13.175665657209239,0.03090970683665406
6638cfb3-3831-4fc2-9327-194b76cf22e1,p32,100.0,10.0,grid,13247227,527618,12699659,15.0,17.403783989087124,17.4150706064678,17.041482874754458,27.998877561116267,10.938443796709823,0.034448881926090524
6638cfb3-3831-4fc2-9327-194b76cf22e1,p32,100.0,14.0,grid,9432529,527618,8884961,15.0,15.45543748953418,15.467258901533022,15.068583941451557,25.901519764275555,8.96891752647927,0.03695358000869897
749cb2b7-e57e-4453-a794-f6230e4d0226,p32,100.0,2.5,grid,56999858,786058,56187694,17.0,26.160924164837567,26.043560142271552,25.49526919658895,31.626673857350678,22.411836557352984,0.05461461897868902
749cb2b7-e57e-4453-a794-f6230e4d0226,p32,100.0,3.5,grid,47334296,786058,46522132,17.0,24.958214284146763,24.825639038488823,24.307475679752656,31.38520349689026,20.85443671240158,0.05492499264953632
749cb2b7-e57e-4453-a794-f6230e4d0226,p32,100.0,5.0,grid,37544339,786058,36732175,17.0,23.25963535356934,23.10949315183267,22.60790499265405,30.80312310917041,18.84495849669954,0.05507349891040747
749cb2b7-e57e-4453-a794-f6230e4d0226,p32,100.0,7.0,grid,29485122,786058,28672958,17.0,21.434674061136523,21.24904494389377,20.74487830875655,29.753228597105107,16.848770536782748,0.05435169770094528
749cb2b7-e57e-4453-a794-f6230e4d0226,p32,100.0,10.0,grid,22369948,786058,21557784,17.0,19.39683000006024,19.206299047998325,18.672198802688857,28.11753953127087,14.706890434103952,0.054187439138139726
749cb2b7-e57e-4453-a794-f6230e4d0226,p32,100.0,14.0,grid,16979251,786058,16167087,17.0,17.43505861025351,17.24351778716597,16.701530467685544,26.24780882931446,12.668959840670048,0.05379704992199108
d7ec0892-0a6c-4f4f-9d8f-72083692af5c,p32,100.0,2.5,grid,72101285,909810,71169929,25.0,21.145088569605445,21.507065645518736,17.167108429768575,20.524994042657756,18.579783791705257,0.31307719768985354
d7ec0892-0a6c-4f4f-9d8f-72083692af5c,p32,100.0,3.5,grid,60736338,909810,59804982,25.0,20.004955015076924,20.341821011878967,16.118048499956785,20.353672478741093,17.116760345719552,0.3127964589823554
d7ec0892-0a6c-4f4f-9d8f-72083692af5c,p32,100.0,5.0,grid,48402067,909810,47470711,25.0,18.261965165380484,18.577472363925757,14.408822345342902,19.926868140424407,15.075573622494137,0.31237832528395826
d7ec0892-0a6c-4f4f-9d8f-72083692af5c,p32,100.0,7.0,grid,37431975,909810,36500619,25.0,16.27995589065353,16.615152871025025,12.438620954516725,19.126115455393673,12.911035772250916,0.31094506665542465
d7ec0892-0a6c-4f4f-9d8f-72083692af5c,p32,100.0,10.0,grid,27081656,909810,26150300,25.0,14.020754261251449,14.36349179730132,10.174635105720508,17.816105138402875,10.5380047400362,0.3090174188660475
d7ec0892-0a6c-4f4f-9d8f-72083692af5c,p32,100.0,14.0,grid,18904975,909810,17973619,25.0,11.90459782386078,12.212324233713472,8.131705494180327,16.31330379520492,8.358128876643969,0.3082672204162855
da8dfec1-d265-44e8-84ce-6ae9c109b8bd,p32,100.0,2.5,grid,61142071,826289,60295832,24.0,19.36571785400906,19.41536603350234,18.837848569792897,24.74252893212702,15.84635676169136,0.03908180830969421
da8dfec1-d265-44e8-84ce-6ae9c109b8bd,p32,100.0,3.5,grid,49784302,826289,48938063,24.0,18.249026355751884,18.289625781240403,17.770211682866677,24.416059596839858,14.549413222554175,0.03877086434710342
da8dfec1-d265-44e8-84ce-6ae9c109b8bd,p32,100.0,5.0,grid,37847088,826289,37000849,24.0,16.578213689118428,16.605493243690024,16.136203072013142,23.70146263224118,12.705013205868436,0.03765125654405399
da8dfec1-d265-44e8-84ce-6ae9c109b8bd,p32,100.0,7.0,grid,27801702,826289,26955463,24.0,14.745354369063058,14.749507062728282,14.3090611991893,22.60124202683731,10.744288140568417,0.03791084792942623
da8dfec1-d265-44e8-84ce-6ae9c109b8bd,p32,100.0,10.0,grid,19116543,826289,18270304,24.0,12.73999080238113,12.737374379463366,12.297812109759187,21.127493157579682,8.61397303028424,0.03903807935144277
da8dfec1-d265-44e8-84ce-6ae9c109b8bd,p32,100.0,14.0,grid,12845201,826289,11998962,24.0,10.914760868217531,10.91165873285421,10.4994148303816,19.53481513724942,6.699635452098266,0.036184749085938495
dab512bd-a02d-4c1f-8dbc-9155a163efc0,p32,100.0,2.5,grid,34291052,529301,33744727,18.0,25.896187074269985,25.87484523087396,25.48836252761197,29.2029137567272,20.821710329169846,0.14699915140038355
dab512bd-a02d-4c1f-8dbc-9155a163efc0,p32,100.0,3.5,grid,27967483,529301,27421158,18.0,24.474544347708296,24.443041515901555,24.06738835677905,28.757815142549493,18.97674009458006,0.14373791396331448
dab512bd-a02d-4c1f-8dbc-9155a163efc0,p32,100.0,5.0,grid,21809487,529301,21263162,18.0,22.633490901720524,22.59934007177707,22.213271708003308,27.754311917558518,16.85885422623118,0.14129182487237024
dab512bd-a02d-4c1f-8dbc-9155a163efc0,p32,100.0,7.0,grid,16938792,529301,16392467,18.0,20.7621864571255,20.730470616071948,20.35945674320644,26.137013651525965,14.954613428797085,0.14172702616833976
dab512bd-a02d-4c1f-8dbc-9155a163efc0,p32,100.0,10.0,grid,12778737,529301,12232412,18.0,18.721335352998015,18.69058556393191,18.329772867771375,23.907166772664205,12.99681449998938,0.14929702111268917
dab512bd-a02d-4c1f-8dbc-9155a163efc0,p32,100.0,14.0,grid,9638617,529301,9092292,18.0,16.771994014826458,16.744509553114092,16.399563192996506,21.62859654842194,11.049982165296274,0.15347172687651744
dc7e9403-19f7-409f-9240-05ee57cb7aea,p32,100.0,2.5,grid,75490037,992802,74474207,26.0,23.345345427208912,22.875367502948315,22.28412530776838,27.628457185145887,20.355653524549602,0.1092225565873336
dc7e9403-19f7-409f-9240-05ee57cb7aea,p32,100.0,3.5,grid,62182931,992802,61167101,26.0,22.064079935741766,21.551089302505222,20.969914590828424,27.19020149546616,18.888062856892656,0.10908393072986555
dc7e9403-19f7-409f-9240-05ee57cb7aea,p32,100.0,5.0,grid,48333449,992802,47317619,26.0,20.24376251467354,19.690478952031505,19.11570302450795,26.24964140157781,16.910359021079447,0.10911620418644785
dc7e9403-19f7-409f-9240-05ee57cb7aea,p32,100.0,7.0,grid,36876418,992802,35860588,26.0,18.33008530805468,17.758339748976248,17.187430110417566,24.841726802454552,14.911523066902074,0.1087605180404656
dc7e9403-19f7-409f-9240-05ee57cb7aea,p32,100.0,10.0,grid,26880847,992802,25865017,26.0,16.24296215646953,15.631584282634998,15.06926690458571,22.985363405935892,12.752351859176006,0.10867117288189587
dc7e9403-19f7-409f-9240-05ee57cb7aea,p32,100.0,14.0,grid,19348698,992802,18332868,26.0,14.289778540722054,13.689902133662779,13.09164841540711,21.095790970623,10.733396299914187,0.10766993965576088
e8f9fba4-d151-4b00-bee7-447f0f3e752c,p32,100.0,2.5,grid,68834276,922608,67888336,24.0,19.933415378930327,20.1365413489587,18.314806598088172,20.114341391003457,19.803161647205734,0.18939166369752913
e8f9fba4-d151-4b00-bee7-447f0f3e752c,p32,100.0,3.5,grid,56591266,922608,55645326,24.0,18.766439855088578,18.98804623743536,17.148433930370594,19.953953521724653,18.152202654701473,0.1877293318568336
e8f9fba4-d151-4b00-bee7-447f0f3e752c,p32,100.0,5.0,grid,43775679,922608,42829739,24.0,17.05669488732494,17.271675888920818,15.457389314307163,19.542733592102127,16.000424864456132,0.1854830066596681
e8f9fba4-d151-4b00-bee7-447f0f3e752c,p32,100.0,7.0,grid,32966137,922608,32020197,24.0,15.189457654583132,15.35256494875793,13.619871339631159,18.730387048466525,13.83452245569218,0.1802045453241654
e8f9fba4-d151-4b00-bee7-447f0f3e752c,p32,100.0,10.0,grid,23416478,922608,22470538,24.0,13.141036986375202,13.285133765793287,11.637102106864727,17.317108886337493,11.562331979378751,0.17166885164934065
e8f9fba4-d151-4b00-bee7-447f0f3e752c,p32,100.0,14.0,grid,16433446,922608,15487506,24.0,11.278368884815006,11.401624397319594,9.880458184167647,15.59031340251474,9.559578027491359,0.15970973296802604
eebcaf65-7fa4-4118-869d-a084e84530e2,p32,100.0,2.5,grid,43378739,644610,42712811,17.0,20.800784016102092,20.844973916142862,18.593572673419196,18.57770617267686,17.292141658294753,0.27015876053609655
eebcaf65-7fa4-4118-869d-a084e84530e2,p32,100.0,3.5,grid,34757741,644610,34091813,17.0,19.7511356072309,19.7803752652434,17.64303644367533,18.494447104068357,15.615176225485158,0.2682284807166082
eebcaf65-7fa4-4118-869d-a084e84530e2,p32,100.0,5.0,grid,26092644,644610,25426716,17.0,18.246812357621042,18.30150111301357,16.275254029619937,18.278462768855604,13.536293935509345,0.26597171906113815
eebcaf65-7fa4-4118-869d-a084e84530e2,p32,100.0,7.0,grid,19148842,644610,18482914,17.0,16.631633914004468,16.697992260046355,14.79732872576211,17.82322096363162,11.570478848839485,0.2633760033021597
eebcaf65-7fa4-4118-869d-a084e84530e2,p32,100.0,10.0,grid,13448195,644610,12782267,17.0,14.882818400028853,14.922897579782129,13.207166453227323,16.94027123837588,9.633854590445095,0.25765173349948955
eebcaf65-7fa4-4118-869d-a084e84530e2,p32,100.0,14.0,grid,9499501,644610,8833573,17.0,13.270329316435085,13.341540037272523,11.734578472149561,15.71738644730187,7.968430060204934,0.2539991158121292
fe380793-8035-414e-b000-09bfe5ece92a,p32,100.0,2.5,grid,72669994,963574,71679554,21.0,25.016160392540932,24.955649685951084,24.086575843807164,27.722010360884646,23.465734980903854,0.1851313651604366
fe380793-8035-414e-b000-09bfe5ece92a,p32,100.0,3.5,grid,60888248,963574,59897808,21.0,23.710767790913472,23.652410732551367,22.878773555973503,27.43828531803631,21.88360582376155,0.1853218412367732
fe380793-8035-414e-b000-09bfe5ece92a,p32,100.0,5.0,grid,48511786,963574,47521346,21.0,21.856093624326405,21.77603079941501,21.062840292068973,26.759814094196614,19.78588035390208,0.18519720547442697
fe380793-8035-414e-b000-09bfe5ece92a,p32,100.0,7.0,grid,37894210,963574,36903770,21.0,19.839963130802452,19.747609357691765,19.056143656796067,25.572817473099427,17.626809183523207,0.1844736262468918
fe380793-8035-414e-b000-09bfe5ece92a,p32,100.0,10.0,grid,28125517,963574,27135077,21.0,17.596008017544353,17.485066471149814,16.80598164852713,23.7608576859368,15.271325660252899,0.1825976928862031
fe380793-8035-414e-b000-09bfe5ece92a,p32,100.0,14.0,grid,20570079,963574,19579639,21.0,15.514614083933534,15.39869171971213,14.748354634236136,21.72942254680176,13.082843056392662,0.18032606894128622
1a276285-8b0e-4cc9-9f0a-a3a002978724,p48,50.0,2.5,grid,58887652,1563354,57301232,27.0,26.847973650100393,26.50348524670904,25.278423613624735,31.028203874750243,26.531623897255002,0.13546101182171022
1a276285-8b0e-4cc9-9f0a-a3a002978724,p48,50.0,3.5,grid,48254818,1563354,46668398,27.0,24.909775389263675,24.491767659990394,23.43896035800003,29.926766794527055,24.45899989697276,0.1358811803865797
1a276285-8b0e-4cc9-9f0a-a3a002978724,p48,50.0,5.0,grid,38412231,1563354,36825811,27.0,22.692710911688607,22.25841147846331,21.27436043798711,28.283007731007856,22.16721631641932,0.13526122267761187
1a276285-8b0e-4cc9-9f0a-a3a002978724,p48,50.0,7.0,grid,30282732,1563354,28696312,27.0,20.491848214054468,20.053223682586783,19.110140873582836,26.502062357750535,19.92141499385279,0.13400307696603353
1a276285-8b0e-4cc9-9f0a-a3a002978724,p48,50.0,10.0,grid,22718005,1563354,21131585,27.0,18.101149607414897,17.657435966147712,16.77801450206463,24.489179726155527,17.484531555937423,0.13415910155983202
1a276285-8b0e-4cc9-9f0a-a3a002978724,p48,50.0,14.0,grid,16800857,1563354,15214437,27.0,15.926925293834646,15.483112422999625,14.596735028655681,22.47454296051034,15.253782293573634,0.1331852494577287
1e104bf4-7a24-4624-a5b2-c2c8289c0de7,p48,50.0,2.5,grid,59072981,1543846,57504663,25.0,26.832925404924538,26.909594013452285,26.083438755778932,30.995173858604307,21.431680824430295,0.05247104897627797
1e104bf4-7a24-4624-a5b2-c2c8289c0de7,p48,50.0,3.5,grid,48891222,1543846,47322904,25.0,24.79316967849524,24.848568280345837,24.14756073134157,29.86179807694795,19.2227327430872,0.051546772174638655
1e104bf4-7a24-4624-a5b2-c2c8289c0de7,p48,50.0,5.0,grid,39263885,1543846,37695567,25.0,22.467688308866713,22.504746426747865,21.87752796760079,28.06886422120373,16.804668085156884,0.05078709377164681
1e104bf4-7a24-4624-a5b2-c2c8289c0de7,p48,50.0,7.0,grid,31225460,1543846,29657142,25.0,20.20727489623107,20.231989580571053,19.65958716523987,26.09951299445371,14.475600409964308,0.04922090436433446
1e104bf4-7a24-4624-a5b2-c2c8289c0de7,p48,50.0,10.0,grid,23823592,1543846,22255274,25.0,17.790947169389838,17.814823273427443,17.304469875871295,23.96051579832615,11.99537905603802,0.04681380004853042
1e104bf4-7a24-4624-a5b2-c2c8289c0de7,p48,50.0,14.0,grid,17911064,1543846,16342746,25.0,15.522362358770327,15.526851840898374,15.063306313660858,21.809757912066317,9.666383278454658,0.04609214632809211
6638cfb3-3831-4fc2-9327-194b76cf22e1,p48,50.0,2.5,grid,42294212,1162725,41111537,23.0,26.339591380076534,26.360709223234263,25.974608444094965,36.33165621984715,20.091980851627866,0.0270369527194263
6638cfb3-3831-4fc2-9327-194b76cf22e1,p48,50.0,3.5,grid,33549725,1162725,32367050,23.0,24.140914811691534,24.16659854665857,23.787536749973867,34.73973888548479,17.790540191784967,0.028377683470530157
6638cfb3-3831-4fc2-9327-194b76cf22e1,p48,50.0,5.0,grid,25531239,1162725,24348564,23.0,21.78606329000036,21.797749766388993,21.448831621198,32.52273636585216,15.392250760131809,0.030350066036038514
6638cfb3-3831-4fc2-9327-194b76cf22e1,p48,50.0,7.0,grid,19239360,1162725,18056685,23.0,19.608942469002844,19.619999057776397,19.26141340829555,30.315990641922966,13.176501855213392,0.03155252968876454
6638cfb3-3831-4fc2-9327-194b76cf22e1,p48,50.0,10.0,grid,13897111,1162725,12714436,23.0,17.408676054982674,17.419476763704903,17.044417913718867,28.04320071264938,10.93842562264525,0.03492593104797603
6638cfb3-3831-4fc2-9327-194b76cf22e1,p48,50.0,14.0,grid,10069392,1162725,8886717,23.0,15.456107772170931,15.467700678981108,15.070285168178064,25.909214368723575,8.968904575701654,0.03743436618588036
749cb2b7-e57e-4453-a794-f6230e4d0226,p48,50.0,2.5,grid,63754610,1863027,61865477,29.0,27.55406680237604,27.395387119879757,26.902133773032137,35.86825404031211,23.073233309957686,0.055093948081042066
749cb2b7-e57e-4453-a794-f6230e4d0226,p48,50.0,3.5,grid,50575247,1863027,48686114,29.0,25.57925585611872,25.401583541719077,24.896396809869486,34.3905643033387,20.998795457737312,0.055436945770580226
749cb2b7-e57e-4453-a794-f6230e4d0226,p48,50.0,5.0,grid,39269822,1863027,37380689,29.0,23.471785861422525,23.292622165850187,22.7817177922103,32.33765034131635,18.85644819940717,0.05554378400041837
749cb2b7-e57e-4453-a794-f6230e4d0226,p48,50.0,7.0,grid,30734644,1863027,28845511,29.0,21.496087708539168,21.297845107547545,20.787270752519284,30.317544221019162,16.848824156974946,0.0547572223860876
749cb2b7-e57e-4453-a794-f6230e4d0226,p48,50.0,10.0,grid,23478262,1863027,21589129,29.0,19.409387082322006,19.21498013498379,18.683039637877,28.2535548823404,14.706741059676215,0.05464698454363737
749cb2b7-e57e-4453-a794-f6230e4d0226,p48,50.0,14.0,grid,18061503,1863027,16172370,29.0,17.43794028748588,17.24665468047603,16.7028456421156,26.285833660497797,12.668879471711215,0.05444365372226623
d7ec0892-0a6c-4f4f-9d8f-72083692af5c,p48,50.0,2.5,grid,80884249,2234481,78628222,42.0,22.608357739393306,22.95917550006198,18.598426986734573,24.089381274375583,19.39078714569535,0.3145923093541232
d7ec0892-0a6c-4f4f-9d8f-72083692af5c,p48,50.0,3.5,grid,64759281,2234481,62503254,42.0,20.65052541748672,21.003289364516327,16.779741526234794,23.237360343912677,17.301543391721484,0.3142022370161801
d7ec0892-0a6c-4f4f-9d8f-72083692af5c,p48,50.0,5.0,grid,50500002,2234481,48243975,42.0,18.488999821599293,18.83316374910493,14.615197268418582,21.774695245376012,15.089234134425649,0.31363462805760023
d7ec0892-0a6c-4f4f-9d8f-72083692af5c,p48,50.0,7.0,grid,38971105,2234481,36715078,42.0,16.35639678285193,16.701151034456185,12.486689405137186,20.053086756108833,12.910480365938199,0.3123879218462595
d7ec0892-0a6c-4f4f-9d8f-72083692af5c,p48,50.0,10.0,grid,28450336,2234481,26194309,42.0,14.042673566890791,14.390218716247569,10.180876246778464,18.159042462494117,10.53749876276056,0.3103385319788914
d7ec0892-0a6c-4f4f-9d8f-72083692af5c,p48,50.0,14.0,grid,20236242,2234481,17980215,42.0,11.911756783126288,12.219456045813073,8.133012814692322,16.43377911151394,8.357841194182097,0.30885930270916406
da8dfec1-d265-44e8-84ce-6ae9c109b8bd,p48,50.0,2.5,grid,71157058,2136579,69000529,43.0,20.887355519943164,20.900422393129436,20.44348219882008,28.66059460502835,16.88844705591218,0.038470889713519085
da8dfec1-d265-44e8-84ce-6ae9c109b8bd,p48,50.0,3.5,grid,54094537,2136579,51938008,43.0,18.853665450007572,18.86028328852404,18.415890933319634,27.081251207753063,14.823680965149924,0.03856591175127566
da8dfec1-d265-44e8-84ce-6ae9c109b8bd,p48,50.0,5.0,grid,39852985,2136579,37696456,43.0,16.745807229612502,16.746771592246724,16.29966787052909,25.045137998846805,12.732403887959274,0.03735353898505411
da8dfec1-d265-44e8-84ce-6ae9c109b8bd,p48,50.0,7.0,grid,29250185,2136579,27093656,43.0,14.787954130261253,14.78418057047221,14.343608223706108,23.130772043938993,10.745212917861807,0.03790799168560366
da8dfec1-d265-44e8-84ce-6ae9c109b8bd,p48,50.0,10.0,grid,20447375,2136579,18290846,43.0,12.75021531375743,12.743579350031894,12.312896200100244,21.29167242674872,8.613906140841603,0.03821230196006742
da8dfec1-d265-44e8-84ce-6ae9c109b8bd,p48,50.0,14.0,grid,14158835,2136579,12002306,43.0,10.918239040530043,10.913253938027825,10.501670095865439,19.591716204111687,6.6995596518471,0.035928026193526086
dab512bd-a02d-4c1f-8dbc-9155a163efc0,p48,50.0,2.5,grid,37191007,1060662,36113321,25.0,27.028701460731853,26.989538701270074,26.615385737389385,31.96537895898565,21.30534958738035,0.1483861448095004
dab512bd-a02d-4c1f-8dbc-9155a163efc0,p48,50.0,3.5,grid,29496642,1060662,28418956,25.0,24.989002368680588,24.958889423452483,24.548160841332177,30.577022854452327,19.08611643800803,0.1433284404407572
dab512bd-a02d-4c1f-8dbc-9155a163efc0,p48,50.0,5.0,grid,22668884,1060662,21591198,25.0,22.81145594097066,22.780431516902034,22.369553804675125,28.56954503558878,16.868797464976925,0.13945317420119363
dab512bd-a02d-4c1f-8dbc-9155a163efc0,p48,50.0,7.0,grid,17562160,1060662,16484474,25.0,20.81321538378606,20.77767246133415,20.399414287887314,26.379050446184436,14.954684647557787,0.14125916038587305
dab512bd-a02d-4c1f-8dbc-9155a163efc0,p48,50.0,10.0,grid,13328237,1060662,12250551,25.0,18.73108807387839,18.701374446805893,18.344866884433916,23.94924550782086,12.99672805005759,0.1490564197464883
dab512bd-a02d-4c1f-8dbc-9155a163efc0,p48,50.0,14.0,grid,10172700,1060662,9095014,25.0,16.77375540414936,16.746300611657944,16.40028151830184,21.637950842813293,11.049949229561546,0.15303633789679827
dc7e9403-19f7-409f-9240-05ee57cb7aea,p48,50.0,2.5,grid,84820091,2347809,82449254,43.0,24.65338067139031,24.154704508523015,23.57069694884662,31.15266835227708,21.256335792293783,0.10932640502265889
dc7e9403-19f7-409f-9240-05ee57cb7aea,p48,50.0,3.5,grid,66131048,2347809,63760211,43.0,22.542118813863784,21.990616094344173,21.42063522100375,29.36543669305411,19.112643949218466,0.10915230186274016
dc7e9403-19f7-409f-9240-05ee57cb7aea,p48,50.0,5.0,grid,50211955,2347809,47841118,43.0,20.362698106034244,19.78869150661025,19.214249558022807,27.191297610231906,16.932237668140797,0.10921383155353892
dc7e9403-19f7-409f-9240-05ee57cb7aea,p48,50.0,7.0,grid,38319099,2347809,35948262,43.0,18.359040281868573,17.780324285716805,17.210861626288704,25.15596255666367,14.91266350014734,0.10893913986627979
dc7e9403-19f7-409f-9240-05ee57cb7aea,p48,50.0,10.0,grid,28248568,2347809,25877731,43.0,16.25054464711017,15.63600139630269,15.074092674014437,23.076036802809586,12.752586673013568,0.10918009578949972
dc7e9403-19f7-409f-9240-05ee57cb7aea,p48,50.0,14.0,grid,20705693,2347809,18334856,43.0,14.292988930665015,13.691915543083491,13.09432442753735,21.13409972475397,10.733496979063554,0.10826549150297271
e8f9fba4-d151-4b00-bee7-447f0f3e752c,p48,50.0,2.5,grid,76874415,2228196,74622887,39.0,21.29947800062746,21.5191106848947,19.592062863302882,23.27301902190087,20.314983214594292,0.1884256962122799
e8f9fba4-d151-4b00-bee7-447f0f3e752c,p48,50.0,3.5,grid,60636989,2228196,58385461,39.0,19.42984118910333,19.658009041660954,17.78390931774971,22.49135195520391,18.246733225591424,0.18654996602693752
e8f9fba4-d151-4b00-bee7-447f0f3e752c,p48,50.0,5.0,grid,46038919,2228196,43787391,39.0,17.31580413501242,17.532699347300557,15.706069857970519,21.108527821327524,16.004702450255657,0.18457058874511056
e8f9fba4-d151-4b00-bee7-447f0f3e752c,p48,50.0,7.0,grid,34570399,2228196,32318871,39.0,15.277305592577605,15.43436573305572,13.716777812890326,19.43850172887523,13.834047696121107,0.1794599622407259
e8f9fba4-d151-4b00-bee7-447f0f3e752c,p48,50.0,10.0,grid,24780449,2228196,22528921,39.0,13.163603715826715,13.301914335077315,11.659456556686871,17.539966643261003,11.562132624082075,0.17088702771700037
e8f9fba4-d151-4b00-bee7-447f0f3e752c,p48,50.0,14.0,grid,17746808,2228196,15495280,39.0,11.28551052501267,11.406853721292961,9.886726394917767,15.668561245323966,9.559488417580361,0.15929471864870193
eebcaf65-7fa4-4118-869d-a084e84530e2,p48,50.0,2.5,grid,48757237,1596374,47139545,30.0,22.13412352292699,22.18476837540237,19.93784880909925,21.47337288273759,17.698296800246005,0.26616997334988435
eebcaf65-7fa4-4118-869d-a084e84530e2,p48,50.0,3.5,grid,37611803,1596374,35994111,30.0,20.495485556446624,20.5531249905985,18.47016106939868,21.079076015344874,15.692523016774489,0.2646838421452449
eebcaf65-7fa4-4118-869d-a084e84530e2,p48,50.0,5.0,grid,27790940,1596374,26173248,30.0,18.600161432193655,18.66707410355004,16.727952823566213,20.249231427205835,13.540551667201015,0.2639875139409732
eebcaf65-7fa4-4118-869d-a084e84530e2,p48,50.0,7.0,grid,20377695,1596374,18760003,30.0,16.783058352825975,16.860289330323855,15.027824555685195,19.02147404161028,11.569673510434788,0.26092868804229163
eebcaf65-7fa4-4118-869d-a084e84530e2,p48,50.0,10.0,grid,14474075,1596374,12856383,30.0,14.93513847734661,14.979108638373964,13.285618065192415,17.46276154374834,9.633527463512667,0.25816209203069806
eebcaf65-7fa4-4118-869d-a084e84530e2,p48,50.0,14.0,grid,10467666,1596374,8849974,30.0,13.288507394221405,13.358289334061428,11.75842048507816,15.914004934141218,7.96833055067982,0.25240292987422996
fe380793-8035-414e-b000-09bfe5ece92a,p48,50.0,2.5,grid,79751024,2177902,77546256,33.0,26.35672677506723,26.283888731436473,25.516573381950423,31.372778302946855,24.210226592305737,0.18548467129399038
fe380793-8035-414e-b000-09bfe5ece92a,p48,50.0,3.5,grid,64458769,2177902,62254001,33.0,24.31515522818927,24.228140994527347,23.501521394129707,30.0155081523916,22.10534903654757,0.18567054435501062
fe380793-8035-414e-b000-09bfe5ece92a,p48,50.0,5.0,grid,50469184,2177902,48264416,33.0,22.060775730722163,21.980654803335234,21.27209679524487,28.08207155041703,19.826291282828997,0.18557222796498596
fe380793-8035-414e-b000-09bfe5ece92a,p48,50.0,7.0,grid,39304401,2177902,37099633,33.0,19.898123828011723,19.796165223617418,19.10418149960386,26.074594043538536,17.633072049997466,0.18486083441954304
fe380793-8035-414e-b000-09bfe5ece92a,p48,50.0,10.0,grid,29375591,2177902,27170823,33.0,17.609053490023456,17.503777202909124,16.817855574483037,23.90195687501744,15.272717610528623,0.18281603833871862
fe380793-8035-414e-b000-09bfe5ece92a,p48,50.0,14.0,grid,21789447,2177902,19584679,33.0,15.518477314255097,15.401936424554137,14.7518530089274,21.776196502396576,13.083260098423926,0.18037955488144042
1a276285-8b0e-4cc9-9f0a-a3a002978724,p32,70.0,2.5,grid,56686615,839363,55824186,21.0,26.37992423122219,26.053423191869705,24.77920725203595,29.147335618255834,26.416874231287977,0.13589204131125077
1a276285-8b0e-4cc9-9f0a-a3a002978724,p32,70.0,3.5,grid,47036449,839363,46174020,21.0,24.720862786123586,24.340012704385295,23.22308772029367,28.637350570761594,24.449084623595567,0.13546155843801555
1a276285-8b0e-4cc9-9f0a-a3a002978724,p32,70.0,5.0,grid,37550542,839363,36688113,21.0,22.630750010389615,22.22674403489642,21.180987039034733,27.627553733892857,22.167505944777155,0.13477091293240562
1a276285-8b0e-4cc9-9f0a-a3a002978724,p32,70.0,7.0,grid,29525949,839363,28663520,21.0,20.47272161989628,20.048001955604793,19.08588945501403,26.226923933370507,19.92165961703102,0.1339684897939286
1a276285-8b0e-4cc9-9f0a-a3a002978724,p32,70.0,10.0,grid,21990124,839363,21127695,21.0,18.095408050890235,17.656177531629375,16.77335161157163,24.39337472816252,17.484657448084935,0.13452656538088437
1a276285-8b0e-4cc9-9f0a-a3a002978724,p32,70.0,14.0,grid,16076266,839363,15213837,21.0,15.924620426099686,15.481277309550585,14.59524582926866,22.4370721465319,15.253841685523199,0.13296497284028896
1e104bf4-7a24-4624-a5b2-c2c8289c0de7,p32,70.0,2.5,grid,57219328,867580,56327276,20.0,26.365774892089014,26.477654597534645,25.50878583644629,29.135869438951147,21.3603859495796,0.0526846421453574
1e104bf4-7a24-4624-a5b2-c2c8289c0de7,p32,70.0,3.5,grid,47725764,867580,46833712,20.0,24.5864636345007,24.66532403012403,23.861966651892697,28.588434487577747,19.21509059212452,0.05158749346555547
1e104bf4-7a24-4624-a5b2-c2c8289c0de7,p32,70.0,5.0,grid,38425928,867580,37533876,20.0,22.39665824139164,22.4569774869037,21.77284744452353,27.465790205835102,16.803421835514307,0.05072441147701934
1e104bf4-7a24-4624-a5b2-c2c8289c0de7,p32,70.0,7.0,grid,30510685,867580,29618633,20.0,20.185709279651995,20.220287832477155,19.630247890831924,25.87793355983079,14.475107355344237,0.04888503331952021
1e104bf4-7a24-4624-a5b2-c2c8289c0de7,p32,70.0,10.0,grid,23142501,867580,22250449,20.0,17.78402493194107,17.810703795683967,17.294896326371806,23.88124227349963,11.995185689571013,0.046835901917653966
1e104bf4-7a24-4624-a5b2-c2c8289c0de7,p32,70.0,14.0,grid,17234453,867580,16342401,20.0,15.519107678034112,15.524296766239068,15.046204051628909,21.772334117556525,9.666301997108869,0.04606436829307903
6638cfb3-3831-4fc2-9327-194b76cf22e1,p32,70.0,2.5,grid,40779763,656929,40102884,19.0,25.932976561421516,25.95947233617292,25.586708957417226,34.71933765592246,19.92272017259457,0.02726896655267519
6638cfb3-3831-4fc2-9327-194b76cf22e1,p32,70.0,3.5,grid,32711425,656929,32034546,19.0,24.003016751487355,24.025027329755623,23.668590066037996,33.827678574120235,17.771536299891352,0.027455398610998882
6638cfb3-3831-4fc2-9327-194b76cf22e1,p32,70.0,5.0,grid,24942461,656929,24265582,19.0,21.752159829627185,21.769097514507102,21.418309377479048,32.21411943989354,15.391858577005852,0.029522955866357337
6638cfb3-3831-4fc2-9327-194b76cf22e1,p32,70.0,7.0,grid,18717520,656929,18040641,19.0,19.602658179307536,19.613124412211214,19.255026440462167,30.248298961797783,13.176545976695067,0.030665840485781914
6638cfb3-3831-4fc2-9327-194b76cf22e1,p32,70.0,10.0,grid,13389326,656929,12712447,19.0,17.4075647507686,17.41893102781572,17.04331982682012,28.028522500432487,10.938463434498729,0.03424311941141933
6638cfb3-3831-4fc2-9327-194b76cf22e1,p32,70.0,14.0,grid,9563366,656929,8886487,19.0,15.45561401885305,15.467239818050507,15.069798438115857,25.902460149594283,8.968927627662145,0.03689712002103418
749cb2b7-e57e-4453-a794-f6230e4d0226,p32,70.0,2.5,grid,61091608,1003999,60061503,23.0,27.102717708344635,26.982924019325143,26.480024416494288,33.71107660436948,22.94491643581868,0.05492702328955612
749cb2b7-e57e-4453-a794-f6230e4d0226,p32,70.0,3.5,grid,49135885,1003999,48105780,23.0,25.409828154947554,25.262404320036005,24.762172718892696,33.063420815336876,20.986917804853018,0.05515340395217572
749cb2b7-e57e-4453-a794-f6230e4d0226,p32,70.0,5.0,grid,38269736,1003999,37239631,23.0,23.422297674801786,23.247810055896515,22.748600326106768,31.807297581632813,18.856485337947866,0.055338245103185746
749cb2b7-e57e-4453-a794-f6230e4d0226,p32,70.0,7.0,grid,29849026,1003999,28818921,23.0,21.482777692548343,21.29192483271808,20.780120159490085,30.146646874671422,16.849024474162952,0.05444737796204202
749cb2b7-e57e-4453-a794-f6230e4d0226,p32,70.0,10.0,grid,22616586,1003999,21586481,23.0,19.404890345001057,19.212570471089027,18.680528020787165,28.187836169719887,14.706865039686683,0.05421460510522225
749cb2b7-e57e-4453-a794-f6230e4d0226,p32,70.0,14.0,grid,17202147,1003999,16172042,23.0,17.435611892604292,17.245230913648435,16.70151955884604,26.250619542569943,12.668953971252577,0.05383959966849572
d7ec0892-0a6c-4f4f-9d8f-72083692af5c,p32,70.0,2.5,grid,77731419,1202371,76507502,33.0,21.819338327719706,22.144881668826578,17.93164080124731,21.126194685974923,19.13902113365213,0.31448435802081165
d7ec0892-0a6c-4f4f-9d8f-72083692af5c,p32,70.0,3.5,grid,63061186,1202371,61837269,33.0,20.29420885365317,20.63539051258222,16.352250258701545,20.845792335799356,17.271608097054635,0.3140910008345399
d7ec0892-0a6c-4f4f-9d8f-72083692af5c,p32,70.0,5.0,grid,49285075,1202371,48061158,33.0,18.34260311106523,18.665869764048026,14.453671923514149,20.213982049265034,15.091539170291197,0.3138339378699647
d7ec0892-0a6c-4f4f-9d8f-72083692af5c,p32,70.0,7.0,grid,37896084,1202371,36672167,33.0,16.295613034125132,16.642361698437455,12.441747451949157,19.196231772232043,12.912431811180088,0.31216711825772414
d7ec0892-0a6c-4f4f-9d8f-72083692af5c,p32,70.0,10.0,grid,27411562,1202371,26187645,33.0,14.019532403349203,14.364998869377521,10.177213575212402,17.768421129142883,10.538390715277178,0.310107318348785
d7ec0892-0a6c-4f4f-9d8f-72083692af5c,p32,70.0,14.0,grid,19203478,1202371,17979561,33.0,11.902553256031823,12.212777456880277,8.131846712946542,16.262672009713807,8.358269764472313,0.30883735713219573
da8dfec1-d265-44e8-84ce-6ae9c109b8bd,p32,70.0,2.5,grid,68076777,1157607,66899220,35.0,20.188379396459652,20.338182036333873,19.652306062927448,25.393811384617067,16.561140469124336,0.03883921244009503
da8dfec1-d265-44e8-84ce-6ae9c109b8bd,p32,70.0,3.5,grid,52600971,1157607,51423414,35.0,18.590652233677062,18.67080633749441,18.124489241241196,24.837112821560943,14.772852189510786,0.03883782381881351
da8dfec1-d265-44e8-84ce-6ae9c109b8bd,p32,70.0,5.0,grid,38783396,1157607,37605839,35.0,16.655279772690477,16.71147912142011,16.199030199621312,23.80792366380512,12.731178559383752,0.037794894863342976
da8dfec1-d265-44e8-84ce-6ae9c109b8bd,p32,70.0,7.0,grid,28257103,1157607,27079546,35.0,14.751526051816018,14.7724189240738,14.327135717154384,22.503754775072828,10.745956554558207,0.037785312446454666
da8dfec1-d265-44e8-84ce-6ae9c109b8bd,p32,70.0,10.0,grid,19466525,1157607,18288968,35.0,12.735360316986688,12.739345600077169,12.286665968133663,21.00282763621521,8.614295919233422,0.03864218901925787
da8dfec1-d265-44e8-84ce-6ae9c109b8bd,p32,70.0,14.0,grid,13179558,1157607,12002001,35.0,10.911811316338673,10.91088830454932,10.487765776758245,19.46037203079961,6.699763669948555,0.03640315630120117
dab512bd-a02d-4c1f-8dbc-9155a163efc0,p32,70.0,2.5,grid,35965400,615408,35332968,21.0,26.665075700975166,26.649414048921443,26.2445382213007,30.73932607321206,21.222092787942806,0.14838762590660826
dab512bd-a02d-4c1f-8dbc-9155a163efc0,p32,70.0,3.5,grid,28757530,615408,28125098,21.0,24.84577461752003,24.81807264499455,24.42079255521237,29.886677108498763,19.077375145123863,0.1435195204738423
dab512bd-a02d-4c1f-8dbc-9155a163efc0,p32,70.0,5.0,grid,22139701,615408,21507269,21.0,22.769463764789318,22.73585495041441,22.331442346349366,28.329108396383695,16.868804275592545,0.13883677443135145
dab512bd-a02d-4c1f-8dbc-9155a163efc0,p32,70.0,7.0,grid,17098653,615408,16466221,21.0,20.80302157461268,20.766704961763388,20.392265160718306,26.31900372842876,14.954823256121333,0.13973430236817652
dab512bd-a02d-4c1f-8dbc-9155a163efc0,p32,70.0,10.0,grid,12880272,615408,12247840,21.0,18.728684284979916,18.699538991587993,18.34306139582651,23.933636117475906,12.996793741156946,0.14752187756449076
dab512bd-a02d-4c1f-8dbc-9155a163efc0,p32,70.0,14.0,grid,9727260,615408,9094828,21.0,16.77272976110129,16.745209432237132,16.399576664021666,21.63100069046774,11.049980651009326,0.15300661775484237
dc7e9403-19f7-409f-9240-05ee57cb7aea,p32,70.0,2.5,grid,81545979,1280494,80242457,34.0,24.106793552634077,23.583031009764298,22.90422786395804,29.048300668284565,20.942207840274286,0.10934116321579479
dc7e9403-19f7-409f-9240-05ee57cb7aea,p32,70.0,3.5,grid,64563447,1280494,63259925,34.0,22.377616273751908,21.82901863923164,21.23468016062551,28.20789236592738,19.061361165444612,0.10909194306506409
dc7e9403-19f7-409f-9240-05ee57cb7aea,p32,70.0,5.0,grid,49073618,1280494,47770096,34.0,20.322045933477085,19.74877945121122,19.177141328520477,26.737088488347133,16.928333133619166,0.10914027310584695
dc7e9403-19f7-409f-9240-05ee57cb7aea,p32,70.0,7.0,grid,37241112,1280494,35937590,34.0,18.34523174007853,17.770059593427188,17.195995973969215,24.980375449910834,14.911986307149363,0.10883985277818575
dc7e9403-19f7-409f-9240-05ee57cb7aea,p32,70.0,10.0,grid,27179889,1280494,25876367,34.0,16.244519377459397,15.632671372555208,15.069997322182486,23.00081464449598,12.752349143070017,0.10868451099687126
dc7e9403-19f7-409f-9240-05ee57cb7aea,p32,70.0,14.0,grid,19638097,1280494,18334575,34.0,14.289818476973181,13.689863889514903,13.091927408426278,21.095759759562643,10.733392533980691,0.1077092812958429
e8f9fba4-d151-4b00-bee7-447f0f3e752c,p32,70.0,2.5,grid,73733874,1197753,72512789,31.0,20.709928048470083,20.987327438329906,19.023365157437286,21.322313046716417,20.23060333678922,0.1894927078858637
e8f9fba4-d151-4b00-bee7-447f0f3e752c,p32,70.0,3.5,grid,58789743,1197753,57568658,31.0,19.150137316851655,19.394776106125242,17.480599937504547,20.99256402801351,18.244044115059044,0.18782323173140414
e8f9fba4-d151-4b00-bee7-447f0f3e752c,p32,70.0,5.0,grid,44747406,1197753,43526321,31.0,17.20600958369239,17.430707044267084,15.590879313072492,20.245935721062935,16.00677012568163,0.18551499963261608
e8f9fba4-d151-4b00-bee7-447f0f3e752c,p32,70.0,7.0,grid,33480358,1197753,32259273,31.0,15.237920529085612,15.400593003226415,13.670008809548273,19.0478994026298,13.83498526535503,0.18035437472455107
e8f9fba4-d151-4b00-bee7-447f0f3e752c,p32,70.0,10.0,grid,23743565,1197753,22522480,31.0,13.149269154685701,13.292474123005022,11.646301551412511,17.37838914577798,11.5625233357408,0.1718662327883792
e8f9fba4-d151-4b00-bee7-447f0f3e752c,p32,70.0,14.0,grid,16715549,1197753,15494464,31.0,11.27863733164105,11.401959583004023,9.880854995172475,15.58960297718648,9.559665251141231,0.1597226569159652
eebcaf65-7fa4-4118-869d-a084e84530e2,p32,70.0,2.5,grid,46366890,829280,45516292,22.0,21.454274308683914,21.568545845194418,19.229804116474764,19.539325799529458,17.620154117599963,0.2721932975049285
eebcaf65-7fa4-4118-869d-a084e84530e2,p32,70.0,3.5,grid,36145928,829280,35295330,22.0,20.114480700385435,20.202802775371325,18.027142453001307,19.384182807658394,15.688901173907837,0.2714066564279576
eebcaf65-7fa4-4118-869d-a084e84530e2,p32,70.0,5.0,grid,26746708,829280,25896110,22.0,18.415952526218685,18.47179851327741,16.467690338158253,19.005029566840058,13.543459818945593,0.26878637707881625
eebcaf65-7fa4-4118-869d-a084e84530e2,p32,70.0,7.0,grid,19520420,829280,18669822,22.0,16.701815576271485,16.778528560625535,14.919397268406609,18.29669841888386,11.571187644498774,0.2659751868107626
eebcaf65-7fa4-4118-869d-a084e84530e2,p32,70.0,10.0,grid,13689388,829280,12838790,22.0,14.903134964858097,14.930865392356766,13.240488071886261,17.136234814859495,9.63404005087494,0.26223994989458665
eebcaf65-7fa4-4118-869d-a084e84530e2,p32,70.0,14.0,grid,9698170,829280,8847572,22.0,13.273884762817715,13.345760101085595,11.746880418836811,15.76310299489821,7.968488593281046,0.2556144092674304
fe380793-8035-414e-b000-09bfe5ece92a,p32,70.0,2.5,grid,76670844,1170137,75473841,26.0,25.851692203978235,25.833546754703484,25.042924625670675,29.205691282498847,24.042219786859885,0.18545564450191188
fe380793-8035-414e-b000-09bfe5ece92a,p32,70.0,3.5,grid,62738038,1170137,61541035,26.0,24.112756540239207,24.04988654230021,23.310516040148475,28.613377467243993,22.070883288956054,0.18552583976845116
fe380793-8035-414e-b000-09bfe5ece92a,p32,70.0,5.0,grid,49277580,1170137,48080577,26.0,21.99576848508602,21.905825259013525,21.2171105990356,27.437397293411436,19.817485250253505,0.18542335744217775
fe380793-8035-414e-b000-09bfe5ece92a,p32,70.0,7.0,grid,38261863,1170137,37064860,26.0,19.87722819599202,19.780826721050563,19.093061415309595,25.81405427137173,17.629556303656607,0.18452925884353577
fe380793-8035-414e-b000-09bfe5ece92a,p32,70.0,10.0,grid,28363313,1170137,27166310,26.0,17.601277571284598,17.492448641344744,16.81388881054036,23.795058591792554,15.271325410550594,0.18257435504227826
fe380793-8035-414e-b000-09bfe5ece92a,p32,70.0,14.0,grid,20781151,1170137,19584148,26.0,15.514825558652385,15.398922253910879,14.749427294331408,21.728688843785967,13.08268755317516,0.18026496749841248
1a276285-8b0e-4cc9-9f0a-a3a002978724,p32,50.0,2.5,grid,58383030,1058732,57301232,27.0,26.731611599453238,26.46556282288829,25.171732069031155,30.09278545877016,26.532790902895545,0.13608269703277842
1a276285-8b0e-4cc9-9f0a-a3a002978724,p32,50.0,3.5,grid,47750196,1058732,46668398,27.0,24.843882251796806,24.4750855338459,23.345154864866394,29.22527516646941,24.46051753493341,0.1362024935929972
1a276285-8b0e-4cc9-9f0a-a3a002978724,p32,50.0,5.0,grid,37907609,1058732,36825811,27.0,22.660276614737814,22.25084430052759,21.2303583989157,27.85163936880535,22.167934150931234,0.13516545168929173
1a276285-8b0e-4cc9-9f0a-a3a002978724,p32,50.0,7.0,grid,29778110,1058732,28696312,27.0,20.477025049471337,20.050222506788963,19.087282659411425,26.272367027327785,19.92175586985529,0.13382155756293568
1a276285-8b0e-4cc9-9f0a-a3a002978724,p32,50.0,10.0,grid,22213383,1058732,21131585,27.0,18.09528444911875,17.656179266797892,16.770912260655095,24.390515791077156,17.484692029603668,0.13491511023261482
1a276285-8b0e-4cc9-9f0a-a3a002978724,p32,50.0,14.0,grid,16296235,1058732,15214437,27.0,15.924427567754755,15.481696154140927,14.595554692323036,22.433067415703682,15.253852178958216,0.13318078212025342
1e104bf4-7a24-4624-a5b2-c2c8289c0de7,p32,50.0,2.5,grid,58572643,1043508,57504663,25.0,26.72486220564962,26.852257312742722,25.914229385273117,30.25501710148063,21.421873814177967,0.05223986171054207
1e104bf4-7a24-4624-a5b2-c2c8289c0de7,p32,50.0,3.5,grid,48390884,1043508,47322904,25.0,24.731831628262377,24.819292338231087,24.026227170794414,29.304804970464886,19.21912242524915,0.05122500700772248
1e104bf4-7a24-4624-a5b2-c2c8289c0de7,p32,50.0,5.0,grid,38763547,1043508,37695567,25.0,22.436630723055863,22.492122119450734,21.82027040628381,27.72556101247618,16.803282191876768,0.050830647355236014
1e104bf4-7a24-4624-a5b2-c2c8289c0de7,p32,50.0,7.0,grid,30725122,1043508,29657142,25.0,20.191726772105014,20.224947494437373,19.64548511518827,25.905977606196245,14.475038859413354,0.04941238059927355
1e104bf4-7a24-4624-a5b2-c2c8289c0de7,p32,50.0,10.0,grid,23323254,1043508,22255274,25.0,17.78352391847523,17.811164027682434,17.296276271542915,23.85954362153583,11.995160901944942,0.04705955226390812
1e104bf4-7a24-4624-a5b2-c2c8289c0de7,p32,50.0,14.0,grid,17410726,1043508,16342746,25.0,15.51856059695776,15.524708938383405,15.045616117830814,21.756389080441917,9.666292684649708,0.04632530078423891
6638cfb3-3831-4fc2-9327-194b76cf22e1,p32,50.0,2.5,grid,41915982,784495,41111537,23.0,26.326331614039567,26.347452974185895,25.963392147078146,36.19197540671369,20.09174335110679,0.026201589639288536
6638cfb3-3831-4fc2-9327-194b76cf22e1,p32,50.0,3.5,grid,33171495,784495,32367050,23.0,24.13360061000066,24.159201630846137,23.777737392634013,34.6473794902278,17.7906130647099,0.027462012634615895
6638cfb3-3831-4fc2-9327-194b76cf22e1,p32,50.0,5.0,grid,25153009,784495,24348564,23.0,21.78232917320054,21.794236194744734,21.44434889938794,32.47206570560561,15.392347026514281,0.029329565939255398
6638cfb3-3831-4fc2-9327-194b76cf22e1,p32,50.0,7.0,grid,18861130,784495,18056685,23.0,19.607006827489176,19.61868329508923,19.258500671136503,30.288920356236734,13.176584914232174,0.030654043309218393
6638cfb3-3831-4fc2-9327-194b76cf22e1,p32,50.0,10.0,grid,13518881,784495,12714436,23.0,17.407687288924322,17.418916547719665,17.04318164338583,28.02896641999436,10.9384841209157,0.033987351615566985
6638cfb3-3831-4fc2-9327-194b76cf22e1,p32,50.0,14.0,grid,9691162,784495,8886717,23.0,15.4555594193359,15.467228717658932,15.069734397659234,25.901327851202595,8.968937310721,0.03667508582709633
749cb2b7-e57e-4453-a794-f6230e4d0226,p32,50.0,2.5,grid,63152177,1260594,61865477,29.0,27.480908306977017,27.34715242046989,26.828238421418945,35.240565324433206,23.06003354951492,0.05483517566923268
749cb2b7-e57e-4453-a794-f6230e4d0226,p32,50.0,3.5,grid,49972814,1260594,48686114,29.0,25.544530834191352,25.374263299316084,24.868856591228695,33.97738857396429,20.997166641270955,0.05520915203254961
749cb2b7-e57e-4453-a794-f6230e4d0226,p32,50.0,5.0,grid,38667389,1260594,37380689,29.0,23.455749713095063,23.27653088480954,22.766817661731487,32.11737547573535,18.856545619342473,0.055352992127082556
749cb2b7-e57e-4453-a794-f6230e4d0226,p32,50.0,7.0,grid,30132211,1260594,28845511,29.0,21.48807369403546,21.29286617648138,20.782220397547178,30.20212472695194,16.849015961677093,0.05451760782155202
749cb2b7-e57e-4453-a794-f6230e4d0226,p32,50.0,10.0,grid,22875829,1260594,21589129,29.0,19.405295749615206,19.21254906455816,18.68070908775683,28.19248550397301,14.706875215617083,0.054243644820564096
749cb2b7-e57e-4453-a794-f6230e4d0226,p32,50.0,14.0,grid,17459070,1260594,16172370,29.0,17.435689858262855,17.245430870970676,16.70149169869976,26.251627791290982,12.66896481520013,0.05386007784048086
d7ec0892-0a6c-4f4f-9d8f-72083692af5c,p32,50.0,2.5,grid,80161339,1511571,78628222,42.0,21.87950210226301,22.195750700617975,18.004079604860966,21.21115727149244,19.180216143815564,0.31444918368278596
d7ec0892-0a6c-4f4f-9d8f-72083692af5c,p32,50.0,3.5,grid,64036371,1511571,62503254,42.0,20.31148710554752,20.649724246302135,16.35799849672728,20.897979455012646,17.276646316821495,0.3140811399651241
d7ec0892-0a6c-4f4f-9d8f-72083692af5c,p32,50.0,5.0,grid,49777092,1511571,48243975,42.0,18.344821108477213,18.66101550164009,14.464893382425753,20.223821246777693,15.091778334726328,0.31378106770045255
d7ec0892-0a6c-4f4f-9d8f-72083692af5c,p32,50.0,7.0,grid,38248195,1511571,36715078,42.0,16.294761022994006,16.64247674043596,12.441368835360372,19.183606568952353,12.91248142800242,0.3120589830486037
d7ec0892-0a6c-4f4f-9d8f-72083692af5c,p32,50.0,10.0,grid,27727426,1511571,26194309,42.0,14.018861025795385,14.363346543263571,10.177186643520606,17.756360075554774,10.538408067081988,0.3100072807098496
d7ec0892-0a6c-4f4f-9d8f-72083692af5c,p32,50.0,14.0,grid,19513332,1511571,17980215,42.0,11.902281489843496,12.212582942153707,8.131819561094375,16.256494612889803,8.358276672033774,0.3088353982074391
da8dfec1-d265-44e8-84ce-6ae9c109b8bd,p32,50.0,2.5,grid,70469155,1448676,69000529,43.0,20.20138374414449,20.345799416115465,19.658229678322588,25.428578445545927,16.569996871334144,0.038827473855961525
da8dfec1-d265-44e8-84ce-6ae9c109b8bd,p32,50.0,3.5,grid,53406634,1448676,51938008,43.0,18.59428780777388,18.674027138501394,18.12677150766881,24.85831095288227,14.774069868382211,0.03883498890645609
da8dfec1-d265-44e8-84ce-6ae9c109b8bd,p32,50.0,5.0,grid,39165082,1448676,37696456,43.0,16.656050574694305,16.711614380314735,16.19884246438376,23.817393857230464,12.731204405119925,0.037802602824911546
da8dfec1-d265-44e8-84ce-6ae9c109b8bd,p32,50.0,7.0,grid,28562282,1448676,27093656,43.0,14.751859641167792,14.772514451584025,14.327070611341284,22.50928594774486,10.74594069300716,0.037790448748322825
da8dfec1-d265-44e8-84ce-6ae9c109b8bd,p32,50.0,10.0,grid,19759472,1448676,18290846,43.0,12.735550414825326,12.739364453950158,12.286636277386336,21.006447721753627,8.614288456593615,0.038575664879573535
da8dfec1-d265-44e8-84ce-6ae9c109b8bd,p32,50.0,14.0,grid,13470932,1448676,12002306,43.0,10.911909469211263,10.910843404574353,10.488069581814278,19.462398797930454,6.699759119307714,0.0363282936873196
dab512bd-a02d-4c1f-8dbc-9155a163efc0,p32,50.0,2.5,grid,36847571,717226,36113321,25.0,27.009370971681914,26.969765488680913,26.59542437687022,31.832740047035685,21.306279081051862,0.1473457182455119
dab512bd-a02d-4c1f-8dbc-9155a163efc0,p32,50.0,3.5,grid,29153206,717226,28418956,25.0,24.97760602479147,24.947441046293136,24.540634488649573,30.48591572425371,19.086699943627654,0.141784249620458
dab512bd-a02d-4c1f-8dbc-9155a163efc0,p32,50.0,5.0,grid,22325448,717226,21591198,25.0,22.805158815721885,22.77361615549179,22.362076529308954,28.517307956543178,16.869081891359222,0.13744605528621578
dab512bd-a02d-4c1f-8dbc-9155a163efc0,p32,50.0,7.0,grid,17218724,717226,16484474,25.0,20.80965541789871,20.773701981979706,20.397181124808696,26.350945907611106,14.954822071256144,0.13837865292160278
dab512bd-a02d-4c1f-8dbc-9155a163efc0,p32,50.0,10.0,grid,12984801,717226,12250551,25.0,18.72917206210323,18.69943235242262,18.34296640676108,23.93533729577069,12.996796076108383,0.1460826709381563
dab512bd-a02d-4c1f-8dbc-9155a163efc0,p32,50.0,14.0,grid,9829264,717226,9095014,25.0,16.772707005219424,16.74516910448071,16.39955231946647,21.630994774000854,11.049982545177423,0.15189784026198483
dc7e9403-19f7-409f-9240-05ee57cb7aea,p32,50.0,2.5,grid,84065142,1592860,82449254,43.0,24.1620851897131,23.59090355619411,22.916943725438195,29.215548653173467,20.971186189716057,0.10933384686594516
dc7e9403-19f7-409f-9240-05ee57cb7aea,p32,50.0,3.5,grid,65376099,1592860,63760211,43.0,22.393613614727975,21.832391806930254,21.23661250107918,28.298554381925918,19.064693268135354,0.10909461223155648
dc7e9403-19f7-409f-9240-05ee57cb7aea,p32,50.0,5.0,grid,49457006,1592860,47841118,43.0,20.325045006092303,19.74899493840575,19.176967082875642,26.762689726600225,16.92838529803379,0.10912336776663045
dc7e9403-19f7-409f-9240-05ee57cb7aea,p32,50.0,7.0,grid,37564150,1592860,35948262,43.0,18.345610720298605,17.77006948412079,17.196090802506646,24.984251059844468,14.911982725108794,0.10885620831425025
dc7e9403-19f7-409f-9240-05ee57cb7aea,p32,50.0,10.0,grid,27493619,1592860,25877731,43.0,16.244563482925553,15.632702153173671,15.070025013535908,23.001453343254823,12.752347299288456,0.10870272430867045
dc7e9403-19f7-409f-9240-05ee57cb7aea,p32,50.0,14.0,grid,19950744,1592860,18334856,43.0,14.289834294533431,13.68986640407379,13.091923605440424,21.095925704336665,10.733391448359066,0.10772322448422045
e8f9fba4-d151-4b00-bee7-447f0f3e752c,p32,50.0,2.5,grid,76154518,1508299,74622887,39.0,20.834338918132467,21.096991908577678,19.20057372603763,21.58264982448607,20.25937251859723,0.18968622232089838
e8f9fba4-d151-4b00-bee7-447f0f3e752c,p32,50.0,3.5,grid,59917092,1508299,58385461,39.0,19.203246804247193,19.43181884385678,17.556808583872403,21.184043777272407,18.246550149362378,0.18790590211710412
e8f9fba4-d151-4b00-bee7-447f0f3e752c,p32,50.0,5.0,grid,45319022,1508299,43787391,39.0,17.22209395029866,17.445875968840085,15.61726155524844,20.33679602299848,16.00699506820688,0.18555250877600382
e8f9fba4-d151-4b00-bee7-447f0f3e752c,p32,50.0,7.0,grid,33850502,1508299,32318871,39.0,15.240877469461896,15.402061656512096,13.680403663169955,19.069436862160728,13.835102155332493,0.18038229101982317
e8f9fba4-d151-4b00-bee7-447f0f3e752c,p32,50.0,10.0,grid,24060552,1508299,22528921,39.0,13.149297627771123,13.292343595694007,11.647196909359167,17.37846629761114,11.562581265087912,0.17178108775933376
e8f9fba4-d151-4b00-bee7-447f0f3e752c,p32,50.0,14.0,grid,17026911,1508299,15495280,39.0,11.278552929198373,11.401874521931148,9.880807039985775,15.588744840232296,9.559694980971429,0.15972429363973528
eebcaf65-7fa4-4118-869d-a084e84530e2,p32,50.0,2.5,grid,48243062,1082199,47139545,30.0,21.74220095759963,21.884438274358633,19.48866325267926,20.098356742748898,17.681384518924823,0.27201560005907244
eebcaf65-7fa4-4118-869d-a084e84530e2,p32,50.0,3.5,grid,37097628,1082199,35994111,30.0,20.25655888634017,20.353567180652487,18.18798564112891,19.850176401752076,15.696741839503012,0.2711168728914817
eebcaf65-7fa4-4118-869d-a084e84530e2,p32,50.0,5.0,grid,27276765,1082199,26173248,30.0,18.469554897505176,18.528572576993707,16.541362222956636,19.294500429896942,13.544848263907516,0.269348157933874
eebcaf65-7fa4-4118-869d-a084e84530e2,p32,50.0,7.0,grid,19863520,1082199,18760003,30.0,16.714506374490952,16.77751000126274,14.91505746501395,18.3937610017765,11.571715267555962,0.26543587174662486
eebcaf65-7fa4-4118-869d-a084e84530e2,p32,50.0,10.0,grid,13959900,1082199,12856383,30.0,14.902413233373595,14.939191180939904,13.23221838463576,17.122457432862912,9.634261282739143,0.26412460035271035
eebcaf65-7fa4-4118-869d-a084e84530e2,p32,50.0,14.0,grid,9953491,1082199,8849974,30.0,13.272236022484238,13.348058304129465,11.720226575952735,15.738151459946444,7.968594243005626,0.2571583559168691
fe380793-8035-414e-b000-09bfe5ece92a,p32,50.0,2.5,grid,79048101,1474979,77546256,33.0,26.160149593601858,26.154151684732007,25.295895687096525,30.1662170509197,24.114399922742912,0.1852712364872523
fe380793-8035-414e-b000-09bfe5ece92a,p32,50.0,3.5,grid,63755846,1474979,62254001,33.0,24.21678260335569,24.163821815495965,23.38726891859414,29.193085143545904,22.057442749545842,0.1854630685303883
fe380793-8035-414e-b000-09bfe5ece92a,p32,50.0,5.0,grid,49766261,1474979,48264416,33.0,22.01672289797606,21.92000540169255,21.22939232493469,27.63511027562433,19.802348818210778,0.18528401294292052
fe380793-8035-414e-b000-09bfe5ece92a,p32,50.0,7.0,grid,38601478,1474979,37099633,33.0,19.87797411381444,19.783183428530354,19.09020333315953,25.849464191498058,17.621295397389762,0.18458631638254375
fe380793-8035-414e-b000-09bfe5ece92a,p32,50.0,10.0,grid,28672668,1474979,27170823,33.0,17.600113623686173,17.490876078059273,16.81237685746769,23.797827364529788,15.267763859130465,0.18268452243189148
fe380793-8035-414e-b000-09bfe5ece92a,p32,50.0,14.0,grid,21086524,1474979,19584679,33.0,15.51432477092855,15.397666656613964,14.749297700713752,21.729155461571995,13.081345163923663,0.1802695011473351
1a276285-8b0e-4cc9-9f0a-a3a002978724,p24,100.0,2.5,grid,53677767,525628,53129073,17.0,25.570259417925065,25.347663528886443,23.948780872708273,27.7051647666983,25.9383016769506,0.13607695992448898
1a276285-8b0e-4cc9-9f0a-a3a002978724,p24,100.0,3.5,grid,45614535,525628,45065841,17.0,24.33106274278896,24.03204379475342,22.818183339614695,27.462271409460392,24.325207458865666,0.13570592769830236
1a276285-8b0e-4cc9-9f0a-a3a002978724,p24,100.0,5.0,grid,36887191,525628,36338497,17.0,22.492902223612937,22.131907126263922,21.036463718535533,26.881515798277178,22.15604941574724,0.1347014197077293
1a276285-8b0e-4cc9-9f0a-a3a002978724,p24,100.0,7.0,grid,29110730,525628,28562036,17.0,20.430537278781863,20.025191700682864,19.052343908641184,25.86585529873497,19.921152185003287,0.1341906188208718
1a276285-8b0e-4cc9-9f0a-a3a002978724,p24,100.0,10.0,grid,21654421,525628,21105727,17.0,18.085183111538225,17.651942369844416,16.74212298187002,24.267721809996253,17.484624838776007,0.13496243095703175
1a276285-8b0e-4cc9-9f0a-a3a002978724,p24,100.0,14.0,grid,15759493,525628,15210799,17.0,15.921335287255022,15.479481316287254,14.59353340354824,22.39360860844087,15.253831979235287,0.13303743297636217
1e104bf4-7a24-4624-a5b2-c2c8289c0de7,p24,100.0,2.5,grid,54262308,536755,53701081,17.0,25.32491701971098,25.47873885320196,24.30599048538082,27.027918198792445,20.890961522824,0.052433253596041784
1e104bf4-7a24-4624-a5b2-c2c8289c0de7,p24,100.0,3.5,grid,46195958,536755,45634731,17.0,24.03967222584616,24.166169883035533,23.162521750242544,26.81487988305978,19.105730721047635,0.05171566854846643
1e104bf4-7a24-4624-a5b2-c2c8289c0de7,p24,100.0,5.0,grid,37632120,536755,37070893,17.0,22.17170629619339,22.253735758313052,21.439115025306084,26.286148217465595,16.792546893418027,0.050798867110745216
1e104bf4-7a24-4624-a5b2-c2c8289c0de7,p24,100.0,7.0,grid,30019863,536755,29458636,17.0,20.10544363666154,20.15527121807069,19.50612911577984,25.293495448642854,14.474069459507152,0.04942241152246085
1e104bf4-7a24-4624-a5b2-c2c8289c0de7,p24,100.0,10.0,grid,22776653,536755,22215426,17.0,17.76176652467996,17.79476592147924,17.256531215703895,23.67193802048833,11.994980465172967,0.04834226920200424
1e104bf4-7a24-4624-a5b2-c2c8289c0de7,p24,100.0,14.0,grid,16898590,536755,16337363,17.0,15.511560154985997,15.518301728028744,15.028552266985008,21.687240674767445,9.666243764525886,0.04721703123337617
6638cfb3-3831-4fc2-9327-194b76cf22e1,p24,100.0,2.5,grid,38055209,400559,37634700,15.0,24.91922381899229,24.925428977187288,24.53310472396729,32.498049830744144,19.164207349771342,0.028757301324789708
6638cfb3-3831-4fc2-9327-194b76cf22e1,p24,100.0,3.5,grid,31428916,400559,31008407,15.0,23.547837704345035,23.560207346079636,23.19802569231051,32.141545491305415,17.548914920606443,0.028551338615803057
6638cfb3-3831-4fc2-9327-194b76cf22e1,p24,100.0,5.0,grid,24376990,400559,23956481,15.0,21.609820964623175,21.619211029441097,21.273981800277486,31.310564892225138,15.365571631706153,0.03025308616050526
6638cfb3-3831-4fc2-9327-194b76cf22e1,p24,100.0,7.0,grid,18383734,400559,17963225,15.0,19.566478085917524,19.5765127942164,19.21901727880772,29.938953699983074,13.17551075230001,0.032017013475524325
6638cfb3-3831-4fc2-9327-194b76cf22e1,p24,100.0,10.0,grid,13120168,400559,12699659,15.0,17.401640125819544,17.412018242073557,17.03944235566151,27.97052741351015,10.938391222948374,0.03552506918845644
6638cfb3-3831-4fc2-9327-194b76cf22e1,p24,100.0,14.0,grid,9305470,400559,8884961,15.0,15.454246911101418,15.46649900065498,15.066830603642812,25.885626831183988,8.968893229339969,0.0379584977558266
749cb2b7-e57e-4453-a794-f6230e4d0226,p24,100.0,2.5,grid,56812335,598535,56187694,17.0,26.095584363323162,25.99140801259984,25.455943861061403,31.27586920300623,22.401412802471043,0.05454862777036229
749cb2b7-e57e-4453-a794-f6230e4d0226,p24,100.0,3.5,grid,47146773,598535,46522132,17.0,24.9120335044082,24.78750718873304,24.267777681416796,31.055847286503088,20.85077853282351,0.05467272241769994
749cb2b7-e57e-4453-a794-f6230e4d0226,p24,100.0,5.0,grid,37356816,598535,36732175,17.0,23.231246953441513,23.085463493197146,22.583650109498972,30.52116572073792,18.844776323020454,0.05471327364140022
749cb2b7-e57e-4453-a794-f6230e4d0226,p24,100.0,7.0,grid,29297599,598535,28672958,17.0,21.41778995735074,21.23574025077118,20.732656416524254,29.541543244578104,16.849168939317845,0.053983530860330586
749cb2b7-e57e-4453-a794-f6230e4d0226,p24,100.0,10.0,grid,22182425,598535,21557784,17.0,19.387390454795018,19.198626457182858,18.666072614772162,27.98312155582892,14.707195177016423,0.053672727277931265
749cb2b7-e57e-4453-a794-f6230e4d0226,p24,100.0,14.0,grid,16791728,598535,16167087,17.0,17.429732541962935,17.239965554927554,16.69825977075011,26.168088095453122,12.669163900530409,0.05361745913899718
d7ec0892-0a6c-4f4f-9d8f-72083692af5c,p24,100.0,2.5,grid,71883533,692058,71169929,25.0,20.678762421580615,20.90820752214549,16.870790045522394,19.522445897917066,18.330735499362355,0.31438015406055486
d7ec0892-0a6c-4f4f-9d8f-72083692af5c,p24,100.0,3.5,grid,60518586,692058,59804982,25.0,19.70669224356068,19.99706401846471,15.86326524568942,19.402604028279153,17.01649579912704,0.3138704410709021
d7ec0892-0a6c-4f4f-9d8f-72083692af5c,p24,100.0,5.0,grid,48184315,692058,47470711,25.0,18.11029875666221,18.437366286827775,14.24730000929555,19.095173096730427,15.058949908975737,0.31385833007688957
d7ec0892-0a6c-4f4f-9d8f-72083692af5c,p24,100.0,7.0,grid,37214223,692058,36500619,25.0,16.206563163913433,16.526942041787713,12.38141665871253,18.490080960988756,12.911084415749588,0.3124555295155892
d7ec0892-0a6c-4f4f-9d8f-72083692af5c,p24,100.0,10.0,grid,26863904,692058,26150300,25.0,13.988682255675693,14.322183068438228,10.16436923818294,17.428889012982477,10.538706162153112,0.3106941213766048
d7ec0892-0a6c-4f4f-9d8f-72083692af5c,p24,100.0,14.0,grid,18687223,692058,17973619,25.0,11.890770742927634,12.184745924338037,8.130015453755451,16.112188840281195,8.358532369978885,0.3096220857059869
da8dfec1-d265-44e8-84ce-6ae9c109b8bd,p24,100.0,2.5,grid,60944847,629065,60295832,24.0,19.09471797117972,19.22158585207037,18.57258790794902,23.899071248316442,15.689883006017029,0.039064483931663396
da8dfec1-d265-44e8-84ce-6ae9c109b8bd,p24,100.0,3.5,grid,49587078,629065,48938063,24.0,18.083312405178773,18.177584688215475,17.63160196319992,23.651993312700718,14.483727095264348,0.0388356461609084
da8dfec1-d265-44e8-84ce-6ae9c109b8bd,p24,100.0,5.0,grid,37649864,629065,37000849,24.0,16.50101170047797,16.55831293214154,16.062186370426694,23.092530962554243,12.693470255259772,0.0380276866914091
da8dfec1-d265-44e8-84ce-6ae9c109b8bd,p24,100.0,7.0,grid,27604478,629065,26955463,24.0,14.711374844675834,14.733887901033727,14.289879140667301,22.185667315368317,10.743866770984475,0.03797334545087094
da8dfec1-d265-44e8-84ce-6ae9c109b8bd,p24,100.0,10.0,grid,18919319,629065,18270304,24.0,12.72558029455418,12.731862207834602,12.280263788049629,20.8926926975286,8.614243264607381,0.03892598135650127
da8dfec1-d265-44e8-84ce-6ae9c109b8bd,p24,100.0,14.0,grid,12647977,629065,11998962,24.0,10.90804854853371,10.907950688765261,10.481326121783384,19.413906084604882,6.699814293832345,0.03663253358030094
dab512bd-a02d-4c1f-8dbc-9155a163efc0,p24,100.0,2.5,grid,34163786,402035,33744727,18.0,25.87342313181477,25.852657826709127,25.467960871383607,29.105292718988164,20.822874895952506,0.14626951560831647
dab512bd-a02d-4c1f-8dbc-9155a163efc0,p24,100.0,3.5,grid,27840217,402035,27421158,18.0,24.4583362840713,24.427893111138392,24.05074306099865,28.670515912581255,18.97758107112986,0.1426898122662953
dab512bd-a02d-4c1f-8dbc-9155a163efc0,p24,100.0,5.0,grid,21682221,402035,21263162,18.0,22.623182531824376,22.588397830655573,22.202405087939656,27.686596868284926,16.859357069130557,0.13951443005879738
dab512bd-a02d-4c1f-8dbc-9155a163efc0,p24,100.0,7.0,grid,16811526,402035,16392467,18.0,20.755849760818094,20.723680479055147,20.35427701172888,26.09289273097974,14.954904941551387,0.13930380291105626
dab512bd-a02d-4c1f-8dbc-9155a163efc0,p24,100.0,10.0,grid,12651471,402035,12232412,18.0,18.71776241950442,18.687782961404285,18.32665780075135,23.883397288540028,12.996960053036283,0.1462126536403363
dab512bd-a02d-4c1f-8dbc-9155a163efc0,p24,100.0,14.0,grid,9511351,402035,9092292,18.0,16.770015597621487,16.742599180296768,16.397501867345802,21.616481604190728,11.050057776486543,0.15130471690154423
dc7e9403-19f7-409f-9240-05ee57cb7aea,p24,100.0,2.5,grid,75254083,756848,74474207,26.0,22.854784853113483,22.31181939415891,21.51015993568159,26.67152900374515,19.977505410619962,0.10866729402575459
dc7e9403-19f7-409f-9240-05ee57cb7aea,p24,100.0,3.5,grid,61946977,756848,61167101,26.0,21.786392119370337,21.245281951519598,20.55259606393355,26.370354814847037,18.718075178080834,0.10858552970208601
dc7e9403-19f7-409f-9240-05ee57cb7aea,p24,100.0,5.0,grid,48097495,756848,47317619,26.0,20.136981613831296,19.57216141255259,18.965514547363064,25.674582813970993,16.874640106808613,0.10873604380177415
dc7e9403-19f7-409f-9240-05ee57cb7aea,p24,100.0,7.0,grid,36640464,756848,35860588,26.0,18.293458516413544,17.722784498514507,17.147041979742774,24.521496356933316,14.90874520896514,0.1085149714133733
dc7e9403-19f7-409f-9240-05ee57cb7aea,p24,100.0,10.0,grid,26644893,756848,25865017,26.0,16.22961846943499,15.62421802002952,15.05777138727681,22.84028250233034,12.752575978897982,0.1083300315790996
dc7e9403-19f7-409f-9240-05ee57cb7aea,p24,100.0,14.0,grid,19112744,756848,18332868,26.0,14.283407717419788,13.68649056637842,13.087457873169338,21.02284987208296,10.733568000791916,0.10725577430730415
e8f9fba4-d151-4b00-bee7-447f0f3e752c,p24,100.0,2.5,grid,68614092,702424,67888336,24.0,19.68375439951858,19.988700498538854,18.1373731194084,19.556764655738053,19.700297020336254,0.1892275271336794
e8f9fba4-d151-4b00-bee7-447f0f3e752c,p24,100.0,3.5,grid,56371082,702424,55645326,24.0,18.601506590340776,18.861625747912814,17.028281892952865,19.42516499238043,18.11669963997438,0.18755190525756882
e8f9fba4-d151-4b00-bee7-447f0f3e752c,p24,100.0,5.0,grid,43555495,702424,42829739,24.0,16.9650167996653,17.182380467637437,15.382142035746536,19.082092285602997,15.995092431645979,0.18534453062138
e8f9fba4-d151-4b00-bee7-447f0f3e752c,p24,100.0,7.0,grid,32745953,702424,32020197,24.0,15.140488628758966,15.327852140440191,13.57529773995661,18.382669304828106,13.833889861114665,0.17989132353850557
e8f9fba4-d151-4b00-bee7-447f0f3e752c,p24,100.0,10.0,grid,23196294,702424,22470538,24.0,13.117542505917205,13.270459410650224,11.620306255872876,17.11091445608018,11.561985268133627,0.1711717120173991
e8f9fba4-d151-4b00-bee7-447f0f3e752c,p24,100.0,14.0,grid,16213262,702424,15487506,24.0,11.266842467152784,11.392881175262087,9.873701428043617,15.48339113241295,9.559308013709387,0.1589785802470851
eebcaf65-7fa4-4118-869d-a084e84530e2,p24,100.0,2.5,grid,43225378,491249,42712811,17.0,20.664218268925776,20.73288677066955,18.43475059859003,18.187487083143786,17.293178065644284,0.27388438877225907
eebcaf65-7fa4-4118-869d-a084e84530e2,p24,100.0,3.5,grid,34604380,491249,34091813,17.0,19.647408872066755,19.716703655035893,17.542772244272758,18.11415436223971,15.619196802732828,0.2723086069631441
eebcaf65-7fa4-4118-869d-a084e84530e2,p24,100.0,5.0,grid,25939283,491249,25426716,17.0,18.17708332323147,18.21776196426369,16.224144947764486,17.92256279910959,13.539934288618731,0.270144915574012
eebcaf65-7fa4-4118-869d-a084e84530e2,p24,100.0,7.0,grid,18995481,491249,18482914,17.0,16.58679942668899,16.62755475631287,14.74282148942909,17.51470276328915,11.572414409277982,0.26862288206163853
eebcaf65-7fa4-4118-869d-a084e84530e2,p24,100.0,10.0,grid,13294834,491249,12782267,17.0,14.85613071084128,14.90352743387162,13.157965532949847,16.709074023920742,9.63455702728124,0.26417397042759394
eebcaf65-7fa4-4118-869d-a084e84530e2,p24,100.0,14.0,grid,9346140,491249,8833573,17.0,13.254918774477822,13.331454178728908,11.691866096748084,15.568203862067095,7.968679239835334,0.25993269575755473
fe380793-8035-414e-b000-09bfe5ece92a,p24,100.0,2.5,grid,72438845,732425,71679554,21.0,24.924462294945073,24.90146111051289,24.00787297150005,27.413853825956863,23.392441838990592,0.18483646890279104
fe380793-8035-414e-b000-09bfe5ece92a,p24,100.0,3.5,grid,60657099,732425,59897808,21.0,23.645712772529016,23.591801807025522,22.793457424317808,27.152212892717387,21.836364330354403,0.18506012239313263
fe380793-8035-414e-b000-09bfe5ece92a,p24,100.0,5.0,grid,48280637,732425,47521346,21.0,21.81683265947199,21.74598743033932,21.0351860214119,26.52223733821593,19.760460113844974,0.18487716281035826
fe380793-8035-414e-b000-09bfe5ece92a,p24,100.0,7.0,grid,37663061,732425,36903770,21.0,19.818023967287605,19.736161794591144,19.044097464243727,25.40252116678608,17.614279121148606,0.18428603774927188
fe380793-8035-414e-b000-09bfe5ece92a,p24,100.0,10.0,grid,27894368,732425,27135077,21.0,17.584949320152777,17.47493081599574,16.80053620145336,23.66067574853539,15.265907540044433,0.18235665429770065
fe380793-8035-414e-b000-09bfe5ece92a,p24,100.0,14.0,grid,20338930,732425,19579639,21.0,15.509008487761625,15.395021225748902,14.738626364324183,21.67615541859061,13.08059767852177,0.1802829698952414
1a276285-8b0e-4cc9-9f0a-a3a002978724,p16,100.0,2.5,grid,53511509,359370,53129073,17.0,24.98029727554249,24.814300890934383,23.265774846898054,26.72664632511018,25.548711457434198,0.13579236058367805
1a276285-8b0e-4cc9-9f0a-a3a002978724,p16,100.0,3.5,grid,45448277,359370,45065841,17.0,23.96369246490321,23.69277502975838,22.4302077124337,26.564471189394748,24.161837422617303,0.1356293751110218
1a276285-8b0e-4cc9-9f0a-a3a002978724,p16,100.0,5.0,grid,36720933,359370,36338497,17.0,22.31740079258049,21.955713614287745,20.894298349346897,26.15407561663681,22.123389346947118,0.13477032130410282
1a276285-8b0e-4cc9-9f0a-a3a002978724,p16,100.0,7.0,grid,28944472,359370,28562036,17.0,20.354338041489086,19.940640879434145,18.946109899434745,25.367084429439984,19.918166487029087,0.1339526227075134
1a276285-8b0e-4cc9-9f0a-a3a002978724,p16,100.0,10.0,grid,21488163,359370,21105727,17.0,18.055117210549753,17.63631936838435,16.700771231329675,23.991238176929606,17.484500976953555,0.13480457666309598
1a276285-8b0e-4cc9-9f0a-a3a002978724,p16,100.0,14.0,grid,15593235,359370,15210799,17.0,15.90789869127889,15.45938587953977,14.583292990030406,22.25304574969645,15.253818632806869,0.13316738802209882
1e104bf4-7a24-4624-a5b2-c2c8289c0de7,p16,100.0,2.5,grid,54093610,368057,53701081,17.0,24.509546550726384,24.95619318687909,22.865349896366393,25.59813148722036,20.32151962119344,0.05447750916845884
1e104bf4-7a24-4624-a5b2-c2c8289c0de7,p16,100.0,3.5,grid,46027260,368057,45634731,17.0,23.485096584169543,23.83358176738568,22.1113166038523,25.466196461548293,18.816741728971806,0.05353824885526515
1e104bf4-7a24-4624-a5b2-c2c8289c0de7,p16,100.0,5.0,grid,37463422,368057,37070893,17.0,21.862858395341252,22.074852450033912,20.85642115561306,25.123518899919723,16.68638130586537,0.05292161468168244
1e104bf4-7a24-4624-a5b2-c2c8289c0de7,p16,100.0,7.0,grid,29851165,368057,29458636,17.0,19.948191102002493,20.08336947744229,19.15665798772706,24.42812781427515,14.436145963898962,0.050971595046867324
1e104bf4-7a24-4624-a5b2-c2c8289c0de7,p16,100.0,10.0,grid,22607955,368057,22215426,17.0,17.691090263084842,17.76163087808868,17.079840338591833,23.157570782408857,11.981329385815906,0.04930695352107228
1e104bf4-7a24-4624-a5b2-c2c8289c0de7,p16,100.0,14.0,grid,16729892,368057,16337363,17.0,15.47947229647006,15.504152693688678,14.970924110906433,21.41834796214324,9.660798167355239,0.048101946882148194
6638cfb3-3831-4fc2-9327-194b76cf22e1,p16,100.0,2.5,grid,37928844,274194,37634700,15.0,24.76012466430836,24.765425486752456,24.363729469463454,31.816065407518327,19.12023302848132,0.02612775327190775
6638cfb3-3831-4fc2-9327-194b76cf22e1,p16,100.0,3.5,grid,31302551,274194,31008407,15.0,23.44181213883089,23.44040211052569,23.07254873384417,31.51841606827506,17.530964761111818,0.02601708462699126
6638cfb3-3831-4fc2-9327-194b76cf22e1,p16,100.0,5.0,grid,24250625,274194,23956481,15.0,21.55064240807645,21.54504539563974,21.214993266285628,30.808009190602014,15.362670805332996,0.028025004711378698
6638cfb3-3831-4fc2-9327-194b76cf22e1,p16,100.0,7.0,grid,18257369,274194,17963225,15.0,19.534937228318363,19.540270956304994,19.185997128855604,29.5924031205913,13.17630881309463,0.029650896160696605
6638cfb3-3831-4fc2-9327-194b76cf22e1,p16,100.0,10.0,grid,12993803,274194,12699659,15.0,17.38565741401385,17.398985014900823,17.024484837015784,27.77101102207237,10.939343167792334,0.03339867833897925
6638cfb3-3831-4fc2-9327-194b76cf22e1,p16,100.0,14.0,grid,9179105,274194,8884961,15.0,15.445467409556898,15.455770659378153,15.053389622850592,25.773120405736442,8.969523005490156,0.0366638765423285
749cb2b7-e57e-4453-a794-f6230e4d0226,p16,100.0,2.5,grid,56623553,409753,56187694,17.0,25.076261339057623,25.001300870660607,23.943363817690077,29.14214227784025,21.71658068908601,0.055079283441399673
749cb2b7-e57e-4453-a794-f6230e4d0226,p16,100.0,3.5,grid,46957991,409753,46522132,17.0,24.228522634772943,24.101425780436475,23.292870731022468,29.039190192445755,20.515430514446237,0.055080925648795964
749cb2b7-e57e-4453-a794-f6230e4d0226,p16,100.0,5.0,grid,37168034,409753,36732175,17.0,22.8648050123036,22.7092235962272,22.11703037538162,28.77321800642064,18.74636084578857,0.055036205074272315
749cb2b7-e57e-4453-a794-f6230e4d0226,p16,100.0,7.0,grid,29108817,409753,28672958,17.0,21.240874377769977,21.062940640224674,20.556436627443137,28.225721941750386,16.83076965410609,0.05386150750557128
749cb2b7-e57e-4453-a794-f6230e4d0226,p16,100.0,10.0,grid,21993643,409753,21557784,17.0,19.31209427102523,19.130219218314867,18.6351750284311,27.18775127328194,14.706197230942706,0.05377695282131978
749cb2b7-e57e-4453-a794-f6230e4d0226,p16,100.0,14.0,grid,16602946,409753,16167087,17.0,17.396814048906865,17.216921804228104,16.679800159362756,25.741962486536774,12.669734188252416,0.05339488310160023
d7ec0892-0a6c-4f4f-9d8f-72083692af5c,p16,100.0,2.5,grid,71664773,473298,71169929,25.0,18.266584076752,18.388994339436923,14.7117990395178,17.740094911241407,15.872335127890814,0.3153334930291062
d7ec0892-0a6c-4f4f-9d8f-72083692af5c,p16,100.0,3.5,grid,60299826,473298,59804982,25.0,17.921851704167725,18.07419820170392,14.307317345125568,17.698614091622275,15.39484130526615,0.31542215162430076
d7ec0892-0a6c-4f4f-9d8f-72083692af5c,p16,100.0,5.0,grid,47965555,473298,47470711,25.0,17.121972073819112,17.286560700760212,13.402166741638036,17.58351573107058,14.340415984564443,0.31526112761156233
d7ec0892-0a6c-4f4f-9d8f-72083692af5c,p16,100.0,7.0,grid,36995463,473298,36500619,25.0,15.790442780518372,16.074734917994512,12.039372952601065,17.32176559618177,12.704281418094753,0.3143799971944591
d7ec0892-0a6c-4f4f-9d8f-72083692af5c,p16,100.0,10.0,grid,26645144,473298,26150300,25.0,13.859481024792402,14.151777957057321,10.082045967049945,16.73919115150158,10.508347152574943,0.3135447504517037
d7ec0892-0a6c-4f4f-9d8f-72083692af5c,p16,100.0,14.0,grid,18468463,473298,17973619,25.0,11.849526393052368,12.134598295381274,8.116256835753191,15.791230255367045,8.354686834787394,0.3122154137953834
da8dfec1-d265-44e8-84ce-6ae9c109b8bd,p16,100.0,2.5,grid,60749247,433465,60295832,24.0,17.287880073311324,17.380125616565675,16.754983607867654,22.415401354400007,13.904256918449748,0.037991727917223606
da8dfec1-d265-44e8-84ce-6ae9c109b8bd,p16,100.0,3.5,grid,49391478,433465,48938063,24.0,16.8541938244407,16.9297200977708,16.376373041468803,22.32864099578268,13.382077127468673,0.03768175866128609
da8dfec1-d265-44e8-84ce-6ae9c109b8bd,p16,100.0,5.0,grid,37454264,433465,37000849,24.0,15.924651254358764,15.989679922261207,15.47022163423308,22.098183583756153,12.27738162099348,0.03688307708910621
da8dfec1-d265-44e8-84ce-6ae9c109b8bd,p16,100.0,7.0,grid,27408878,433465,26955463,24.0,14.526312816708458,14.558984972502756,14.110186183474967,21.62011750593704,10.655526306939041,0.03749515999448416
da8dfec1-d265-44e8-84ce-6ae9c109b8bd,p16,100.0,10.0,grid,18723719,433465,18270304,24.0,12.688797096792213,12.69858201436233,12.24793778131935,20.681104540570825,8.6071462764611,0.03731716242077998
da8dfec1-d265-44e8-84ce-6ae9c109b8bd,p16,100.0,14.0,grid,12452377,433465,11998962,24.0,10.899859381149863,10.901787118320287,10.474464414079524,19.343423426409792,6.69937342983915,0.03494716842398937
dab512bd-a02d-4c1f-8dbc-9155a163efc0,p16,100.0,2.5,grid,34037341,275590,33744727,18.0,25.03862424569511,24.979422888979435,24.56110802528608,27.569724407018228,20.41438351499111,0.13730332113145471
dab512bd-a02d-4c1f-8dbc-9155a163efc0,p16,100.0,3.5,grid,27713772,275590,27421158,18.0,23.936108671492665,23.88362539778104,23.51375719906167,27.32161465979977,18.830940116186156,0.1351888709954875
dab512bd-a02d-4c1f-8dbc-9155a163efc0,p16,100.0,5.0,grid,21555776,275590,21263162,18.0,22.35616023516044,22.298685307613233,21.94663931755884,26.702347175011987,16.83588613315011,0.13072616936470327
dab512bd-a02d-4c1f-8dbc-9155a163efc0,p16,100.0,7.0,grid,16685081,275590,16392467,18.0,20.63124448509797,20.589569971957353,20.240019921384945,25.54283984113198,14.954166833982951,0.13047793159112975
dab512bd-a02d-4c1f-8dbc-9155a163efc0,p16,100.0,10.0,grid,12525026,275590,12232412,18.0,18.66961703671857,18.63726738928633,18.28227488543782,23.66795992327486,12.99762808655055,0.1372542868750738
dab512bd-a02d-4c1f-8dbc-9155a163efc0,p16,100.0,14.0,grid,9384906,275590,9092292,18.0,16.75164645085009,16.719663035825803,16.38352727693498,21.53591432569357,11.050359246600529,0.1421947766106192
dc7e9403-19f7-409f-9240-05ee57cb7aea,p16,100.0,2.5,grid,75015638,518403,74474207,26.0,20.625974788997482,19.912905294180387,19.05871946038899,23.76730297338124,17.96428279967169,0.10624906695106373
dc7e9403-19f7-409f-9240-05ee57cb7aea,p16,100.0,3.5,grid,61708532,518403,61167101,26.0,20.216314743295975,19.54997716102563,18.72787204791571,23.69762494391107,17.452843979823985,0.10647469241649099
dc7e9403-19f7-409f-9240-05ee57cb7aea,p16,100.0,5.0,grid,47859050,518403,47317619,26.0,19.334807396065433,18.728087395589377,17.99405772602825,23.50632356718048,16.376709518830282,0.10711761614507753
dc7e9403-19f7-409f-9240-05ee57cb7aea,p16,100.0,7.0,grid,36402019,518403,35860588,26.0,17.985700438177695,17.413898594991547,16.771510789970925,23.083587408408064,14.796591840918492,0.10715489944090972
dc7e9403-19f7-409f-9240-05ee57cb7aea,p16,100.0,10.0,grid,26406448,518403,25865017,26.0,16.143022570176576,15.550054815617854,14.964050114622797,22.16796127210535,12.743463066531568,0.10677800240834123
dc7e9403-19f7-409f-9240-05ee57cb7aea,p16,100.0,14.0,grid,18874299,518403,18332868,26.0,14.257825433155695,13.661177751913968,13.065543590818022,20.76737930633541,10.73318056887064,0.10612678430214928
e8f9fba4-d151-4b00-bee7-447f0f3e752c,p16,100.0,2.5,grid,68393431,481763,67888336,24.0,17.31855272664226,17.51681180429422,16.094615399912918,16.62692767620556,17.684129199764108,0.1830082309988641
e8f9fba4-d151-4b00-bee7-447f0f3e752c,p16,100.0,3.5,grid,56150421,481763,55645326,24.0,16.87700697767755,17.10154408986958,15.566839034155498,16.59248861822203,16.970486645205405,0.18192730972362048
e8f9fba4-d151-4b00-bee7-447f0f3e752c,p16,100.0,5.0,grid,43334834,481763,42829739,24.0,15.96311122212276,16.198580599851827,14.55679277715988,16.495755191743008,15.585335123723814,0.18019496071925512
e8f9fba4-d151-4b00-bee7-447f0f3e752c,p16,100.0,7.0,grid,32525292,481763,32020197,24.0,14.629992111296897,14.846137612495689,13.160195191506592,16.269434784445416,13.735380233614924,0.17608713951854527
e8f9fba4-d151-4b00-bee7-447f0f3e752c,p16,100.0,10.0,grid,22975633,481763,22470538,24.0,12.89336254348453,13.082706389695034,11.435658878357943,15.730314151898401,11.54656569630137,0.16758541181815068
e8f9fba4-d151-4b00-bee7-447f0f3e752c,p16,100.0,14.0,grid,15992601,481763,15487506,24.0,11.171839530553942,11.313747322040076,9.77768470611125,14.765817165572518,9.556589610032248,0.15683029034580365
eebcaf65-7fa4-4118-869d-a084e84530e2,p16,100.0,2.5,grid,43071340,337211,42712811,17.0,19.984922608354914,20.292661201039838,18.038950704887938,17.296160692905147,16.830992542673737,0.28019463671855527
eebcaf65-7fa4-4118-869d-a084e84530e2,p16,100.0,3.5,grid,34450342,337211,34091813,17.0,19.169110011157407,19.399202324961543,17.26052543877217,17.246293025586105,15.40387406041894,0.27972350465089457
eebcaf65-7fa4-4118-869d-a084e84530e2,p16,100.0,5.0,grid,25785245,337211,25426716,17.0,17.89696985443633,18.011023817273554,16.06645080129158,17.113031847449193,13.479291092054734,0.2766801012405661
eebcaf65-7fa4-4118-869d-a084e84530e2,p16,100.0,7.0,grid,18841443,337211,18482914,17.0,16.434314961750637,16.494368232172153,14.65876254687829,16.81758943523721,11.562461103990444,0.2757796759119814
eebcaf65-7fa4-4118-869d-a084e84530e2,p16,100.0,10.0,grid,13140796,337211,12782267,17.0,14.779260033339252,14.834165866942008,13.096711974165578,16.192116634899495,9.634612921931136,0.2694284852534031
eebcaf65-7fa4-4118-869d-a084e84530e2,p16,100.0,14.0,grid,9192102,337211,8833573,17.0,13.214265176953246,13.298942323323722,11.638405273202181,15.230766959896966,7.96906891738093,0.26475483696830804
fe380793-8035-414e-b000-09bfe5ece92a,p16,100.0,2.5,grid,72209617,503197,71679554,21.0,22.85596212436342,22.795108990703202,22.15425309179992,24.482714075729056,21.906182873201626,0.1831218911869189
fe380793-8035-414e-b000-09bfe5ece92a,p16,100.0,3.5,grid,60427871,503197,59897808,21.0,22.2406700019261,22.17381432953148,21.541846688929137,24.413659782435065,21.05287105357112,0.18356250371604843
fe380793-8035-414e-b000-09bfe5ece92a,p16,100.0,5.0,grid,48051409,503197,47521346,21.0,21.07506922776743,20.988271689420635,20.393841126432644,24.223664856891624,19.518069431043017,0.18355370847671082
fe380793-8035-414e-b000-09bfe5ece92a,p16,100.0,7.0,grid,37433833,503197,36903770,21.0,19.485205165857455,19.384064139506616,18.74854491765842,23.797846797170305,17.57065310158029,0.18338309096022776
fe380793-8035-414e-b000-09bfe5ece92a,p16,100.0,10.0,grid,27665140,503197,27135077,21.0,17.465213017801123,17.360377495633692,16.70287612469697,22.844315549303857,15.261543785458853,0.18142201260668755
fe380793-8035-414e-b000-09bfe5ece92a,p16,100.0,14.0,grid,20109702,503197,19579639,21.0,15.468267539694072,15.358970862673367,14.714812466408901,21.34493641294786,13.079524266993763,0.17944941313136098
1a276285-8b0e-4cc9-9f0a-a3a002978724,p48q8,100.0,2.5,grid,53498463,346324,53129073,17.0,25.50952568604819,25.272986616925674,23.92348785782813,27.73943947473252,25.831719557294242,0.13596333279176842
1a276285-8b0e-4cc9-9f0a-a3a002978724,p48q8,100.0,3.5,grid,45435231,346324,45065841,17.0,24.284301401907605,23.973444793806486,22.783069870571513,27.4904392769741,24.251419067213234,0.13551485870717794
1a276285-8b0e-4cc9-9f0a-a3a002978724,p48q8,100.0,5.0,grid,36707887,346324,36338497,17.0,22.460911902969478,22.090513888711403,21.0142541610079,26.895729253528685,22.111410528332378,0.13463342895923913
1a276285-8b0e-4cc9-9f0a-a3a002978724,p48q8,100.0,7.0,grid,28931426,346324,28562036,17.0,20.40940752310656,20.001697548326455,19.035223551389183,25.863965216476217,19.894876973024424,0.13406002485526802
1a276285-8b0e-4cc9-9f0a-a3a002978724,p48q8,100.0,10.0,grid,21475117,346324,21105727,17.0,18.071664909457322,17.63490093204659,16.748538564071886,24.24866426281308,17.4699538853111,0.1348316502443403
1a276285-8b0e-4cc9-9f0a-a3a002978724,p48q8,100.0,14.0,grid,15580189,346324,15210799,17.0,15.912456227644551,15.464846397895947,14.585801573905387,22.368706183496432,15.24524967537733,0.13297380676444182
1e104bf4-7a24-4624-a5b2-c2c8289c0de7,p48q8,100.0,2.5,grid,54097909,372356,53701081,17.0,25.302252088392265,25.397741932938338,24.344846949594924,27.246713590242727,20.86210668105688,0.05195483881861751
1e104bf4-7a24-4624-a5b2-c2c8289c0de7,p48q8,100.0,3.5,grid,46031559,372356,45634731,17.0,24.020014013192732,24.102479314368786,23.21093375797033,27.019173772895595,19.083403613227023,0.05116049260927791
1e104bf4-7a24-4624-a5b2-c2c8289c0de7,p48q8,100.0,5.0,grid,37467721,372356,37070893,17.0,22.15591486269961,22.21087988555732,21.4776498219417,26.456515223616943,16.777564175553824,0.05014886225579396
1e104bf4-7a24-4624-a5b2-c2c8289c0de7,p48q8,100.0,7.0,grid,29855464,372356,29458636,17.0,20.093282021350632,20.129974431325806,19.51799929522875,25.414363861478755,14.464794609666916,0.048860415238769384
1e104bf4-7a24-4624-a5b2-c2c8289c0de7,p48q8,100.0,10.0,grid,22612254,372356,22215426,17.0,17.752749032910963,17.779122055639856,17.25883967597372,23.735688723471572,11.989805451822127,0.04679781030504171
1e104bf4-7a24-4624-a5b2-c2c8289c0de7,p48q8,100.0,14.0,grid,16734191,372356,16337363,17.0,15.505111320320978,15.508837963755415,15.037095578933059,21.713249524899624,9.663527536344347,0.04576954659058752
6638cfb3-3831-4fc2-9327-194b76cf22e1,p48q8,100.0,2.5,grid,37912668,258018,37634700,15.0,24.809753440544377,24.81695622956458,24.429830168970742,31.924861418064165,19.131071951934405,0.028186533484597986
6638cfb3-3831-4fc2-9327-194b76cf22e1,p48q8,100.0,3.5,grid,31286375,258018,31008407,15.0,23.46798224593045,23.481195076268552,23.111075280639962,31.60776444743791,17.526919359968723,0.027975806555801896
6638cfb3-3831-4fc2-9327-194b76cf22e1,p48q8,100.0,5.0,grid,24234449,258018,23956481,15.0,21.558678623226548,21.572891479927826,21.22533685609911,30.861310115731115,15.353075644656082,0.029790228595056756
6638cfb3-3831-4fc2-9327-194b76cf22e1,p48q8,100.0,7.0,grid,18241193,258018,17963225,15.0,19.53439534567286,19.545692887631468,19.19411719188059,29.599734026505242,13.168670018092648,0.030737609209543715
6638cfb3-3831-4fc2-9327-194b76cf22e1,p48q8,100.0,10.0,grid,12977627,258018,12699659,15.0,17.3819517760673,17.392248118387464,17.020767585111727,27.742842093986056,10.934894115177238,0.03392156853817985
6638cfb3-3831-4fc2-9327-194b76cf22e1,p48q8,100.0,14.0,grid,9162929,258018,8884961,15.0,15.441656679493502,15.455407027618415,15.049398920698774,25.738546673255435,8.96711406509869,0.03729201871140664
749cb2b7-e57e-4453-a794-f6230e4d0226,p48q8,100.0,2.5,grid,56637391,423591,56187694,17.0,26.005656291773537,25.903443630431493,25.37785653462664,31.070608226195024,22.35332231959783,0.0549390127923185
749cb2b7-e57e-4453-a794-f6230e4d0226,p48q8,100.0,3.5,grid,46971829,423591,46522132,17.0,24.840169235991482,24.71661847675812,24.213945381378174,30.855129346684613,20.814178271112485,0.05513147561767784
749cb2b7-e57e-4453-a794-f6230e4d0226,p48q8,100.0,5.0,grid,37181872,423591,36732175,17.0,23.179602688183827,23.03337847751386,22.540266325660763,30.331615372346423,18.820307660230352,0.055057831589845785
749cb2b7-e57e-4453-a794-f6230e4d0226,p48q8,100.0,7.0,grid,29122655,423591,28672958,17.0,21.381913540664588,21.20380191425173,20.697135012038732,29.372003232265573,16.83372922803826,0.05422843371604136
749cb2b7-e57e-4453-a794-f6230e4d0226,p48q8,100.0,10.0,grid,22007481,423591,21557784,17.0,19.363358868417514,19.176857811011853,18.645545095804135,27.843821543888883,14.69798302759305,0.05406716169619019
749cb2b7-e57e-4453-a794-f6230e4d0226,p48q8,100.0,14.0,grid,16616784,423591,16167087,17.0,17.413610149787818,17.22680468625687,16.680915421005903,26.06271048641124,12.663611058664232,0.0534935621967767
d7ec0892-0a6c-4f4f-9d8f-72083692af5c,p48q8,100.0,2.5,grid,71707774,516299,71169929,25.0,21.191391800936845,21.53624364876699,17.340471670568682,20.97461407284195,18.550938195731575,0.31334766952577575
d7ec0892-0a6c-4f4f-9d8f-72083692af5c,p48q8,100.0,3.5,grid,60342827,516299,59804982,25.0,20.03424088317807,20.377622773587976,16.20318979224515,20.776634285336254,17.090874612087653,0.31294538524769944
d7ec0892-0a6c-4f4f-9d8f-72083692af5c,p48q8,100.0,5.0,grid,48008556,516299,47470711,25.0,18.276344259535367,18.62332303425,14.464568423666886,20.289436092959967,15.057534975041918,0.31256170166387875
d7ec0892-0a6c-4f4f-9d8f-72083692af5c,p48q8,100.0,7.0,grid,37038464,516299,36500619,25.0,16.28527954951989,16.621589659863393,12.459138190108295,19.393592170143847,12.900322292618917,0.31126320508115557
d7ec0892-0a6c-4f4f-9d8f-72083692af5c,p48q8,100.0,10.0,grid,26688145,516299,26150300,25.0,14.020649159089274,14.367607707951674,10.17217875258163,17.967372246219007,10.532207541449308,0.30946490920076464
d7ec0892-0a6c-4f4f-9d8f-72083692af5c,p48q8,100.0,14.0,grid,18511464,516299,17973619,25.0,11.902469912820031,12.214563799414337,8.129511267123513,16.381266615423648,8.354928904018573,0.30819261278811316
da8dfec1-d265-44e8-84ce-6ae9c109b8bd,p48q8,100.0,2.5,grid,60757707,441925,60295832,24.0,19.382766600398597,19.408845612629783,18.84943389803692,24.945513646264278,15.839680050575469,0.03804313722231922
da8dfec1-d265-44e8-84ce-6ae9c109b8bd,p48q8,100.0,3.5,grid,49399938,441925,48938063,24.0,18.257486152599135,18.278775476354518,17.76734721382211,24.593745654146293,14.540534896500523,0.03764793375409503
da8dfec1-d265-44e8-84ce-6ae9c109b8bd,p48q8,100.0,5.0,grid,37462724,441925,37000849,24.0,16.579411949979296,16.592836845237425,16.12681237913804,23.831438632305257,12.69724909530882,0.03649801748916415
da8dfec1-d265-44e8-84ce-6ae9c109b8bd,p48q8,100.0,7.0,grid,27417338,441925,26955463,24.0,14.743058367434674,14.739544054819717,14.300767104344619,22.6739117256067,10.739035099217372,0.036880772906141446
da8dfec1-d265-44e8-84ce-6ae9c109b8bd,p48q8,100.0,10.0,grid,18732179,441925,18270304,24.0,12.736463854660915,12.730378194089562,12.299288776638488,21.147837673248336,8.61090002544326,0.0372799820471974
da8dfec1-d265-44e8-84ce-6ae9c109b8bd,p48q8,100.0,14.0,grid,12460837,441925,11998962,24.0,10.911351603670361,10.909600407908613,10.493938353847515,19.52648456386789,6.697955260952167,0.03481299251655334
dab512bd-a02d-4c1f-8dbc-9155a163efc0,p48q8,100.0,2.5,grid,34035443,273692,33744727,18.0,25.74517531980404,25.72147085310904,25.357820188140554,28.893466895998007,20.776278634874753,0.14240991214779541
dab512bd-a02d-4c1f-8dbc-9155a163efc0,p48q8,100.0,3.5,grid,27711874,273692,27421158,18.0,24.365401943914698,24.33228617896465,23.95510719618377,28.476313709641722,18.94787669963138,0.13921282075844843
dab512bd-a02d-4c1f-8dbc-9155a163efc0,p48q8,100.0,5.0,grid,21553878,273692,21263162,18.0,22.562048379060187,22.53211972902847,22.154046034138375,27.529425119150662,16.84201276150206,0.13567262348485354
dab512bd-a02d-4c1f-8dbc-9155a163efc0,p48q8,100.0,7.0,grid,16683183,273692,16392467,18.0,20.715877579645788,20.684320879583975,20.31535972901502,25.979149216587825,14.944299077485844,0.13449064633999008
dab512bd-a02d-4c1f-8dbc-9155a163efc0,p48q8,100.0,10.0,grid,12523128,273692,12232412,18.0,18.692484535318624,18.66361437651573,18.303861902936298,23.810860808551183,12.99056661819645,0.13945566731301018
dab512bd-a02d-4c1f-8dbc-9155a163efc0,p48q8,100.0,14.0,grid,9383008,273692,9092292,18.0,16.753348645735308,16.7218238450998,16.384570148114644,21.569027977847092,11.046044155699526,0.14231703550743924
dc7e9403-19f7-409f-9240-05ee57cb7aea,p48q8,100.0,2.5,grid,75026902,529667,74474207,26.0,23.287040986470593,22.82916022424537,22.257828548736136,27.576241715611147,20.319442525505078,0.10934837759101401
dc7e9403-19f7-409f-9240-05ee57cb7aea,p48q8,100.0,3.5,grid,61719796,529667,61167101,26.0,22.018796819193568,21.513940270110957,20.937914945365883,27.134664030079204,18.861152220823477,0.10922788202925837
dc7e9403-19f7-409f-9240-05ee57cb7aea,p48q8,100.0,5.0,grid,47870314,529667,47317619,26.0,20.212042069180065,19.663640722207862,19.099554565235728,26.189691044132037,16.89275722371367,0.10917334856917327
dc7e9403-19f7-409f-9240-05ee57cb7aea,p48q8,100.0,7.0,grid,36413283,529667,35860588,26.0,18.308343109122482,17.740149207421915,17.172333249951635,24.78328498989859,14.900294883493437,0.10898562109400489
dc7e9403-19f7-409f-9240-05ee57cb7aea,p48q8,100.0,10.0,grid,26417712,529667,25865017,26.0,16.22863543421514,15.61647430577976,15.059045485010941,22.931598672363766,12.745672283742557,0.10847784666870797
dc7e9403-19f7-409f-9240-05ee57cb7aea,p48q8,100.0,14.0,grid,18885563,529667,18332868,26.0,14.280502093643907,13.681466712441363,13.08568217810446,21.054287792005525,10.72952078630751,0.10719448638681883
e8f9fba4-d151-4b00-bee7-447f0f3e752c,p48q8,100.0,2.5,grid,68449106,537438,67888336,24.0,19.9429727372042,20.146956208738985,18.34503587600506,20.34006502201972,19.743358295802462,0.18847889884726543
e8f9fba4-d151-4b00-bee7-447f0f3e752c,p48q8,100.0,3.5,grid,56206096,537438,55645326,24.0,18.772769035696093,18.998642689737416,17.17965070937787,20.168135560741117,18.11151893994717,0.18696497106054832
e8f9fba4-d151-4b00-bee7-447f0f3e752c,p48q8,100.0,5.0,grid,43390509,537438,42829739,24.0,17.059771706417635,17.268996367713967,15.463151001246471,19.729176573466596,15.976525848816053,0.18471064737268406
e8f9fba4-d151-4b00-bee7-447f0f3e752c,p48q8,100.0,7.0,grid,32580967,537438,32020197,24.0,15.190148133902525,15.348520401815087,13.624728355114275,18.870543377740297,13.820871885040248,0.17943510149801578
e8f9fba4-d151-4b00-bee7-447f0f3e752c,p48q8,100.0,10.0,grid,23031308,537438,22470538,24.0,13.14002903216461,13.278713972795746,11.638501253002183,17.39960563691503,11.554935807141916,0.1713006334506717
e8f9fba4-d151-4b00-bee7-447f0f3e752c,p48q8,100.0,14.0,grid,16048276,537438,15487506,24.0,11.276661197516685,11.396961470489941,9.881710995009783,15.630988520066909,9.555305570524393,0.15968952965424388
eebcaf65-7fa4-4118-869d-a084e84530e2,p48q8,100.0,2.5,grid,43130982,396853,42712811,17.0,20.83653033008256,20.86164687627908,18.633118633743123,18.848898724051423,17.260664880271154,0.2676878193452573
eebcaf65-7fa4-4118-869d-a084e84530e2,p48q8,100.0,3.5,grid,34509984,396853,34091813,17.0,19.777917584708653,19.837703302197884,17.674384542832378,18.757777348471556,15.593633098619788,0.26561016225441825
eebcaf65-7fa4-4118-869d-a084e84530e2,p48q8,100.0,5.0,grid,25844887,396853,25426716,17.0,18.264170278583975,18.30526231885093,16.31056736937817,18.52184258258782,13.52362597382654,0.26383228976010287
eebcaf65-7fa4-4118-869d-a084e84530e2,p48q8,100.0,7.0,grid,18901085,396853,18482914,17.0,16.64201300571382,16.727139036100137,14.85700573597072,18.029562360472298,11.563261231280892,0.26154413087257644
eebcaf65-7fa4-4118-869d-a084e84530e2,p48q8,100.0,10.0,grid,13200438,396853,12782267,17.0,14.887799443457915,14.920633106150003,13.220996491232782,17.087829579670515,9.629849924744894,0.2554330797273314
eebcaf65-7fa4-4118-869d-a084e84530e2,p48q8,100.0,14.0,grid,9251744,396853,8833573,17.0,13.27186321021882,13.339097638523862,11.726785288825203,15.807529368008272,7.966104067920138,0.2512440368729322
fe380793-8035-414e-b000-09bfe5ece92a,p48q8,100.0,2.5,grid,72194220,487800,71679554,21.0,24.904509823305556,24.843568345575306,24.011304152010815,27.57602204944575,23.389366912898055,0.18496901840851676
fe380793-8035-414e-b000-09bfe5ece92a,p48q8,100.0,3.5,grid,60412474,487800,59897808,21.0,23.627771863794674,23.561997703409723,22.827013312780835,27.298833877820236,21.83064272800059,0.1851918029858346
fe380793-8035-414e-b000-09bfe5ece92a,p48q8,100.0,5.0,grid,48036012,487800,47521346,21.0,21.80144581541606,21.725246036620423,21.015540757350287,26.634094062655997,19.75325108771662,0.18507073315210165
fe380793-8035-414e-b000-09bfe5ece92a,p48q8,100.0,7.0,grid,37418436,487800,36903770,21.0,19.804975505651772,19.718335400916207,19.0230475849657,25.467033606376678,17.60688617512759,0.18438467504543854
fe380793-8035-414e-b000-09bfe5ece92a,p48q8,100.0,10.0,grid,27649743,487800,27135077,21.0,17.574546517830168,17.46451340492768,16.786365698530194,23.680996033907103,15.259772077411668,0.18254422696399697
fe380793-8035-414e-b000-09bfe5ece92a,p48q8,100.0,14.0,grid,20094305,487800,19579639,21.0,15.500945143316237,15.386304443707267,14.735939070688138,21.67171254433893,13.0760232652932,0.18040939552017965
1a276285-8b0e-4cc9-9f0a-a3a002978724,p24q8,100.0,2.5,grid,53375186,223047,53129073,17.0,25.459439834362378,25.235847663980444,23.883480693316898,27.486106773804057,25.835105685570227,0.13586418123562927
1a276285-8b0e-4cc9-9f0a-a3a002978724,p24q8,100.0,3.5,grid,45311954,223047,45065841,17.0,24.24784439606764,23.936796113032624,22.757621747530766,27.254861239763137,24.254515863565302,0.13575374466748813
1a276285-8b0e-4cc9-9f0a-a3a002978724,p24q8,100.0,5.0,grid,36584610,223047,36338497,17.0,22.43852972749368,22.083551096946692,20.99669391005555,26.69894294054988,22.113612479936275,0.13457311124025395
1a276285-8b0e-4cc9-9f0a-a3a002978724,p24q8,100.0,7.0,grid,28808149,223047,28562036,17.0,20.396929851790084,19.998289863648296,19.03040780030141,25.721024613364406,19.89618318036902,0.134133533068572
1a276285-8b0e-4cc9-9f0a-a3a002978724,p24q8,100.0,10.0,grid,21351840,223047,21105727,17.0,18.065627646164877,17.632188282870363,16.724820368072336,24.165096842405454,17.470650883717695,0.13492410524965526
1a276285-8b0e-4cc9-9f0a-a3a002978724,p24q8,100.0,14.0,grid,15456912,223047,15210799,17.0,15.90957400246947,15.463511230236165,14.584490480872565,22.32604583950151,15.245571209828775,0.13301906996354995
1e104bf4-7a24-4624-a5b2-c2c8289c0de7,p24q8,100.0,2.5,grid,53963615,238062,53701081,17.0,25.19346348127009,25.343049462474916,24.207116707570652,26.82241300371674,20.844764464983836,0.05226571764975296
1e104bf4-7a24-4624-a5b2-c2c8289c0de7,p24q8,100.0,3.5,grid,45897265,238062,45634731,17.0,23.942102009169197,24.065610450144582,23.080097213641626,26.61898755326463,19.07601763782732,0.05147975003066785
1e104bf4-7a24-4624-a5b2-c2c8289c0de7,p24q8,100.0,5.0,grid,37333427,238062,37070893,17.0,22.108420516204763,22.189551728034935,21.381895286765257,26.111007545405247,16.775799300545614,0.05064654311630579
1e104bf4-7a24-4624-a5b2-c2c8289c0de7,p24q8,100.0,7.0,grid,29721170,238062,29458636,17.0,20.066316668883157,20.116903388486143,19.472280408008363,25.153068264791685,14.464766504260888,0.0490876773096699
1e104bf4-7a24-4624-a5b2-c2c8289c0de7,p24q8,100.0,10.0,grid,22477960,238062,22215426,17.0,17.739051539683576,17.77074233213652,17.23797643503323,23.572554192437746,11.990059630751757,0.048084407899785964
1e104bf4-7a24-4624-a5b2-c2c8289c0de7,p24q8,100.0,14.0,grid,16599897,238062,16337363,17.0,15.498166477841284,15.503896880709814,15.016052219422733,21.62299658057108,9.663705182605879,0.047116138832368426
6638cfb3-3831-4fc2-9327-194b76cf22e1,p24q8,100.0,2.5,grid,37825794,171144,37634700,15.0,24.79832128278954,24.807329361546312,24.417547733634446,31.861597413563835,19.131669748827157,0.02784371615768666
6638cfb3-3831-4fc2-9327-194b76cf22e1,p24q8,100.0,3.5,grid,31199501,171144,31008407,15.0,23.459960905325964,23.473739350512698,23.102509623520476,31.549963126534234,17.52762617610723,0.027797100772982808
6638cfb3-3831-4fc2-9327-194b76cf22e1,p24q8,100.0,5.0,grid,24147575,171144,23956481,15.0,21.5539666393256,21.562079831273984,21.221104151400244,30.814954194326422,15.353699796278054,0.0297403537248776
6638cfb3-3831-4fc2-9327-194b76cf22e1,p24q8,100.0,7.0,grid,18154319,171144,17963225,15.0,19.531835969710976,19.543454265130794,19.19176846119391,29.568344649746443,13.16908806716629,0.031001188745945596
6638cfb3-3831-4fc2-9327-194b76cf22e1,p24q8,100.0,10.0,grid,12890753,171144,12699659,15.0,17.38070139051598,17.391425024595534,17.019446868372683,27.725707052347897,10.935094355611119,0.03414829141328479
6638cfb3-3831-4fc2-9327-194b76cf22e1,p24q8,100.0,14.0,grid,9076055,171144,8884961,15.0,15.441047192972913,15.455097329303511,15.048750084263757,25.729880500117726,8.967197250501634,0.03766096050806511
749cb2b7-e57e-4453-a794-f6230e4d0226,p24q8,100.0,2.5,grid,56487041,273241,56187694,17.0,25.94737844561284,25.85234175728878,25.327668151709926,30.777126353946052,22.344865031243863,0.05481407122879889
749cb2b7-e57e-4453-a794-f6230e4d0226,p24q8,100.0,3.5,grid,46821479,273241,46522132,17.0,24.79918482407248,24.686362912537795,24.173923517371854,30.579178836717507,20.811900283652523,0.054958375835837736
749cb2b7-e57e-4453-a794-f6230e4d0226,p24q8,100.0,5.0,grid,37031522,273241,36732175,17.0,23.154796957505845,23.01064845684361,22.519812106493823,30.09512810162908,18.82098864477648,0.054931995689964985
749cb2b7-e57e-4453-a794-f6230e4d0226,p24q8,100.0,7.0,grid,28972305,273241,28672958,17.0,21.36757094175166,21.19224060060469,20.687373324334775,29.195184569872655,16.834607484815173,0.054356275603628545
749cb2b7-e57e-4453-a794-f6230e4d0226,p24q8,100.0,10.0,grid,21857131,273241,21557784,17.0,19.355727796545587,19.169520565515835,18.641861336257158,27.733832108190512,14.698501467976321,0.053801916257679605
749cb2b7-e57e-4453-a794-f6230e4d0226,p24q8,100.0,14.0,grid,16466434,273241,16167087,17.0,17.409587656291265,17.221803158537554,16.679040109944673,26.0000617717006,12.663892045240036,0.05361506563105045
d7ec0892-0a6c-4f4f-9d8f-72083692af5c,p24q8,100.0,2.5,grid,71499809,308334,71169929,25.0,20.630172692833845,20.861926576407054,16.85035829010246,19.48448899088079,18.30311167506175,0.3140770729967619
d7ec0892-0a6c-4f4f-9d8f-72083692af5c,p24q8,100.0,3.5,grid,60134862,308334,59804982,25.0,19.66794880910062,19.950134241592544,15.846928628695455,19.365376891268735,16.99632572428698,0.3136874315106908
d7ec0892-0a6c-4f4f-9d8f-72083692af5c,p24q8,100.0,5.0,grid,47800591,308334,47470711,25.0,18.08372252317225,18.411698918383067,14.2377388842065,19.060794934362566,15.046408116833689,0.31346133288241007
d7ec0892-0a6c-4f4f-9d8f-72083692af5c,p24q8,100.0,7.0,grid,36830499,308334,36500619,25.0,16.18958889648424,16.505628861720506,12.375559455065089,18.46000963091867,12.903695978596017,0.3121348549319706
d7ec0892-0a6c-4f4f-9d8f-72083692af5c,p24q8,100.0,10.0,grid,26480180,308334,26150300,25.0,13.97857067682348,14.314262693914026,10.160289933736543,17.40449881696616,10.53458137044929,0.3104981124212459
d7ec0892-0a6c-4f4f-9d8f-72083692af5c,p24q8,100.0,14.0,grid,18303499,308334,17973619,25.0,11.8846295490819,12.18018496018686,8.127907527491198,16.09401715250564,8.3561577913986,0.3092163608432176
da8dfec1-d265-44e8-84ce-6ae9c109b8bd,p24q8,100.0,2.5,grid,60578459,262677,60295832,24.0,19.062039990708687,19.1885013980065,18.54335609987226,23.80098577921492,15.67539759466465,0.03860871765355878
da8dfec1-d265-44e8-84ce-6ae9c109b8bd,p24q8,100.0,3.5,grid,49220690,262677,48938063,24.0,18.057631502892526,18.15127752015243,17.60569283642977,23.558829078180285,14.473134872843787,0.03830510012406774
da8dfec1-d265-44e8-84ce-6ae9c109b8bd,p24q8,100.0,5.0,grid,37283476,262677,37000849,24.0,16.483197276742107,16.539368802011815,16.048913928958047,23.009434110548902,12.686777637923917,0.03732396479377853
da8dfec1-d265-44e8-84ce-6ae9c109b8bd,p24q8,100.0,7.0,grid,27238090,262677,26955463,24.0,14.699701872279293,14.724909519914494,14.27907325450448,22.11708458330613,10.73980106104252,0.03748415744434008
da8dfec1-d265-44e8-84ce-6ae9c109b8bd,p24q8,100.0,10.0,grid,18552931,262677,18270304,24.0,12.718345777621971,12.723576730898067,12.271876948133785,20.84101542889495,8.611905188016905,0.03831589384110845
da8dfec1-d265-44e8-84ce-6ae9c109b8bd,p24q8,100.0,14.0,grid,12281589,262677,11998962,24.0,10.90342389777533,10.905514027280319,10.475946901034526,19.376931333728113,6.698514242898387,0.03553624711472636
dab512bd-a02d-4c1f-8dbc-9155a163efc0,p24q8,100.0,2.5,grid,33939710,177959,33744727,18.0,25.725755368956506,25.706203202890027,25.340816905165912,28.796917445319373,20.779762487643936,0.14241712684687724
dab512bd-a02d-4c1f-8dbc-9155a163efc0,p24q8,100.0,3.5,grid,27616141,177959,27421158,18.0,24.3514314548013,24.320137193181495,23.94415969096398,28.389830102491125,18.95008408757771,0.13881394252363088
dab512bd-a02d-4c1f-8dbc-9155a163efc0,p24q8,100.0,5.0,grid,21458145,177959,21263162,18.0,22.553125268351792,22.525136544230737,22.145443275695182,27.462347808863573,16.843176064724595,0.1346865221164758
dab512bd-a02d-4c1f-8dbc-9155a163efc0,p24q8,100.0,7.0,grid,16587450,177959,16392467,18.0,20.71045990948107,20.679025054783565,20.310561235188967,25.93599778302409,14.944884890656722,0.1331659473545228
dab512bd-a02d-4c1f-8dbc-9155a163efc0,p24q8,100.0,10.0,grid,12427395,177959,12232412,18.0,18.68958408972021,18.660248653118437,18.300560912031298,23.78859091905341,12.99082920708049,0.13742826196450086
dab512bd-a02d-4c1f-8dbc-9155a163efc0,p24q8,100.0,14.0,grid,9287275,177959,9092292,18.0,16.751889078157845,16.72014763734471,16.383010981770763,21.5586459231806,11.046154643691551,0.1408678315964763
dc7e9403-19f7-409f-9240-05ee57cb7aea,p24q8,100.0,2.5,grid,74826752,329517,74474207,26.0,22.784294877881027,22.249607766603916,21.45675884508182,26.49996796229484,19.942458583397517,0.10885858161246764
dc7e9403-19f7-409f-9240-05ee57cb7aea,p24q8,100.0,3.5,grid,61519646,329517,61167101,26.0,21.731479015300835,21.190282907781203,20.508635069745715,26.20848555561398,18.692310283474534,0.10883197544743417
dc7e9403-19f7-409f-9240-05ee57cb7aea,p24q8,100.0,5.0,grid,47670164,329517,47317619,26.0,20.099571397083402,19.53621482222491,18.938430529958147,25.533052582621288,16.858393654406022,0.10893032934789093
dc7e9403-19f7-409f-9240-05ee57cb7aea,p24q8,100.0,7.0,grid,36213133,329517,35860588,26.0,18.269151688706405,17.70266789758614,17.129733982117152,24.41078685494544,14.898708870120327,0.10876200027037042
dc7e9403-19f7-409f-9240-05ee57cb7aea,p24q8,100.0,10.0,grid,26217562,329517,25865017,26.0,16.214546399889493,15.60904644731872,15.044447400292324,22.761246087879634,12.74663554820437,0.10829996198693448
dc7e9403-19f7-409f-9240-05ee57cb7aea,p24q8,100.0,14.0,grid,18685413,329517,18332868,26.0,14.274044312950886,13.676845826037484,13.080165040173876,20.970027501487586,10.730090675930127,0.10720583561165675
e8f9fba4-d151-4b00-bee7-447f0f3e752c,p24q8,100.0,2.5,grid,68235562,323894,67888336,24.0,19.642911267174995,19.942356554816907,18.10865427310084,19.51788311995919,19.658584019577134,0.18923271143537101
e8f9fba4-d151-4b00-bee7-447f0f3e752c,p24q8,100.0,3.5,grid,55992552,323894,55645326,24.0,18.56993337411446,18.827954088539016,17.005787772497513,19.38771561114334,18.088142022581792,0.18768066384801962
e8f9fba4-d151-4b00-bee7-447f0f3e752c,p24q8,100.0,5.0,grid,43176965,323894,42829739,24.0,16.943590172781217,17.156196142355107,15.365763280131986,19.047630831802856,15.978037459990787,0.1854371240833882
e8f9fba4-d151-4b00-bee7-447f0f3e752c,p24q8,100.0,7.0,grid,32367423,323894,32020197,24.0,15.12667924624054,15.312509108686026,13.563847997895145,18.35345208341455,13.823928993434283,0.17998595989621136
e8f9fba4-d151-4b00-bee7-447f0f3e752c,p24q8,100.0,10.0,grid,22817764,323894,22470538,24.0,13.109069237757826,13.260456117542251,11.614177193010965,17.08902190251176,11.55642609876141,0.1713241360947061
e8f9fba4-d151-4b00-bee7-447f0f3e752c,p24q8,100.0,14.0,grid,15834732,323894,15487506,24.0,11.26140543260637,11.38578311309574,9.871392335060635,15.468101846395019,9.555981702863864,0.15919345838220578
eebcaf65-7fa4-4118-869d-a084e84530e2,p24q8,100.0,2.5,grid,42969646,235517,42712811,17.0,20.618025358039482,20.682957191748347,18.405836190408937,18.15741323243216,17.273959445830297,0.2733677151240995
eebcaf65-7fa4-4118-869d-a084e84530e2,p24q8,100.0,3.5,grid,34348648,235517,34091813,17.0,19.610997814941786,19.682365477680314,17.52243419111172,18.08461314496023,15.606330449476216,0.2720210243828294
eebcaf65-7fa4-4118-869d-a084e84530e2,p24q8,100.0,5.0,grid,25683551,235517,25426716,17.0,18.1511227682834,18.19333396022686,16.205212671276335,17.894182898530694,13.532110923437843,0.26961522520823633
eebcaf65-7fa4-4118-869d-a084e84530e2,p24q8,100.0,7.0,grid,18739749,235517,18482914,17.0,16.568919542898175,16.60823713303789,14.726448697177627,17.488753201930404,11.567498275384697,0.26781410268152217
eebcaf65-7fa4-4118-869d-a084e84530e2,p24q8,100.0,10.0,grid,13039102,235517,12782267,17.0,14.84425517065046,14.892877024313622,13.148951539677462,16.687159785474034,9.631434306592762,0.26301439410653427
eebcaf65-7fa4-4118-869d-a084e84530e2,p24q8,100.0,14.0,grid,9090408,235517,8833573,17.0,13.24675403298519,13.31606710255047,11.690046418032038,15.551389882656942,7.966679843615622,0.25797505914374397
fe380793-8035-414e-b000-09bfe5ece92a,p24q8,100.0,2.5,grid,72015639,309219,71679554,21.0,24.800855672254567,24.777023163081928,23.904145413429973,27.17834973552291,23.313348731535495,0.1847524540572275
fe380793-8035-414e-b000-09bfe5ece92a,p24q8,100.0,3.5,grid,60233893,309219,59897808,21.0,23.553969457811515,23.496959154707,22.71804584309615,26.930030352976615,21.78191370437127,0.18502625213571933
fe380793-8035-414e-b000-09bfe5ece92a,p24q8,100.0,5.0,grid,47857431,309219,47521346,21.0,21.75693390294816,21.684764513999436,20.976028062641756,26.32818444241847,19.727337244476935,0.18480390641879985
fe380793-8035-414e-b000-09bfe5ece92a,p24q8,100.0,7.0,grid,37239855,309219,36903770,21.0,19.78039856744874,19.696928660784128,19.006973424358463,25.24939614960189,17.59439747295489,0.18436898129687018
fe380793-8035-414e-b000-09bfe5ece92a,p24q8,100.0,10.0,grid,27471162,309219,27135077,21.0,17.562540137392325,17.451869507392352,16.77631686879984,23.5556038609827,15.254532813516473,0.18234668951388544
fe380793-8035-414e-b000-09bfe5ece92a,p24q8,100.0,14.0,grid,19915724,309219,19579639,21.0,15.495180415847269,15.380606627987557,14.729863664081863,21.608333024411806,13.073923706908154,0.18027093371300895
