pid,m,epsilon,alpha,bytes,bytes_spatial,sig,err
1a276285-8b0e-4cc9-9f0a-a3a002978724,inf,100.0,2.0,4673376.0,866645.0,0.2132329076357336,0.0005181654097376308
1a276285-8b0e-4cc9-9f0a-a3a002978724,inf,100.0,2.3149729741653853,4466149.0,866645.0,0.2132329076357336,0.0005590269585610956
1a276285-8b0e-4cc9-9f0a-a3a002978724,inf,100.0,2.6795499355580645,4245964.0,866645.0,0.2132329076357336,0.0006164668241039361
1a276285-8b0e-4cc9-9f0a-a3a002978724,inf,100.0,3.1015428418717597,4015183.0,866645.0,0.2132329076357336,0.0006961531102009207
1a276285-8b0e-4cc9-9f0a-a3a002978724,inf,100.0,3.5899939285746147,3780255.0,866645.0,0.2132329076357336,0.0008042108866009988
1a276285-8b0e-4cc9-9f0a-a3a002978724,inf,100.0,4.1553694610340255,3543719.0,866645.0,0.2132329076357336,0.0009481203202128968
1a276285-8b0e-4cc9-9f0a-a3a002978724,inf,100.0,4.809783999982975,3308413.0,866645.0,0.2132329076357336,0.0011395472171240818
1a276285-8b0e-4cc9-9f0a-a3a002978724,inf,100.0,5.567259985766836,3078959.0,866645.0,0.2132329076357336,0.0013878119952846664
1a276285-8b0e-4cc9-9f0a-a3a002978724,inf,100.0,6.444028203601297,2859211.0,866645.0,0.2132329076357336,0.0017075290951284814
1a276285-8b0e-4cc9-9f0a-a3a002978724,inf,100.0,7.458875568048258,2644866.0,866645.0,0.2132329076357336,0.002122483813537097
1a276285-8b0e-4cc9-9f0a-a3a002978724,inf,100.0,8.633547678847101,2440916.0,866645.0,0.2132329076357336,0.002649131104977379
1a276285-8b0e-4cc9-9f0a-a3a002978724,inf,100.0,9.993214773849669,2249284.0,866645.0,0.2132329076357336,0.003307579890830813
1a276285-8b0e-4cc9-9f0a-a3a002978724,inf,100.0,11.567011063246117,2071031.0,866645.0,0.2132329076357336,0.0041224688362333645
1a276285-8b0e-4cc9-9f0a-a3a002978724,inf,100.0,13.388659001643386,1908463.0,866645.0,0.2132329076357336,0.0051131194678440805
1a276285-8b0e-4cc9-9f0a-a3a002978724,inf,100.0,15.497191874560272,1763605.0,866645.0,0.2132329076357336,0.006273818381858628
1a276285-8b0e-4cc9-9f0a-a3a002978724,inf,100.0,17.937790182531224,1634943.0,866645.0,0.2132329076357336,0.007641811158727009
1a276285-8b0e-4cc9-9f0a-a3a002978724,inf,100.0,20.762749744404477,1525144.0,866645.0,0.2132329076357336,0.009202211262978004
1a276285-8b0e-4cc9-9f0a-a3a002978724,inf,100.0,24.03260226382781,1430871.0,866645.0,0.2132329076357336,0.010974113674256498
1a276285-8b0e-4cc9-9f0a-a3a002978724,inf,100.0,27.81741236981361,1352791.0,866645.0,0.2132329076357336,0.012969639082524784
1a276285-8b0e-4cc9-9f0a-a3a002978724,inf,100.0,32.19827892366621,1283452.0,866645.0,0.2132329076357336,0.015269343078371665
1a276285-8b0e-4cc9-9f0a-a3a002978724,inf,100.0,37.26907276146309,1224360.0,866645.0,0.2132329076357336,0.017948488725856058
1a276285-8b0e-4cc9-9f0a-a3a002978724,inf,100.0,43.13844810749518,1175078.0,866645.0,0.2132329076357336,0.02105047038289194
1a276285-8b0e-4cc9-9f0a-a3a002978724,inf,100.0,49.93217075814364,1131840.0,866645.0,0.2132329076357336,0.024745080167897667
1a276285-8b0e-4cc9-9f0a-a3a002978724,inf,100.0,57.795812923256825,1093093.0,866645.0,0.2132329076357336,0.029171034531816024
1a276285-8b0e-4cc9-9f0a-a3a002978724,inf,100.0,66.89787246862902,1056336.0,866645.0,0.2132329076357336,0.03452027332126368
1a276285-8b0e-4cc9-9f0a-a3a002978724,inf,100.0,77.43338339701937,1025396.0,866645.0,0.2132329076357336,0.04097245693454885
1a276285-8b0e-4cc9-9f0a-a3a002978724,inf,100.0,89.62809493114324,996088.0,866645.0,0.2132329076357336,0.048665838978852655
1a276285-8b0e-4cc9-9f0a-a3a002978724,inf,100.0,103.74330874576306,972177.0,866645.0,0.2132329076357336,0.057657000196609
1a276285-8b0e-4cc9-9f0a-a3a002978724,inf,100.0,120.08147799846844,949130.0,866645.0,0.2132329076357336,0.06824850280182027
1a276285-8b0e-4cc9-9f0a-a3a002978724,inf,100.0,138.99268813214488,929771.0,866645.0,0.2132329076357336,0.08002722141232915
1a276285-8b0e-4cc9-9f0a-a3a002978724,inf,100.0,160.88215831625678,913226.0,866645.0,0.2132329076357336,0.0934142367320697
1a276285-8b0e-4cc9-9f0a-a3a002978724,inf,100.0,186.21892426376562,901087.0,866645.0,0.2132329076357336,0.10756510400586033
1a276285-8b0e-4cc9-9f0a-a3a002978724,inf,100.0,215.54588847438404,891325.0,866645.0,0.2132329076357336,0.12154248044951724
1a276285-8b0e-4cc9-9f0a-a3a002978724,inf,100.0,249.49145325533257,884892.0,866645.0,0.2132329076357336,0.13488985475076826
1a276285-8b0e-4cc9-9f0a-a3a002978724,inf,100.0,288.7829857856707,882079.0,866645.0,0.2132329076357336,0.14211229251741606
1a276285-8b0e-4cc9-9f0a-a3a002978724,inf,100.0,334.2624037463071,880454.0,866645.0,0.2132329076357336,0.14752820764660493
1a276285-8b0e-4cc9-9f0a-a3a002978724,inf,100.0,386.9042154761296,879462.0,866645.0,0.2132329076357336,0.15173578557438752
1a276285-8b0e-4cc9-9f0a-a3a002978724,inf,100.0,447.8364012089508,878730.0,866645.0,0.2132329076357336,0.1557484929775565
1a276285-8b0e-4cc9-9f0a-a3a002978724,inf,100.0,518.3645828231037,878249.0,866645.0,0.2132329076357336,0.1591743960506409
1a276285-8b0e-4cc9-9f0a-a3a002978724,inf,100.0,599.9999999999997,877936.0,866645.0,0.2132329076357336,0.16211824117598686
1e104bf4-7a24-4624-a5b2-c2c8289c0de7,inf,100.0,2.0,4553697.0,872218.0,0.3815347500752587,0.0009364953126516363
1e104bf4-7a24-4624-a5b2-c2c8289c0de7,inf,100.0,2.3149729741653853,4348508.0,872218.0,0.3815347500752587,0.0010196250602991057
1e104bf4-7a24-4624-a5b2-c2c8289c0de7,inf,100.0,2.6795499355580645,4134495.0,872218.0,0.3815347500752587,0.001134883286193467
1e104bf4-7a24-4624-a5b2-c2c8289c0de7,inf,100.0,3.1015428418717597,3914268.0,872218.0,0.3815347500752587,0.0012937336598779993
1e104bf4-7a24-4624-a5b2-c2c8289c0de7,inf,100.0,3.5899939285746147,3688535.0,872218.0,0.3815347500752587,0.0015074222083565224
1e104bf4-7a24-4624-a5b2-c2c8289c0de7,inf,100.0,4.1553694610340255,3466491.0,872218.0,0.3815347500752587,0.0017901010171531156
1e104bf4-7a24-4624-a5b2-c2c8289c0de7,inf,100.0,4.809783999982975,3249458.0,872218.0,0.3815347500752587,0.002159471183649163
1e104bf4-7a24-4624-a5b2-c2c8289c0de7,inf,100.0,5.567259985766836,3035463.0,872218.0,0.3815347500752587,0.002645526744853403
1e104bf4-7a24-4624-a5b2-c2c8289c0de7,inf,100.0,6.444028203601297,2828592.0,872218.0,0.3815347500752587,0.0032645106060529986
1e104bf4-7a24-4624-a5b2-c2c8289c0de7,inf,100.0,7.458875568048258,2629137.0,872218.0,0.3815347500752587,0.004060528631331686
1e104bf4-7a24-4624-a5b2-c2c8289c0de7,inf,100.0,8.633547678847101,2439847.0,872218.0,0.3815347500752587,0.0050766859069199186
1e104bf4-7a24-4624-a5b2-c2c8289c0de7,inf,100.0,9.993214773849669,2261830.0,872218.0,0.3815347500752587,0.006357777466838579
1e104bf4-7a24-4624-a5b2-c2c8289c0de7,inf,100.0,11.567011063246117,2094444.0,872218.0,0.3815347500752587,0.007972080702059587
1e104bf4-7a24-4624-a5b2-c2c8289c0de7,inf,100.0,13.388659001643386,1939520.0,872218.0,0.3815347500752587,0.00997798177876798
1e104bf4-7a24-4624-a5b2-c2c8289c0de7,inf,100.0,15.497191874560272,1794321.0,872218.0,0.3815347500752587,0.01248472940368609
1e104bf4-7a24-4624-a5b2-c2c8289c0de7,inf,100.0,17.937790182531224,1659142.0,872218.0,0.3815347500752587,0.015577133323216695
1e104bf4-7a24-4624-a5b2-c2c8289c0de7,inf,100.0,20.762749744404477,1536619.0,872218.0,0.3815347500752587,0.019319822449547455
1e104bf4-7a24-4624-a5b2-c2c8289c0de7,inf,100.0,24.03260226382781,1428863.0,872218.0,0.3815347500752587,0.023722529705741544
1e104bf4-7a24-4624-a5b2-c2c8289c0de7,inf,100.0,27.81741236981361,1331967.0,872218.0,0.3815347500752587,0.02889989207801187
1e104bf4-7a24-4624-a5b2-c2c8289c0de7,inf,100.0,32.19827892366621,1247115.0,872218.0,0.3815347500752587,0.03492052459203472
1e104bf4-7a24-4624-a5b2-c2c8289c0de7,inf,100.0,37.26907276146309,1173785.0,872218.0,0.3815347500752587,0.04176134419645368
1e104bf4-7a24-4624-a5b2-c2c8289c0de7,inf,100.0,43.13844810749518,1114980.0,872218.0,0.3815347500752587,0.04933279822546117
1e104bf4-7a24-4624-a5b2-c2c8289c0de7,inf,100.0,49.93217075814364,1065267.0,872218.0,0.3815347500752587,0.05771332056264322
1e104bf4-7a24-4624-a5b2-c2c8289c0de7,inf,100.0,57.795812923256825,1026508.0,872218.0,0.3815347500752587,0.066622094514736
1e104bf4-7a24-4624-a5b2-c2c8289c0de7,inf,100.0,66.89787246862902,995529.0,872218.0,0.3815347500752587,0.07608997934160946
1e104bf4-7a24-4624-a5b2-c2c8289c0de7,inf,100.0,77.43338339701937,970627.0,872218.0,0.3815347500752587,0.08596152605857287
1e104bf4-7a24-4624-a5b2-c2c8289c0de7,inf,100.0,89.62809493114324,951006.0,872218.0,0.3815347500752587,0.09647906334609425
1e104bf4-7a24-4624-a5b2-c2c8289c0de7,inf,100.0,103.74330874576306,935715.0,872218.0,0.3815347500752587,0.10755657026489039
1e104bf4-7a24-4624-a5b2-c2c8289c0de7,inf,100.0,120.08147799846844,923189.0,872218.0,0.3815347500752587,0.11931440456913396
1e104bf4-7a24-4624-a5b2-c2c8289c0de7,inf,100.0,138.99268813214488,912872.0,872218.0,0.3815347500752587,0.1323395292016388
1e104bf4-7a24-4624-a5b2-c2c8289c0de7,inf,100.0,160.88215831625678,904053.0,872218.0,0.3815347500752587,0.14684213420855302
1e104bf4-7a24-4624-a5b2-c2c8289c0de7,inf,100.0,186.21892426376562,897840.0,872218.0,0.3815347500752587,0.16118925625878067
1e104bf4-7a24-4624-a5b2-c2c8289c0de7,inf,100.0,215.54588847438404,892799.0,872218.0,0.3815347500752587,0.17808881220318412
1e104bf4-7a24-4624-a5b2-c2c8289c0de7,inf,100.0,249.49145325533257,888309.0,872218.0,0.3815347500752587,0.19666371308990227
1e104bf4-7a24-4624-a5b2-c2c8289c0de7,inf,100.0,288.7829857856707,885061.0,872218.0,0.3815347500752587,0.21488666430114797
1e104bf4-7a24-4624-a5b2-c2c8289c0de7,inf,100.0,334.2624037463071,883817.0,872218.0,0.3815347500752587,0.22393737922292406
1e104bf4-7a24-4624-a5b2-c2c8289c0de7,inf,100.0,386.9042154761296,883474.0,872218.0,0.3815347500752587,0.22630074357413965
1e104bf4-7a24-4624-a5b2-c2c8289c0de7,inf,100.0,447.8364012089508,883278.0,872218.0,0.3815347500752587,0.22816139173187605
1e104bf4-7a24-4624-a5b2-c2c8289c0de7,inf,100.0,518.3645828231037,883125.0,872218.0,0.3815347500752587,0.2294840175247985
1e104bf4-7a24-4624-a5b2-c2c8289c0de7,inf,100.0,599.9999999999997,883022.0,872218.0,0.3815347500752587,0.2305053812876176
6638cfb3-3831-4fc2-9327-194b76cf22e1,inf,100.0,2.0,3938144.0,765688.0,1.0724413988312285,0.0029626737687158855
6638cfb3-3831-4fc2-9327-194b76cf22e1,inf,100.0,2.3149729741653853,3740816.0,765688.0,1.0724413988312285,0.0032275898544143772
6638cfb3-3831-4fc2-9327-194b76cf22e1,inf,100.0,2.6795499355580645,3530522.0,765688.0,1.0724413988312285,0.003599355447885298
6638cfb3-3831-4fc2-9327-194b76cf22e1,inf,100.0,3.1015428418717597,3312100.0,765688.0,1.0724413988312285,0.004112317833036164
6638cfb3-3831-4fc2-9327-194b76cf22e1,inf,100.0,3.5899939285746147,3090439.0,765688.0,1.0724413988312285,0.004803972690020573
6638cfb3-3831-4fc2-9327-194b76cf22e1,inf,100.0,4.1553694610340255,2866530.0,765688.0,1.0724413988312285,0.005726738796188073
6638cfb3-3831-4fc2-9327-194b76cf22e1,inf,100.0,4.809783999982975,2649010.0,765688.0,1.0724413988312285,0.006920652774174711
6638cfb3-3831-4fc2-9327-194b76cf22e1,inf,100.0,5.567259985766836,2439983.0,765688.0,1.0724413988312285,0.008459867016550908
6638cfb3-3831-4fc2-9327-194b76cf22e1,inf,100.0,6.444028203601297,2241614.0,765688.0,1.0724413988312285,0.010394707658475994
6638cfb3-3831-4fc2-9327-194b76cf22e1,inf,100.0,7.458875568048258,2057442.0,765688.0,1.0724413988312285,0.012788758883950377
6638cfb3-3831-4fc2-9327-194b76cf22e1,inf,100.0,8.633547678847101,1888316.0,765688.0,1.0724413988312285,0.015719108885729555
6638cfb3-3831-4fc2-9327-194b76cf22e1,inf,100.0,9.993214773849669,1735665.0,765688.0,1.0724413988312285,0.01925141859200923
6638cfb3-3831-4fc2-9327-194b76cf22e1,inf,100.0,11.567011063246117,1599933.0,765688.0,1.0724413988312285,0.023451588573054242
6638cfb3-3831-4fc2-9327-194b76cf22e1,inf,100.0,13.388659001643386,1480050.0,765688.0,1.0724413988312285,0.028405683784782625
6638cfb3-3831-4fc2-9327-194b76cf22e1,inf,100.0,15.497191874560272,1372332.0,765688.0,1.0724413988312285,0.03428981805334853
6638cfb3-3831-4fc2-9327-194b76cf22e1,inf,100.0,17.937790182531224,1276017.0,765688.0,1.0724413988312285,0.041251706752149946
6638cfb3-3831-4fc2-9327-194b76cf22e1,inf,100.0,20.762749744404477,1194231.0,765688.0,1.0724413988312285,0.049352232567025735
6638cfb3-3831-4fc2-9327-194b76cf22e1,inf,100.0,24.03260226382781,1120443.0,765688.0,1.0724413988312285,0.059041204790286364
6638cfb3-3831-4fc2-9327-194b76cf22e1,inf,100.0,27.81741236981361,1058258.0,765688.0,1.0724413988312285,0.07006905040254542
6638cfb3-3831-4fc2-9327-194b76cf22e1,inf,100.0,32.19827892366621,1002600.0,765688.0,1.0724413988312285,0.08293361638936099
6638cfb3-3831-4fc2-9327-194b76cf22e1,inf,100.0,37.26907276146309,954181.0,765688.0,1.0724413988312285,0.09759157925195348
6638cfb3-3831-4fc2-9327-194b76cf22e1,inf,100.0,43.13844810749518,915277.0,765688.0,1.0724413988312285,0.11395049413361089
6638cfb3-3831-4fc2-9327-194b76cf22e1,inf,100.0,49.93217075814364,883867.0,765688.0,1.0724413988312285,0.13184289762641474
6638cfb3-3831-4fc2-9327-194b76cf22e1,inf,100.0,57.795812923256825,858221.0,765688.0,1.0724413988312285,0.15046828346580457
6638cfb3-3831-4fc2-9327-194b76cf22e1,inf,100.0,66.89787246862902,837351.0,765688.0,1.0724413988312285,0.17006520713821305
6638cfb3-3831-4fc2-9327-194b76cf22e1,inf,100.0,77.43338339701937,822119.0,765688.0,1.0724413988312285,0.190133582779582
6638cfb3-3831-4fc2-9327-194b76cf22e1,inf,100.0,89.62809493114324,810830.0,765688.0,1.0724413988312285,0.2085832650478472
6638cfb3-3831-4fc2-9327-194b76cf22e1,inf,100.0,103.74330874576306,803400.0,765688.0,1.0724413988312285,0.22700001621077942
6638cfb3-3831-4fc2-9327-194b76cf22e1,inf,100.0,120.08147799846844,797057.0,765688.0,1.0724413988312285,0.24571853688852943
6638cfb3-3831-4fc2-9327-194b76cf22e1,inf,100.0,138.99268813214488,791832.0,765688.0,1.0724413988312285,0.26616703671426767
6638cfb3-3831-4fc2-9327-194b76cf22e1,inf,100.0,160.88215831625678,787781.0,765688.0,1.0724413988312285,0.28747206723739704
6638cfb3-3831-4fc2-9327-194b76cf22e1,inf,100.0,186.21892426376562,785183.0,765688.0,1.0724413988312285,0.31168031796172707
6638cfb3-3831-4fc2-9327-194b76cf22e1,inf,100.0,215.54588847438404,782518.0,765688.0,1.0724413988312285,0.3403276550741083
6638cfb3-3831-4fc2-9327-194b76cf22e1,inf,100.0,249.49145325533257,780052.0,765688.0,1.0724413988312285,0.3740301051436108
6638cfb3-3831-4fc2-9327-194b76cf22e1,inf,100.0,288.7829857856707,777978.0,765688.0,1.0724413988312285,0.4119665442875984
6638cfb3-3831-4fc2-9327-194b76cf22e1,inf,100.0,334.2624037463071,776917.0,765688.0,1.0724413988312285,0.4354586000966886
6638cfb3-3831-4fc2-9327-194b76cf22e1,inf,100.0,386.9042154761296,776547.0,765688.0,1.0724413988312285,0.44453126591842207
6638cfb3-3831-4fc2-9327-194b76cf22e1,inf,100.0,447.8364012089508,776409.0,765688.0,1.0724413988312285,0.4473807755428076
6638cfb3-3831-4fc2-9327-194b76cf22e1,inf,100.0,518.3645828231037,776352.0,765688.0,1.0724413988312285,0.4480868975570441
6638cfb3-3831-4fc2-9327-194b76cf22e1,inf,100.0,599.9999999999997,776328.0,765688.0,1.0724413988312285,0.4480868947373365
749cb2b7-e57e-4453-a794-f6230e4d0226,inf,100.0,2.0,4554147.0,906838.0,0.07777137462104397,0.000165522806692993
749cb2b7-e57e-4453-a794-f6230e4d0226,inf,100.0,2.3149729741653853,4322713.0,906838.0,0.07777137462104397,0.00017874603442341204
749cb2b7-e57e-4453-a794-f6230e4d0226,inf,100.0,2.6795499355580645,4077975.0,906838.0,0.07777137462104397,0.00019714758136341629
749cb2b7-e57e-4453-a794-f6230e4d0226,inf,100.0,3.1015428418717597,3832509.0,906838.0,0.07777137462104397,0.00022185507519119008
749cb2b7-e57e-4453-a794-f6230e4d0226,inf,100.0,3.5899939285746147,3586630.0,906838.0,0.07777137462104397,0.0002546900910509139
749cb2b7-e57e-4453-a794-f6230e4d0226,inf,100.0,4.1553694610340255,3346672.0,906838.0,0.07777137462104397,0.0002971200509307968
749cb2b7-e57e-4453-a794-f6230e4d0226,inf,100.0,4.809783999982975,3116943.0,906838.0,0.07777137462104397,0.0003511472499702682
749cb2b7-e57e-4453-a794-f6230e4d0226,inf,100.0,5.567259985766836,2898072.0,906838.0,0.07777137462104397,0.00041946158747046576
749cb2b7-e57e-4453-a794-f6230e4d0226,inf,100.0,6.444028203601297,2693794.0,906838.0,0.07777137462104397,0.0005045039937984769
749cb2b7-e57e-4453-a794-f6230e4d0226,inf,100.0,7.458875568048258,2506220.0,906838.0,0.07777137462104397,0.0006087596343990638
749cb2b7-e57e-4453-a794-f6230e4d0226,inf,100.0,8.633547678847101,2331204.0,906838.0,0.07777137462104397,0.0007380511808814602
749cb2b7-e57e-4453-a794-f6230e4d0226,inf,100.0,9.993214773849669,2170371.0,906838.0,0.07777137462104397,0.0008975459385537356
749cb2b7-e57e-4453-a794-f6230e4d0226,inf,100.0,11.567011063246117,2023509.0,906838.0,0.07777137462104397,0.0010919181661152712
749cb2b7-e57e-4453-a794-f6230e4d0226,inf,100.0,13.388659001643386,1892279.0,906838.0,0.07777137462104397,0.0013290057930195472
749cb2b7-e57e-4453-a794-f6230e4d0226,inf,100.0,15.497191874560272,1772698.0,906838.0,0.07777137462104397,0.0016182637280167996
749cb2b7-e57e-4453-a794-f6230e4d0226,inf,100.0,17.937790182531224,1665546.0,906838.0,0.07777137462104397,0.0019658737910518967
749cb2b7-e57e-4453-a794-f6230e4d0226,inf,100.0,20.762749744404477,1565047.0,906838.0,0.07777137462104397,0.0023947069778230664
749cb2b7-e57e-4453-a794-f6230e4d0226,inf,100.0,24.03260226382781,1476230.0,906838.0,0.07777137462104397,0.002904399074407785
749cb2b7-e57e-4453-a794-f6230e4d0226,inf,100.0,27.81741236981361,1396664.0,906838.0,0.07777137462104397,0.0035176300021608274
749cb2b7-e57e-4453-a794-f6230e4d0226,inf,100.0,32.19827892366621,1324687.0,906838.0,0.07777137462104397,0.004243817018595666
749cb2b7-e57e-4453-a794-f6230e4d0226,inf,100.0,37.26907276146309,1262039.0,906838.0,0.07777137462104397,0.005080459605758733
749cb2b7-e57e-4453-a794-f6230e4d0226,inf,100.0,43.13844810749518,1205696.0,906838.0,0.07777137462104397,0.0060747580292337035
749cb2b7-e57e-4453-a794-f6230e4d0226,inf,100.0,49.93217075814364,1158265.0,906838.0,0.07777137462104397,0.007216775351824104
749cb2b7-e57e-4453-a794-f6230e4d0226,inf,100.0,57.795812923256825,1117683.0,906838.0,0.07777137462104397,0.008570694460259157
749cb2b7-e57e-4453-a794-f6230e4d0226,inf,100.0,66.89787246862902,1083663.0,906838.0,0.07777137462104397,0.010105734160999027
749cb2b7-e57e-4453-a794-f6230e4d0226,inf,100.0,77.43338339701937,1052818.0,906838.0,0.07777137462104397,0.011884902755839791
749cb2b7-e57e-4453-a794-f6230e4d0226,inf,100.0,89.62809493114324,1027611.0,906838.0,0.07777137462104397,0.013891030351711697
749cb2b7-e57e-4453-a794-f6230e4d0226,inf,100.0,103.74330874576306,1005339.0,906838.0,0.07777137462104397,0.016222883208141428
749cb2b7-e57e-4453-a794-f6230e4d0226,inf,100.0,120.08147799846844,986282.0,906838.0,0.07777137462104397,0.018828895410572265
749cb2b7-e57e-4453-a794-f6230e4d0226,inf,100.0,138.99268813214488,970624.0,906838.0,0.07777137462104397,0.021744575141874275
749cb2b7-e57e-4453-a794-f6230e4d0226,inf,100.0,160.88215831625678,957141.0,906838.0,0.07777137462104397,0.02493159764576271
749cb2b7-e57e-4453-a794-f6230e4d0226,inf,100.0,186.21892426376562,946169.0,906838.0,0.07777137462104397,0.028480018576118517
749cb2b7-e57e-4453-a794-f6230e4d0226,inf,100.0,215.54588847438404,937308.0,906838.0,0.07777137462104397,0.032369961814034065
749cb2b7-e57e-4453-a794-f6230e4d0226,inf,100.0,249.49145325533257,929914.0,906838.0,0.07777137462104397,0.036451682077468586
749cb2b7-e57e-4453-a794-f6230e4d0226,inf,100.0,288.7829857856707,924749.0,906838.0,0.07777137462104397,0.04088279646322414
749cb2b7-e57e-4453-a794-f6230e4d0226,inf,100.0,334.2624037463071,920744.0,906838.0,0.07777137462104397,0.044926968262652196
749cb2b7-e57e-4453-a794-f6230e4d0226,inf,100.0,386.9042154761296,919297.0,906838.0,0.07777137462104397,0.046746053587260465
749cb2b7-e57e-4453-a794-f6230e4d0226,inf,100.0,447.8364012089508,918662.0,906838.0,0.07777137462104397,0.047754933074319626
749cb2b7-e57e-4453-a794-f6230e4d0226,inf,100.0,518.3645828231037,918305.0,906838.0,0.07777137462104397,0.048519699043484424
749cb2b7-e57e-4453-a794-f6230e4d0226,inf,100.0,599.9999999999997,918039.0,906838.0,0.07777137462104397,0.049178220778693126
d7ec0892-0a6c-4f4f-9d8f-72083692af5c,inf,100.0,2.0,6774970.0,1266937.0,0.021733636411931396,0.00014649617033180034
d7ec0892-0a6c-4f4f-9d8f-72083692af5c,inf,100.0,2.3149729741653853,6472002.0,1266937.0,0.021733636411931396,0.00015697013800443965
d7ec0892-0a6c-4f4f-9d8f-72083692af5c,inf,100.0,2.6795499355580645,6143026.0,1266937.0,0.021733636411931396,0.00017196415309886023
d7ec0892-0a6c-4f4f-9d8f-72083692af5c,inf,100.0,3.1015428418717597,5799102.0,1266937.0,0.021733636411931396,0.00019291797558503907
d7ec0892-0a6c-4f4f-9d8f-72083692af5c,inf,100.0,3.5899939285746147,5441783.0,1266937.0,0.021733636411931396,0.00022164890500962246
d7ec0892-0a6c-4f4f-9d8f-72083692af5c,inf,100.0,4.1553694610340255,5083522.0,1266937.0,0.021733636411931396,0.00026014433644410215
d7ec0892-0a6c-4f4f-9d8f-72083692af5c,inf,100.0,4.809783999982975,4728621.0,1266937.0,0.021733636411931396,0.0003109876492265423
d7ec0892-0a6c-4f4f-9d8f-72083692af5c,inf,100.0,5.567259985766836,4379632.0,1266937.0,0.021733636411931396,0.0003774450966302911
d7ec0892-0a6c-4f4f-9d8f-72083692af5c,inf,100.0,6.444028203601297,4040541.0,1266937.0,0.021733636411931396,0.00046340588772650706
d7ec0892-0a6c-4f4f-9d8f-72083692af5c,inf,100.0,7.458875568048258,3717171.0,1266937.0,0.021733636411931396,0.0005729668856864159
d7ec0892-0a6c-4f4f-9d8f-72083692af5c,inf,100.0,8.633547678847101,3408345.0,1266937.0,0.021733636411931396,0.0007113186850715361
d7ec0892-0a6c-4f4f-9d8f-72083692af5c,inf,100.0,9.993214773849669,3120132.0,1266937.0,0.021733636411931396,0.0008843984694375395
d7ec0892-0a6c-4f4f-9d8f-72083692af5c,inf,100.0,11.567011063246117,2853408.0,1266937.0,0.021733636411931396,0.0010969964241101973
d7ec0892-0a6c-4f4f-9d8f-72083692af5c,inf,100.0,13.388659001643386,2607870.0,1266937.0,0.021733636411931396,0.0013575531697586779
d7ec0892-0a6c-4f4f-9d8f-72083692af5c,inf,100.0,15.497191874560272,2388106.0,1266937.0,0.021733636411931396,0.0016661657586752962
d7ec0892-0a6c-4f4f-9d8f-72083692af5c,inf,100.0,17.937790182531224,2192890.0,1266937.0,0.021733636411931396,0.0020339714555099157
d7ec0892-0a6c-4f4f-9d8f-72083692af5c,inf,100.0,20.762749744404477,2020073.0,1266937.0,0.021733636411931396,0.0024590785308336964
d7ec0892-0a6c-4f4f-9d8f-72083692af5c,inf,100.0,24.03260226382781,1874183.0,1266937.0,0.021733636411931396,0.0029440916159775496
d7ec0892-0a6c-4f4f-9d8f-72083692af5c,inf,100.0,27.81741236981361,1749944.0,1266937.0,0.021733636411931396,0.003485582905021941
d7ec0892-0a6c-4f4f-9d8f-72083692af5c,inf,100.0,32.19827892366621,1646870.0,1266937.0,0.021733636411931396,0.004083432632703127
d7ec0892-0a6c-4f4f-9d8f-72083692af5c,inf,100.0,37.26907276146309,1564486.0,1266937.0,0.021733636411931396,0.004721199180948332
d7ec0892-0a6c-4f4f-9d8f-72083692af5c,inf,100.0,43.13844810749518,1499870.0,1266937.0,0.021733636411931396,0.00539007086348226
d7ec0892-0a6c-4f4f-9d8f-72083692af5c,inf,100.0,49.93217075814364,1447910.0,1266937.0,0.021733636411931396,0.006099269067472593
d7ec0892-0a6c-4f4f-9d8f-72083692af5c,inf,100.0,57.795812923256825,1407311.0,1266937.0,0.021733636411931396,0.006840359669312674
d7ec0892-0a6c-4f4f-9d8f-72083692af5c,inf,100.0,66.89787246862902,1375785.0,1266937.0,0.021733636411931396,0.007623028275287014
d7ec0892-0a6c-4f4f-9d8f-72083692af5c,inf,100.0,77.43338339701937,1351214.0,1266937.0,0.021733636411931396,0.008420153001152213
d7ec0892-0a6c-4f4f-9d8f-72083692af5c,inf,100.0,89.62809493114324,1332046.0,1266937.0,0.021733636411931396,0.009254322541688658
d7ec0892-0a6c-4f4f-9d8f-72083692af5c,inf,100.0,103.74330874576306,1315993.0,1266937.0,0.021733636411931396,0.01013800366282148
d7ec0892-0a6c-4f4f-9d8f-72083692af5c,inf,100.0,120.08147799846844,1304526.0,1266937.0,0.021733636411931396,0.011009693780490094
d7ec0892-0a6c-4f4f-9d8f-72083692af5c,inf,100.0,138.99268813214488,1295911.0,1266937.0,0.021733636411931396,0.011847819481401461
d7ec0892-0a6c-4f4f-9d8f-72083692af5c,inf,100.0,160.88215831625678,1290021.0,1266937.0,0.021733636411931396,0.012669811952977082
d7ec0892-0a6c-4f4f-9d8f-72083692af5c,inf,100.0,186.21892426376562,1285380.0,1266937.0,0.021733636411931396,0.01347250260845128
d7ec0892-0a6c-4f4f-9d8f-72083692af5c,inf,100.0,215.54588847438404,1282312.0,1266937.0,0.021733636411931396,0.014174111126783831
d7ec0892-0a6c-4f4f-9d8f-72083692af5c,inf,100.0,249.49145325533257,1280514.0,1266937.0,0.021733636411931396,0.014696467063113018
d7ec0892-0a6c-4f4f-9d8f-72083692af5c,inf,100.0,288.7829857856707,1279528.0,1266937.0,0.021733636411931396,0.015066381949085165
d7ec0892-0a6c-4f4f-9d8f-72083692af5c,inf,100.0,334.2624037463071,1278839.0,1266937.0,0.021733636411931396,0.015371306693382485
d7ec0892-0a6c-4f4f-9d8f-72083692af5c,inf,100.0,386.9042154761296,1278499.0,1266937.0,0.021733636411931396,0.015566365927390854
d7ec0892-0a6c-4f4f-9d8f-72083692af5c,inf,100.0,447.8364012089508,1278323.0,1266937.0,0.021733636411931396,0.0156778304061988
d7ec0892-0a6c-4f4f-9d8f-72083692af5c,inf,100.0,518.3645828231037,1278228.0,1266937.0,0.021733636411931396,0.015754111447563834
d7ec0892-0a6c-4f4f-9d8f-72083692af5c,inf,100.0,599.9999999999997,1278186.0,1266937.0,0.021733636411931396,0.015795114918113844
da8dfec1-d265-44e8-84ce-6ae9c109b8bd,inf,100.0,2.0,6386194.0,1255488.0,0.010072155320928967,0.00010232487875276854
da8dfec1-d265-44e8-84ce-6ae9c109b8bd,inf,100.0,2.3149729741653853,6051550.0,1255488.0,0.010072155320928967,0.0001094305194137221
da8dfec1-d265-44e8-84ce-6ae9c109b8bd,inf,100.0,2.6795499355580645,5690580.0,1255488.0,0.010072155320928967,0.00011945759752378485
da8dfec1-d265-44e8-84ce-6ae9c109b8bd,inf,100.0,3.1015428418717597,5314847.0,1255488.0,0.010072155320928967,0.00013338232711726788
da8dfec1-d265-44e8-84ce-6ae9c109b8bd,inf,100.0,3.5899939285746147,4930208.0,1255488.0,0.010072155320928967,0.00015227593134641321
da8dfec1-d265-44e8-84ce-6ae9c109b8bd,inf,100.0,4.1553694610340255,4551879.0,1255488.0,0.010072155320928967,0.0001772131279167254
da8dfec1-d265-44e8-84ce-6ae9c109b8bd,inf,100.0,4.809783999982975,4180538.0,1255488.0,0.010072155320928967,0.00020959467420213286
da8dfec1-d265-44e8-84ce-6ae9c109b8bd,inf,100.0,5.567259985766836,3825713.0,1255488.0,0.010072155320928967,0.0002505983805806255
da8dfec1-d265-44e8-84ce-6ae9c109b8bd,inf,100.0,6.444028203601297,3493762.0,1255488.0,0.010072155320928967,0.00030196975218913934
da8dfec1-d265-44e8-84ce-6ae9c109b8bd,inf,100.0,7.458875568048258,3188699.0,1255488.0,0.010072155320928967,0.00036478702428520285
da8dfec1-d265-44e8-84ce-6ae9c109b8bd,inf,100.0,8.633547678847101,2910770.0,1255488.0,0.010072155320928967,0.0004412339117250965
da8dfec1-d265-44e8-84ce-6ae9c109b8bd,inf,100.0,9.993214773849669,2656192.0,1255488.0,0.010072155320928967,0.0005336441926631645
da8dfec1-d265-44e8-84ce-6ae9c109b8bd,inf,100.0,11.567011063246117,2429312.0,1255488.0,0.010072155320928967,0.0006432410716631297
da8dfec1-d265-44e8-84ce-6ae9c109b8bd,inf,100.0,13.388659001643386,2229355.0,1255488.0,0.010072155320928967,0.0007712328853005468
da8dfec1-d265-44e8-84ce-6ae9c109b8bd,inf,100.0,15.497191874560272,2058966.0,1255488.0,0.010072155320928967,0.0009200119030963681
da8dfec1-d265-44e8-84ce-6ae9c109b8bd,inf,100.0,17.937790182531224,1913404.0,1255488.0,0.010072155320928967,0.001088238381200804
da8dfec1-d265-44e8-84ce-6ae9c109b8bd,inf,100.0,20.762749744404477,1788004.0,1255488.0,0.010072155320928967,0.0012786448441237384
da8dfec1-d265-44e8-84ce-6ae9c109b8bd,inf,100.0,24.03260226382781,1683857.0,1255488.0,0.010072155320928967,0.0014893960345223358
da8dfec1-d265-44e8-84ce-6ae9c109b8bd,inf,100.0,27.81741236981361,1599797.0,1255488.0,0.010072155320928967,0.0017214073075800295
da8dfec1-d265-44e8-84ce-6ae9c109b8bd,inf,100.0,32.19827892366621,1530691.0,1255488.0,0.010072155320928967,0.0019759508585987517
da8dfec1-d265-44e8-84ce-6ae9c109b8bd,inf,100.0,37.26907276146309,1476138.0,1255488.0,0.010072155320928967,0.0022457618939697517
da8dfec1-d265-44e8-84ce-6ae9c109b8bd,inf,100.0,43.13844810749518,1429035.0,1255488.0,0.010072155320928967,0.0025511104245441985
da8dfec1-d265-44e8-84ce-6ae9c109b8bd,inf,100.0,49.93217075814364,1391084.0,1255488.0,0.010072155320928967,0.0028764955077658703
da8dfec1-d265-44e8-84ce-6ae9c109b8bd,inf,100.0,57.795812923256825,1361816.0,1255488.0,0.010072155320928967,0.0032248017176424327
da8dfec1-d265-44e8-84ce-6ae9c109b8bd,inf,100.0,66.89787246862902,1338478.0,1255488.0,0.010072155320928967,0.0035880914269140036
da8dfec1-d265-44e8-84ce-6ae9c109b8bd,inf,100.0,77.43338339701937,1319330.0,1255488.0,0.010072155320928967,0.003985670104463629
da8dfec1-d265-44e8-84ce-6ae9c109b8bd,inf,100.0,89.62809493114324,1304764.0,1255488.0,0.010072155320928967,0.004371615074420279
da8dfec1-d265-44e8-84ce-6ae9c109b8bd,inf,100.0,103.74330874576306,1293767.0,1255488.0,0.010072155320928967,0.004782100067931845
da8dfec1-d265-44e8-84ce-6ae9c109b8bd,inf,100.0,120.08147799846844,1284754.0,1255488.0,0.010072155320928967,0.005221680334072538
da8dfec1-d265-44e8-84ce-6ae9c109b8bd,inf,100.0,138.99268813214488,1278132.0,1255488.0,0.010072155320928967,0.005666929633756792
da8dfec1-d265-44e8-84ce-6ae9c109b8bd,inf,100.0,160.88215831625678,1272982.0,1255488.0,0.010072155320928967,0.0061348126124210495
da8dfec1-d265-44e8-84ce-6ae9c109b8bd,inf,100.0,186.21892426376562,1269485.0,1255488.0,0.010072155320928967,0.0065311815906067515
da8dfec1-d265-44e8-84ce-6ae9c109b8bd,inf,100.0,215.54588847438404,1267844.0,1255488.0,0.010072155320928967,0.006763009362922716
da8dfec1-d265-44e8-84ce-6ae9c109b8bd,inf,100.0,249.49145325533257,1267066.0,1255488.0,0.010072155320928967,0.006896817299599498
da8dfec1-d265-44e8-84ce-6ae9c109b8bd,inf,100.0,288.7829857856707,1266677.0,1255488.0,0.010072155320928967,0.006973875015691154
da8dfec1-d265-44e8-84ce-6ae9c109b8bd,inf,100.0,334.2624037463071,1266435.0,1255488.0,0.010072155320928967,0.0070276136875135715
da8dfec1-d265-44e8-84ce-6ae9c109b8bd,inf,100.0,386.9042154761296,1266343.0,1255488.0,0.010072155320928967,0.0070461839156072525
da8dfec1-d265-44e8-84ce-6ae9c109b8bd,inf,100.0,447.8364012089508,1266343.0,1255488.0,0.010072155320928967,0.0070461839369402625
da8dfec1-d265-44e8-84ce-6ae9c109b8bd,inf,100.0,518.3645828231037,1266312.0,1255488.0,0.010072155320928967,0.0070503247563321264
da8dfec1-d265-44e8-84ce-6ae9c109b8bd,inf,100.0,599.9999999999997,1266312.0,1255488.0,0.010072155320928967,0.0070503247563321264
dab512bd-a02d-4c1f-8dbc-9155a163efc0,inf,100.0,2.0,4263700.0,889675.0,0.3536081111700137,0.0007629215144683479
dab512bd-a02d-4c1f-8dbc-9155a163efc0,inf,100.0,2.3149729741653853,4021796.0,889675.0,0.3536081111700137,0.0008433744158579939
dab512bd-a02d-4c1f-8dbc-9155a163efc0,inf,100.0,2.6795499355580645,3775838.0,889675.0,0.3536081111700137,0.0009518015903629258
dab512bd-a02d-4c1f-8dbc-9155a163efc0,inf,100.0,3.1015428418717597,3529591.0,889675.0,0.3536081111700137,0.0010968798582481885
dab512bd-a02d-4c1f-8dbc-9155a163efc0,inf,100.0,3.5899939285746147,3288018.0,889675.0,0.3536081111700137,0.0012833949400258345
dab512bd-a02d-4c1f-8dbc-9155a163efc0,inf,100.0,4.1553694610340255,3056213.0,889675.0,0.3536081111700137,0.001521281319989758
dab512bd-a02d-4c1f-8dbc-9155a163efc0,inf,100.0,4.809783999982975,2836308.0,889675.0,0.3536081111700137,0.0018201151637563934
dab512bd-a02d-4c1f-8dbc-9155a163efc0,inf,100.0,5.567259985766836,2633972.0,889675.0,0.3536081111700137,0.002188845911295775
dab512bd-a02d-4c1f-8dbc-9155a163efc0,inf,100.0,6.444028203601297,2448215.0,889675.0,0.3536081111700137,0.0026413595710220446
dab512bd-a02d-4c1f-8dbc-9155a163efc0,inf,100.0,7.458875568048258,2277337.0,889675.0,0.3536081111700137,0.003198967568099583
dab512bd-a02d-4c1f-8dbc-9155a163efc0,inf,100.0,8.633547678847101,2121978.0,889675.0,0.3536081111700137,0.0038815727729151106
dab512bd-a02d-4c1f-8dbc-9155a163efc0,inf,100.0,9.993214773849669,1979744.0,889675.0,0.3536081111700137,0.0047165103182823685
dab512bd-a02d-4c1f-8dbc-9155a163efc0,inf,100.0,11.567011063246117,1850525.0,889675.0,0.3536081111700137,0.005737886570914667
dab512bd-a02d-4c1f-8dbc-9155a163efc0,inf,100.0,13.388659001643386,1732251.0,889675.0,0.3536081111700137,0.006980213218594409
dab512bd-a02d-4c1f-8dbc-9155a163efc0,inf,100.0,15.497191874560272,1626970.0,889675.0,0.3536081111700137,0.008467217462718247
dab512bd-a02d-4c1f-8dbc-9155a163efc0,inf,100.0,17.937790182531224,1528792.0,889675.0,0.3536081111700137,0.010280655135480873
dab512bd-a02d-4c1f-8dbc-9155a163efc0,inf,100.0,20.762749744404477,1443035.0,889675.0,0.3536081111700137,0.012426489222158537
dab512bd-a02d-4c1f-8dbc-9155a163efc0,inf,100.0,24.03260226382781,1365049.0,889675.0,0.3536081111700137,0.014974501383143757
dab512bd-a02d-4c1f-8dbc-9155a163efc0,inf,100.0,27.81741236981361,1299079.0,889675.0,0.3536081111700137,0.01796223961284194
dab512bd-a02d-4c1f-8dbc-9155a163efc0,inf,100.0,32.19827892366621,1238949.0,889675.0,0.3536081111700137,0.021566660807342746
dab512bd-a02d-4c1f-8dbc-9155a163efc0,inf,100.0,37.26907276146309,1185289.0,889675.0,0.3536081111700137,0.025739630450094506
dab512bd-a02d-4c1f-8dbc-9155a163efc0,inf,100.0,43.13844810749518,1139111.0,889675.0,0.3536081111700137,0.03070224107663129
dab512bd-a02d-4c1f-8dbc-9155a163efc0,inf,100.0,49.93217075814364,1099316.0,889675.0,0.3536081111700137,0.03652086474803059
dab512bd-a02d-4c1f-8dbc-9155a163efc0,inf,100.0,57.795812923256825,1063056.0,889675.0,0.3536081111700137,0.043438032317554554
dab512bd-a02d-4c1f-8dbc-9155a163efc0,inf,100.0,66.89787246862902,1032271.0,889675.0,0.3536081111700137,0.05136104729121228
dab512bd-a02d-4c1f-8dbc-9155a163efc0,inf,100.0,77.43338339701937,1005613.0,889675.0,0.3536081111700137,0.060384829680163135
dab512bd-a02d-4c1f-8dbc-9155a163efc0,inf,100.0,89.62809493114324,983305.0,889675.0,0.3536081111700137,0.07032176467337718
dab512bd-a02d-4c1f-8dbc-9155a163efc0,inf,100.0,103.74330874576306,965273.0,889675.0,0.3536081111700137,0.08110909006626207
dab512bd-a02d-4c1f-8dbc-9155a163efc0,inf,100.0,120.08147799846844,950434.0,889675.0,0.3536081111700137,0.09340016962835984
dab512bd-a02d-4c1f-8dbc-9155a163efc0,inf,100.0,138.99268813214488,937494.0,889675.0,0.3536081111700137,0.10645141111586374
dab512bd-a02d-4c1f-8dbc-9155a163efc0,inf,100.0,160.88215831625678,927305.0,889675.0,0.3536081111700137,0.12085231689463247
dab512bd-a02d-4c1f-8dbc-9155a163efc0,inf,100.0,186.21892426376562,919381.0,889675.0,0.3536081111700137,0.13598518203412283
dab512bd-a02d-4c1f-8dbc-9155a163efc0,inf,100.0,215.54588847438404,912947.0,889675.0,0.3536081111700137,0.1515415975898605
dab512bd-a02d-4c1f-8dbc-9155a163efc0,inf,100.0,249.49145325533257,908584.0,889675.0,0.3536081111700137,0.16836941456104326
dab512bd-a02d-4c1f-8dbc-9155a163efc0,inf,100.0,288.7829857856707,904512.0,889675.0,0.3536081111700137,0.1867607342908871
dab512bd-a02d-4c1f-8dbc-9155a163efc0,inf,100.0,334.2624037463071,901951.0,889675.0,0.3536081111700137,0.20172574359759352
dab512bd-a02d-4c1f-8dbc-9155a163efc0,inf,100.0,386.9042154761296,901250.0,889675.0,0.3536081111700137,0.20621572451590384
dab512bd-a02d-4c1f-8dbc-9155a163efc0,inf,100.0,447.8364012089508,900968.0,889675.0,0.3536081111700137,0.2084612475414534
dab512bd-a02d-4c1f-8dbc-9155a163efc0,inf,100.0,518.3645828231037,900703.0,889675.0,0.3536081111700137,0.21070143029423483
dab512bd-a02d-4c1f-8dbc-9155a163efc0,inf,100.0,599.9999999999997,900626.0,889675.0,0.3536081111700137,0.2110632761152602
dc7e9403-19f7-409f-9240-05ee57cb7aea,inf,100.0,2.0,6778290.0,1312461.0,0.034939112495703,0.00013937892742755137
dc7e9403-19f7-409f-9240-05ee57cb7aea,inf,100.0,2.3149729741653853,6435748.0,1312461.0,0.034939112495703,0.00015090615583907788
dc7e9403-19f7-409f-9240-05ee57cb7aea,inf,100.0,2.6795499355580645,6071120.0,1312461.0,0.034939112495703,0.0001671269989461061
dc7e9403-19f7-409f-9240-05ee57cb7aea,inf,100.0,3.1015428418717597,5688975.0,1312461.0,0.034939112495703,0.00018953800474002554
dc7e9403-19f7-409f-9240-05ee57cb7aea,inf,100.0,3.5899939285746147,5299605.0,1312461.0,0.034939112495703,0.00021984917771453337
dc7e9403-19f7-409f-9240-05ee57cb7aea,inf,100.0,4.1553694610340255,4917810.0,1312461.0,0.034939112495703,0.00025939542931289425
dc7e9403-19f7-409f-9240-05ee57cb7aea,inf,100.0,4.809783999982975,4547197.0,1312461.0,0.034939112495703,0.0003105839337237899
dc7e9403-19f7-409f-9240-05ee57cb7aea,inf,100.0,5.567259985766836,4196909.0,1312461.0,0.034939112495703,0.0003748099523958415
dc7e9403-19f7-409f-9240-05ee57cb7aea,inf,100.0,6.444028203601297,3866421.0,1312461.0,0.034939112495703,0.0004549647870152263
dc7e9403-19f7-409f-9240-05ee57cb7aea,inf,100.0,7.458875568048258,3564085.0,1312461.0,0.034939112495703,0.0005527633860799656
dc7e9403-19f7-409f-9240-05ee57cb7aea,inf,100.0,8.633547678847101,3287872.0,1312461.0,0.034939112495703,0.0006726466989333224
dc7e9403-19f7-409f-9240-05ee57cb7aea,inf,100.0,9.993214773849669,3034385.0,1312461.0,0.034939112495703,0.0008199230664091273
dc7e9403-19f7-409f-9240-05ee57cb7aea,inf,100.0,11.567011063246117,2803158.0,1312461.0,0.034939112495703,0.0009991079425832453
dc7e9403-19f7-409f-9240-05ee57cb7aea,inf,100.0,13.388659001643386,2593855.0,1312461.0,0.034939112495703,0.0012142809894144404
dc7e9403-19f7-409f-9240-05ee57cb7aea,inf,100.0,15.497191874560272,2406028.0,1312461.0,0.034939112495703,0.0014731530768468497
dc7e9403-19f7-409f-9240-05ee57cb7aea,inf,100.0,17.937790182531224,2241648.0,1312461.0,0.034939112495703,0.0017749355665106306
dc7e9403-19f7-409f-9240-05ee57cb7aea,inf,100.0,20.762749744404477,2095880.0,1312461.0,0.034939112495703,0.002136688761654395
dc7e9403-19f7-409f-9240-05ee57cb7aea,inf,100.0,24.03260226382781,1967133.0,1312461.0,0.034939112495703,0.002556552538392024
dc7e9403-19f7-409f-9240-05ee57cb7aea,inf,100.0,27.81741236981361,1855928.0,1312461.0,0.034939112495703,0.0030426233633355504
dc7e9403-19f7-409f-9240-05ee57cb7aea,inf,100.0,32.19827892366621,1760051.0,1312461.0,0.034939112495703,0.003602351189103885
dc7e9403-19f7-409f-9240-05ee57cb7aea,inf,100.0,37.26907276146309,1678712.0,1312461.0,0.034939112495703,0.004236636072481007
dc7e9403-19f7-409f-9240-05ee57cb7aea,inf,100.0,43.13844810749518,1611063.0,1312461.0,0.034939112495703,0.0049484211280567325
dc7e9403-19f7-409f-9240-05ee57cb7aea,inf,100.0,49.93217075814364,1555304.0,1312461.0,0.034939112495703,0.005736536454588152
dc7e9403-19f7-409f-9240-05ee57cb7aea,inf,100.0,57.795812923256825,1507221.0,1312461.0,0.034939112495703,0.006621870250171738
dc7e9403-19f7-409f-9240-05ee57cb7aea,inf,100.0,66.89787246862902,1469261.0,1312461.0,0.034939112495703,0.007596618967304886
dc7e9403-19f7-409f-9240-05ee57cb7aea,inf,100.0,77.43338339701937,1439202.0,1312461.0,0.034939112495703,0.008630510391048578
dc7e9403-19f7-409f-9240-05ee57cb7aea,inf,100.0,89.62809493114324,1413699.0,1312461.0,0.034939112495703,0.009795308941987565
dc7e9403-19f7-409f-9240-05ee57cb7aea,inf,100.0,103.74330874576306,1391688.0,1312461.0,0.034939112495703,0.011095650936136108
dc7e9403-19f7-409f-9240-05ee57cb7aea,inf,100.0,120.08147799846844,1374333.0,1312461.0,0.034939112495703,0.012497849192796995
dc7e9403-19f7-409f-9240-05ee57cb7aea,inf,100.0,138.99268813214488,1358443.0,1312461.0,0.034939112495703,0.01404288926081689
dc7e9403-19f7-409f-9240-05ee57cb7aea,inf,100.0,160.88215831625678,1347359.0,1312461.0,0.034939112495703,0.015633119830649245
dc7e9403-19f7-409f-9240-05ee57cb7aea,inf,100.0,186.21892426376562,1338476.0,1312461.0,0.034939112495703,0.01731354727715176
dc7e9403-19f7-409f-9240-05ee57cb7aea,inf,100.0,215.54588847438404,1332061.0,1312461.0,0.034939112495703,0.01900653720515613
dc7e9403-19f7-409f-9240-05ee57cb7aea,inf,100.0,249.49145325533257,1327152.0,1312461.0,0.034939112495703,0.020704489500114786
dc7e9403-19f7-409f-9240-05ee57cb7aea,inf,100.0,288.7829857856707,1325128.0,1312461.0,0.034939112495703,0.021759736826605446
dc7e9403-19f7-409f-9240-05ee57cb7aea,inf,100.0,334.2624037463071,1324315.0,1312461.0,0.034939112495703,0.0223864016177099
dc7e9403-19f7-409f-9240-05ee57cb7aea,inf,100.0,386.9042154761296,1323966.0,1312461.0,0.034939112495703,0.022717780556489552
dc7e9403-19f7-409f-9240-05ee57cb7aea,inf,100.0,447.8364012089508,1323720.0,1312461.0,0.034939112495703,0.023006955039313964
dc7e9403-19f7-409f-9240-05ee57cb7aea,inf,100.0,518.3645828231037,1323559.0,1312461.0,0.034939112495703,0.02328818666565359
dc7e9403-19f7-409f-9240-05ee57cb7aea,inf,100.0,599.9999999999997,1323422.0,1312461.0,0.034939112495703,0.023531471073255636
e8f9fba4-d151-4b00-bee7-447f0f3e752c,inf,100.0,2.0,6113621.0,1208771.0,0.03732115852789589,0.0003276667934163878
e8f9fba4-d151-4b00-bee7-447f0f3e752c,inf,100.0,2.3149729741653853,5797459.0,1208771.0,0.03732115852789589,0.0003522945640203787
e8f9fba4-d151-4b00-bee7-447f0f3e752c,inf,100.0,2.6795499355580645,5461286.0,1208771.0,0.03732115852789589,0.0003870082611745824
e8f9fba4-d151-4b00-bee7-447f0f3e752c,inf,100.0,3.1015428418717597,5117236.0,1208771.0,0.03732115852789589,0.00043437335371004844
e8f9fba4-d151-4b00-bee7-447f0f3e752c,inf,100.0,3.5899939285746147,4766431.0,1208771.0,0.03732115852789589,0.0004983397515103453
e8f9fba4-d151-4b00-bee7-447f0f3e752c,inf,100.0,4.1553694610340255,4416453.0,1208771.0,0.03732115852789589,0.0005830980402859578
e8f9fba4-d151-4b00-bee7-447f0f3e752c,inf,100.0,4.809783999982975,4079162.0,1208771.0,0.03732115852789589,0.000691914426520465
e8f9fba4-d151-4b00-bee7-447f0f3e752c,inf,100.0,5.567259985766836,3759582.0,1208771.0,0.03732115852789589,0.0008296213290141476
e8f9fba4-d151-4b00-bee7-447f0f3e752c,inf,100.0,6.444028203601297,3454624.0,1208771.0,0.03732115852789589,0.0010033634741406863
e8f9fba4-d151-4b00-bee7-447f0f3e752c,inf,100.0,7.458875568048258,3170484.0,1208771.0,0.03732115852789589,0.001217786817448465
e8f9fba4-d151-4b00-bee7-447f0f3e752c,inf,100.0,8.633547678847101,2909063.0,1208771.0,0.03732115852789589,0.001481172273893289
e8f9fba4-d151-4b00-bee7-447f0f3e752c,inf,100.0,9.993214773849669,2672954.0,1208771.0,0.03732115852789589,0.0017974954523152678
e8f9fba4-d151-4b00-bee7-447f0f3e752c,inf,100.0,11.567011063246117,2459733.0,1208771.0,0.03732115852789589,0.0021742762348534914
e8f9fba4-d151-4b00-bee7-447f0f3e752c,inf,100.0,13.388659001643386,2269935.0,1208771.0,0.03732115852789589,0.0026211602931583405
e8f9fba4-d151-4b00-bee7-447f0f3e752c,inf,100.0,15.497191874560272,2106464.0,1208771.0,0.03732115852789589,0.0031325045509431916
e8f9fba4-d151-4b00-bee7-447f0f3e752c,inf,100.0,17.937790182531224,1962920.0,1208771.0,0.03732115852789589,0.003725379624176427
e8f9fba4-d151-4b00-bee7-447f0f3e752c,inf,100.0,20.762749744404477,1839553.0,1208771.0,0.03732115852789589,0.004412982713689235
e8f9fba4-d151-4b00-bee7-447f0f3e752c,inf,100.0,24.03260226382781,1733180.0,1208771.0,0.03732115852789589,0.0052044403876898475
e8f9fba4-d151-4b00-bee7-447f0f3e752c,inf,100.0,27.81741236981361,1644316.0,1208771.0,0.03732115852789589,0.006101963892387803
e8f9fba4-d151-4b00-bee7-447f0f3e752c,inf,100.0,32.19827892366621,1566315.0,1208771.0,0.03732115852789589,0.0071340623967522665
e8f9fba4-d151-4b00-bee7-447f0f3e752c,inf,100.0,37.26907276146309,1501718.0,1208771.0,0.03732115852789589,0.008295858146255917
e8f9fba4-d151-4b00-bee7-447f0f3e752c,inf,100.0,43.13844810749518,1445394.0,1208771.0,0.03732115852789589,0.00961927033712893
e8f9fba4-d151-4b00-bee7-447f0f3e752c,inf,100.0,49.93217075814364,1398732.0,1208771.0,0.03732115852789589,0.011107140125243557
e8f9fba4-d151-4b00-bee7-447f0f3e752c,inf,100.0,57.795812923256825,1359224.0,1208771.0,0.03732115852789589,0.012735891112983807
e8f9fba4-d151-4b00-bee7-447f0f3e752c,inf,100.0,66.89787246862902,1327045.0,1208771.0,0.03732115852789589,0.014577974310522808
e8f9fba4-d151-4b00-bee7-447f0f3e752c,inf,100.0,77.43338339701937,1299533.0,1208771.0,0.03732115852789589,0.01658804408393477
e8f9fba4-d151-4b00-bee7-447f0f3e752c,inf,100.0,89.62809493114324,1277074.0,1208771.0,0.03732115852789589,0.018734689230258467
e8f9fba4-d151-4b00-bee7-447f0f3e752c,inf,100.0,103.74330874576306,1259033.0,1208771.0,0.03732115852789589,0.02116438913877901
e8f9fba4-d151-4b00-bee7-447f0f3e752c,inf,100.0,120.08147799846844,1245208.0,1208771.0,0.03732115852789589,0.023606842838694606
e8f9fba4-d151-4b00-bee7-447f0f3e752c,inf,100.0,138.99268813214488,1235287.0,1208771.0,0.03732115852789589,0.02571681362667067
e8f9fba4-d151-4b00-bee7-447f0f3e752c,inf,100.0,160.88215831625678,1229149.0,1208771.0,0.03732115852789589,0.02749910154237247
e8f9fba4-d151-4b00-bee7-447f0f3e752c,inf,100.0,186.21892426376562,1225390.0,1208771.0,0.03732115852789589,0.028759338815294303
e8f9fba4-d151-4b00-bee7-447f0f3e752c,inf,100.0,215.54588847438404,1223278.0,1208771.0,0.03732115852789589,0.029692335996906696
e8f9fba4-d151-4b00-bee7-447f0f3e752c,inf,100.0,249.49145325533257,1221829.0,1208771.0,0.03732115852789589,0.030528215630544676
e8f9fba4-d151-4b00-bee7-447f0f3e752c,inf,100.0,288.7829857856707,1220911.0,1208771.0,0.03732115852789589,0.031168212597327223
e8f9fba4-d151-4b00-bee7-447f0f3e752c,inf,100.0,334.2624037463071,1220286.0,1208771.0,0.03732115852789589,0.03172106881740993
e8f9fba4-d151-4b00-bee7-447f0f3e752c,inf,100.0,386.9042154761296,1220004.0,1208771.0,0.03732115852789589,0.03201524458219042
e8f9fba4-d151-4b00-bee7-447f0f3e752c,inf,100.0,447.8364012089508,1219874.0,1208771.0,0.03732115852789589,0.032161364869148244
e8f9fba4-d151-4b00-bee7-447f0f3e752c,inf,100.0,518.3645828231037,1219823.0,1208771.0,0.03732115852789589,0.032237560028222666
e8f9fba4-d151-4b00-bee7-447f0f3e752c,inf,100.0,599.9999999999997,1219793.0,1208771.0,0.03732115852789589,0.03226164042597904
eebcaf65-7fa4-4118-869d-a084e84530e2,inf,100.0,2.0,4295622.0,879359.0,0.12305946166862808,0.000865797978410494
eebcaf65-7fa4-4118-869d-a084e84530e2,inf,100.0,2.3149729741653853,4050183.0,879359.0,0.12305946166862808,0.0009268825486646256
eebcaf65-7fa4-4118-869d-a084e84530e2,inf,100.0,2.6795499355580645,3790033.0,879359.0,0.12305946166862808,0.0010113119462293735
eebcaf65-7fa4-4118-869d-a084e84530e2,inf,100.0,3.1015428418717597,3523906.0,879359.0,0.12305946166862808,0.0011258465958507457
eebcaf65-7fa4-4118-869d-a084e84530e2,inf,100.0,3.5899939285746147,3257990.0,879359.0,0.12305946166862808,0.0012756040739743766
eebcaf65-7fa4-4118-869d-a084e84530e2,inf,100.0,4.1553694610340255,2998803.0,879359.0,0.12305946166862808,0.001468639781137759
eebcaf65-7fa4-4118-869d-a084e84530e2,inf,100.0,4.809783999982975,2752219.0,879359.0,0.12305946166862808,0.0017096081411841907
eebcaf65-7fa4-4118-869d-a084e84530e2,inf,100.0,5.567259985766836,2521221.0,879359.0,0.12305946166862808,0.0020103139727681127
eebcaf65-7fa4-4118-869d-a084e84530e2,inf,100.0,6.444028203601297,2307773.0,879359.0,0.12305946166862808,0.002374752724713258
eebcaf65-7fa4-4118-869d-a084e84530e2,inf,100.0,7.458875568048258,2113326.0,879359.0,0.12305946166862808,0.0028136478431715095
eebcaf65-7fa4-4118-869d-a084e84530e2,inf,100.0,8.633547678847101,1941367.0,879359.0,0.12305946166862808,0.0033317937579789548
eebcaf65-7fa4-4118-869d-a084e84530e2,inf,100.0,9.993214773849669,1788878.0,879359.0,0.12305946166862808,0.003938143494110913
eebcaf65-7fa4-4118-869d-a084e84530e2,inf,100.0,11.567011063246117,1655497.0,879359.0,0.12305946166862808,0.004651011889620756
eebcaf65-7fa4-4118-869d-a084e84530e2,inf,100.0,13.388659001643386,1540676.0,879359.0,0.12305946166862808,0.00546590130068488
eebcaf65-7fa4-4118-869d-a084e84530e2,inf,100.0,15.497191874560272,1439108.0,879359.0,0.12305946166862808,0.006408613363501255
eebcaf65-7fa4-4118-869d-a084e84530e2,inf,100.0,17.937790182531224,1353679.0,879359.0,0.12305946166862808,0.007497160750806265
eebcaf65-7fa4-4118-869d-a084e84530e2,inf,100.0,20.762749744404477,1278846.0,879359.0,0.12305946166862808,0.008738061190818469
eebcaf65-7fa4-4118-869d-a084e84530e2,inf,100.0,24.03260226382781,1214479.0,879359.0,0.12305946166862808,0.010148041716641538
eebcaf65-7fa4-4118-869d-a084e84530e2,inf,100.0,27.81741236981361,1161088.0,879359.0,0.12305946166862808,0.011736509998947223
eebcaf65-7fa4-4118-869d-a084e84530e2,inf,100.0,32.19827892366621,1115858.0,879359.0,0.12305946166862808,0.013541951563099522
eebcaf65-7fa4-4118-869d-a084e84530e2,inf,100.0,37.26907276146309,1077152.0,879359.0,0.12305946166862808,0.015584807724103367
eebcaf65-7fa4-4118-869d-a084e84530e2,inf,100.0,43.13844810749518,1044893.0,879359.0,0.12305946166862808,0.017922205182639123
eebcaf65-7fa4-4118-869d-a084e84530e2,inf,100.0,49.93217075814364,1016686.0,879359.0,0.12305946166862808,0.020578434940277883
eebcaf65-7fa4-4118-869d-a084e84530e2,inf,100.0,57.795812923256825,992588.0,879359.0,0.12305946166862808,0.02370814067649608
eebcaf65-7fa4-4118-869d-a084e84530e2,inf,100.0,66.89787246862902,972187.0,879359.0,0.12305946166862808,0.027139265587326083
eebcaf65-7fa4-4118-869d-a084e84530e2,inf,100.0,77.43338339701937,954798.0,879359.0,0.12305946166862808,0.031002876616064674
eebcaf65-7fa4-4118-869d-a084e84530e2,inf,100.0,89.62809493114324,941043.0,879359.0,0.12305946166862808,0.0353397651009065
eebcaf65-7fa4-4118-869d-a084e84530e2,inf,100.0,103.74330874576306,928438.0,879359.0,0.12305946166862808,0.04010018121398005
eebcaf65-7fa4-4118-869d-a084e84530e2,inf,100.0,120.08147799846844,918909.0,879359.0,0.12305946166862808,0.04530269878592335
eebcaf65-7fa4-4118-869d-a084e84530e2,inf,100.0,138.99268813214488,910278.0,879359.0,0.12305946166862808,0.0512418835394346
eebcaf65-7fa4-4118-869d-a084e84530e2,inf,100.0,160.88215831625678,903538.0,879359.0,0.12305946166862808,0.05726274115451151
eebcaf65-7fa4-4118-869d-a084e84530e2,inf,100.0,186.21892426376562,899216.0,879359.0,0.12305946166862808,0.06275725147552492
eebcaf65-7fa4-4118-869d-a084e84530e2,inf,100.0,215.54588847438404,895804.0,879359.0,0.12305946166862808,0.0675566357179483
eebcaf65-7fa4-4118-869d-a084e84530e2,inf,100.0,249.49145325533257,893701.0,879359.0,0.12305946166862808,0.07112363750787895
eebcaf65-7fa4-4118-869d-a084e84530e2,inf,100.0,288.7829857856707,892326.0,879359.0,0.12305946166862808,0.07402700257450329
eebcaf65-7fa4-4118-869d-a084e84530e2,inf,100.0,334.2624037463071,891567.0,879359.0,0.12305946166862808,0.07613893959789614
eebcaf65-7fa4-4118-869d-a084e84530e2,inf,100.0,386.9042154761296,890977.0,879359.0,0.12305946166862808,0.07809918614138006
eebcaf65-7fa4-4118-869d-a084e84530e2,inf,100.0,447.8364012089508,890710.0,879359.0,0.12305946166862808,0.07918420072033797
eebcaf65-7fa4-4118-869d-a084e84530e2,inf,100.0,518.3645828231037,890504.0,879359.0,0.12305946166862808,0.08004317450023984
eebcaf65-7fa4-4118-869d-a084e84530e2,inf,100.0,599.9999999999997,890419.0,879359.0,0.12305946166862808,0.08046399806068649
fe380793-8035-414e-b000-09bfe5ece92a,inf,100.0,2.0,5494551.0,1074344.0,0.18287343951025295,0.0004994580605907627
fe380793-8035-414e-b000-09bfe5ece92a,inf,100.0,2.3149729741653853,5227715.0,1074344.0,0.18287343951025295,0.0005431070571977778
fe380793-8035-414e-b000-09bfe5ece92a,inf,100.0,2.6795499355580645,4949674.0,1074344.0,0.18287343951025295,0.0006036964020770252
fe380793-8035-414e-b000-09bfe5ece92a,inf,100.0,3.1015428418717597,4663045.0,1074344.0,0.18287343951025295,0.0006861350503492591
fe380793-8035-414e-b000-09bfe5ece92a,inf,100.0,3.5899939285746147,4373164.0,1074344.0,0.18287343951025295,0.0007963444611797145
fe380793-8035-414e-b000-09bfe5ece92a,inf,100.0,4.1553694610340255,4084828.0,1074344.0,0.18287343951025295,0.0009418148561356034
fe380793-8035-414e-b000-09bfe5ece92a,inf,100.0,4.809783999982975,3803746.0,1074344.0,0.18287343951025295,0.0011313209820927829
fe380793-8035-414e-b000-09bfe5ece92a,inf,100.0,5.567259985766836,3534383.0,1074344.0,0.18287343951025295,0.001373627651497952
fe380793-8035-414e-b000-09bfe5ece92a,inf,100.0,6.444028203601297,3278067.0,1074344.0,0.18287343951025295,0.0016838941662177457
fe380793-8035-414e-b000-09bfe5ece92a,inf,100.0,7.458875568048258,3034226.0,1074344.0,0.18287343951025295,0.002075057084061569
fe380793-8035-414e-b000-09bfe5ece92a,inf,100.0,8.633547678847101,2805691.0,1074344.0,0.18287343951025295,0.0025642046839153055
fe380793-8035-414e-b000-09bfe5ece92a,inf,100.0,9.993214773849669,2593119.0,1074344.0,0.18287343951025295,0.003175851561996116
fe380793-8035-414e-b000-09bfe5ece92a,inf,100.0,11.567011063246117,2397443.0,1074344.0,0.18287343951025295,0.003924204579419937
fe380793-8035-414e-b000-09bfe5ece92a,inf,100.0,13.388659001643386,2220439.0,1074344.0,0.18287343951025295,0.004825683187684093
fe380793-8035-414e-b000-09bfe5ece92a,inf,100.0,15.497191874560272,2060833.0,1074344.0,0.18287343951025295,0.005898604215351002
fe380793-8035-414e-b000-09bfe5ece92a,inf,100.0,17.937790182531224,1920622.0,1074344.0,0.18287343951025295,0.00715518200657517
fe380793-8035-414e-b000-09bfe5ece92a,inf,100.0,20.762749744404477,1800069.0,1074344.0,0.18287343951025295,0.0085987147954144
fe380793-8035-414e-b000-09bfe5ece92a,inf,100.0,24.03260226382781,1697176.0,1074344.0,0.18287343951025295,0.01024665301209842
fe380793-8035-414e-b000-09bfe5ece92a,inf,100.0,27.81741236981361,1609304.0,1074344.0,0.18287343951025295,0.012133688002076171
fe380793-8035-414e-b000-09bfe5ece92a,inf,100.0,32.19827892366621,1532583.0,1074344.0,0.18287343951025295,0.014313367356189512
fe380793-8035-414e-b000-09bfe5ece92a,inf,100.0,37.26907276146309,1466242.0,1074344.0,0.18287343951025295,0.01685256670617436
fe380793-8035-414e-b000-09bfe5ece92a,inf,100.0,43.13844810749518,1410715.0,1074344.0,0.18287343951025295,0.019821392852473092
fe380793-8035-414e-b000-09bfe5ece92a,inf,100.0,49.93217075814364,1361286.0,1074344.0,0.18287343951025295,0.023392156189935683
fe380793-8035-414e-b000-09bfe5ece92a,inf,100.0,57.795812923256825,1316964.0,1074344.0,0.18287343951025295,0.027585577446582587
fe380793-8035-414e-b000-09bfe5ece92a,inf,100.0,66.89787246862902,1276833.0,1074344.0,0.18287343951025295,0.03256644044321077
fe380793-8035-414e-b000-09bfe5ece92a,inf,100.0,77.43338339701937,1241751.0,1074344.0,0.18287343951025295,0.03855861509089828
fe380793-8035-414e-b000-09bfe5ece92a,inf,100.0,89.62809493114324,1209260.0,1074344.0,0.18287343951025295,0.0456868804257481
fe380793-8035-414e-b000-09bfe5ece92a,inf,100.0,103.74330874576306,1181792.0,1074344.0,0.18287343951025295,0.053922097445348253
fe380793-8035-414e-b000-09bfe5ece92a,inf,100.0,120.08147799846844,1158059.0,1074344.0,0.18287343951025295,0.06317445464744512
fe380793-8035-414e-b000-09bfe5ece92a,inf,100.0,138.99268813214488,1137688.0,1074344.0,0.18287343951025295,0.07338707530427493
fe380793-8035-414e-b000-09bfe5ece92a,inf,100.0,160.88215831625678,1121355.0,1074344.0,0.18287343951025295,0.08466431116949878
fe380793-8035-414e-b000-09bfe5ece92a,inf,100.0,186.21892426376562,1109383.0,1074344.0,0.18287343951025295,0.0960215239782348
fe380793-8035-414e-b000-09bfe5ece92a,inf,100.0,215.54588847438404,1099832.0,1074344.0,0.18287343951025295,0.10747741199963762
fe380793-8035-414e-b000-09bfe5ece92a,inf,100.0,249.49145325533257,1093757.0,1074344.0,0.18287343951025295,0.1176729148522885
fe380793-8035-414e-b000-09bfe5ece92a,inf,100.0,288.7829857856707,1091184.0,1074344.0,0.18287343951025295,0.12307512906698195
fe380793-8035-414e-b000-09bfe5ece92a,inf,100.0,334.2624037463071,1089439.0,1074344.0,0.18287343951025295,0.128007075982341
fe380793-8035-414e-b000-09bfe5ece92a,inf,100.0,386.9042154761296,1088083.0,1074344.0,0.18287343951025295,0.13283780463158026
fe380793-8035-414e-b000-09bfe5ece92a,inf,100.0,447.8364012089508,1087055.0,1074344.0,0.18287343951025295,0.1377385012486975
fe380793-8035-414e-b000-09bfe5ece92a,inf,100.0,518.3645828231037,1086447.0,1074344.0,0.18287343951025295,0.14139352827877055
fe380793-8035-414e-b000-09bfe5ece92a,inf,100.0,599.9999999999997,1086022.0,1074344.0,0.18287343951025295,0.1450013083841127
1a276285-8b0e-4cc9-9f0a-a3a002978724,inf-f16,100.0,2.0,4230646.0,423915.0,0.2132329076357336,0.0005181735311392936
1a276285-8b0e-4cc9-9f0a-a3a002978724,inf-f16,100.0,2.3149729741653853,4023419.0,423915.0,0.2132329076357336,0.0005590350336741155
1a276285-8b0e-4cc9-9f0a-a3a002978724,inf-f16,100.0,2.6795499355580645,3803234.0,423915.0,0.2132329076357336,0.0006164749363358041
1a276285-8b0e-4cc9-9f0a-a3a002978724,inf-f16,100.0,3.1015428418717597,3572453.0,423915.0,0.2132329076357336,0.0006961610489395527
1a276285-8b0e-4cc9-9f0a-a3a002978724,inf-f16,100.0,3.5899939285746147,3337525.0,423915.0,0.2132329076357336,0.0008042188665169066
1a276285-8b0e-4cc9-9f0a-a3a002978724,inf-f16,100.0,4.1553694610340255,3100989.0,423915.0,0.2132329076357336,0.0009481277104969645
1a276285-8b0e-4cc9-9f0a-a3a002978724,inf-f16,100.0,4.809783999982975,2865683.0,423915.0,0.2132329076357336,0.0011395543540001969
1a276285-8b0e-4cc9-9f0a-a3a002978724,inf-f16,100.0,5.567259985766836,2636229.0,423915.0,0.2132329076357336,0.001387818613249763
1a276285-8b0e-4cc9-9f0a-a3a002978724,inf-f16,100.0,6.444028203601297,2416481.0,423915.0,0.2132329076357336,0.0017075356416211833
1a276285-8b0e-4cc9-9f0a-a3a002978724,inf-f16,100.0,7.458875568048258,2202136.0,423915.0,0.2132329076357336,0.002122490562395542
1a276285-8b0e-4cc9-9f0a-a3a002978724,inf-f16,100.0,8.633547678847101,1998186.0,423915.0,0.2132329076357336,0.0026491394293881036
1a276285-8b0e-4cc9-9f0a-a3a002978724,inf-f16,100.0,9.993214773849669,1806554.0,423915.0,0.2132329076357336,0.0033075899832500357
1a276285-8b0e-4cc9-9f0a-a3a002978724,inf-f16,100.0,11.567011063246117,1628301.0,423915.0,0.2132329076357336,0.004122478380835064
1a276285-8b0e-4cc9-9f0a-a3a002978724,inf-f16,100.0,13.388659001643386,1465733.0,423915.0,0.2132329076357336,0.005113128957872961
1a276285-8b0e-4cc9-9f0a-a3a002978724,inf-f16,100.0,15.497191874560272,1320875.0,423915.0,0.2132329076357336,0.006273827597786963
1a276285-8b0e-4cc9-9f0a-a3a002978724,inf-f16,100.0,17.937790182531224,1192213.0,423915.0,0.2132329076357336,0.0076418207731011245
1a276285-8b0e-4cc9-9f0a-a3a002978724,inf-f16,100.0,20.762749744404477,1082414.0,423915.0,0.2132329076357336,0.00920222152564519
1a276285-8b0e-4cc9-9f0a-a3a002978724,inf-f16,100.0,24.03260226382781,988141.0,423915.0,0.2132329076357336,0.010974126238186126
1a276285-8b0e-4cc9-9f0a-a3a002978724,inf-f16,100.0,27.81741236981361,910061.0,423915.0,0.2132329076357336,0.012969651292880592
1a276285-8b0e-4cc9-9f0a-a3a002978724,inf-f16,100.0,32.19827892366621,840722.0,423915.0,0.2132329076357336,0.015269357162785222
1a276285-8b0e-4cc9-9f0a-a3a002978724,inf-f16,100.0,37.26907276146309,781630.0,423915.0,0.2132329076357336,0.017948506491089773
1a276285-8b0e-4cc9-9f0a-a3a002978724,inf-f16,100.0,43.13844810749518,732348.0,423915.0,0.2132329076357336,0.021050490988706677
1a276285-8b0e-4cc9-9f0a-a3a002978724,inf-f16,100.0,49.93217075814364,689110.0,423915.0,0.2132329076357336,0.02474510499262575
1a276285-8b0e-4cc9-9f0a-a3a002978724,inf-f16,100.0,57.795812923256825,650363.0,423915.0,0.2132329076357336,0.02917105966923187
1a276285-8b0e-4cc9-9f0a-a3a002978724,inf-f16,100.0,66.89787246862902,613606.0,423915.0,0.2132329076357336,0.0345202956461399
1a276285-8b0e-4cc9-9f0a-a3a002978724,inf-f16,100.0,77.43338339701937,582666.0,423915.0,0.2132329076357336,0.04097247922462682
1a276285-8b0e-4cc9-9f0a-a3a002978724,inf-f16,100.0,89.62809493114324,553358.0,423915.0,0.2132329076357336,0.048665863438544274
1a276285-8b0e-4cc9-9f0a-a3a002978724,inf-f16,100.0,103.74330874576306,529447.0,423915.0,0.2132329076357336,0.05765702916571699
1a276285-8b0e-4cc9-9f0a-a3a002978724,inf-f16,100.0,120.08147799846844,506400.0,423915.0,0.2132329076357336,0.06824852720040844
1a276285-8b0e-4cc9-9f0a-a3a002978724,inf-f16,100.0,138.99268813214488,487041.0,423915.0,0.2132329076357336,0.08002723687927818
1a276285-8b0e-4cc9-9f0a-a3a002978724,inf-f16,100.0,160.88215831625678,470496.0,423915.0,0.2132329076357336,0.09341425044443441
1a276285-8b0e-4cc9-9f0a-a3a002978724,inf-f16,100.0,186.21892426376562,458357.0,423915.0,0.2132329076357336,0.10756511166830052
1a276285-8b0e-4cc9-9f0a-a3a002978724,inf-f16,100.0,215.54588847438404,448595.0,423915.0,0.2132329076357336,0.12154247824747434
1a276285-8b0e-4cc9-9f0a-a3a002978724,inf-f16,100.0,249.49145325533257,442162.0,423915.0,0.2132329076357336,0.13488983711366478
1a276285-8b0e-4cc9-9f0a-a3a002978724,inf-f16,100.0,288.7829857856707,439349.0,423915.0,0.2132329076357336,0.14211227913462185
1a276285-8b0e-4cc9-9f0a-a3a002978724,inf-f16,100.0,334.2624037463071,437724.0,423915.0,0.2132329076357336,0.1475281852945289
1a276285-8b0e-4cc9-9f0a-a3a002978724,inf-f16,100.0,386.9042154761296,436732.0,423915.0,0.2132329076357336,0.15173574982573698
1a276285-8b0e-4cc9-9f0a-a3a002978724,inf-f16,100.0,447.8364012089508,436000.0,423915.0,0.2132329076357336,0.15574844919728484
1a276285-8b0e-4cc9-9f0a-a3a002978724,inf-f16,100.0,518.3645828231037,435519.0,423915.0,0.2132329076357336,0.1591743551801796
1a276285-8b0e-4cc9-9f0a-a3a002978724,inf-f16,100.0,599.9999999999997,435206.0,423915.0,0.2132329076357336,0.16211819658848364
1e104bf4-7a24-4624-a5b2-c2c8289c0de7,inf-f16,100.0,2.0,4118986.0,437507.0,0.3815347500752587,0.0009365087959850607
1e104bf4-7a24-4624-a5b2-c2c8289c0de7,inf-f16,100.0,2.3149729741653853,3913797.0,437507.0,0.3815347500752587,0.00101963857549934
1e104bf4-7a24-4624-a5b2-c2c8289c0de7,inf-f16,100.0,2.6795499355580645,3699784.0,437507.0,0.3815347500752587,0.0011348977294099438
1e104bf4-7a24-4624-a5b2-c2c8289c0de7,inf-f16,100.0,3.1015428418717597,3479557.0,437507.0,0.3815347500752587,0.0012937478049851168
1e104bf4-7a24-4624-a5b2-c2c8289c0de7,inf-f16,100.0,3.5899939285746147,3253824.0,437507.0,0.3815347500752587,0.0015074363109100325
1e104bf4-7a24-4624-a5b2-c2c8289c0de7,inf-f16,100.0,4.1553694610340255,3031780.0,437507.0,0.3815347500752587,0.0017901151482077715
1e104bf4-7a24-4624-a5b2-c2c8289c0de7,inf-f16,100.0,4.809783999982975,2814747.0,437507.0,0.3815347500752587,0.002159484600733431
1e104bf4-7a24-4624-a5b2-c2c8289c0de7,inf-f16,100.0,5.567259985766836,2600752.0,437507.0,0.3815347500752587,0.002645539190347259
1e104bf4-7a24-4624-a5b2-c2c8289c0de7,inf-f16,100.0,6.444028203601297,2393881.0,437507.0,0.3815347500752587,0.003264523647111709
1e104bf4-7a24-4624-a5b2-c2c8289c0de7,inf-f16,100.0,7.458875568048258,2194426.0,437507.0,0.3815347500752587,0.004060540627087852
1e104bf4-7a24-4624-a5b2-c2c8289c0de7,inf-f16,100.0,8.633547678847101,2005136.0,437507.0,0.3815347500752587,0.00507669638956119
1e104bf4-7a24-4624-a5b2-c2c8289c0de7,inf-f16,100.0,9.993214773849669,1827119.0,437507.0,0.3815347500752587,0.006357785563121448
1e104bf4-7a24-4624-a5b2-c2c8289c0de7,inf-f16,100.0,11.567011063246117,1659733.0,437507.0,0.3815347500752587,0.007972085321032607
1e104bf4-7a24-4624-a5b2-c2c8289c0de7,inf-f16,100.0,13.388659001643386,1504809.0,437507.0,0.3815347500752587,0.009977986647220716
1e104bf4-7a24-4624-a5b2-c2c8289c0de7,inf-f16,100.0,15.497191874560272,1359610.0,437507.0,0.3815347500752587,0.012484733481466092
1e104bf4-7a24-4624-a5b2-c2c8289c0de7,inf-f16,100.0,17.937790182531224,1224431.0,437507.0,0.3815347500752587,0.0155771393789834
1e104bf4-7a24-4624-a5b2-c2c8289c0de7,inf-f16,100.0,20.762749744404477,1101908.0,437507.0,0.3815347500752587,0.019319823845468192
1e104bf4-7a24-4624-a5b2-c2c8289c0de7,inf-f16,100.0,24.03260226382781,994152.0,437507.0,0.3815347500752587,0.023722528984718407
1e104bf4-7a24-4624-a5b2-c2c8289c0de7,inf-f16,100.0,27.81741236981361,897256.0,437507.0,0.3815347500752587,0.028899896488305123
1e104bf4-7a24-4624-a5b2-c2c8289c0de7,inf-f16,100.0,32.19827892366621,812404.0,437507.0,0.3815347500752587,0.03492052727420469
1e104bf4-7a24-4624-a5b2-c2c8289c0de7,inf-f16,100.0,37.26907276146309,739074.0,437507.0,0.3815347500752587,0.04176135339794462
1e104bf4-7a24-4624-a5b2-c2c8289c0de7,inf-f16,100.0,43.13844810749518,680269.0,437507.0,0.3815347500752587,0.04933280605480145
1e104bf4-7a24-4624-a5b2-c2c8289c0de7,inf-f16,100.0,49.93217075814364,630556.0,437507.0,0.3815347500752587,0.05771333310175498
1e104bf4-7a24-4624-a5b2-c2c8289c0de7,inf-f16,100.0,57.795812923256825,591797.0,437507.0,0.3815347500752587,0.06662210665403236
1e104bf4-7a24-4624-a5b2-c2c8289c0de7,inf-f16,100.0,66.89787246862902,560818.0,437507.0,0.3815347500752587,0.0760899906817849
1e104bf4-7a24-4624-a5b2-c2c8289c0de7,inf-f16,100.0,77.43338339701937,535916.0,437507.0,0.3815347500752587,0.08596153401833685
1e104bf4-7a24-4624-a5b2-c2c8289c0de7,inf-f16,100.0,89.62809493114324,516295.0,437507.0,0.3815347500752587,0.09647907912465982
1e104bf4-7a24-4624-a5b2-c2c8289c0de7,inf-f16,100.0,103.74330874576306,501004.0,437507.0,0.3815347500752587,0.10755658049870734
1e104bf4-7a24-4624-a5b2-c2c8289c0de7,inf-f16,100.0,120.08147799846844,488478.0,437507.0,0.3815347500752587,0.11931443369239171
1e104bf4-7a24-4624-a5b2-c2c8289c0de7,inf-f16,100.0,138.99268813214488,478161.0,437507.0,0.3815347500752587,0.1323395651206145
1e104bf4-7a24-4624-a5b2-c2c8289c0de7,inf-f16,100.0,160.88215831625678,469342.0,437507.0,0.3815347500752587,0.14684219535878026
1e104bf4-7a24-4624-a5b2-c2c8289c0de7,inf-f16,100.0,186.21892426376562,463129.0,437507.0,0.3815347500752587,0.16118931483734042
1e104bf4-7a24-4624-a5b2-c2c8289c0de7,inf-f16,100.0,215.54588847438404,458088.0,437507.0,0.3815347500752587,0.17808885332440835
1e104bf4-7a24-4624-a5b2-c2c8289c0de7,inf-f16,100.0,249.49145325533257,453598.0,437507.0,0.3815347500752587,0.1966637543662551
1e104bf4-7a24-4624-a5b2-c2c8289c0de7,inf-f16,100.0,288.7829857856707,450350.0,437507.0,0.3815347500752587,0.21488671937495632
1e104bf4-7a24-4624-a5b2-c2c8289c0de7,inf-f16,100.0,334.2624037463071,449106.0,437507.0,0.3815347500752587,0.22393742944042414
1e104bf4-7a24-4624-a5b2-c2c8289c0de7,inf-f16,100.0,386.9042154761296,448763.0,437507.0,0.3815347500752587,0.22630078529818853
1e104bf4-7a24-4624-a5b2-c2c8289c0de7,inf-f16,100.0,447.8364012089508,448567.0,437507.0,0.3815347500752587,0.22816142865386185
1e104bf4-7a24-4624-a5b2-c2c8289c0de7,inf-f16,100.0,518.3645828231037,448414.0,437507.0,0.3815347500752587,0.2294840519056356
1e104bf4-7a24-4624-a5b2-c2c8289c0de7,inf-f16,100.0,599.9999999999997,448311.0,437507.0,0.3815347500752587,0.23050541361091276
6638cfb3-3831-4fc2-9327-194b76cf22e1,inf-f16,100.0,2.0,3554699.0,382243.0,1.0724413988312285,0.0029627081464896413
6638cfb3-3831-4fc2-9327-194b76cf22e1,inf-f16,100.0,2.3149729741653853,3357371.0,382243.0,1.0724413988312285,0.0032276246577022587
6638cfb3-3831-4fc2-9327-194b76cf22e1,inf-f16,100.0,2.6795499355580645,3147077.0,382243.0,1.0724413988312285,0.003599389841106902
6638cfb3-3831-4fc2-9327-194b76cf22e1,inf-f16,100.0,3.1015428418717597,2928655.0,382243.0,1.0724413988312285,0.004112350288730849
6638cfb3-3831-4fc2-9327-194b76cf22e1,inf-f16,100.0,3.5899939285746147,2706994.0,382243.0,1.0724413988312285,0.004804004985497924
6638cfb3-3831-4fc2-9327-194b76cf22e1,inf-f16,100.0,4.1553694610340255,2483085.0,382243.0,1.0724413988312285,0.0057267702914166755
6638cfb3-3831-4fc2-9327-194b76cf22e1,inf-f16,100.0,4.809783999982975,2265565.0,382243.0,1.0724413988312285,0.006920685540550851
6638cfb3-3831-4fc2-9327-194b76cf22e1,inf-f16,100.0,5.567259985766836,2056538.0,382243.0,1.0724413988312285,0.008459903460654611
6638cfb3-3831-4fc2-9327-194b76cf22e1,inf-f16,100.0,6.444028203601297,1858169.0,382243.0,1.0724413988312285,0.01039474189848747
6638cfb3-3831-4fc2-9327-194b76cf22e1,inf-f16,100.0,7.458875568048258,1673997.0,382243.0,1.0724413988312285,0.012788794047353443
6638cfb3-3831-4fc2-9327-194b76cf22e1,inf-f16,100.0,8.633547678847101,1504871.0,382243.0,1.0724413988312285,0.015719150293938625
6638cfb3-3831-4fc2-9327-194b76cf22e1,inf-f16,100.0,9.993214773849669,1352220.0,382243.0,1.0724413988312285,0.01925145081578386
6638cfb3-3831-4fc2-9327-194b76cf22e1,inf-f16,100.0,11.567011063246117,1216488.0,382243.0,1.0724413988312285,0.023451612409009396
6638cfb3-3831-4fc2-9327-194b76cf22e1,inf-f16,100.0,13.388659001643386,1096605.0,382243.0,1.0724413988312285,0.028405701738423328
6638cfb3-3831-4fc2-9327-194b76cf22e1,inf-f16,100.0,15.497191874560272,988887.0,382243.0,1.0724413988312285,0.034289836290072914
6638cfb3-3831-4fc2-9327-194b76cf22e1,inf-f16,100.0,17.937790182531224,892572.0,382243.0,1.0724413988312285,0.041251722706619365
6638cfb3-3831-4fc2-9327-194b76cf22e1,inf-f16,100.0,20.762749744404477,810786.0,382243.0,1.0724413988312285,0.04935226110677943
6638cfb3-3831-4fc2-9327-194b76cf22e1,inf-f16,100.0,24.03260226382781,736998.0,382243.0,1.0724413988312285,0.05904123505558476
6638cfb3-3831-4fc2-9327-194b76cf22e1,inf-f16,100.0,27.81741236981361,674813.0,382243.0,1.0724413988312285,0.07006907512739505
6638cfb3-3831-4fc2-9327-194b76cf22e1,inf-f16,100.0,32.19827892366621,619155.0,382243.0,1.0724413988312285,0.08293363766230201
6638cfb3-3831-4fc2-9327-194b76cf22e1,inf-f16,100.0,37.26907276146309,570736.0,382243.0,1.0724413988312285,0.09759159334892445
6638cfb3-3831-4fc2-9327-194b76cf22e1,inf-f16,100.0,43.13844810749518,531832.0,382243.0,1.0724413988312285,0.1139505192436668
6638cfb3-3831-4fc2-9327-194b76cf22e1,inf-f16,100.0,49.93217075814364,500422.0,382243.0,1.0724413988312285,0.13184293866933972
6638cfb3-3831-4fc2-9327-194b76cf22e1,inf-f16,100.0,57.795812923256825,474776.0,382243.0,1.0724413988312285,0.15046833248558025
6638cfb3-3831-4fc2-9327-194b76cf22e1,inf-f16,100.0,66.89787246862902,453906.0,382243.0,1.0724413988312285,0.1700652612190588
6638cfb3-3831-4fc2-9327-194b76cf22e1,inf-f16,100.0,77.43338339701937,438674.0,382243.0,1.0724413988312285,0.1901336342202761
6638cfb3-3831-4fc2-9327-194b76cf22e1,inf-f16,100.0,89.62809493114324,427385.0,382243.0,1.0724413988312285,0.2085833142263583
6638cfb3-3831-4fc2-9327-194b76cf22e1,inf-f16,100.0,103.74330874576306,419955.0,382243.0,1.0724413988312285,0.22700006412503765
6638cfb3-3831-4fc2-9327-194b76cf22e1,inf-f16,100.0,120.08147799846844,413612.0,382243.0,1.0724413988312285,0.24571858720729778
6638cfb3-3831-4fc2-9327-194b76cf22e1,inf-f16,100.0,138.99268813214488,408387.0,382243.0,1.0724413988312285,0.26616708903644726
6638cfb3-3831-4fc2-9327-194b76cf22e1,inf-f16,100.0,160.88215831625678,404336.0,382243.0,1.0724413988312285,0.2874721266864576
6638cfb3-3831-4fc2-9327-194b76cf22e1,inf-f16,100.0,186.21892426376562,401738.0,382243.0,1.0724413988312285,0.3116803689482108
6638cfb3-3831-4fc2-9327-194b76cf22e1,inf-f16,100.0,215.54588847438404,399073.0,382243.0,1.0724413988312285,0.3403277295905662
6638cfb3-3831-4fc2-9327-194b76cf22e1,inf-f16,100.0,249.49145325533257,396607.0,382243.0,1.0724413988312285,0.374030150528622
6638cfb3-3831-4fc2-9327-194b76cf22e1,inf-f16,100.0,288.7829857856707,394533.0,382243.0,1.0724413988312285,0.41196655032712104
6638cfb3-3831-4fc2-9327-194b76cf22e1,inf-f16,100.0,334.2624037463071,393472.0,382243.0,1.0724413988312285,0.4354586158419802
6638cfb3-3831-4fc2-9327-194b76cf22e1,inf-f16,100.0,386.9042154761296,393102.0,382243.0,1.0724413988312285,0.4445312596687152
6638cfb3-3831-4fc2-9327-194b76cf22e1,inf-f16,100.0,447.8364012089508,392964.0,382243.0,1.0724413988312285,0.4473807732276061
6638cfb3-3831-4fc2-9327-194b76cf22e1,inf-f16,100.0,518.3645828231037,392907.0,382243.0,1.0724413988312285,0.44808689759221343
6638cfb3-3831-4fc2-9327-194b76cf22e1,inf-f16,100.0,599.9999999999997,392883.0,382243.0,1.0724413988312285,0.4480868947724589
749cb2b7-e57e-4453-a794-f6230e4d0226,inf-f16,100.0,2.0,4099669.0,452360.0,0.07777137462104397,0.00016552621892625187
749cb2b7-e57e-4453-a794-f6230e4d0226,inf-f16,100.0,2.3149729741653853,3868235.0,452360.0,0.07777137462104397,0.0001787494805423373
749cb2b7-e57e-4453-a794-f6230e4d0226,inf-f16,100.0,2.6795499355580645,3623497.0,452360.0,0.07777137462104397,0.00019715106356431138
749cb2b7-e57e-4453-a794-f6230e4d0226,inf-f16,100.0,3.1015428418717597,3378031.0,452360.0,0.07777137462104397,0.00022185872547336328
749cb2b7-e57e-4453-a794-f6230e4d0226,inf-f16,100.0,3.5899939285746147,3132152.0,452360.0,0.07777137462104397,0.0002546937808551238
749cb2b7-e57e-4453-a794-f6230e4d0226,inf-f16,100.0,4.1553694610340255,2892194.0,452360.0,0.07777137462104397,0.00029712357437119985
749cb2b7-e57e-4453-a794-f6230e4d0226,inf-f16,100.0,4.809783999982975,2662465.0,452360.0,0.07777137462104397,0.00035115084819846535
749cb2b7-e57e-4453-a794-f6230e4d0226,inf-f16,100.0,5.567259985766836,2443594.0,452360.0,0.07777137462104397,0.00041946519515877754
749cb2b7-e57e-4453-a794-f6230e4d0226,inf-f16,100.0,6.444028203601297,2239316.0,452360.0,0.07777137462104397,0.0005045080290545164
749cb2b7-e57e-4453-a794-f6230e4d0226,inf-f16,100.0,7.458875568048258,2051742.0,452360.0,0.07777137462104397,0.0006087639431898218
749cb2b7-e57e-4453-a794-f6230e4d0226,inf-f16,100.0,8.633547678847101,1876726.0,452360.0,0.07777137462104397,0.0007380550336147198
749cb2b7-e57e-4453-a794-f6230e4d0226,inf-f16,100.0,9.993214773849669,1715893.0,452360.0,0.07777137462104397,0.0008975503310381019
749cb2b7-e57e-4453-a794-f6230e4d0226,inf-f16,100.0,11.567011063246117,1569031.0,452360.0,0.07777137462104397,0.001091922782305303
749cb2b7-e57e-4453-a794-f6230e4d0226,inf-f16,100.0,13.388659001643386,1437801.0,452360.0,0.07777137462104397,0.0013290104722380298
749cb2b7-e57e-4453-a794-f6230e4d0226,inf-f16,100.0,15.497191874560272,1318220.0,452360.0,0.07777137462104397,0.0016182677285697406
749cb2b7-e57e-4453-a794-f6230e4d0226,inf-f16,100.0,17.937790182531224,1211068.0,452360.0,0.07777137462104397,0.001965876948459156
749cb2b7-e57e-4453-a794-f6230e4d0226,inf-f16,100.0,20.762749744404477,1110569.0,452360.0,0.07777137462104397,0.002394708708698049
749cb2b7-e57e-4453-a794-f6230e4d0226,inf-f16,100.0,24.03260226382781,1021752.0,452360.0,0.07777137462104397,0.0029044001072097217
749cb2b7-e57e-4453-a794-f6230e4d0226,inf-f16,100.0,27.81741236981361,942186.0,452360.0,0.07777137462104397,0.0035176291367324934
749cb2b7-e57e-4453-a794-f6230e4d0226,inf-f16,100.0,32.19827892366621,870209.0,452360.0,0.07777137462104397,0.004243814554086956
749cb2b7-e57e-4453-a794-f6230e4d0226,inf-f16,100.0,37.26907276146309,807561.0,452360.0,0.07777137462104397,0.005080455558006067
749cb2b7-e57e-4453-a794-f6230e4d0226,inf-f16,100.0,43.13844810749518,751218.0,452360.0,0.07777137462104397,0.006074753739235038
749cb2b7-e57e-4453-a794-f6230e4d0226,inf-f16,100.0,49.93217075814364,703787.0,452360.0,0.07777137462104397,0.007216767927844404
749cb2b7-e57e-4453-a794-f6230e4d0226,inf-f16,100.0,57.795812923256825,663205.0,452360.0,0.07777137462104397,0.008570687859699996
749cb2b7-e57e-4453-a794-f6230e4d0226,inf-f16,100.0,66.89787246862902,629185.0,452360.0,0.07777137462104397,0.010105725558735974
749cb2b7-e57e-4453-a794-f6230e4d0226,inf-f16,100.0,77.43338339701937,598340.0,452360.0,0.07777137462104397,0.011884894934293793
749cb2b7-e57e-4453-a794-f6230e4d0226,inf-f16,100.0,89.62809493114324,573133.0,452360.0,0.07777137462104397,0.01389102666196291
749cb2b7-e57e-4453-a794-f6230e4d0226,inf-f16,100.0,103.74330874576306,550861.0,452360.0,0.07777137462104397,0.016222881274099835
749cb2b7-e57e-4453-a794-f6230e4d0226,inf-f16,100.0,120.08147799846844,531804.0,452360.0,0.07777137462104397,0.018828895228892806
749cb2b7-e57e-4453-a794-f6230e4d0226,inf-f16,100.0,138.99268813214488,516146.0,452360.0,0.07777137462104397,0.021744574918517445
749cb2b7-e57e-4453-a794-f6230e4d0226,inf-f16,100.0,160.88215831625678,502663.0,452360.0,0.07777137462104397,0.024931599273821922
749cb2b7-e57e-4453-a794-f6230e4d0226,inf-f16,100.0,186.21892426376562,491691.0,452360.0,0.07777137462104397,0.028480018642017244
749cb2b7-e57e-4453-a794-f6230e4d0226,inf-f16,100.0,215.54588847438404,482830.0,452360.0,0.07777137462104397,0.03236996685868215
749cb2b7-e57e-4453-a794-f6230e4d0226,inf-f16,100.0,249.49145325533257,475436.0,452360.0,0.07777137462104397,0.036451688468656714
749cb2b7-e57e-4453-a794-f6230e4d0226,inf-f16,100.0,288.7829857856707,470271.0,452360.0,0.07777137462104397,0.0408828068804678
749cb2b7-e57e-4453-a794-f6230e4d0226,inf-f16,100.0,334.2624037463071,466266.0,452360.0,0.07777137462104397,0.04492698158118551
749cb2b7-e57e-4453-a794-f6230e4d0226,inf-f16,100.0,386.9042154761296,464819.0,452360.0,0.07777137462104397,0.046746065252397544
749cb2b7-e57e-4453-a794-f6230e4d0226,inf-f16,100.0,447.8364012089508,464184.0,452360.0,0.07777137462104397,0.047754949109414996
749cb2b7-e57e-4453-a794-f6230e4d0226,inf-f16,100.0,518.3645828231037,463827.0,452360.0,0.07777137462104397,0.04851971891421148
749cb2b7-e57e-4453-a794-f6230e4d0226,inf-f16,100.0,599.9999999999997,463561.0,452360.0,0.07777137462104397,0.04917824231051214
d7ec0892-0a6c-4f4f-9d8f-72083692af5c,inf-f16,100.0,2.0,6139343.0,631310.0,0.021733636411931396,0.0001464971336620549
d7ec0892-0a6c-4f4f-9d8f-72083692af5c,inf-f16,100.0,2.3149729741653853,5836375.0,631310.0,0.021733636411931396,0.000156971084241127
d7ec0892-0a6c-4f4f-9d8f-72083692af5c,inf-f16,100.0,2.6795499355580645,5507399.0,631310.0,0.021733636411931396,0.00017196505395116894
d7ec0892-0a6c-4f4f-9d8f-72083692af5c,inf-f16,100.0,3.1015428418717597,5163475.0,631310.0,0.021733636411931396,0.00019291888522521538
d7ec0892-0a6c-4f4f-9d8f-72083692af5c,inf-f16,100.0,3.5899939285746147,4806156.0,631310.0,0.021733636411931396,0.00022164981413983083
d7ec0892-0a6c-4f4f-9d8f-72083692af5c,inf-f16,100.0,4.1553694610340255,4447895.0,631310.0,0.021733636411931396,0.0002601452661295457
d7ec0892-0a6c-4f4f-9d8f-72083692af5c,inf-f16,100.0,4.809783999982975,4092994.0,631310.0,0.021733636411931396,0.0003109886994231421
d7ec0892-0a6c-4f4f-9d8f-72083692af5c,inf-f16,100.0,5.567259985766836,3744005.0,631310.0,0.021733636411931396,0.0003774460340415394
d7ec0892-0a6c-4f4f-9d8f-72083692af5c,inf-f16,100.0,6.444028203601297,3404914.0,631310.0,0.021733636411931396,0.00046340683683522343
d7ec0892-0a6c-4f4f-9d8f-72083692af5c,inf-f16,100.0,7.458875568048258,3081544.0,631310.0,0.021733636411931396,0.0005729677596632938
d7ec0892-0a6c-4f4f-9d8f-72083692af5c,inf-f16,100.0,8.633547678847101,2772718.0,631310.0,0.021733636411931396,0.0007113193809012083
d7ec0892-0a6c-4f4f-9d8f-72083692af5c,inf-f16,100.0,9.993214773849669,2484505.0,631310.0,0.021733636411931396,0.0008843990638973496
d7ec0892-0a6c-4f4f-9d8f-72083692af5c,inf-f16,100.0,11.567011063246117,2217781.0,631310.0,0.021733636411931396,0.0010969971872758712
d7ec0892-0a6c-4f4f-9d8f-72083692af5c,inf-f16,100.0,13.388659001643386,1972243.0,631310.0,0.021733636411931396,0.0013575536212589293
d7ec0892-0a6c-4f4f-9d8f-72083692af5c,inf-f16,100.0,15.497191874560272,1752479.0,631310.0,0.021733636411931396,0.0016661660193552968
d7ec0892-0a6c-4f4f-9d8f-72083692af5c,inf-f16,100.0,17.937790182531224,1557263.0,631310.0,0.021733636411931396,0.0020339716589840326
d7ec0892-0a6c-4f4f-9d8f-72083692af5c,inf-f16,100.0,20.762749744404477,1384446.0,631310.0,0.021733636411931396,0.0024590783990566176
d7ec0892-0a6c-4f4f-9d8f-72083692af5c,inf-f16,100.0,24.03260226382781,1238556.0,631310.0,0.021733636411931396,0.0029440914640652643
d7ec0892-0a6c-4f4f-9d8f-72083692af5c,inf-f16,100.0,27.81741236981361,1114317.0,631310.0,0.021733636411931396,0.003485582483607108
d7ec0892-0a6c-4f4f-9d8f-72083692af5c,inf-f16,100.0,32.19827892366621,1011243.0,631310.0,0.021733636411931396,0.004083431899435578
d7ec0892-0a6c-4f4f-9d8f-72083692af5c,inf-f16,100.0,37.26907276146309,928859.0,631310.0,0.021733636411931396,0.004721198165573534
d7ec0892-0a6c-4f4f-9d8f-72083692af5c,inf-f16,100.0,43.13844810749518,864243.0,631310.0,0.021733636411931396,0.0053900694704704846
d7ec0892-0a6c-4f4f-9d8f-72083692af5c,inf-f16,100.0,49.93217075814364,812283.0,631310.0,0.021733636411931396,0.006099266986593204
d7ec0892-0a6c-4f4f-9d8f-72083692af5c,inf-f16,100.0,57.795812923256825,771684.0,631310.0,0.021733636411931396,0.006840357527600211
d7ec0892-0a6c-4f4f-9d8f-72083692af5c,inf-f16,100.0,66.89787246862902,740158.0,631310.0,0.021733636411931396,0.00762302696366141
d7ec0892-0a6c-4f4f-9d8f-72083692af5c,inf-f16,100.0,77.43338339701937,715587.0,631310.0,0.021733636411931396,0.008420150844727275
d7ec0892-0a6c-4f4f-9d8f-72083692af5c,inf-f16,100.0,89.62809493114324,696419.0,631310.0,0.021733636411931396,0.009254321127546873
d7ec0892-0a6c-4f4f-9d8f-72083692af5c,inf-f16,100.0,103.74330874576306,680366.0,631310.0,0.021733636411931396,0.010138002886588875
d7ec0892-0a6c-4f4f-9d8f-72083692af5c,inf-f16,100.0,120.08147799846844,668899.0,631310.0,0.021733636411931396,0.011009692711479734
d7ec0892-0a6c-4f4f-9d8f-72083692af5c,inf-f16,100.0,138.99268813214488,660284.0,631310.0,0.021733636411931396,0.011847819581869631
d7ec0892-0a6c-4f4f-9d8f-72083692af5c,inf-f16,100.0,160.88215831625678,654394.0,631310.0,0.021733636411931396,0.01266981254473012
d7ec0892-0a6c-4f4f-9d8f-72083692af5c,inf-f16,100.0,186.21892426376562,649753.0,631310.0,0.021733636411931396,0.013472503835692345
d7ec0892-0a6c-4f4f-9d8f-72083692af5c,inf-f16,100.0,215.54588847438404,646685.0,631310.0,0.021733636411931396,0.014174112480066415
d7ec0892-0a6c-4f4f-9d8f-72083692af5c,inf-f16,100.0,249.49145325533257,644887.0,631310.0,0.021733636411931396,0.014696467855831742
d7ec0892-0a6c-4f4f-9d8f-72083692af5c,inf-f16,100.0,288.7829857856707,643901.0,631310.0,0.021733636411931396,0.015066382407321652
d7ec0892-0a6c-4f4f-9d8f-72083692af5c,inf-f16,100.0,334.2624037463071,643212.0,631310.0,0.021733636411931396,0.015371308551492211
d7ec0892-0a6c-4f4f-9d8f-72083692af5c,inf-f16,100.0,386.9042154761296,642872.0,631310.0,0.021733636411931396,0.015566367619477946
d7ec0892-0a6c-4f4f-9d8f-72083692af5c,inf-f16,100.0,447.8364012089508,642696.0,631310.0,0.021733636411931396,0.0156778328421445
d7ec0892-0a6c-4f4f-9d8f-72083692af5c,inf-f16,100.0,518.3645828231037,642601.0,631310.0,0.021733636411931396,0.015754114299379576
d7ec0892-0a6c-4f4f-9d8f-72083692af5c,inf-f16,100.0,599.9999999999997,642559.0,631310.0,0.021733636411931396,0.01579511831127033
da8dfec1-d265-44e8-84ce-6ae9c109b8bd,inf-f16,100.0,2.0,5758684.0,627978.0,0.010072155320928967,0.00010232535856287697
da8dfec1-d265-44e8-84ce-6ae9c109b8bd,inf-f16,100.0,2.3149729741653853,5424040.0,627978.0,0.010072155320928967,0.00010943100816905707
da8dfec1-d265-44e8-84ce-6ae9c109b8bd,inf-f16,100.0,2.6795499355580645,5063070.0,627978.0,0.010072155320928967,0.00011945808259506307
da8dfec1-d265-44e8-84ce-6ae9c109b8bd,inf-f16,100.0,3.1015428418717597,4687337.0,627978.0,0.010072155320928967,0.00013338283919265905
da8dfec1-d265-44e8-84ce-6ae9c109b8bd,inf-f16,100.0,3.5899939285746147,4302698.0,627978.0,0.010072155320928967,0.00015227642747778387
da8dfec1-d265-44e8-84ce-6ae9c109b8bd,inf-f16,100.0,4.1553694610340255,3924369.0,627978.0,0.010072155320928967,0.00017721364322922052
da8dfec1-d265-44e8-84ce-6ae9c109b8bd,inf-f16,100.0,4.809783999982975,3553028.0,627978.0,0.010072155320928967,0.00020959516840480722
da8dfec1-d265-44e8-84ce-6ae9c109b8bd,inf-f16,100.0,5.567259985766836,3198203.0,627978.0,0.010072155320928967,0.00025059886739881764
da8dfec1-d265-44e8-84ce-6ae9c109b8bd,inf-f16,100.0,6.444028203601297,2866252.0,627978.0,0.010072155320928967,0.0003019703226268695
da8dfec1-d265-44e8-84ce-6ae9c109b8bd,inf-f16,100.0,7.458875568048258,2561189.0,627978.0,0.010072155320928967,0.00036478762203068135
da8dfec1-d265-44e8-84ce-6ae9c109b8bd,inf-f16,100.0,8.633547678847101,2283260.0,627978.0,0.010072155320928967,0.00044123445967297664
da8dfec1-d265-44e8-84ce-6ae9c109b8bd,inf-f16,100.0,9.993214773849669,2028682.0,627978.0,0.010072155320928967,0.0005336446806194146
da8dfec1-d265-44e8-84ce-6ae9c109b8bd,inf-f16,100.0,11.567011063246117,1801802.0,627978.0,0.010072155320928967,0.0006432415017232931
da8dfec1-d265-44e8-84ce-6ae9c109b8bd,inf-f16,100.0,13.388659001643386,1601845.0,627978.0,0.010072155320928967,0.0007712333635390347
da8dfec1-d265-44e8-84ce-6ae9c109b8bd,inf-f16,100.0,15.497191874560272,1431456.0,627978.0,0.010072155320928967,0.000920012381421341
da8dfec1-d265-44e8-84ce-6ae9c109b8bd,inf-f16,100.0,17.937790182531224,1285894.0,627978.0,0.010072155320928967,0.0010882390885044411
da8dfec1-d265-44e8-84ce-6ae9c109b8bd,inf-f16,100.0,20.762749744404477,1160494.0,627978.0,0.010072155320928967,0.0012786452362123022
da8dfec1-d265-44e8-84ce-6ae9c109b8bd,inf-f16,100.0,24.03260226382781,1056347.0,627978.0,0.010072155320928967,0.0014893963006604276
da8dfec1-d265-44e8-84ce-6ae9c109b8bd,inf-f16,100.0,27.81741236981361,972287.0,627978.0,0.010072155320928967,0.0017214075850446754
da8dfec1-d265-44e8-84ce-6ae9c109b8bd,inf-f16,100.0,32.19827892366621,903181.0,627978.0,0.010072155320928967,0.001975951332113154
da8dfec1-d265-44e8-84ce-6ae9c109b8bd,inf-f16,100.0,37.26907276146309,848628.0,627978.0,0.010072155320928967,0.002245762495007835
da8dfec1-d265-44e8-84ce-6ae9c109b8bd,inf-f16,100.0,43.13844810749518,801525.0,627978.0,0.010072155320928967,0.0025511108432825823
da8dfec1-d265-44e8-84ce-6ae9c109b8bd,inf-f16,100.0,49.93217075814364,763574.0,627978.0,0.010072155320928967,0.002876495989418139
da8dfec1-d265-44e8-84ce-6ae9c109b8bd,inf-f16,100.0,57.795812923256825,734306.0,627978.0,0.010072155320928967,0.0032248020850441017
da8dfec1-d265-44e8-84ce-6ae9c109b8bd,inf-f16,100.0,66.89787246862902,710968.0,627978.0,0.010072155320928967,0.0035880916704470506
da8dfec1-d265-44e8-84ce-6ae9c109b8bd,inf-f16,100.0,77.43338339701937,691820.0,627978.0,0.010072155320928967,0.0039856701415204735
da8dfec1-d265-44e8-84ce-6ae9c109b8bd,inf-f16,100.0,89.62809493114324,677254.0,627978.0,0.010072155320928967,0.004371614475353552
da8dfec1-d265-44e8-84ce-6ae9c109b8bd,inf-f16,100.0,103.74330874576306,666257.0,627978.0,0.010072155320928967,0.0047820994744886165
da8dfec1-d265-44e8-84ce-6ae9c109b8bd,inf-f16,100.0,120.08147799846844,657244.0,627978.0,0.010072155320928967,0.00522168003915386
da8dfec1-d265-44e8-84ce-6ae9c109b8bd,inf-f16,100.0,138.99268813214488,650622.0,627978.0,0.010072155320928967,0.005666929667981528
da8dfec1-d265-44e8-84ce-6ae9c109b8bd,inf-f16,100.0,160.88215831625678,645472.0,627978.0,0.010072155320928967,0.006134812560407644
da8dfec1-d265-44e8-84ce-6ae9c109b8bd,inf-f16,100.0,186.21892426376562,641975.0,627978.0,0.010072155320928967,0.006531181976209036
da8dfec1-d265-44e8-84ce-6ae9c109b8bd,inf-f16,100.0,215.54588847438404,640334.0,627978.0,0.010072155320928967,0.0067630097535003285
da8dfec1-d265-44e8-84ce-6ae9c109b8bd,inf-f16,100.0,249.49145325533257,639556.0,627978.0,0.010072155320928967,0.006896817601878977
da8dfec1-d265-44e8-84ce-6ae9c109b8bd,inf-f16,100.0,288.7829857856707,639167.0,627978.0,0.010072155320928967,0.006973875347754924
da8dfec1-d265-44e8-84ce-6ae9c109b8bd,inf-f16,100.0,334.2624037463071,638925.0,627978.0,0.010072155320928967,0.007027613823260846
da8dfec1-d265-44e8-84ce-6ae9c109b8bd,inf-f16,100.0,386.9042154761296,638833.0,627978.0,0.010072155320928967,0.0070461840685413606
da8dfec1-d265-44e8-84ce-6ae9c109b8bd,inf-f16,100.0,447.8364012089508,638833.0,627978.0,0.010072155320928967,0.007046184089872939
da8dfec1-d265-44e8-84ce-6ae9c109b8bd,inf-f16,100.0,518.3645828231037,638802.0,627978.0,0.010072155320928967,0.007050324868112996
da8dfec1-d265-44e8-84ce-6ae9c109b8bd,inf-f16,100.0,599.9999999999997,638802.0,627978.0,0.010072155320928967,0.007050324868112996
dab512bd-a02d-4c1f-8dbc-9155a163efc0,inf-f16,100.0,2.0,3821506.0,447481.0,0.3536081111700137,0.0007629363534484739
dab512bd-a02d-4c1f-8dbc-9155a163efc0,inf-f16,100.0,2.3149729741653853,3579602.0,447481.0,0.3536081111700137,0.0008433891524932053
dab512bd-a02d-4c1f-8dbc-9155a163efc0,inf-f16,100.0,2.6795499355580645,3333644.0,447481.0,0.3536081111700137,0.0009518168717964677
dab512bd-a02d-4c1f-8dbc-9155a163efc0,inf-f16,100.0,3.1015428418717597,3087397.0,447481.0,0.3536081111700137,0.0010968958100149233
dab512bd-a02d-4c1f-8dbc-9155a163efc0,inf-f16,100.0,3.5899939285746147,2845824.0,447481.0,0.3536081111700137,0.0012834098620803653
dab512bd-a02d-4c1f-8dbc-9155a163efc0,inf-f16,100.0,4.1553694610340255,2614019.0,447481.0,0.3536081111700137,0.0015212968040728843
dab512bd-a02d-4c1f-8dbc-9155a163efc0,inf-f16,100.0,4.809783999982975,2394114.0,447481.0,0.3536081111700137,0.0018201289255172803
dab512bd-a02d-4c1f-8dbc-9155a163efc0,inf-f16,100.0,5.567259985766836,2191778.0,447481.0,0.3536081111700137,0.0021888571058732084
dab512bd-a02d-4c1f-8dbc-9155a163efc0,inf-f16,100.0,6.444028203601297,2006021.0,447481.0,0.3536081111700137,0.002641370391722378
dab512bd-a02d-4c1f-8dbc-9155a163efc0,inf-f16,100.0,7.458875568048258,1835143.0,447481.0,0.3536081111700137,0.003198979377999299
dab512bd-a02d-4c1f-8dbc-9155a163efc0,inf-f16,100.0,8.633547678847101,1679784.0,447481.0,0.3536081111700137,0.0038815855627008476
dab512bd-a02d-4c1f-8dbc-9155a163efc0,inf-f16,100.0,9.993214773849669,1537550.0,447481.0,0.3536081111700137,0.004716521081616548
dab512bd-a02d-4c1f-8dbc-9155a163efc0,inf-f16,100.0,11.567011063246117,1408331.0,447481.0,0.3536081111700137,0.0057378970681958765
dab512bd-a02d-4c1f-8dbc-9155a163efc0,inf-f16,100.0,13.388659001643386,1290057.0,447481.0,0.3536081111700137,0.00698021848025769
dab512bd-a02d-4c1f-8dbc-9155a163efc0,inf-f16,100.0,15.497191874560272,1184776.0,447481.0,0.3536081111700137,0.008467221115739096
dab512bd-a02d-4c1f-8dbc-9155a163efc0,inf-f16,100.0,17.937790182531224,1086598.0,447481.0,0.3536081111700137,0.010280654599181838
dab512bd-a02d-4c1f-8dbc-9155a163efc0,inf-f16,100.0,20.762749744404477,1000841.0,447481.0,0.3536081111700137,0.01242649422633447
dab512bd-a02d-4c1f-8dbc-9155a163efc0,inf-f16,100.0,24.03260226382781,922855.0,447481.0,0.3536081111700137,0.014974504513019172
dab512bd-a02d-4c1f-8dbc-9155a163efc0,inf-f16,100.0,27.81741236981361,856885.0,447481.0,0.3536081111700137,0.01796223408793658
dab512bd-a02d-4c1f-8dbc-9155a163efc0,inf-f16,100.0,32.19827892366621,796755.0,447481.0,0.3536081111700137,0.02156665960627938
dab512bd-a02d-4c1f-8dbc-9155a163efc0,inf-f16,100.0,37.26907276146309,743095.0,447481.0,0.3536081111700137,0.02573964200060158
dab512bd-a02d-4c1f-8dbc-9155a163efc0,inf-f16,100.0,43.13844810749518,696917.0,447481.0,0.3536081111700137,0.03070226441480738
dab512bd-a02d-4c1f-8dbc-9155a163efc0,inf-f16,100.0,49.93217075814364,657122.0,447481.0,0.3536081111700137,0.03652088534308007
dab512bd-a02d-4c1f-8dbc-9155a163efc0,inf-f16,100.0,57.795812923256825,620862.0,447481.0,0.3536081111700137,0.0434380583178299
dab512bd-a02d-4c1f-8dbc-9155a163efc0,inf-f16,100.0,66.89787246862902,590077.0,447481.0,0.3536081111700137,0.05136108459122762
dab512bd-a02d-4c1f-8dbc-9155a163efc0,inf-f16,100.0,77.43338339701937,563419.0,447481.0,0.3536081111700137,0.06038487225232255
dab512bd-a02d-4c1f-8dbc-9155a163efc0,inf-f16,100.0,89.62809493114324,541111.0,447481.0,0.3536081111700137,0.07032180802869997
dab512bd-a02d-4c1f-8dbc-9155a163efc0,inf-f16,100.0,103.74330874576306,523079.0,447481.0,0.3536081111700137,0.08110911421358573
dab512bd-a02d-4c1f-8dbc-9155a163efc0,inf-f16,100.0,120.08147799846844,508240.0,447481.0,0.3536081111700137,0.09340020296785215
dab512bd-a02d-4c1f-8dbc-9155a163efc0,inf-f16,100.0,138.99268813214488,495300.0,447481.0,0.3536081111700137,0.1064514301350254
dab512bd-a02d-4c1f-8dbc-9155a163efc0,inf-f16,100.0,160.88215831625678,485111.0,447481.0,0.3536081111700137,0.12085232568797258
dab512bd-a02d-4c1f-8dbc-9155a163efc0,inf-f16,100.0,186.21892426376562,477187.0,447481.0,0.3536081111700137,0.13598522563799598
dab512bd-a02d-4c1f-8dbc-9155a163efc0,inf-f16,100.0,215.54588847438404,470753.0,447481.0,0.3536081111700137,0.1515416385489484
dab512bd-a02d-4c1f-8dbc-9155a163efc0,inf-f16,100.0,249.49145325533257,466390.0,447481.0,0.3536081111700137,0.16836945942087733
dab512bd-a02d-4c1f-8dbc-9155a163efc0,inf-f16,100.0,288.7829857856707,462318.0,447481.0,0.3536081111700137,0.18676079923273647
dab512bd-a02d-4c1f-8dbc-9155a163efc0,inf-f16,100.0,334.2624037463071,459757.0,447481.0,0.3536081111700137,0.20172581596062575
dab512bd-a02d-4c1f-8dbc-9155a163efc0,inf-f16,100.0,386.9042154761296,459056.0,447481.0,0.3536081111700137,0.20621580163294684
dab512bd-a02d-4c1f-8dbc-9155a163efc0,inf-f16,100.0,447.8364012089508,458774.0,447481.0,0.3536081111700137,0.20846134360658686
dab512bd-a02d-4c1f-8dbc-9155a163efc0,inf-f16,100.0,518.3645828231037,458509.0,447481.0,0.3536081111700137,0.21070154187358553
dab512bd-a02d-4c1f-8dbc-9155a163efc0,inf-f16,100.0,599.9999999999997,458432.0,447481.0,0.3536081111700137,0.21106338632813396
dc7e9403-19f7-409f-9240-05ee57cb7aea,inf-f16,100.0,2.0,6120155.0,654326.0,0.034939112495703,0.000139380371239654
dc7e9403-19f7-409f-9240-05ee57cb7aea,inf-f16,100.0,2.3149729741653853,5777613.0,654326.0,0.034939112495703,0.00015090759402367035
dc7e9403-19f7-409f-9240-05ee57cb7aea,inf-f16,100.0,2.6795499355580645,5412985.0,654326.0,0.034939112495703,0.00016712843660497356
dc7e9403-19f7-409f-9240-05ee57cb7aea,inf-f16,100.0,3.1015428418717597,5030840.0,654326.0,0.034939112495703,0.000189539510421629
dc7e9403-19f7-409f-9240-05ee57cb7aea,inf-f16,100.0,3.5899939285746147,4641470.0,654326.0,0.034939112495703,0.00021985065828504906
dc7e9403-19f7-409f-9240-05ee57cb7aea,inf-f16,100.0,4.1553694610340255,4259675.0,654326.0,0.034939112495703,0.0002593968557046409
dc7e9403-19f7-409f-9240-05ee57cb7aea,inf-f16,100.0,4.809783999982975,3889062.0,654326.0,0.034939112495703,0.000310585404852616
dc7e9403-19f7-409f-9240-05ee57cb7aea,inf-f16,100.0,5.567259985766836,3538774.0,654326.0,0.034939112495703,0.00037481162378506924
dc7e9403-19f7-409f-9240-05ee57cb7aea,inf-f16,100.0,6.444028203601297,3208286.0,654326.0,0.034939112495703,0.0004549666220556962
dc7e9403-19f7-409f-9240-05ee57cb7aea,inf-f16,100.0,7.458875568048258,2905950.0,654326.0,0.034939112495703,0.0005527652028387876
dc7e9403-19f7-409f-9240-05ee57cb7aea,inf-f16,100.0,8.633547678847101,2629737.0,654326.0,0.034939112495703,0.0006726483626469887
dc7e9403-19f7-409f-9240-05ee57cb7aea,inf-f16,100.0,9.993214773849669,2376250.0,654326.0,0.034939112495703,0.0008199247087200775
dc7e9403-19f7-409f-9240-05ee57cb7aea,inf-f16,100.0,11.567011063246117,2145023.0,654326.0,0.034939112495703,0.0009991093922055694
dc7e9403-19f7-409f-9240-05ee57cb7aea,inf-f16,100.0,13.388659001643386,1935720.0,654326.0,0.034939112495703,0.0012142821506496877
dc7e9403-19f7-409f-9240-05ee57cb7aea,inf-f16,100.0,15.497191874560272,1747893.0,654326.0,0.034939112495703,0.0014731536932705972
dc7e9403-19f7-409f-9240-05ee57cb7aea,inf-f16,100.0,17.937790182531224,1583513.0,654326.0,0.034939112495703,0.0017749355645784173
dc7e9403-19f7-409f-9240-05ee57cb7aea,inf-f16,100.0,20.762749744404477,1437745.0,654326.0,0.034939112495703,0.002136688286008865
dc7e9403-19f7-409f-9240-05ee57cb7aea,inf-f16,100.0,24.03260226382781,1308998.0,654326.0,0.034939112495703,0.002556551756376005
dc7e9403-19f7-409f-9240-05ee57cb7aea,inf-f16,100.0,27.81741236981361,1197793.0,654326.0,0.034939112495703,0.0030426224200604474
dc7e9403-19f7-409f-9240-05ee57cb7aea,inf-f16,100.0,32.19827892366621,1101916.0,654326.0,0.034939112495703,0.003602349289353097
dc7e9403-19f7-409f-9240-05ee57cb7aea,inf-f16,100.0,37.26907276146309,1020577.0,654326.0,0.034939112495703,0.004236633979018025
dc7e9403-19f7-409f-9240-05ee57cb7aea,inf-f16,100.0,43.13844810749518,952928.0,654326.0,0.034939112495703,0.004948418690718507
dc7e9403-19f7-409f-9240-05ee57cb7aea,inf-f16,100.0,49.93217075814364,897169.0,654326.0,0.034939112495703,0.00573653384115389
dc7e9403-19f7-409f-9240-05ee57cb7aea,inf-f16,100.0,57.795812923256825,849086.0,654326.0,0.034939112495703,0.006621867750678551
dc7e9403-19f7-409f-9240-05ee57cb7aea,inf-f16,100.0,66.89787246862902,811126.0,654326.0,0.034939112495703,0.007596615837512331
dc7e9403-19f7-409f-9240-05ee57cb7aea,inf-f16,100.0,77.43338339701937,781067.0,654326.0,0.034939112495703,0.008630506648848223
dc7e9403-19f7-409f-9240-05ee57cb7aea,inf-f16,100.0,89.62809493114324,755564.0,654326.0,0.034939112495703,0.009795304730810733
dc7e9403-19f7-409f-9240-05ee57cb7aea,inf-f16,100.0,103.74330874576306,733553.0,654326.0,0.034939112495703,0.011095648139079092
dc7e9403-19f7-409f-9240-05ee57cb7aea,inf-f16,100.0,120.08147799846844,716198.0,654326.0,0.034939112495703,0.012497846968092648
dc7e9403-19f7-409f-9240-05ee57cb7aea,inf-f16,100.0,138.99268813214488,700308.0,654326.0,0.034939112495703,0.014042888940354612
dc7e9403-19f7-409f-9240-05ee57cb7aea,inf-f16,100.0,160.88215831625678,689224.0,654326.0,0.034939112495703,0.015633117324141674
dc7e9403-19f7-409f-9240-05ee57cb7aea,inf-f16,100.0,186.21892426376562,680341.0,654326.0,0.034939112495703,0.01731354461941716
dc7e9403-19f7-409f-9240-05ee57cb7aea,inf-f16,100.0,215.54588847438404,673926.0,654326.0,0.034939112495703,0.019006538955381555
dc7e9403-19f7-409f-9240-05ee57cb7aea,inf-f16,100.0,249.49145325533257,669017.0,654326.0,0.034939112495703,0.02070449306716287
dc7e9403-19f7-409f-9240-05ee57cb7aea,inf-f16,100.0,288.7829857856707,666993.0,654326.0,0.034939112495703,0.0217597430721559
dc7e9403-19f7-409f-9240-05ee57cb7aea,inf-f16,100.0,334.2624037463071,666180.0,654326.0,0.034939112495703,0.02238640804235441
dc7e9403-19f7-409f-9240-05ee57cb7aea,inf-f16,100.0,386.9042154761296,665831.0,654326.0,0.034939112495703,0.022717787258023207
dc7e9403-19f7-409f-9240-05ee57cb7aea,inf-f16,100.0,447.8364012089508,665585.0,654326.0,0.034939112495703,0.02300696109225793
dc7e9403-19f7-409f-9240-05ee57cb7aea,inf-f16,100.0,518.3645828231037,665424.0,654326.0,0.034939112495703,0.023288193958465795
dc7e9403-19f7-409f-9240-05ee57cb7aea,inf-f16,100.0,599.9999999999997,665287.0,654326.0,0.034939112495703,0.023531478553472807
e8f9fba4-d151-4b00-bee7-447f0f3e752c,inf-f16,100.0,2.0,5515802.0,610952.0,0.03732115852789589,0.0003276685228383477
e8f9fba4-d151-4b00-bee7-447f0f3e752c,inf-f16,100.0,2.3149729741653853,5199640.0,610952.0,0.03732115852789589,0.00035229627853491837
e8f9fba4-d151-4b00-bee7-447f0f3e752c,inf-f16,100.0,2.6795499355580645,4863467.0,610952.0,0.03732115852789589,0.000387009865262187
e8f9fba4-d151-4b00-bee7-447f0f3e752c,inf-f16,100.0,3.1015428418717597,4519417.0,610952.0,0.03732115852789589,0.0004343749461318143
e8f9fba4-d151-4b00-bee7-447f0f3e752c,inf-f16,100.0,3.5899939285746147,4168612.0,610952.0,0.03732115852789589,0.0004983414800253762
e8f9fba4-d151-4b00-bee7-447f0f3e752c,inf-f16,100.0,4.1553694610340255,3818634.0,610952.0,0.03732115852789589,0.0005830997649202598
e8f9fba4-d151-4b00-bee7-447f0f3e752c,inf-f16,100.0,4.809783999982975,3481343.0,610952.0,0.03732115852789589,0.0006919162386198752
e8f9fba4-d151-4b00-bee7-447f0f3e752c,inf-f16,100.0,5.567259985766836,3161763.0,610952.0,0.03732115852789589,0.0008296232525553538
e8f9fba4-d151-4b00-bee7-447f0f3e752c,inf-f16,100.0,6.444028203601297,2856805.0,610952.0,0.03732115852789589,0.0010033650100765325
e8f9fba4-d151-4b00-bee7-447f0f3e752c,inf-f16,100.0,7.458875568048258,2572665.0,610952.0,0.03732115852789589,0.0012177882993107008
e8f9fba4-d151-4b00-bee7-447f0f3e752c,inf-f16,100.0,8.633547678847101,2311244.0,610952.0,0.03732115852789589,0.001481173627899505
e8f9fba4-d151-4b00-bee7-447f0f3e752c,inf-f16,100.0,9.993214773849669,2075135.0,610952.0,0.03732115852789589,0.0017974970038133144
e8f9fba4-d151-4b00-bee7-447f0f3e752c,inf-f16,100.0,11.567011063246117,1861914.0,610952.0,0.03732115852789589,0.0021742781350759773
e8f9fba4-d151-4b00-bee7-447f0f3e752c,inf-f16,100.0,13.388659001643386,1672116.0,610952.0,0.03732115852789589,0.002621161999688506
e8f9fba4-d151-4b00-bee7-447f0f3e752c,inf-f16,100.0,15.497191874560272,1508645.0,610952.0,0.03732115852789589,0.0031325067299098836
e8f9fba4-d151-4b00-bee7-447f0f3e752c,inf-f16,100.0,17.937790182531224,1365101.0,610952.0,0.03732115852789589,0.0037253826240607997
e8f9fba4-d151-4b00-bee7-447f0f3e752c,inf-f16,100.0,20.762749744404477,1241734.0,610952.0,0.03732115852789589,0.004412985919308329
e8f9fba4-d151-4b00-bee7-447f0f3e752c,inf-f16,100.0,24.03260226382781,1135361.0,610952.0,0.03732115852789589,0.0052044442956988264
e8f9fba4-d151-4b00-bee7-447f0f3e752c,inf-f16,100.0,27.81741236981361,1046497.0,610952.0,0.03732115852789589,0.006101968029653008
e8f9fba4-d151-4b00-bee7-447f0f3e752c,inf-f16,100.0,32.19827892366621,968496.0,610952.0,0.03732115852789589,0.007134066990171726
e8f9fba4-d151-4b00-bee7-447f0f3e752c,inf-f16,100.0,37.26907276146309,903899.0,610952.0,0.03732115852789589,0.008295863061510547
e8f9fba4-d151-4b00-bee7-447f0f3e752c,inf-f16,100.0,43.13844810749518,847575.0,610952.0,0.03732115852789589,0.009619275677376315
e8f9fba4-d151-4b00-bee7-447f0f3e752c,inf-f16,100.0,49.93217075814364,800913.0,610952.0,0.03732115852789589,0.011107146613550004
e8f9fba4-d151-4b00-bee7-447f0f3e752c,inf-f16,100.0,57.795812923256825,761405.0,610952.0,0.03732115852789589,0.012735897853878261
e8f9fba4-d151-4b00-bee7-447f0f3e752c,inf-f16,100.0,66.89787246862902,729226.0,610952.0,0.03732115852789589,0.014577981167796239
e8f9fba4-d151-4b00-bee7-447f0f3e752c,inf-f16,100.0,77.43338339701937,701714.0,610952.0,0.03732115852789589,0.016588052010492703
e8f9fba4-d151-4b00-bee7-447f0f3e752c,inf-f16,100.0,89.62809493114324,679255.0,610952.0,0.03732115852789589,0.01873469590464398
e8f9fba4-d151-4b00-bee7-447f0f3e752c,inf-f16,100.0,103.74330874576306,661214.0,610952.0,0.03732115852789589,0.02116439404987827
e8f9fba4-d151-4b00-bee7-447f0f3e752c,inf-f16,100.0,120.08147799846844,647389.0,610952.0,0.03732115852789589,0.023606846298811435
e8f9fba4-d151-4b00-bee7-447f0f3e752c,inf-f16,100.0,138.99268813214488,637468.0,610952.0,0.03732115852789589,0.025716814631795905
e8f9fba4-d151-4b00-bee7-447f0f3e752c,inf-f16,100.0,160.88215831625678,631330.0,610952.0,0.03732115852789589,0.027499102514298625
e8f9fba4-d151-4b00-bee7-447f0f3e752c,inf-f16,100.0,186.21892426376562,627571.0,610952.0,0.03732115852789589,0.028759337446811372
e8f9fba4-d151-4b00-bee7-447f0f3e752c,inf-f16,100.0,215.54588847438404,625459.0,610952.0,0.03732115852789589,0.029692335210933007
e8f9fba4-d151-4b00-bee7-447f0f3e752c,inf-f16,100.0,249.49145325533257,624010.0,610952.0,0.03732115852789589,0.03052821495374165
e8f9fba4-d151-4b00-bee7-447f0f3e752c,inf-f16,100.0,288.7829857856707,623092.0,610952.0,0.03732115852789589,0.03116821194382391
e8f9fba4-d151-4b00-bee7-447f0f3e752c,inf-f16,100.0,334.2624037463071,622467.0,610952.0,0.03732115852789589,0.03172106881748267
e8f9fba4-d151-4b00-bee7-447f0f3e752c,inf-f16,100.0,386.9042154761296,622185.0,610952.0,0.03732115852789589,0.03201524381859596
e8f9fba4-d151-4b00-bee7-447f0f3e752c,inf-f16,100.0,447.8364012089508,622055.0,610952.0,0.03732115852789589,0.03216136444473579
e8f9fba4-d151-4b00-bee7-447f0f3e752c,inf-f16,100.0,518.3645828231037,622004.0,610952.0,0.03732115852789589,0.032237559304606894
e8f9fba4-d151-4b00-bee7-447f0f3e752c,inf-f16,100.0,599.9999999999997,621974.0,610952.0,0.03732115852789589,0.03226163954236937
eebcaf65-7fa4-4118-869d-a084e84530e2,inf-f16,100.0,2.0,3855913.0,439650.0,0.12305946166862808,0.0008658027847558272
eebcaf65-7fa4-4118-869d-a084e84530e2,inf-f16,100.0,2.3149729741653853,3610474.0,439650.0,0.12305946166862808,0.0009268873685923708
eebcaf65-7fa4-4118-869d-a084e84530e2,inf-f16,100.0,2.6795499355580645,3350324.0,439650.0,0.12305946166862808,0.0010113164960046201
eebcaf65-7fa4-4118-869d-a084e84530e2,inf-f16,100.0,3.1015428418717597,3084197.0,439650.0,0.12305946166862808,0.001125851256623383
eebcaf65-7fa4-4118-869d-a084e84530e2,inf-f16,100.0,3.5899939285746147,2818281.0,439650.0,0.12305946166862808,0.0012756086184250277
eebcaf65-7fa4-4118-869d-a084e84530e2,inf-f16,100.0,4.1553694610340255,2559094.0,439650.0,0.12305946166862808,0.0014686446271138462
eebcaf65-7fa4-4118-869d-a084e84530e2,inf-f16,100.0,4.809783999982975,2312510.0,439650.0,0.12305946166862808,0.0017096126393154967
eebcaf65-7fa4-4118-869d-a084e84530e2,inf-f16,100.0,5.567259985766836,2081512.0,439650.0,0.12305946166862808,0.0020103181107159218
eebcaf65-7fa4-4118-869d-a084e84530e2,inf-f16,100.0,6.444028203601297,1868064.0,439650.0,0.12305946166862808,0.002374757098311977
eebcaf65-7fa4-4118-869d-a084e84530e2,inf-f16,100.0,7.458875568048258,1673617.0,439650.0,0.12305946166862808,0.0028136515690832644
eebcaf65-7fa4-4118-869d-a084e84530e2,inf-f16,100.0,8.633547678847101,1501658.0,439650.0,0.12305946166862808,0.003331796740715558
eebcaf65-7fa4-4118-869d-a084e84530e2,inf-f16,100.0,9.993214773849669,1349169.0,439650.0,0.12305946166862808,0.00393814506860836
eebcaf65-7fa4-4118-869d-a084e84530e2,inf-f16,100.0,11.567011063246117,1215788.0,439650.0,0.12305946166862808,0.004651013303974007
eebcaf65-7fa4-4118-869d-a084e84530e2,inf-f16,100.0,13.388659001643386,1100967.0,439650.0,0.12305946166862808,0.005465902809317908
eebcaf65-7fa4-4118-869d-a084e84530e2,inf-f16,100.0,15.497191874560272,999399.0,439650.0,0.12305946166862808,0.0064086133111853575
eebcaf65-7fa4-4118-869d-a084e84530e2,inf-f16,100.0,17.937790182531224,913970.0,439650.0,0.12305946166862808,0.0074971590845010596
eebcaf65-7fa4-4118-869d-a084e84530e2,inf-f16,100.0,20.762749744404477,839137.0,439650.0,0.12305946166862808,0.008738060432469604
eebcaf65-7fa4-4118-869d-a084e84530e2,inf-f16,100.0,24.03260226382781,774770.0,439650.0,0.12305946166862808,0.010148041112936594
eebcaf65-7fa4-4118-869d-a084e84530e2,inf-f16,100.0,27.81741236981361,721379.0,439650.0,0.12305946166862808,0.011736507435689892
eebcaf65-7fa4-4118-869d-a084e84530e2,inf-f16,100.0,32.19827892366621,676149.0,439650.0,0.12305946166862808,0.013541950437374349
eebcaf65-7fa4-4118-869d-a084e84530e2,inf-f16,100.0,37.26907276146309,637443.0,439650.0,0.12305946166862808,0.015584804859766327
eebcaf65-7fa4-4118-869d-a084e84530e2,inf-f16,100.0,43.13844810749518,605184.0,439650.0,0.12305946166862808,0.01792220277888855
eebcaf65-7fa4-4118-869d-a084e84530e2,inf-f16,100.0,49.93217075814364,576977.0,439650.0,0.12305946166862808,0.02057843330840287
eebcaf65-7fa4-4118-869d-a084e84530e2,inf-f16,100.0,57.795812923256825,552879.0,439650.0,0.12305946166862808,0.02370813571333195
eebcaf65-7fa4-4118-869d-a084e84530e2,inf-f16,100.0,66.89787246862902,532478.0,439650.0,0.12305946166862808,0.02713926802110195
eebcaf65-7fa4-4118-869d-a084e84530e2,inf-f16,100.0,77.43338339701937,515089.0,439650.0,0.12305946166862808,0.03100288421686081
eebcaf65-7fa4-4118-869d-a084e84530e2,inf-f16,100.0,89.62809493114324,501334.0,439650.0,0.12305946166862808,0.03533977288761106
eebcaf65-7fa4-4118-869d-a084e84530e2,inf-f16,100.0,103.74330874576306,488729.0,439650.0,0.12305946166862808,0.04010019202462071
eebcaf65-7fa4-4118-869d-a084e84530e2,inf-f16,100.0,120.08147799846844,479200.0,439650.0,0.12305946166862808,0.04530271653580843
eebcaf65-7fa4-4118-869d-a084e84530e2,inf-f16,100.0,138.99268813214488,470569.0,439650.0,0.12305946166862808,0.051241906687064166
eebcaf65-7fa4-4118-869d-a084e84530e2,inf-f16,100.0,160.88215831625678,463829.0,439650.0,0.12305946166862808,0.0572627697316652
eebcaf65-7fa4-4118-869d-a084e84530e2,inf-f16,100.0,186.21892426376562,459507.0,439650.0,0.12305946166862808,0.062757276374208
eebcaf65-7fa4-4118-869d-a084e84530e2,inf-f16,100.0,215.54588847438404,456095.0,439650.0,0.12305946166862808,0.06755666500696506
eebcaf65-7fa4-4118-869d-a084e84530e2,inf-f16,100.0,249.49145325533257,453992.0,439650.0,0.12305946166862808,0.07112366676496591
eebcaf65-7fa4-4118-869d-a084e84530e2,inf-f16,100.0,288.7829857856707,452617.0,439650.0,0.12305946166862808,0.07402702585355614
eebcaf65-7fa4-4118-869d-a084e84530e2,inf-f16,100.0,334.2624037463071,451858.0,439650.0,0.12305946166862808,0.0761389643049693
eebcaf65-7fa4-4118-869d-a084e84530e2,inf-f16,100.0,386.9042154761296,451268.0,439650.0,0.12305946166862808,0.07809921033116601
eebcaf65-7fa4-4118-869d-a084e84530e2,inf-f16,100.0,447.8364012089508,451001.0,439650.0,0.12305946166862808,0.07918422259761071
eebcaf65-7fa4-4118-869d-a084e84530e2,inf-f16,100.0,518.3645828231037,450795.0,439650.0,0.12305946166862808,0.08004319639400669
eebcaf65-7fa4-4118-869d-a084e84530e2,inf-f16,100.0,599.9999999999997,450710.0,439650.0,0.12305946166862808,0.08046401810209544
fe380793-8035-414e-b000-09bfe5ece92a,inf-f16,100.0,2.0,4956787.0,536580.0,0.18287343951025295,0.0004994661454545277
fe380793-8035-414e-b000-09bfe5ece92a,inf-f16,100.0,2.3149729741653853,4689951.0,536580.0,0.18287343951025295,0.0005431153092155214
fe380793-8035-414e-b000-09bfe5ece92a,inf-f16,100.0,2.6795499355580645,4411910.0,536580.0,0.18287343951025295,0.0006037045701920111
fe380793-8035-414e-b000-09bfe5ece92a,inf-f16,100.0,3.1015428418717597,4125281.0,536580.0,0.18287343951025295,0.000686143601717917
fe380793-8035-414e-b000-09bfe5ece92a,inf-f16,100.0,3.5899939285746147,3835400.0,536580.0,0.18287343951025295,0.0007963524574104951
fe380793-8035-414e-b000-09bfe5ece92a,inf-f16,100.0,4.1553694610340255,3547064.0,536580.0,0.18287343951025295,0.0009418227627780488
fe380793-8035-414e-b000-09bfe5ece92a,inf-f16,100.0,4.809783999982975,3265982.0,536580.0,0.18287343951025295,0.001131328279211031
fe380793-8035-414e-b000-09bfe5ece92a,inf-f16,100.0,5.567259985766836,2996619.0,536580.0,0.18287343951025295,0.0013736345040056544
fe380793-8035-414e-b000-09bfe5ece92a,inf-f16,100.0,6.444028203601297,2740303.0,536580.0,0.18287343951025295,0.0016839002536688426
fe380793-8035-414e-b000-09bfe5ece92a,inf-f16,100.0,7.458875568048258,2496462.0,536580.0,0.18287343951025295,0.0020750625949150533
fe380793-8035-414e-b000-09bfe5ece92a,inf-f16,100.0,8.633547678847101,2267927.0,536580.0,0.18287343951025295,0.0025642106895675636
fe380793-8035-414e-b000-09bfe5ece92a,inf-f16,100.0,9.993214773849669,2055355.0,536580.0,0.18287343951025295,0.003175856530497341
fe380793-8035-414e-b000-09bfe5ece92a,inf-f16,100.0,11.567011063246117,1859679.0,536580.0,0.18287343951025295,0.0039242103181480045
fe380793-8035-414e-b000-09bfe5ece92a,inf-f16,100.0,13.388659001643386,1682675.0,536580.0,0.18287343951025295,0.004825688589222434
fe380793-8035-414e-b000-09bfe5ece92a,inf-f16,100.0,15.497191874560272,1523069.0,536580.0,0.18287343951025295,0.005898608930914377
fe380793-8035-414e-b000-09bfe5ece92a,inf-f16,100.0,17.937790182531224,1382858.0,536580.0,0.18287343951025295,0.0071551870114184655
fe380793-8035-414e-b000-09bfe5ece92a,inf-f16,100.0,20.762749744404477,1262305.0,536580.0,0.18287343951025295,0.008598720101777594
fe380793-8035-414e-b000-09bfe5ece92a,inf-f16,100.0,24.03260226382781,1159412.0,536580.0,0.18287343951025295,0.010246659611774957
fe380793-8035-414e-b000-09bfe5ece92a,inf-f16,100.0,27.81741236981361,1071540.0,536580.0,0.18287343951025295,0.012133696651245668
fe380793-8035-414e-b000-09bfe5ece92a,inf-f16,100.0,32.19827892366621,994819.0,536580.0,0.18287343951025295,0.014313373879643265
fe380793-8035-414e-b000-09bfe5ece92a,inf-f16,100.0,37.26907276146309,928478.0,536580.0,0.18287343951025295,0.016852575158952998
fe380793-8035-414e-b000-09bfe5ece92a,inf-f16,100.0,43.13844810749518,872951.0,536580.0,0.18287343951025295,0.01982139787256083
fe380793-8035-414e-b000-09bfe5ece92a,inf-f16,100.0,49.93217075814364,823522.0,536580.0,0.18287343951025295,0.02339215714480616
fe380793-8035-414e-b000-09bfe5ece92a,inf-f16,100.0,57.795812923256825,779200.0,536580.0,0.18287343951025295,0.027585578505037327
fe380793-8035-414e-b000-09bfe5ece92a,inf-f16,100.0,66.89787246862902,739069.0,536580.0,0.18287343951025295,0.03256644405870778
fe380793-8035-414e-b000-09bfe5ece92a,inf-f16,100.0,77.43338339701937,703987.0,536580.0,0.18287343951025295,0.03855862257673242
fe380793-8035-414e-b000-09bfe5ece92a,inf-f16,100.0,89.62809493114324,671496.0,536580.0,0.18287343951025295,0.04568689000309101
fe380793-8035-414e-b000-09bfe5ece92a,inf-f16,100.0,103.74330874576306,644028.0,536580.0,0.18287343951025295,0.05392209753506913
fe380793-8035-414e-b000-09bfe5ece92a,inf-f16,100.0,120.08147799846844,620295.0,536580.0,0.18287343951025295,0.06317443985421757
fe380793-8035-414e-b000-09bfe5ece92a,inf-f16,100.0,138.99268813214488,599924.0,536580.0,0.18287343951025295,0.07338706089723585
fe380793-8035-414e-b000-09bfe5ece92a,inf-f16,100.0,160.88215831625678,583591.0,536580.0,0.18287343951025295,0.08466430591594573
fe380793-8035-414e-b000-09bfe5ece92a,inf-f16,100.0,186.21892426376562,571619.0,536580.0,0.18287343951025295,0.09602152194770763
fe380793-8035-414e-b000-09bfe5ece92a,inf-f16,100.0,215.54588847438404,562068.0,536580.0,0.18287343951025295,0.10747739803973183
fe380793-8035-414e-b000-09bfe5ece92a,inf-f16,100.0,249.49145325533257,555993.0,536580.0,0.18287343951025295,0.11767289286064439
fe380793-8035-414e-b000-09bfe5ece92a,inf-f16,100.0,288.7829857856707,553420.0,536580.0,0.18287343951025295,0.12307510903063451
fe380793-8035-414e-b000-09bfe5ece92a,inf-f16,100.0,334.2624037463071,551675.0,536580.0,0.18287343951025295,0.12800706411563786
fe380793-8035-414e-b000-09bfe5ece92a,inf-f16,100.0,386.9042154761296,550319.0,536580.0,0.18287343951025295,0.13283778834965013
fe380793-8035-414e-b000-09bfe5ece92a,inf-f16,100.0,447.8364012089508,549291.0,536580.0,0.18287343951025295,0.13773847194847064
fe380793-8035-414e-b000-09bfe5ece92a,inf-f16,100.0,518.3645828231037,548683.0,536580.0,0.18287343951025295,0.1413934925773985
fe380793-8035-414e-b000-09bfe5ece92a,inf-f16,100.0,599.9999999999997,548258.0,536580.0,0.18287343951025295,0.1450012660295295
1a276285-8b0e-4cc9-9f0a-a3a002978724,48,100.0,2.0,3874168.2026359146,67429.20263591433,0.2132329076357336,0.0005193435268879752
1a276285-8b0e-4cc9-9f0a-a3a002978724,48,100.0,2.3149729741653853,3667134.2026359146,67429.20263591433,0.2132329076357336,0.0005601662095175326
1a276285-8b0e-4cc9-9f0a-a3a002978724,48,100.0,2.6795499355580645,3446754.2026359146,67429.20263591433,0.2132329076357336,0.0006175857623340505
1a276285-8b0e-4cc9-9f0a-a3a002978724,48,100.0,3.1015428418717597,3216086.2026359146,67429.20263591433,0.2132329076357336,0.0006972703079106504
1a276285-8b0e-4cc9-9f0a-a3a002978724,48,100.0,3.5899939285746147,2980948.2026359146,67429.20263591433,0.2132329076357336,0.0008053507317578531
1a276285-8b0e-4cc9-9f0a-a3a002978724,48,100.0,4.1553694610340255,2744472.2026359146,67429.20263591433,0.2132329076357336,0.000949212615448132
1a276285-8b0e-4cc9-9f0a-a3a002978724,48,100.0,4.809783999982975,2509182.2026359146,67429.20263591433,0.2132329076357336,0.0011407681032004186
1a276285-8b0e-4cc9-9f0a-a3a002978724,48,100.0,5.567259985766836,2279822.2026359146,67429.20263591433,0.2132329076357336,0.00138904867546291
1a276285-8b0e-4cc9-9f0a-a3a002978724,48,100.0,6.444028203601297,2060064.2026359143,67429.20263591433,0.2132329076357336,0.0017087071298274865
1a276285-8b0e-4cc9-9f0a-a3a002978724,48,100.0,7.458875568048258,1845726.2026359143,67429.20263591433,0.2132329076357336,0.002123859513594598
1a276285-8b0e-4cc9-9f0a-a3a002978724,48,100.0,8.633547678847101,1641571.2026359143,67429.20263591433,0.2132329076357336,0.0026503012456934615
1a276285-8b0e-4cc9-9f0a-a3a002978724,48,100.0,9.993214773849669,1450085.2026359143,67429.20263591433,0.2132329076357336,0.0033088110896832943
1a276285-8b0e-4cc9-9f0a-a3a002978724,48,100.0,11.567011063246117,1271687.2026359143,67429.20263591433,0.2132329076357336,0.00412375587365941
1a276285-8b0e-4cc9-9f0a-a3a002978724,48,100.0,13.388659001643386,1109191.2026359143,67429.20263591433,0.2132329076357336,0.005114502797710281
1a276285-8b0e-4cc9-9f0a-a3a002978724,48,100.0,15.497191874560272,964361.2026359143,67429.20263591433,0.2132329076357336,0.0062748936563752
1a276285-8b0e-4cc9-9f0a-a3a002978724,48,100.0,17.937790182531224,835717.2026359143,67429.20263591433,0.2132329076357336,0.007642954636771637
1a276285-8b0e-4cc9-9f0a-a3a002978724,48,100.0,20.762749744404477,725960.2026359143,67429.20263591433,0.2132329076357336,0.009202913544841198
1a276285-8b0e-4cc9-9f0a-a3a002978724,48,100.0,24.03260226382781,631626.2026359143,67429.20263591433,0.2132329076357336,0.010974674129986435
1a276285-8b0e-4cc9-9f0a-a3a002978724,48,100.0,27.81741236981361,553607.2026359143,67429.20263591433,0.2132329076357336,0.012970588454892233
1a276285-8b0e-4cc9-9f0a-a3a002978724,48,100.0,32.19827892366621,484251.2026359143,67429.20263591433,0.2132329076357336,0.015269909657164089
1a276285-8b0e-4cc9-9f0a-a3a002978724,48,100.0,37.26907276146309,425050.2026359143,67429.20263591433,0.2132329076357336,0.017949660998435445
1a276285-8b0e-4cc9-9f0a-a3a002978724,48,100.0,43.13844810749518,375849.2026359143,67429.20263591433,0.2132329076357336,0.021051405027991014
1a276285-8b0e-4cc9-9f0a-a3a002978724,48,100.0,49.93217075814364,332675.2026359143,67429.20263591433,0.2132329076357336,0.02474521630517421
1a276285-8b0e-4cc9-9f0a-a3a002978724,48,100.0,57.795812923256825,293872.2026359143,67429.20263591433,0.2132329076357336,0.02917157541535674
1a276285-8b0e-4cc9-9f0a-a3a002978724,48,100.0,66.89787246862902,257157.20263591432,67429.20263591433,0.2132329076357336,0.03452081676893428
1a276285-8b0e-4cc9-9f0a-a3a002978724,48,100.0,77.43338339701937,226142.20263591432,67429.20263591433,0.2132329076357336,0.04097438348023039
1a276285-8b0e-4cc9-9f0a-a3a002978724,48,100.0,89.62809493114324,196871.20263591432,67429.20263591433,0.2132329076357336,0.04866636027273678
1a276285-8b0e-4cc9-9f0a-a3a002978724,48,100.0,103.74330874576306,172956.20263591432,67429.20263591433,0.2132329076357336,0.05765750720060363
1a276285-8b0e-4cc9-9f0a-a3a002978724,48,100.0,120.08147799846844,149917.20263591432,67429.20263591433,0.2132329076357336,0.06824896353529919
1a276285-8b0e-4cc9-9f0a-a3a002978724,48,100.0,138.99268813214488,130559.20263591433,67429.20263591433,0.2132329076357336,0.08002766888933034
1a276285-8b0e-4cc9-9f0a-a3a002978724,48,100.0,160.88215831625678,114003.20263591433,67429.20263591433,0.2132329076357336,0.0934146556919216
1a276285-8b0e-4cc9-9f0a-a3a002978724,48,100.0,186.21892426376562,101899.20263591433,67429.20263591433,0.2132329076357336,0.10756547757663075
1a276285-8b0e-4cc9-9f0a-a3a002978724,48,100.0,215.54588847438404,92102.20263591433,67429.20263591433,0.2132329076357336,0.12154278856815241
1a276285-8b0e-4cc9-9f0a-a3a002978724,48,100.0,249.49145325533257,85696.20263591433,67429.20263591433,0.2132329076357336,0.13489013958003604
1a276285-8b0e-4cc9-9f0a-a3a002978724,48,100.0,288.7829857856707,82870.20263591433,67429.20263591433,0.2132329076357336,0.142112544220922
1a276285-8b0e-4cc9-9f0a-a3a002978724,48,100.0,334.2624037463071,81232.20263591433,67429.20263591433,0.2132329076357336,0.14752843092650436
1a276285-8b0e-4cc9-9f0a-a3a002978724,48,100.0,386.9042154761296,80250.20263591433,67429.20263591433,0.2132329076357336,0.151735966721937
1a276285-8b0e-4cc9-9f0a-a3a002978724,48,100.0,447.8364012089508,79521.20263591433,67429.20263591433,0.2132329076357336,0.15574867089599365
1a276285-8b0e-4cc9-9f0a-a3a002978724,48,100.0,518.3645828231037,79018.20263591433,67429.20263591433,0.2132329076357336,0.1591745766973489
1a276285-8b0e-4cc9-9f0a-a3a002978724,48,100.0,599.9999999999997,78720.20263591433,67429.20263591433,0.2132329076357336,0.16211841504258903
1e104bf4-7a24-4624-a5b2-c2c8289c0de7,48,100.0,2.0,3747800.844720497,66120.8447204969,0.3815347500752587,0.0009390520929705029
1e104bf4-7a24-4624-a5b2-c2c8289c0de7,48,100.0,2.3149729741653853,3542338.844720497,66120.8447204969,0.3815347500752587,0.001022210846517214
1e104bf4-7a24-4624-a5b2-c2c8289c0de7,48,100.0,2.6795499355580645,3328722.844720497,66120.8447204969,0.3815347500752587,0.0011373544211877944
1e104bf4-7a24-4624-a5b2-c2c8289c0de7,48,100.0,3.1015428418717597,3108014.844720497,66120.8447204969,0.3815347500752587,0.0012963803513846024
1e104bf4-7a24-4624-a5b2-c2c8289c0de7,48,100.0,3.5899939285746147,2882521.844720497,66120.8447204969,0.3815347500752587,0.0015099348218038623
1e104bf4-7a24-4624-a5b2-c2c8289c0de7,48,100.0,4.1553694610340255,2660513.844720497,66120.8447204969,0.3815347500752587,0.0017927101718638965
1e104bf4-7a24-4624-a5b2-c2c8289c0de7,48,100.0,4.809783999982975,2443226.844720497,66120.8447204969,0.3815347500752587,0.0021621391976768757
1e104bf4-7a24-4624-a5b2-c2c8289c0de7,48,100.0,5.567259985766836,2229301.844720497,66120.8447204969,0.3815347500752587,0.002648211540358992
1e104bf4-7a24-4624-a5b2-c2c8289c0de7,48,100.0,6.444028203601297,2022327.8447204968,66120.8447204969,0.3815347500752587,0.0032670947198663557
1e104bf4-7a24-4624-a5b2-c2c8289c0de7,48,100.0,7.458875568048258,1823116.8447204968,66120.8447204969,0.3815347500752587,0.004063558503570191
1e104bf4-7a24-4624-a5b2-c2c8289c0de7,48,100.0,8.633547678847101,1633654.8447204968,66120.8447204969,0.3815347500752587,0.005079388156305416
1e104bf4-7a24-4624-a5b2-c2c8289c0de7,48,100.0,9.993214773849669,1455668.8447204968,66120.8447204969,0.3815347500752587,0.0063597837448050205
1e104bf4-7a24-4624-a5b2-c2c8289c0de7,48,100.0,11.567011063246117,1288215.8447204968,66120.8447204969,0.3815347500752587,0.007974442844971744
1e104bf4-7a24-4624-a5b2-c2c8289c0de7,48,100.0,13.388659001643386,1133291.8447204968,66120.8447204969,0.3815347500752587,0.009980413881185961
1e104bf4-7a24-4624-a5b2-c2c8289c0de7,48,100.0,15.497191874560272,988323.8447204969,66120.8447204969,0.3815347500752587,0.012486962404530124
1e104bf4-7a24-4624-a5b2-c2c8289c0de7,48,100.0,17.937790182531224,853037.8447204969,66120.8447204969,0.3815347500752587,0.015578930042976509
1e104bf4-7a24-4624-a5b2-c2c8289c0de7,48,100.0,20.762749744404477,730537.8447204969,66120.8447204969,0.3815347500752587,0.019321295002293317
1e104bf4-7a24-4624-a5b2-c2c8289c0de7,48,100.0,24.03260226382781,622824.8447204969,66120.8447204969,0.3815347500752587,0.023724464167075306
1e104bf4-7a24-4624-a5b2-c2c8289c0de7,48,100.0,27.81741236981361,525888.8447204969,66120.8447204969,0.3815347500752587,0.02890158389183223
1e104bf4-7a24-4624-a5b2-c2c8289c0de7,48,100.0,32.19827892366621,441046.8447204969,66120.8447204969,0.3815347500752587,0.034921580801750146
1e104bf4-7a24-4624-a5b2-c2c8289c0de7,48,100.0,37.26907276146309,367686.8447204969,66120.8447204969,0.3815347500752587,0.04176233444833259
1e104bf4-7a24-4624-a5b2-c2c8289c0de7,48,100.0,43.13844810749518,308825.8447204969,66120.8447204969,0.3815347500752587,0.049336600602821405
1e104bf4-7a24-4624-a5b2-c2c8289c0de7,48,100.0,49.93217075814364,259141.8447204969,66120.8447204969,0.3815347500752587,0.057715495746774204
1e104bf4-7a24-4624-a5b2-c2c8289c0de7,48,100.0,57.795812923256825,220459.8447204969,66120.8447204969,0.3815347500752587,0.06662304230895115
1e104bf4-7a24-4624-a5b2-c2c8289c0de7,48,100.0,66.89787246862902,189424.8447204969,66120.8447204969,0.3815347500752587,0.0760908620591074
1e104bf4-7a24-4624-a5b2-c2c8289c0de7,48,100.0,77.43338339701937,164512.8447204969,66120.8447204969,0.3815347500752587,0.08596248636513165
1e104bf4-7a24-4624-a5b2-c2c8289c0de7,48,100.0,89.62809493114324,144889.8447204969,66120.8447204969,0.3815347500752587,0.09647977577035916
1e104bf4-7a24-4624-a5b2-c2c8289c0de7,48,100.0,103.74330874576306,129623.8447204969,66120.8447204969,0.3815347500752587,0.10755724020612026
1e104bf4-7a24-4624-a5b2-c2c8289c0de7,48,100.0,120.08147799846844,117095.8447204969,66120.8447204969,0.3815347500752587,0.1193149853483459
1e104bf4-7a24-4624-a5b2-c2c8289c0de7,48,100.0,138.99268813214488,106770.8447204969,66120.8447204969,0.3815347500752587,0.13233999430029386
1e104bf4-7a24-4624-a5b2-c2c8289c0de7,48,100.0,160.88215831625678,97957.8447204969,66120.8447204969,0.3815347500752587,0.1468350882563312
1e104bf4-7a24-4624-a5b2-c2c8289c0de7,48,100.0,186.21892426376562,91726.8447204969,66120.8447204969,0.3815347500752587,0.16118954890368412
1e104bf4-7a24-4624-a5b2-c2c8289c0de7,48,100.0,215.54588847438404,86689.8447204969,66120.8447204969,0.3815347500752587,0.17808908541303967
1e104bf4-7a24-4624-a5b2-c2c8289c0de7,48,100.0,249.49145325533257,82201.8447204969,66120.8447204969,0.3815347500752587,0.1966639592506904
1e104bf4-7a24-4624-a5b2-c2c8289c0de7,48,100.0,288.7829857856707,78953.8447204969,66120.8447204969,0.3815347500752587,0.2148868607060089
1e104bf4-7a24-4624-a5b2-c2c8289c0de7,48,100.0,334.2624037463071,77728.8447204969,66120.8447204969,0.3815347500752587,0.22393753903271033
1e104bf4-7a24-4624-a5b2-c2c8289c0de7,48,100.0,386.9042154761296,77390.8447204969,66120.8447204969,0.3815347500752587,0.22630090642010628
1e104bf4-7a24-4624-a5b2-c2c8289c0de7,48,100.0,447.8364012089508,77190.8447204969,66120.8447204969,0.3815347500752587,0.2281615586603879
1e104bf4-7a24-4624-a5b2-c2c8289c0de7,48,100.0,518.3645828231037,77038.8447204969,66120.8447204969,0.3815347500752587,0.229484190862198
1e104bf4-7a24-4624-a5b2-c2c8289c0de7,48,100.0,599.9999999999997,76929.8447204969,66120.8447204969,0.3815347500752587,0.2305055285312487
6638cfb3-3831-4fc2-9327-194b76cf22e1,48,100.0,2.0,3232556.4,60158.4,1.0724413988312285,0.0029638911402272874
6638cfb3-3831-4fc2-9327-194b76cf22e1,48,100.0,2.3149729741653853,3035174.4,60158.4,1.0724413988312285,0.003228687739546657
6638cfb3-3831-4fc2-9327-194b76cf22e1,48,100.0,2.6795499355580645,2824739.4,60158.4,1.0724413988312285,0.0036004192574662485
6638cfb3-3831-4fc2-9327-194b76cf22e1,48,100.0,3.1015428418717597,2606554.4,60158.4,1.0724413988312285,0.004113267506309915
6638cfb3-3831-4fc2-9327-194b76cf22e1,48,100.0,3.5899939285746147,2384740.4,60158.4,1.0724413988312285,0.004805107872374515
6638cfb3-3831-4fc2-9327-194b76cf22e1,48,100.0,4.1553694610340255,2160978.4,60158.4,1.0724413988312285,0.005727764551497166
6638cfb3-3831-4fc2-9327-194b76cf22e1,48,100.0,4.809783999982975,1943349.4,60158.4,1.0724413988312285,0.006921728037795825
6638cfb3-3831-4fc2-9327-194b76cf22e1,48,100.0,5.567259985766836,1734396.4,60158.4,1.0724413988312285,0.008460850801788673
6638cfb3-3831-4fc2-9327-194b76cf22e1,48,100.0,6.444028203601297,1536182.4,60158.4,1.0724413988312285,0.01039548558335298
6638cfb3-3831-4fc2-9327-194b76cf22e1,48,100.0,7.458875568048258,1351918.4,60158.4,1.0724413988312285,0.012789566335536164
6638cfb3-3831-4fc2-9327-194b76cf22e1,48,100.0,8.633547678847101,1182774.4,60158.4,1.0724413988312285,0.01572030871730854
6638cfb3-3831-4fc2-9327-194b76cf22e1,48,100.0,9.993214773849669,1030075.4,60158.4,1.0724413988312285,0.01925223719433183
6638cfb3-3831-4fc2-9327-194b76cf22e1,48,100.0,11.567011063246117,894475.4,60158.4,1.0724413988312285,0.023453078118900683
6638cfb3-3831-4fc2-9327-194b76cf22e1,48,100.0,13.388659001643386,774547.4,60158.4,1.0724413988312285,0.028406739582555292
6638cfb3-3831-4fc2-9327-194b76cf22e1,48,100.0,15.497191874560272,666739.4,60158.4,1.0724413988312285,0.03429083857703973
6638cfb3-3831-4fc2-9327-194b76cf22e1,48,100.0,17.937790182531224,570520.4,60158.4,1.0724413988312285,0.04125291451593971
6638cfb3-3831-4fc2-9327-194b76cf22e1,48,100.0,20.762749744404477,488697.4,60158.4,1.0724413988312285,0.049354235402645295
6638cfb3-3831-4fc2-9327-194b76cf22e1,48,100.0,24.03260226382781,414883.4,60158.4,1.0724413988312285,0.05904174137238362
6638cfb3-3831-4fc2-9327-194b76cf22e1,48,100.0,27.81741236981361,352732.4,60158.4,1.0724413988312285,0.07006954896418499
6638cfb3-3831-4fc2-9327-194b76cf22e1,48,100.0,32.19827892366621,297108.4,60158.4,1.0724413988312285,0.08293407462040389
6638cfb3-3831-4fc2-9327-194b76cf22e1,48,100.0,37.26907276146309,248627.4,60158.4,1.0724413988312285,0.0975918252089555
6638cfb3-3831-4fc2-9327-194b76cf22e1,48,100.0,43.13844810749518,209729.4,60158.4,1.0724413988312285,0.11395089309839058
6638cfb3-3831-4fc2-9327-194b76cf22e1,48,100.0,49.93217075814364,178354.4,60158.4,1.0724413988312285,0.13184326910467797
6638cfb3-3831-4fc2-9327-194b76cf22e1,48,100.0,57.795812923256825,152689.4,60158.4,1.0724413988312285,0.1504686523779068
6638cfb3-3831-4fc2-9327-194b76cf22e1,48,100.0,66.89787246862902,131806.4,60158.4,1.0724413988312285,0.17006555960206637
6638cfb3-3831-4fc2-9327-194b76cf22e1,48,100.0,77.43338339701937,116580.4,60158.4,1.0724413988312285,0.1901339111464211
6638cfb3-3831-4fc2-9327-194b76cf22e1,48,100.0,89.62809493114324,105290.4,60158.4,1.0724413988312285,0.20858359003643026
6638cfb3-3831-4fc2-9327-194b76cf22e1,48,100.0,103.74330874576306,97882.4,60158.4,1.0724413988312285,0.227000313953724
6638cfb3-3831-4fc2-9327-194b76cf22e1,48,100.0,120.08147799846844,91524.4,60158.4,1.0724413988312285,0.2457188347985196
6638cfb3-3831-4fc2-9327-194b76cf22e1,48,100.0,138.99268813214488,86310.4,60158.4,1.0724413988312285,0.26616727761260395
6638cfb3-3831-4fc2-9327-194b76cf22e1,48,100.0,160.88215831625678,82247.4,60158.4,1.0724413988312285,0.28747227421399196
6638cfb3-3831-4fc2-9327-194b76cf22e1,48,100.0,186.21892426376562,79656.4,60158.4,1.0724413988312285,0.3116804842735545
6638cfb3-3831-4fc2-9327-194b76cf22e1,48,100.0,215.54588847438404,76976.4,60158.4,1.0724413988312285,0.3403278029396354
6638cfb3-3831-4fc2-9327-194b76cf22e1,48,100.0,249.49145325533257,74535.4,60158.4,1.0724413988312285,0.3740302438089607
6638cfb3-3831-4fc2-9327-194b76cf22e1,48,100.0,288.7829857856707,72438.4,60158.4,1.0724413988312285,0.41196653342454065
6638cfb3-3831-4fc2-9327-194b76cf22e1,48,100.0,334.2624037463071,71398.4,60158.4,1.0724413988312285,0.4354585602450107
6638cfb3-3831-4fc2-9327-194b76cf22e1,48,100.0,386.9042154761296,71019.4,60158.4,1.0724413988312285,0.4445311860278511
6638cfb3-3831-4fc2-9327-194b76cf22e1,48,100.0,447.8364012089508,70874.4,60158.4,1.0724413988312285,0.4473807019874664
6638cfb3-3831-4fc2-9327-194b76cf22e1,48,100.0,518.3645828231037,70820.4,60158.4,1.0724413988312285,0.44808682754980206
6638cfb3-3831-4fc2-9327-194b76cf22e1,48,100.0,599.9999999999997,70796.4,60158.4,1.0724413988312285,0.4480868247306076
749cb2b7-e57e-4453-a794-f6230e4d0226,48,100.0,2.0,3715591.848617176,68436.84861717613,0.07777137462104397,0.00016571326786367986
749cb2b7-e57e-4453-a794-f6230e4d0226,48,100.0,2.3149729741653853,3483923.848617176,68436.84861717613,0.07777137462104397,0.00017894695075197647
749cb2b7-e57e-4453-a794-f6230e4d0226,48,100.0,2.6795499355580645,3239089.848617176,68436.84861717613,0.07777137462104397,0.00019734650748503633
749cb2b7-e57e-4453-a794-f6230e4d0226,48,100.0,3.1015428418717597,2993991.848617176,68436.84861717613,0.07777137462104397,0.00022203348632329658
749cb2b7-e57e-4453-a794-f6230e4d0226,48,100.0,3.5899939285746147,2748077.848617176,68436.84861717613,0.07777137462104397,0.0002548874969515518
749cb2b7-e57e-4453-a794-f6230e4d0226,48,100.0,4.1553694610340255,2507910.848617176,68436.84861717613,0.07777137462104397,0.00029732365495221274
749cb2b7-e57e-4453-a794-f6230e4d0226,48,100.0,4.809783999982975,2278481.848617176,68436.84861717613,0.07777137462104397,0.000351330006639293
749cb2b7-e57e-4453-a794-f6230e4d0226,48,100.0,5.567259985766836,2059575.848617176,68436.84861717613,0.07777137462104397,0.00041964572866166737
749cb2b7-e57e-4453-a794-f6230e4d0226,48,100.0,6.444028203601297,1855282.848617176,68436.84861717613,0.07777137462104397,0.0005046720790639417
749cb2b7-e57e-4453-a794-f6230e4d0226,48,100.0,7.458875568048258,1667709.848617176,68436.84861717613,0.07777137462104397,0.0006089435187095961
749cb2b7-e57e-4453-a794-f6230e4d0226,48,100.0,8.633547678847101,1492701.848617176,68436.84861717613,0.07777137462104397,0.0007381961027081652
749cb2b7-e57e-4453-a794-f6230e4d0226,48,100.0,9.993214773849669,1331805.848617176,68436.84861717613,0.07777137462104397,0.000897728255825623
749cb2b7-e57e-4453-a794-f6230e4d0226,48,100.0,11.567011063246117,1185045.848617176,68436.84861717613,0.07777137462104397,0.0010921043098525362
749cb2b7-e57e-4453-a794-f6230e4d0226,48,100.0,13.388659001643386,1053817.848617176,68436.84861717613,0.07777137462104397,0.0013291560640281174
749cb2b7-e57e-4453-a794-f6230e4d0226,48,100.0,15.497191874560272,934204.8486171762,68436.84861717613,0.07777137462104397,0.0016184344515179914
749cb2b7-e57e-4453-a794-f6230e4d0226,48,100.0,17.937790182531224,827003.8486171762,68436.84861717613,0.07777137462104397,0.0019660196804247893
749cb2b7-e57e-4453-a794-f6230e4d0226,48,100.0,20.762749744404477,726611.8486171762,68436.84861717613,0.07777137462104397,0.002394824201739636
749cb2b7-e57e-4453-a794-f6230e4d0226,48,100.0,24.03260226382781,637794.8486171762,68436.84861717613,0.07777137462104397,0.002904661427668445
749cb2b7-e57e-4453-a794-f6230e4d0226,48,100.0,27.81741236981361,558226.8486171762,68436.84861717613,0.07777137462104397,0.0035177051151290867
749cb2b7-e57e-4453-a794-f6230e4d0226,48,100.0,32.19827892366621,486228.8486171761,68436.84861717613,0.07777137462104397,0.00424396855824591
749cb2b7-e57e-4453-a794-f6230e4d0226,48,100.0,37.26907276146309,423611.8486171761,68436.84861717613,0.07777137462104397,0.005080627603336863
749cb2b7-e57e-4453-a794-f6230e4d0226,48,100.0,43.13844810749518,367261.8486171761,68436.84861717613,0.07777137462104397,0.006074856105662618
749cb2b7-e57e-4453-a794-f6230e4d0226,48,100.0,49.93217075814364,319838.8486171761,68436.84861717613,0.07777137462104397,0.007216866196117068
749cb2b7-e57e-4453-a794-f6230e4d0226,48,100.0,57.795812923256825,279311.8486171761,68436.84861717613,0.07777137462104397,0.008570783064606272
749cb2b7-e57e-4453-a794-f6230e4d0226,48,100.0,66.89787246862902,245215.84861717612,68436.84861717613,0.07777137462104397,0.010105818424510861
749cb2b7-e57e-4453-a794-f6230e4d0226,48,100.0,77.43338339701937,214395.84861717612,68436.84861717613,0.07777137462104397,0.01188533882363666
749cb2b7-e57e-4453-a794-f6230e4d0226,48,100.0,89.62809493114324,189190.84861717612,68436.84861717613,0.07777137462104397,0.013891098930882004
749cb2b7-e57e-4453-a794-f6230e4d0226,48,100.0,103.74330874576306,166944.84861717612,68436.84861717613,0.07777137462104397,0.016222944788764255
749cb2b7-e57e-4453-a794-f6230e4d0226,48,100.0,120.08147799846844,147865.84861717612,68436.84861717613,0.07777137462104397,0.018828956259772184
749cb2b7-e57e-4453-a794-f6230e4d0226,48,100.0,138.99268813214488,132236.84861717612,68436.84861717613,0.07777137462104397,0.021744628746948533
749cb2b7-e57e-4453-a794-f6230e4d0226,48,100.0,160.88215831625678,118764.84861717613,68436.84861717613,0.07777137462104397,0.02493164185481565
749cb2b7-e57e-4453-a794-f6230e4d0226,48,100.0,186.21892426376562,107776.84861717613,68436.84861717613,0.07777137462104397,0.028480056583681485
749cb2b7-e57e-4453-a794-f6230e4d0226,48,100.0,215.54588847438404,98921.84861717613,68436.84861717613,0.07777137462104397,0.03237000528307673
749cb2b7-e57e-4453-a794-f6230e4d0226,48,100.0,249.49145325533257,91498.84861717613,68436.84861717613,0.07777137462104397,0.03645171244732912
749cb2b7-e57e-4453-a794-f6230e4d0226,48,100.0,288.7829857856707,86361.84861717613,68436.84861717613,0.07777137462104397,0.04088282023311582
749cb2b7-e57e-4453-a794-f6230e4d0226,48,100.0,334.2624037463071,82355.84861717613,68436.84861717613,0.07777137462104397,0.04492699283654121
749cb2b7-e57e-4453-a794-f6230e4d0226,48,100.0,386.9042154761296,80886.84861717613,68436.84861717613,0.07777137462104397,0.046746083577338934
749cb2b7-e57e-4453-a794-f6230e4d0226,48,100.0,447.8364012089508,80267.84861717613,68436.84861717613,0.07777137462104397,0.04775496046475231
749cb2b7-e57e-4453-a794-f6230e4d0226,48,100.0,518.3645828231037,79901.84861717613,68436.84861717613,0.07777137462104397,0.04851971332276293
749cb2b7-e57e-4453-a794-f6230e4d0226,48,100.0,599.9999999999997,79624.84861717613,68436.84861717613,0.07777137462104397,0.04917822825402513
d7ec0892-0a6c-4f4f-9d8f-72083692af5c,48,100.0,2.0,5602441.139329806,94576.139329806,0.021733636411931396,0.00014751533446888661
d7ec0892-0a6c-4f4f-9d8f-72083692af5c,48,100.0,2.3149729741653853,5300329.139329806,94576.139329806,0.021733636411931396,0.00015796458409554192
d7ec0892-0a6c-4f4f-9d8f-72083692af5c,48,100.0,2.6795499355580645,4970530.139329806,94576.139329806,0.021733636411931396,0.00017299611778190372
d7ec0892-0a6c-4f4f-9d8f-72083692af5c,48,100.0,3.1015428418717597,4626860.139329806,94576.139329806,0.021733636411931396,0.00019395212364274484
d7ec0892-0a6c-4f4f-9d8f-72083692af5c,48,100.0,3.5899939285746147,4269007.139329806,94576.139329806,0.021733636411931396,0.00022270574779886885
d7ec0892-0a6c-4f4f-9d8f-72083692af5c,48,100.0,4.1553694610340255,3910809.139329806,94576.139329806,0.021733636411931396,0.00026122045433955827
d7ec0892-0a6c-4f4f-9d8f-72083692af5c,48,100.0,4.809783999982975,3555861.139329806,94576.139329806,0.021733636411931396,0.0003120708941974134
d7ec0892-0a6c-4f4f-9d8f-72083692af5c,48,100.0,5.567259985766836,3206425.139329806,94576.139329806,0.021733636411931396,0.0003785380244539661
d7ec0892-0a6c-4f4f-9d8f-72083692af5c,48,100.0,6.444028203601297,2867781.139329806,94576.139329806,0.021733636411931396,0.000464410702326248
d7ec0892-0a6c-4f4f-9d8f-72083692af5c,48,100.0,7.458875568048258,2544453.139329806,94576.139329806,0.021733636411931396,0.0005740233429318294
d7ec0892-0a6c-4f4f-9d8f-72083692af5c,48,100.0,8.633547678847101,2235625.139329806,94576.139329806,0.021733636411931396,0.0007123219754731437
d7ec0892-0a6c-4f4f-9d8f-72083692af5c,48,100.0,9.993214773849669,1947468.139329806,94576.139329806,0.021733636411931396,0.0008853062587949749
d7ec0892-0a6c-4f4f-9d8f-72083692af5c,48,100.0,11.567011063246117,1680768.139329806,94576.139329806,0.021733636411931396,0.0010978931504040253
d7ec0892-0a6c-4f4f-9d8f-72083692af5c,48,100.0,13.388659001643386,1435436.139329806,94576.139329806,0.021733636411931396,0.0013583527740945124
d7ec0892-0a6c-4f4f-9d8f-72083692af5c,48,100.0,15.497191874560272,1215631.139329806,94576.139329806,0.021733636411931396,0.001666914307412678
d7ec0892-0a6c-4f4f-9d8f-72083692af5c,48,100.0,17.937790182531224,1020426.139329806,94576.139329806,0.021733636411931396,0.0020346226313048025
d7ec0892-0a6c-4f4f-9d8f-72083692af5c,48,100.0,20.762749744404477,847676.139329806,94576.139329806,0.021733636411931396,0.0024595491816366832
d7ec0892-0a6c-4f4f-9d8f-72083692af5c,48,100.0,24.03260226382781,701882.139329806,94576.139329806,0.021733636411931396,0.0029445204075540287
d7ec0892-0a6c-4f4f-9d8f-72083692af5c,48,100.0,27.81741236981361,577709.139329806,94576.139329806,0.021733636411931396,0.0034859518655480787
d7ec0892-0a6c-4f4f-9d8f-72083692af5c,48,100.0,32.19827892366621,474424.13932980597,94576.139329806,0.021733636411931396,0.004083958089098425
d7ec0892-0a6c-4f4f-9d8f-72083692af5c,48,100.0,37.26907276146309,392141.13932980597,94576.139329806,0.021733636411931396,0.004721500463612433
d7ec0892-0a6c-4f4f-9d8f-72083692af5c,48,100.0,43.13844810749518,327505.13932980597,94576.139329806,0.021733636411931396,0.005390559973698158
d7ec0892-0a6c-4f4f-9d8f-72083692af5c,48,100.0,49.93217075814364,275528.13932980597,94576.139329806,0.021733636411931396,0.006099533250719048
d7ec0892-0a6c-4f4f-9d8f-72083692af5c,48,100.0,57.795812923256825,234999.139329806,94576.139329806,0.021733636411931396,0.0068401470704001315
d7ec0892-0a6c-4f4f-9d8f-72083692af5c,48,100.0,66.89787246862902,203429.139329806,94576.139329806,0.021733636411931396,0.007623545722909937
d7ec0892-0a6c-4f4f-9d8f-72083692af5c,48,100.0,77.43338339701937,178866.139329806,94576.139329806,0.021733636411931396,0.008420375819441654
d7ec0892-0a6c-4f4f-9d8f-72083692af5c,48,100.0,89.62809493114324,159694.139329806,94576.139329806,0.021733636411931396,0.009254526117897626
d7ec0892-0a6c-4f4f-9d8f-72083692af5c,48,100.0,103.74330874576306,143633.139329806,94576.139329806,0.021733636411931396,0.010138180691429511
d7ec0892-0a6c-4f4f-9d8f-72083692af5c,48,100.0,120.08147799846844,132164.139329806,94576.139329806,0.021733636411931396,0.011010849214540394
d7ec0892-0a6c-4f4f-9d8f-72083692af5c,48,100.0,138.99268813214488,123560.139329806,94576.139329806,0.021733636411931396,0.01184795170731766
d7ec0892-0a6c-4f4f-9d8f-72083692af5c,48,100.0,160.88215831625678,117649.139329806,94576.139329806,0.021733636411931396,0.012670588941107426
d7ec0892-0a6c-4f4f-9d8f-72083692af5c,48,100.0,186.21892426376562,113009.139329806,94576.139329806,0.021733636411931396,0.013472604490527078
d7ec0892-0a6c-4f4f-9d8f-72083692af5c,48,100.0,215.54588847438404,109940.139329806,94576.139329806,0.021733636411931396,0.01417420393512245
d7ec0892-0a6c-4f4f-9d8f-72083692af5c,48,100.0,249.49145325533257,108159.139329806,94576.139329806,0.021733636411931396,0.014696546383028386
d7ec0892-0a6c-4f4f-9d8f-72083692af5c,48,100.0,288.7829857856707,107166.139329806,94576.139329806,0.021733636411931396,0.015066453999576507
d7ec0892-0a6c-4f4f-9d8f-72083692af5c,48,100.0,334.2624037463071,106473.139329806,94576.139329806,0.021733636411931396,0.015371374946201543
d7ec0892-0a6c-4f4f-9d8f-72083692af5c,48,100.0,386.9042154761296,106135.139329806,94576.139329806,0.021733636411931396,0.015566428837004249
d7ec0892-0a6c-4f4f-9d8f-72083692af5c,48,100.0,447.8364012089508,105953.139329806,94576.139329806,0.021733636411931396,0.015677891703422
d7ec0892-0a6c-4f4f-9d8f-72083692af5c,48,100.0,518.3645828231037,105858.139329806,94576.139329806,0.021733636411931396,0.01575417180685653
d7ec0892-0a6c-4f4f-9d8f-72083692af5c,48,100.0,599.9999999999997,105819.139329806,94576.139329806,0.021733636411931396,0.01579517466605254
da8dfec1-d265-44e8-84ce-6ae9c109b8bd,48,100.0,2.0,5224315.104761905,93492.10476190476,0.010072155320928967,0.00010276365590817965
da8dfec1-d265-44e8-84ce-6ae9c109b8bd,48,100.0,2.3149729741653853,4888866.104761905,93492.10476190476,0.010072155320928967,0.00010986956463000811
da8dfec1-d265-44e8-84ce-6ae9c109b8bd,48,100.0,2.6795499355580645,4528606.104761905,93492.10476190476,0.010072155320928967,0.00011989404309880694
da8dfec1-d265-44e8-84ce-6ae9c109b8bd,48,100.0,3.1015428418717597,4152622.1047619046,93492.10476190476,0.010072155320928967,0.0001338291186485981
da8dfec1-d265-44e8-84ce-6ae9c109b8bd,48,100.0,3.5899939285746147,3767500.1047619046,93492.10476190476,0.010072155320928967,0.0001527216713837847
da8dfec1-d265-44e8-84ce-6ae9c109b8bd,48,100.0,4.1553694610340255,3389414.1047619046,93492.10476190476,0.010072155320928967,0.00017765331591260123
da8dfec1-d265-44e8-84ce-6ae9c109b8bd,48,100.0,4.809783999982975,3018302.1047619046,93492.10476190476,0.010072155320928967,0.00021002324653289432
da8dfec1-d265-44e8-84ce-6ae9c109b8bd,48,100.0,5.567259985766836,2663200.1047619046,93492.10476190476,0.010072155320928967,0.00025102630081358856
da8dfec1-d265-44e8-84ce-6ae9c109b8bd,48,100.0,6.444028203601297,2331265.1047619046,93492.10476190476,0.010072155320928967,0.00030238394358802345
da8dfec1-d265-44e8-84ce-6ae9c109b8bd,48,100.0,7.458875568048258,2026243.1047619048,93492.10476190476,0.010072155320928967,0.00036516551057219057
da8dfec1-d265-44e8-84ce-6ae9c109b8bd,48,100.0,8.633547678847101,1748113.1047619048,93492.10476190476,0.010072155320928967,0.00044164380787764263
da8dfec1-d265-44e8-84ce-6ae9c109b8bd,48,100.0,9.993214773849669,1493976.1047619048,93492.10476190476,0.010072155320928967,0.000533996079704553
da8dfec1-d265-44e8-84ce-6ae9c109b8bd,48,100.0,11.567011063246117,1267183.1047619048,93492.10476190476,0.010072155320928967,0.000643578399974513
da8dfec1-d265-44e8-84ce-6ae9c109b8bd,48,100.0,13.388659001643386,1067240.1047619048,93492.10476190476,0.010072155320928967,0.0007715402304909484
da8dfec1-d265-44e8-84ce-6ae9c109b8bd,48,100.0,15.497191874560272,896944.1047619048,93492.10476190476,0.010072155320928967,0.0009202792959361881
da8dfec1-d265-44e8-84ce-6ae9c109b8bd,48,100.0,17.937790182531224,751333.1047619048,93492.10476190476,0.010072155320928967,0.0010884620581865928
da8dfec1-d265-44e8-84ce-6ae9c109b8bd,48,100.0,20.762749744404477,625984.1047619048,93492.10476190476,0.010072155320928967,0.00127888270448792
da8dfec1-d265-44e8-84ce-6ae9c109b8bd,48,100.0,24.03260226382781,521800.10476190475,93492.10476190476,0.010072155320928967,0.0014895409041984387
da8dfec1-d265-44e8-84ce-6ae9c109b8bd,48,100.0,27.81741236981361,437814.10476190475,93492.10476190476,0.010072155320928967,0.0017215069128168274
da8dfec1-d265-44e8-84ce-6ae9c109b8bd,48,100.0,32.19827892366621,368707.10476190475,93492.10476190476,0.010072155320928967,0.001976129478483359
da8dfec1-d265-44e8-84ce-6ae9c109b8bd,48,100.0,37.26907276146309,314235.10476190475,93492.10476190476,0.010072155320928967,0.0022458709009049124
da8dfec1-d265-44e8-84ce-6ae9c109b8bd,48,100.0,43.13844810749518,267063.10476190475,93492.10476190476,0.010072155320928967,0.0025513124159207553
da8dfec1-d265-44e8-84ce-6ae9c109b8bd,48,100.0,49.93217075814364,229125.10476190475,93492.10476190476,0.010072155320928967,0.0028765101319042563
da8dfec1-d265-44e8-84ce-6ae9c109b8bd,48,100.0,57.795812923256825,199807.10476190475,93492.10476190476,0.010072155320928967,0.0032250063155341378
da8dfec1-d265-44e8-84ce-6ae9c109b8bd,48,100.0,66.89787246862902,176481.10476190475,93492.10476190476,0.010072155320928967,0.0035882533289257525
da8dfec1-d265-44e8-84ce-6ae9c109b8bd,48,100.0,77.43338339701937,157314.10476190475,93492.10476190476,0.010072155320928967,0.003985629991729233
da8dfec1-d265-44e8-84ce-6ae9c109b8bd,48,100.0,89.62809493114324,142757.10476190475,93492.10476190476,0.010072155320928967,0.00437168269614778
da8dfec1-d265-44e8-84ce-6ae9c109b8bd,48,100.0,103.74330874576306,131774.10476190475,93492.10476190476,0.010072155320928967,0.0047821618454212105
da8dfec1-d265-44e8-84ce-6ae9c109b8bd,48,100.0,120.08147799846844,122765.10476190476,93492.10476190476,0.010072155320928967,0.005221507835646896
da8dfec1-d265-44e8-84ce-6ae9c109b8bd,48,100.0,138.99268813214488,116131.10476190476,93492.10476190476,0.010072155320928967,0.005667316220385643
da8dfec1-d265-44e8-84ce-6ae9c109b8bd,48,100.0,160.88215831625678,110973.10476190476,93492.10476190476,0.010072155320928967,0.006134850254849109
da8dfec1-d265-44e8-84ce-6ae9c109b8bd,48,100.0,186.21892426376562,107493.10476190476,93492.10476190476,0.010072155320928967,0.006531213816448527
da8dfec1-d265-44e8-84ce-6ae9c109b8bd,48,100.0,215.54588847438404,105845.10476190476,93492.10476190476,0.010072155320928967,0.006763037299662088
da8dfec1-d265-44e8-84ce-6ae9c109b8bd,48,100.0,249.49145325533257,105073.10476190476,93492.10476190476,0.010072155320928967,0.006896843540112882
da8dfec1-d265-44e8-84ce-6ae9c109b8bd,48,100.0,288.7829857856707,104682.10476190476,93492.10476190476,0.010072155320928967,0.006973898677113058
da8dfec1-d265-44e8-84ce-6ae9c109b8bd,48,100.0,334.2624037463071,104439.10476190476,93492.10476190476,0.010072155320928967,0.0070276355422374
da8dfec1-d265-44e8-84ce-6ae9c109b8bd,48,100.0,386.9042154761296,104346.10476190476,93492.10476190476,0.010072155320928967,0.007046205586440317
da8dfec1-d265-44e8-84ce-6ae9c109b8bd,48,100.0,447.8364012089508,104345.10476190476,93492.10476190476,0.010072155320928967,0.007046205607777109
da8dfec1-d265-44e8-84ce-6ae9c109b8bd,48,100.0,518.3645828231037,104314.10476190476,93492.10476190476,0.010072155320928967,0.007050346573664752
da8dfec1-d265-44e8-84ce-6ae9c109b8bd,48,100.0,599.9999999999997,104314.10476190476,93492.10476190476,0.010072155320928967,0.007050346573664752
dab512bd-a02d-4c1f-8dbc-9155a163efc0,48,100.0,2.0,3444159.125,70280.125,0.3536081111700137,0.0007637021010150161
dab512bd-a02d-4c1f-8dbc-9155a163efc0,48,100.0,2.3149729741653853,3202352.125,70280.125,0.3536081111700137,0.0008441883490610887
dab512bd-a02d-4c1f-8dbc-9155a163efc0,48,100.0,2.6795499355580645,2956635.125,70280.125,0.3536081111700137,0.0009525621409588713
dab512bd-a02d-4c1f-8dbc-9155a163efc0,48,100.0,3.1015428418717597,2710193.125,70280.125,0.3536081111700137,0.0010977248052885789
dab512bd-a02d-4c1f-8dbc-9155a163efc0,48,100.0,3.5899939285746147,2468694.125,70280.125,0.3536081111700137,0.0012842144974307206
dab512bd-a02d-4c1f-8dbc-9155a163efc0,48,100.0,4.1553694610340255,2236795.125,70280.125,0.3536081111700137,0.0015223001551940708
dab512bd-a02d-4c1f-8dbc-9155a163efc0,48,100.0,4.809783999982975,2017005.125,70280.125,0.3536081111700137,0.0018208086513196442
dab512bd-a02d-4c1f-8dbc-9155a163efc0,48,100.0,5.567259985766836,1814563.125,70280.125,0.3536081111700137,0.002189614861696113
dab512bd-a02d-4c1f-8dbc-9155a163efc0,48,100.0,6.444028203601297,1628739.125,70280.125,0.3536081111700137,0.0026421024872996532
dab512bd-a02d-4c1f-8dbc-9155a163efc0,48,100.0,7.458875568048258,1457853.125,70280.125,0.3536081111700137,0.00319978086229022
dab512bd-a02d-4c1f-8dbc-9155a163efc0,48,100.0,8.633547678847101,1302654.125,70280.125,0.3536081111700137,0.0038822902759609343
dab512bd-a02d-4c1f-8dbc-9155a163efc0,48,100.0,9.993214773849669,1160301.125,70280.125,0.3536081111700137,0.0047171640461466146
dab512bd-a02d-4c1f-8dbc-9155a163efc0,48,100.0,11.567011063246117,1030933.125,70280.125,0.3536081111700137,0.005738659598904995
dab512bd-a02d-4c1f-8dbc-9155a163efc0,48,100.0,13.388659001643386,912686.125,70280.125,0.3536081111700137,0.00698098830823918
dab512bd-a02d-4c1f-8dbc-9155a163efc0,48,100.0,15.497191874560272,807581.125,70280.125,0.3536081111700137,0.008467934291554215
dab512bd-a02d-4c1f-8dbc-9155a163efc0,48,100.0,17.937790182531224,709403.125,70280.125,0.3536081111700137,0.010281307710167218
dab512bd-a02d-4c1f-8dbc-9155a163efc0,48,100.0,20.762749744404477,623641.125,70280.125,0.3536081111700137,0.01242717536064291
dab512bd-a02d-4c1f-8dbc-9155a163efc0,48,100.0,24.03260226382781,545608.125,70280.125,0.3536081111700137,0.014975254765260767
dab512bd-a02d-4c1f-8dbc-9155a163efc0,48,100.0,27.81741236981361,479637.125,70280.125,0.3536081111700137,0.01796257311456948
dab512bd-a02d-4c1f-8dbc-9155a163efc0,48,100.0,32.19827892366621,419543.125,70280.125,0.3536081111700137,0.02156784150807725
dab512bd-a02d-4c1f-8dbc-9155a163efc0,48,100.0,37.26907276146309,365921.125,70280.125,0.3536081111700137,0.025739953545539023
dab512bd-a02d-4c1f-8dbc-9155a163efc0,48,100.0,43.13844810749518,319662.125,70280.125,0.3536081111700137,0.03070213582743149
dab512bd-a02d-4c1f-8dbc-9155a163efc0,48,100.0,49.93217075814364,279931.125,70280.125,0.3536081111700137,0.036520490499144624
dab512bd-a02d-4c1f-8dbc-9155a163efc0,48,100.0,57.795812923256825,243707.125,70280.125,0.3536081111700137,0.04343749505529642
dab512bd-a02d-4c1f-8dbc-9155a163efc0,48,100.0,66.89787246862902,212872.125,70280.125,0.3536081111700137,0.05136129171793196
dab512bd-a02d-4c1f-8dbc-9155a163efc0,48,100.0,77.43338339701937,186234.125,70280.125,0.3536081111700137,0.06038505246747743
dab512bd-a02d-4c1f-8dbc-9155a163efc0,48,100.0,89.62809493114324,163900.125,70280.125,0.3536081111700137,0.07032199420156708
dab512bd-a02d-4c1f-8dbc-9155a163efc0,48,100.0,103.74330874576306,145897.125,70280.125,0.3536081111700137,0.08110930774592613
dab512bd-a02d-4c1f-8dbc-9155a163efc0,48,100.0,120.08147799846844,131023.125,70280.125,0.3536081111700137,0.09340038922128144
dab512bd-a02d-4c1f-8dbc-9155a163efc0,48,100.0,138.99268813214488,118093.125,70280.125,0.3536081111700137,0.10645160977522976
dab512bd-a02d-4c1f-8dbc-9155a163efc0,48,100.0,160.88215831625678,107898.125,70280.125,0.3536081111700137,0.12085249171707821
dab512bd-a02d-4c1f-8dbc-9155a163efc0,48,100.0,186.21892426376562,99984.125,70280.125,0.3536081111700137,0.1359853621049218
dab512bd-a02d-4c1f-8dbc-9155a163efc0,48,100.0,215.54588847438404,93545.125,70280.125,0.3536081111700137,0.15154176453838233
dab512bd-a02d-4c1f-8dbc-9155a163efc0,48,100.0,249.49145325533257,89227.125,70280.125,0.3536081111700137,0.16836954296004197
dab512bd-a02d-4c1f-8dbc-9155a163efc0,48,100.0,288.7829857856707,85115.125,70280.125,0.3536081111700137,0.18676084984715394
dab512bd-a02d-4c1f-8dbc-9155a163efc0,48,100.0,334.2624037463071,82556.125,70280.125,0.3536081111700137,0.20172584813859193
dab512bd-a02d-4c1f-8dbc-9155a163efc0,48,100.0,386.9042154761296,81844.125,70280.125,0.3536081111700137,0.20621581704108843
dab512bd-a02d-4c1f-8dbc-9155a163efc0,48,100.0,447.8364012089508,81574.125,70280.125,0.3536081111700137,0.2084613310519259
dab512bd-a02d-4c1f-8dbc-9155a163efc0,48,100.0,518.3645828231037,81318.125,70280.125,0.3536081111700137,0.21070153437971503
dab512bd-a02d-4c1f-8dbc-9155a163efc0,48,100.0,599.9999999999997,81238.125,70280.125,0.3536081111700137,0.21106338112085418
dc7e9403-19f7-409f-9240-05ee57cb7aea,48,100.0,2.0,5562933.99669967,97233.99669966997,0.034939112495703,0.00013975244982857298
dc7e9403-19f7-409f-9240-05ee57cb7aea,48,100.0,2.3149729741653853,5220165.99669967,97233.99669966997,0.034939112495703,0.00015128245397406505
dc7e9403-19f7-409f-9240-05ee57cb7aea,48,100.0,2.6795499355580645,4854897.99669967,97233.99669966997,0.034939112495703,0.00016751603162414695
dc7e9403-19f7-409f-9240-05ee57cb7aea,48,100.0,3.1015428418717597,4473180.99669967,97233.99669966997,0.034939112495703,0.00018992627640846286
dc7e9403-19f7-409f-9240-05ee57cb7aea,48,100.0,3.5899939285746147,4083879.99669967,97233.99669966997,0.034939112495703,0.0002202302671230459
dc7e9403-19f7-409f-9240-05ee57cb7aea,48,100.0,4.1553694610340255,3702313.99669967,97233.99669966997,0.034939112495703,0.00025975956995427283
dc7e9403-19f7-409f-9240-05ee57cb7aea,48,100.0,4.809783999982975,3331312.99669967,97233.99669966997,0.034939112495703,0.0003109591409185304
dc7e9403-19f7-409f-9240-05ee57cb7aea,48,100.0,5.567259985766836,2981486.99669967,97233.99669966997,0.034939112495703,0.00037515663650247803
dc7e9403-19f7-409f-9240-05ee57cb7aea,48,100.0,6.444028203601297,2650935.99669967,97233.99669966997,0.034939112495703,0.00045529174436833317
dc7e9403-19f7-409f-9240-05ee57cb7aea,48,100.0,7.458875568048258,2348757.99669967,97233.99669966997,0.034939112495703,0.0005530711142898888
dc7e9403-19f7-409f-9240-05ee57cb7aea,48,100.0,8.633547678847101,2072544.9966996699,97233.99669966997,0.034939112495703,0.0006729462282451148
dc7e9403-19f7-409f-9240-05ee57cb7aea,48,100.0,9.993214773849669,1819097.9966996699,97233.99669966997,0.034939112495703,0.0008202146849780966
dc7e9403-19f7-409f-9240-05ee57cb7aea,48,100.0,11.567011063246117,1587948.9966996699,97233.99669966997,0.034939112495703,0.0009993466300960506
dc7e9403-19f7-409f-9240-05ee57cb7aea,48,100.0,13.388659001643386,1378631.9966996699,97233.99669966997,0.034939112495703,0.001214487412939999
dc7e9403-19f7-409f-9240-05ee57cb7aea,48,100.0,15.497191874560272,1190671.9966996699,97233.99669966997,0.034939112495703,0.0014734323549627885
dc7e9403-19f7-409f-9240-05ee57cb7aea,48,100.0,17.937790182531224,1026368.99669967,97233.99669966997,0.034939112495703,0.0017751269107257506
dc7e9403-19f7-409f-9240-05ee57cb7aea,48,100.0,20.762749744404477,880662.99669967,97233.99669966997,0.034939112495703,0.002136863652801814
dc7e9403-19f7-409f-9240-05ee57cb7aea,48,100.0,24.03260226382781,751958.99669967,97233.99669966997,0.034939112495703,0.002556655068778014
dc7e9403-19f7-409f-9240-05ee57cb7aea,48,100.0,27.81741236981361,640697.99669967,97233.99669966997,0.034939112495703,0.003042744040498679
dc7e9403-19f7-409f-9240-05ee57cb7aea,48,100.0,32.19827892366621,544810.99669967,97233.99669966997,0.034939112495703,0.003602547220732182
dc7e9403-19f7-409f-9240-05ee57cb7aea,48,100.0,37.26907276146309,463450.99669967,97233.99669966997,0.034939112495703,0.0042369565115877835
dc7e9403-19f7-409f-9240-05ee57cb7aea,48,100.0,43.13844810749518,395840.99669967,97233.99669966997,0.034939112495703,0.004948447442958195
dc7e9403-19f7-409f-9240-05ee57cb7aea,48,100.0,49.93217075814364,340100.99669967,97233.99669966997,0.034939112495703,0.005736878462097645
dc7e9403-19f7-409f-9240-05ee57cb7aea,48,100.0,57.795812923256825,291977.99669967,97233.99669966997,0.034939112495703,0.006621957354797822
dc7e9403-19f7-409f-9240-05ee57cb7aea,48,100.0,66.89787246862902,254066.99669966998,97233.99669966997,0.034939112495703,0.00759667237687637
dc7e9403-19f7-409f-9240-05ee57cb7aea,48,100.0,77.43338339701937,223957.99669966998,97233.99669966997,0.034939112495703,0.008630716379152307
dc7e9403-19f7-409f-9240-05ee57cb7aea,48,100.0,89.62809493114324,198456.99669966998,97233.99669966997,0.034939112495703,0.009794998718588814
dc7e9403-19f7-409f-9240-05ee57cb7aea,48,100.0,103.74330874576306,176461.99669966998,97233.99669966997,0.034939112495703,0.011095704405267737
dc7e9403-19f7-409f-9240-05ee57cb7aea,48,100.0,120.08147799846844,159098.99669966998,97233.99669966997,0.034939112495703,0.012497898391862314
dc7e9403-19f7-409f-9240-05ee57cb7aea,48,100.0,138.99268813214488,143226.99669966998,97233.99669966997,0.034939112495703,0.014043406086150078
dc7e9403-19f7-409f-9240-05ee57cb7aea,48,100.0,160.88215831625678,132124.99669966998,97233.99669966997,0.034939112495703,0.01563315250417476
dc7e9403-19f7-409f-9240-05ee57cb7aea,48,100.0,186.21892426376562,123246.99669966997,97233.99669966997,0.034939112495703,0.017313579327560603
dc7e9403-19f7-409f-9240-05ee57cb7aea,48,100.0,215.54588847438404,116843.99669966997,97233.99669966997,0.034939112495703,0.019006574491349154
dc7e9403-19f7-409f-9240-05ee57cb7aea,48,100.0,249.49145325533257,111937.99669966997,97233.99669966997,0.034939112495703,0.020704533869028575
dc7e9403-19f7-409f-9240-05ee57cb7aea,48,100.0,288.7829857856707,109896.99669966997,97233.99669966997,0.034939112495703,0.021759789163900024
dc7e9403-19f7-409f-9240-05ee57cb7aea,48,100.0,334.2624037463071,109077.99669966997,97233.99669966997,0.034939112495703,0.022386462358573597
dc7e9403-19f7-409f-9240-05ee57cb7aea,48,100.0,386.9042154761296,108732.99669966997,97233.99669966997,0.034939112495703,0.022717835247648817
dc7e9403-19f7-409f-9240-05ee57cb7aea,48,100.0,447.8364012089508,108488.99669966997,97233.99669966997,0.034939112495703,0.023007005423914238
dc7e9403-19f7-409f-9240-05ee57cb7aea,48,100.0,518.3645828231037,108327.99669966997,97233.99669966997,0.034939112495703,0.023288251115262646
dc7e9403-19f7-409f-9240-05ee57cb7aea,48,100.0,599.9999999999997,108196.99669966997,97233.99669966997,0.034939112495703,0.023531534294607227
e8f9fba4-d151-4b00-bee7-447f0f3e752c,48,100.0,2.0,4994740.57980456,89696.57980456026,0.03732115852789589,0.00033081445765988256
e8f9fba4-d151-4b00-bee7-447f0f3e752c,48,100.0,2.3149729741653853,4678372.57980456,89696.57980456026,0.03732115852789589,0.00035542231509570147
e8f9fba4-d151-4b00-bee7-447f0f3e752c,48,100.0,2.6795499355580645,4342476.57980456,89696.57980456026,0.03732115852789589,0.00039012208050616496
e8f9fba4-d151-4b00-bee7-447f0f3e752c,48,100.0,3.1015428418717597,3997420.57980456,89696.57980456026,0.03732115852789589,0.00043761455271860105
e8f9fba4-d151-4b00-bee7-447f0f3e752c,48,100.0,3.5899939285746147,3647034.57980456,89696.57980456026,0.03732115852789589,0.0005014878278932142
e8f9fba4-d151-4b00-bee7-447f0f3e752c,48,100.0,4.1553694610340255,3296908.57980456,89696.57980456026,0.03732115852789589,0.0005863029067266611
e8f9fba4-d151-4b00-bee7-447f0f3e752c,48,100.0,4.809783999982975,2960035.57980456,89696.57980456026,0.03732115852789589,0.0006950592022305295
e8f9fba4-d151-4b00-bee7-447f0f3e752c,48,100.0,5.567259985766836,2640141.57980456,89696.57980456026,0.03732115852789589,0.0008328315330243653
e8f9fba4-d151-4b00-bee7-447f0f3e752c,48,100.0,6.444028203601297,2335163.57980456,89696.57980456026,0.03732115852789589,0.00100657583622537
e8f9fba4-d151-4b00-bee7-447f0f3e752c,48,100.0,7.458875568048258,2050702.5798045602,89696.57980456026,0.03732115852789589,0.0012212298813500226
e8f9fba4-d151-4b00-bee7-447f0f3e752c,48,100.0,8.633547678847101,1789583.5798045602,89696.57980456026,0.03732115852789589,0.0014844845345488693
e8f9fba4-d151-4b00-bee7-447f0f3e752c,48,100.0,9.993214773849669,1553532.5798045602,89696.57980456026,0.03732115852789589,0.001800630994549068
e8f9fba4-d151-4b00-bee7-447f0f3e752c,48,100.0,11.567011063246117,1340384.5798045602,89696.57980456026,0.03732115852789589,0.002177318742915353
e8f9fba4-d151-4b00-bee7-447f0f3e752c,48,100.0,13.388659001643386,1150732.5798045602,89696.57980456026,0.03732115852789589,0.002623907117759837
e8f9fba4-d151-4b00-bee7-447f0f3e752c,48,100.0,15.497191874560272,987328.5798045603,89696.57980456026,0.03732115852789589,0.0031349298207820893
e8f9fba4-d151-4b00-bee7-447f0f3e752c,48,100.0,17.937790182531224,843815.5798045603,89696.57980456026,0.03732115852789589,0.0037281031046052233
e8f9fba4-d151-4b00-bee7-447f0f3e752c,48,100.0,20.762749744404477,720474.5798045603,89696.57980456026,0.03732115852789589,0.0044153247306466135
e8f9fba4-d151-4b00-bee7-447f0f3e752c,48,100.0,24.03260226382781,613949.5798045603,89696.57980456026,0.03732115852789589,0.005206806526598295
e8f9fba4-d151-4b00-bee7-447f0f3e752c,48,100.0,27.81741236981361,525161.5798045603,89696.57980456026,0.03732115852789589,0.006104059018661918
e8f9fba4-d151-4b00-bee7-447f0f3e752c,48,100.0,32.19827892366621,447198.5798045603,89696.57980456026,0.03732115852789589,0.007135691292578645
e8f9fba4-d151-4b00-bee7-447f0f3e752c,48,100.0,37.26907276146309,382656.5798045603,89696.57980456026,0.03732115852789589,0.008297298600229982
e8f9fba4-d151-4b00-bee7-447f0f3e752c,48,100.0,43.13844810749518,326329.5798045603,89696.57980456026,0.03732115852789589,0.009620516417246826
e8f9fba4-d151-4b00-bee7-447f0f3e752c,48,100.0,49.93217075814364,279601.5798045603,89696.57980456026,0.03732115852789589,0.01110866497531192
e8f9fba4-d151-4b00-bee7-447f0f3e752c,48,100.0,57.795812923256825,240155.57980456026,89696.57980456026,0.03732115852789589,0.012737211934213826
e8f9fba4-d151-4b00-bee7-447f0f3e752c,48,100.0,66.89787246862902,207973.57980456026,89696.57980456026,0.03732115852789589,0.014579260436289227
e8f9fba4-d151-4b00-bee7-447f0f3e752c,48,100.0,77.43338339701937,180466.57980456026,89696.57980456026,0.03732115852789589,0.016589948655666157
e8f9fba4-d151-4b00-bee7-447f0f3e752c,48,100.0,89.62809493114324,158010.57980456026,89696.57980456026,0.03732115852789589,0.018734851551611014
e8f9fba4-d151-4b00-bee7-447f0f3e752c,48,100.0,103.74330874576306,139958.57980456026,89696.57980456026,0.03732115852789589,0.021165761880177467
e8f9fba4-d151-4b00-bee7-447f0f3e752c,48,100.0,120.08147799846844,126161.57980456026,89696.57980456026,0.03732115852789589,0.023606605034306605
e8f9fba4-d151-4b00-bee7-447f0f3e752c,48,100.0,138.99268813214488,116220.57980456026,89696.57980456026,0.03732115852789589,0.025717103812164462
e8f9fba4-d151-4b00-bee7-447f0f3e752c,48,100.0,160.88215831625678,110065.57980456026,89696.57980456026,0.03732115852789589,0.0274993547666835
e8f9fba4-d151-4b00-bee7-447f0f3e752c,48,100.0,186.21892426376562,106307.57980456026,89696.57980456026,0.03732115852789589,0.028761260963016663
e8f9fba4-d151-4b00-bee7-447f0f3e752c,48,100.0,215.54588847438404,104211.57980456026,89696.57980456026,0.03732115852789589,0.029692497671846056
e8f9fba4-d151-4b00-bee7-447f0f3e752c,48,100.0,249.49145325533257,102753.57980456026,89696.57980456026,0.03732115852789589,0.030528353370181206
e8f9fba4-d151-4b00-bee7-447f0f3e752c,48,100.0,288.7829857856707,101839.57980456026,89696.57980456026,0.03732115852789589,0.031168325302850054
e8f9fba4-d151-4b00-bee7-447f0f3e752c,48,100.0,334.2624037463071,101210.57980456026,89696.57980456026,0.03732115852789589,0.03172116907540151
e8f9fba4-d151-4b00-bee7-447f0f3e752c,48,100.0,386.9042154761296,100931.57980456026,89696.57980456026,0.03732115852789589,0.03201533923343081
e8f9fba4-d151-4b00-bee7-447f0f3e752c,48,100.0,447.8364012089508,100808.57980456026,89696.57980456026,0.03732115852789589,0.03216145760268194
e8f9fba4-d151-4b00-bee7-447f0f3e752c,48,100.0,518.3645828231037,100755.57980456026,89696.57980456026,0.03732115852789589,0.032237652876945265
e8f9fba4-d151-4b00-bee7-447f0f3e752c,48,100.0,599.9999999999997,100720.57980456026,89696.57980456026,0.03732115852789589,0.03226173217437707
eebcaf65-7fa4-4118-869d-a084e84530e2,48,100.0,2.0,3484004.8199643493,67479.81996434937,0.12305946166862808,0.000879209364832331
eebcaf65-7fa4-4118-869d-a084e84530e2,48,100.0,2.3149729741653853,3238437.8199643493,67479.81996434937,0.12305946166862808,0.0009403224995383756
eebcaf65-7fa4-4118-869d-a084e84530e2,48,100.0,2.6795499355580645,2979309.8199643493,67479.81996434937,0.12305946166862808,0.0010245063969898252
eebcaf65-7fa4-4118-869d-a084e84530e2,48,100.0,3.1015428418717597,2712385.8199643493,67479.81996434937,0.12305946166862808,0.001139397090422335
eebcaf65-7fa4-4118-869d-a084e84530e2,48,100.0,3.5899939285746147,2446378.8199643493,67479.81996434937,0.12305946166862808,0.0012889989815795806
eebcaf65-7fa4-4118-869d-a084e84530e2,48,100.0,4.1553694610340255,2186840.8199643493,67479.81996434937,0.12305946166862808,0.0014824464919478805
eebcaf65-7fa4-4118-869d-a084e84530e2,48,100.0,4.809783999982975,1939550.8199643493,67479.81996434937,0.12305946166862808,0.0017239153692408286
eebcaf65-7fa4-4118-869d-a084e84530e2,48,100.0,5.567259985766836,1709053.8199643493,67479.81996434937,0.12305946166862808,0.0020245778827772715
eebcaf65-7fa4-4118-869d-a084e84530e2,48,100.0,6.444028203601297,1495192.8199643493,67479.81996434937,0.12305946166862808,0.0023898419422599916
eebcaf65-7fa4-4118-869d-a084e84530e2,48,100.0,7.458875568048258,1300676.8199643493,67479.81996434937,0.12305946166862808,0.0028286505237841817
eebcaf65-7fa4-4118-869d-a084e84530e2,48,100.0,8.633547678847101,1128844.8199643493,67479.81996434937,0.12305946166862808,0.003346225075381766
eebcaf65-7fa4-4118-869d-a084e84530e2,48,100.0,9.993214773849669,976541.8199643494,67479.81996434937,0.12305946166862808,0.003953000739634499
eebcaf65-7fa4-4118-869d-a084e84530e2,48,100.0,11.567011063246117,843140.8199643494,67479.81996434937,0.12305946166862808,0.004665029561949901
eebcaf65-7fa4-4118-869d-a084e84530e2,48,100.0,13.388659001643386,728396.8199643494,67479.81996434937,0.12305946166862808,0.0054806976869062685
eebcaf65-7fa4-4118-869d-a084e84530e2,48,100.0,15.497191874560272,627177.8199643494,67479.81996434937,0.12305946166862808,0.006421147350743832
eebcaf65-7fa4-4118-869d-a084e84530e2,48,100.0,17.937790182531224,541608.8199643494,67479.81996434937,0.12305946166862808,0.007509427370211233
eebcaf65-7fa4-4118-869d-a084e84530e2,48,100.0,20.762749744404477,466876.8199643494,67479.81996434937,0.12305946166862808,0.008747996369912778
eebcaf65-7fa4-4118-869d-a084e84530e2,48,100.0,24.03260226382781,402434.8199643494,67479.81996434937,0.12305946166862808,0.010159815928483059
eebcaf65-7fa4-4118-869d-a084e84530e2,48,100.0,27.81741236981361,349113.8199643494,67479.81996434937,0.12305946166862808,0.011745951660558787
eebcaf65-7fa4-4118-869d-a084e84530e2,48,100.0,32.19827892366621,303978.8199643494,67479.81996434937,0.12305946166862808,0.013549142595375081
eebcaf65-7fa4-4118-869d-a084e84530e2,48,100.0,37.26907276146309,265275.8199643494,67479.81996434937,0.12305946166862808,0.015594191862635071
eebcaf65-7fa4-4118-869d-a084e84530e2,48,100.0,43.13844810749518,233008.8199643494,67479.81996434937,0.12305946166862808,0.01793087881273085
eebcaf65-7fa4-4118-869d-a084e84530e2,48,100.0,49.93217075814364,204814.8199643494,67479.81996434937,0.12305946166862808,0.020587317820500838
eebcaf65-7fa4-4118-869d-a084e84530e2,48,100.0,57.795812923256825,180694.8199643494,67479.81996434937,0.12305946166862808,0.023710367692635487
eebcaf65-7fa4-4118-869d-a084e84530e2,48,100.0,66.89787246862902,160298.8199643494,67479.81996434937,0.12305946166862808,0.027140782720008465
eebcaf65-7fa4-4118-869d-a084e84530e2,48,100.0,77.43338339701937,142922.8199643494,67479.81996434937,0.12305946166862808,0.03100486608945298
eebcaf65-7fa4-4118-869d-a084e84530e2,48,100.0,89.62809493114324,129162.81996434937,67479.81996434937,0.12305946166862808,0.035341617302462075
eebcaf65-7fa4-4118-869d-a084e84530e2,48,100.0,103.74330874576306,116588.81996434937,67479.81996434937,0.12305946166862808,0.04009959989791424
eebcaf65-7fa4-4118-869d-a084e84530e2,48,100.0,120.08147799846844,107041.81996434937,67479.81996434937,0.12305946166862808,0.045305715592435486
eebcaf65-7fa4-4118-869d-a084e84530e2,48,100.0,138.99268813214488,98398.81996434937,67479.81996434937,0.12305946166862808,0.05124272634832224
eebcaf65-7fa4-4118-869d-a084e84530e2,48,100.0,160.88215831625678,91658.81996434937,67479.81996434937,0.12305946166862808,0.05726347155124441
eebcaf65-7fa4-4118-869d-a084e84530e2,48,100.0,186.21892426376562,87328.81996434937,67479.81996434937,0.12305946166862808,0.06275790976538673
eebcaf65-7fa4-4118-869d-a084e84530e2,48,100.0,215.54588847438404,83931.81996434937,67479.81996434937,0.12305946166862808,0.06755723093001648
eebcaf65-7fa4-4118-869d-a084e84530e2,48,100.0,249.49145325533257,81819.81996434937,67479.81996434937,0.12305946166862808,0.07112414240327394
eebcaf65-7fa4-4118-869d-a084e84530e2,48,100.0,288.7829857856707,80439.81996434937,67479.81996434937,0.12305946166862808,0.07402748304058211
eebcaf65-7fa4-4118-869d-a084e84530e2,48,100.0,334.2624037463071,79686.81996434937,67479.81996434937,0.12305946166862808,0.07613938788876744
eebcaf65-7fa4-4118-869d-a084e84530e2,48,100.0,386.9042154761296,79104.81996434937,67479.81996434937,0.12305946166862808,0.07809963050040668
eebcaf65-7fa4-4118-869d-a084e84530e2,48,100.0,447.8364012089508,78846.81996434937,67479.81996434937,0.12305946166862808,0.07918464423366083
eebcaf65-7fa4-4118-869d-a084e84530e2,48,100.0,518.3645828231037,78631.81996434937,67479.81996434937,0.12305946166862808,0.0800436118151327
eebcaf65-7fa4-4118-869d-a084e84530e2,48,100.0,599.9999999999997,78542.81996434937,67479.81996434937,0.12305946166862808,0.08046443253537702
fe380793-8035-414e-b000-09bfe5ece92a,48,100.0,2.0,4501087.472418671,80778.47241867044,0.18287343951025295,0.0005008968663683299
fe380793-8035-414e-b000-09bfe5ece92a,48,100.0,2.3149729741653853,4234231.472418671,80778.47241867044,0.18287343951025295,0.0005445993602301725
fe380793-8035-414e-b000-09bfe5ece92a,48,100.0,2.6795499355580645,3956100.4724186705,80778.47241867044,0.18287343951025295,0.0006052133432957694
fe380793-8035-414e-b000-09bfe5ece92a,48,100.0,3.1015428418717597,3669558.4724186705,80778.47241867044,0.18287343951025295,0.0006875572983452565
fe380793-8035-414e-b000-09bfe5ece92a,48,100.0,3.5899939285746147,3379585.4724186705,80778.47241867044,0.18287343951025295,0.0007978241191258719
fe380793-8035-414e-b000-09bfe5ece92a,48,100.0,4.1553694610340255,3091092.4724186705,80778.47241867044,0.18287343951025295,0.0009432844519872054
fe380793-8035-414e-b000-09bfe5ece92a,48,100.0,4.809783999982975,2809947.4724186705,80778.47241867044,0.18287343951025295,0.0011328643974383185
fe380793-8035-414e-b000-09bfe5ece92a,48,100.0,5.567259985766836,2540702.4724186705,80778.47241867044,0.18287343951025295,0.001375155429698769
fe380793-8035-414e-b000-09bfe5ece92a,48,100.0,6.444028203601297,2284153.4724186705,80778.47241867044,0.18287343951025295,0.0016854206824382162
fe380793-8035-414e-b000-09bfe5ece92a,48,100.0,7.458875568048258,2040338.4724186705,80778.47241867044,0.18287343951025295,0.002076564849662242
fe380793-8035-414e-b000-09bfe5ece92a,48,100.0,8.633547678847101,1812085.4724186705,80778.47241867044,0.18287343951025295,0.002565509100984035
fe380793-8035-414e-b000-09bfe5ece92a,48,100.0,9.993214773849669,1599557.4724186705,80778.47241867044,0.18287343951025295,0.003176923462715237
fe380793-8035-414e-b000-09bfe5ece92a,48,100.0,11.567011063246117,1403942.4724186705,80778.47241867044,0.18287343951025295,0.003925511906561958
fe380793-8035-414e-b000-09bfe5ece92a,48,100.0,13.388659001643386,1226815.4724186705,80778.47241867044,0.18287343951025295,0.0048271268957413346
fe380793-8035-414e-b000-09bfe5ece92a,48,100.0,15.497191874560272,1067349.4724186705,80778.47241867044,0.18287343951025295,0.00589959430286671
fe380793-8035-414e-b000-09bfe5ece92a,48,100.0,17.937790182531224,926942.4724186704,80778.47241867044,0.18287343951025295,0.0071562058645973595
fe380793-8035-414e-b000-09bfe5ece92a,48,100.0,20.762749744404477,806515.4724186704,80778.47241867044,0.18287343951025295,0.008599888929007184
fe380793-8035-414e-b000-09bfe5ece92a,48,100.0,24.03260226382781,703611.4724186704,80778.47241867044,0.18287343951025295,0.01024750140980763
fe380793-8035-414e-b000-09bfe5ece92a,48,100.0,27.81741236981361,615776.4724186704,80778.47241867044,0.18287343951025295,0.01213508880350871
fe380793-8035-414e-b000-09bfe5ece92a,48,100.0,32.19827892366621,539029.4724186704,80778.47241867044,0.18287343951025295,0.014313552286422676
fe380793-8035-414e-b000-09bfe5ece92a,48,100.0,37.26907276146309,472541.4724186704,80778.47241867044,0.18287343951025295,0.016853615246536988
fe380793-8035-414e-b000-09bfe5ece92a,48,100.0,43.13844810749518,417089.4724186704,80778.47241867044,0.18287343951025295,0.019822549246006245
fe380793-8035-414e-b000-09bfe5ece92a,48,100.0,49.93217075814364,367639.4724186704,80778.47241867044,0.18287343951025295,0.023393057028529313
fe380793-8035-414e-b000-09bfe5ece92a,48,100.0,57.795812923256825,323359.4724186704,80778.47241867044,0.18287343951025295,0.027585964447464837
fe380793-8035-414e-b000-09bfe5ece92a,48,100.0,66.89787246862902,283204.4724186704,80778.47241867044,0.18287343951025295,0.0325673633266472
fe380793-8035-414e-b000-09bfe5ece92a,48,100.0,77.43338339701937,248219.47241867043,80778.47241867044,0.18287343951025295,0.03855884477105458
fe380793-8035-414e-b000-09bfe5ece92a,48,100.0,89.62809493114324,215685.47241867043,80778.47241867044,0.18287343951025295,0.045687219560531935
fe380793-8035-414e-b000-09bfe5ece92a,48,100.0,103.74330874576306,188206.47241867043,80778.47241867044,0.18287343951025295,0.05392240709715505
fe380793-8035-414e-b000-09bfe5ece92a,48,100.0,120.08147799846844,164486.47241867043,80778.47241867044,0.18287343951025295,0.06317474432157144
fe380793-8035-414e-b000-09bfe5ece92a,48,100.0,138.99268813214488,144105.47241867043,80778.47241867044,0.18287343951025295,0.0733873217677035
fe380793-8035-414e-b000-09bfe5ece92a,48,100.0,160.88215831625678,127799.47241867044,80778.47241867044,0.18287343951025295,0.08466454956639147
fe380793-8035-414e-b000-09bfe5ece92a,48,100.0,186.21892426376562,115841.47241867044,80778.47241867044,0.18287343951025295,0.09602174917274593
fe380793-8035-414e-b000-09bfe5ece92a,48,100.0,215.54588847438404,106270.47241867044,80778.47241867044,0.18287343951025295,0.10747208105499964
fe380793-8035-414e-b000-09bfe5ece92a,48,100.0,249.49145325533257,100201.47241867044,80778.47241867044,0.18287343951025295,0.11767310860096748
fe380793-8035-414e-b000-09bfe5ece92a,48,100.0,288.7829857856707,97633.47241867044,80778.47241867044,0.18287343951025295,0.12307530237527671
fe380793-8035-414e-b000-09bfe5ece92a,48,100.0,334.2624037463071,95874.47241867044,80778.47241867044,0.18287343951025295,0.1280072028552608
fe380793-8035-414e-b000-09bfe5ece92a,48,100.0,386.9042154761296,94525.47241867044,80778.47241867044,0.18287343951025295,0.13283793409554753
fe380793-8035-414e-b000-09bfe5ece92a,48,100.0,447.8364012089508,93493.47241867044,80778.47241867044,0.18287343951025295,0.1377385798344222
fe380793-8035-414e-b000-09bfe5ece92a,48,100.0,518.3645828231037,92884.47241867044,80778.47241867044,0.18287343951025295,0.14139358123464943
fe380793-8035-414e-b000-09bfe5ece92a,48,100.0,599.9999999999997,92459.47241867044,80778.47241867044,0.18287343951025295,0.14500137674081542
1a276285-8b0e-4cc9-9f0a-a3a002978724,24,100.0,2.0,3841466.0,34894.0,0.2132329076357336,0.0005281127962133494
1a276285-8b0e-4cc9-9f0a-a3a002978724,24,100.0,2.3149729741653853,3634680.0,34894.0,0.2132329076357336,0.0005688518131924222
1a276285-8b0e-4cc9-9f0a-a3a002978724,24,100.0,2.6795499355580645,3413604.0,34894.0,0.2132329076357336,0.0006264218151512984
1a276285-8b0e-4cc9-9f0a-a3a002978724,24,100.0,3.1015428418717597,3183210.0,34894.0,0.2132329076357336,0.0007061736959882086
1a276285-8b0e-4cc9-9f0a-a3a002978724,24,100.0,3.5899939285746147,2948044.0,34894.0,0.2132329076357336,0.0008141190017864845
1a276285-8b0e-4cc9-9f0a-a3a002978724,24,100.0,4.1553694610340255,2711189.0,34894.0,0.2132329076357336,0.0009583876320398874
1a276285-8b0e-4cc9-9f0a-a3a002978724,24,100.0,4.809783999982975,2476405.0,34894.0,0.2132329076357336,0.0011495633835176416
1a276285-8b0e-4cc9-9f0a-a3a002978724,24,100.0,5.567259985766836,2246498.0,34894.0,0.2132329076357336,0.0013983728424613563
1a276285-8b0e-4cc9-9f0a-a3a002978724,24,100.0,6.444028203601297,2026882.0,34894.0,0.2132329076357336,0.0017176683099321194
1a276285-8b0e-4cc9-9f0a-a3a002978724,24,100.0,7.458875568048258,1812514.0,34894.0,0.2132329076357336,0.002132588895746522
1a276285-8b0e-4cc9-9f0a-a3a002978724,24,100.0,8.633547678847101,1608672.0,34894.0,0.2132329076357336,0.0026586668313221115
1a276285-8b0e-4cc9-9f0a-a3a002978724,24,100.0,9.993214773849669,1416991.0,34894.0,0.2132329076357336,0.0033177292581075437
1a276285-8b0e-4cc9-9f0a-a3a002978724,24,100.0,11.567011063246117,1238999.0,34894.0,0.2132329076357336,0.004131450041834703
1a276285-8b0e-4cc9-9f0a-a3a002978724,24,100.0,13.388659001643386,1076238.0,34894.0,0.2132329076357336,0.005122627296240419
1a276285-8b0e-4cc9-9f0a-a3a002978724,24,100.0,15.497191874560272,931618.0,34894.0,0.2132329076357336,0.006282200426066994
1a276285-8b0e-4cc9-9f0a-a3a002978724,24,100.0,17.937790182531224,802980.0,34894.0,0.2132329076357336,0.007650134450400599
1a276285-8b0e-4cc9-9f0a-a3a002978724,24,100.0,20.762749744404477,693367.0,34894.0,0.2132329076357336,0.009209964450823043
1a276285-8b0e-4cc9-9f0a-a3a002978724,24,100.0,24.03260226382781,599048.0,34894.0,0.2132329076357336,0.010981191983112346
1a276285-8b0e-4cc9-9f0a-a3a002978724,24,100.0,27.81741236981361,520987.0,34894.0,0.2132329076357336,0.012977226755455654
1a276285-8b0e-4cc9-9f0a-a3a002978724,24,100.0,32.19827892366621,451721.0,34894.0,0.2132329076357336,0.015275185068330482
1a276285-8b0e-4cc9-9f0a-a3a002978724,24,100.0,37.26907276146309,392556.0,34894.0,0.2132329076357336,0.017953207971202874
1a276285-8b0e-4cc9-9f0a-a3a002978724,24,100.0,43.13844810749518,343291.0,34894.0,0.2132329076357336,0.021056295958718718
1a276285-8b0e-4cc9-9f0a-a3a002978724,24,100.0,49.93217075814364,300099.0,34894.0,0.2132329076357336,0.024750284527084127
1a276285-8b0e-4cc9-9f0a-a3a002978724,24,100.0,57.795812923256825,261290.0,34894.0,0.2132329076357336,0.029175502679185433
1a276285-8b0e-4cc9-9f0a-a3a002978724,24,100.0,66.89787246862902,224618.0,34894.0,0.2132329076357336,0.03452173241768035
1a276285-8b0e-4cc9-9f0a-a3a002978724,24,100.0,77.43338339701937,193610.0,34894.0,0.2132329076357336,0.04097639938748847
1a276285-8b0e-4cc9-9f0a-a3a002978724,24,100.0,89.62809493114324,164335.0,34894.0,0.2132329076357336,0.04866862584762331
1a276285-8b0e-4cc9-9f0a-a3a002978724,24,100.0,103.74330874576306,140415.0,34894.0,0.2132329076357336,0.0576595788847842
1a276285-8b0e-4cc9-9f0a-a3a002978724,24,100.0,120.08147799846844,117390.0,34894.0,0.2132329076357336,0.06825085055389267
1a276285-8b0e-4cc9-9f0a-a3a002978724,24,100.0,138.99268813214488,98018.0,34894.0,0.2132329076357336,0.08002939995840894
1a276285-8b0e-4cc9-9f0a-a3a002978724,24,100.0,160.88215831625678,81463.0,34894.0,0.2132329076357336,0.0934194158701987
1a276285-8b0e-4cc9-9f0a-a3a002978724,24,100.0,186.21892426376562,69364.0,34894.0,0.2132329076357336,0.10756676961970252
1a276285-8b0e-4cc9-9f0a-a3a002978724,24,100.0,215.54588847438404,59564.0,34894.0,0.2132329076357336,0.12154341308934169
1a276285-8b0e-4cc9-9f0a-a3a002978724,24,100.0,249.49145325533257,53160.0,34894.0,0.2132329076357336,0.13489108954412954
1a276285-8b0e-4cc9-9f0a-a3a002978724,24,100.0,288.7829857856707,50336.0,34894.0,0.2132329076357336,0.1421133566203966
1a276285-8b0e-4cc9-9f0a-a3a002978724,24,100.0,334.2624037463071,48696.0,34894.0,0.2132329076357336,0.14752910370424632
1a276285-8b0e-4cc9-9f0a-a3a002978724,24,100.0,386.9042154761296,47717.0,34894.0,0.2132329076357336,0.1517365620514183
1a276285-8b0e-4cc9-9f0a-a3a002978724,24,100.0,447.8364012089508,46989.0,34894.0,0.2132329076357336,0.15574918648367908
1a276285-8b0e-4cc9-9f0a-a3a002978724,24,100.0,518.3645828231037,46487.0,34894.0,0.2132329076357336,0.15917503672219602
1a276285-8b0e-4cc9-9f0a-a3a002978724,24,100.0,599.9999999999997,46187.0,34894.0,0.2132329076357336,0.16211882959736898
1e104bf4-7a24-4624-a5b2-c2c8289c0de7,24,100.0,2.0,3711886.1118012425,34055.11180124224,0.3815347500752587,0.0009893356035344933
1e104bf4-7a24-4624-a5b2-c2c8289c0de7,24,100.0,2.3149729741653853,3506474.1118012425,34055.11180124224,0.3815347500752587,0.0010725529921628437
1e104bf4-7a24-4624-a5b2-c2c8289c0de7,24,100.0,2.6795499355580645,3292615.1118012425,34055.11180124224,0.3815347500752587,0.0011875721687754494
1e104bf4-7a24-4624-a5b2-c2c8289c0de7,24,100.0,3.1015428418717597,3072830.1118012425,34055.11180124224,0.3815347500752587,0.0013463641010313754
1e104bf4-7a24-4624-a5b2-c2c8289c0de7,24,100.0,3.5899939285746147,2848199.1118012425,34055.11180124224,0.3815347500752587,0.001559764278878288
1e104bf4-7a24-4624-a5b2-c2c8289c0de7,24,100.0,4.1553694610340255,2625938.1118012425,34055.11180124224,0.3815347500752587,0.0018419554204206511
1e104bf4-7a24-4624-a5b2-c2c8289c0de7,24,100.0,4.809783999982975,2408552.1118012425,34055.11180124224,0.3815347500752587,0.0022121437888903725
1e104bf4-7a24-4624-a5b2-c2c8289c0de7,24,100.0,5.567259985766836,2195376.1118012425,34055.11180124224,0.3815347500752587,0.002696623146044661
1e104bf4-7a24-4624-a5b2-c2c8289c0de7,24,100.0,6.444028203601297,1989061.1118012422,34055.11180124224,0.3815347500752587,0.0033148864750394275
1e104bf4-7a24-4624-a5b2-c2c8289c0de7,24,100.0,7.458875568048258,1790067.1118012422,34055.11180124224,0.3815347500752587,0.004110491523103777
1e104bf4-7a24-4624-a5b2-c2c8289c0de7,24,100.0,8.633547678847101,1600747.1118012422,34055.11180124224,0.3815347500752587,0.005124866623562192
1e104bf4-7a24-4624-a5b2-c2c8289c0de7,24,100.0,9.993214773849669,1422836.1118012422,34055.11180124224,0.3815347500752587,0.006405396413895272
1e104bf4-7a24-4624-a5b2-c2c8289c0de7,24,100.0,11.567011063246117,1255954.1118012422,34055.11180124224,0.3815347500752587,0.008017739431849247
1e104bf4-7a24-4624-a5b2-c2c8289c0de7,24,100.0,13.388659001643386,1100740.1118012422,34055.11180124224,0.3815347500752587,0.010023586605545741
1e104bf4-7a24-4624-a5b2-c2c8289c0de7,24,100.0,15.497191874560272,955825.1118012422,34055.11180124224,0.3815347500752587,0.012527442503105054
1e104bf4-7a24-4624-a5b2-c2c8289c0de7,24,100.0,17.937790182531224,820378.1118012422,34055.11180124224,0.3815347500752587,0.015622166312046028
1e104bf4-7a24-4624-a5b2-c2c8289c0de7,24,100.0,20.762749744404477,698330.1118012422,34055.11180124224,0.3815347500752587,0.01935931168439187
1e104bf4-7a24-4624-a5b2-c2c8289c0de7,24,100.0,24.03260226382781,590551.1118012422,34055.11180124224,0.3815347500752587,0.02375774460938998
1e104bf4-7a24-4624-a5b2-c2c8289c0de7,24,100.0,27.81741236981361,493754.1118012422,34055.11180124224,0.3815347500752587,0.028928607529081832
1e104bf4-7a24-4624-a5b2-c2c8289c0de7,24,100.0,32.19827892366621,408829.1118012422,34055.11180124224,0.3815347500752587,0.034952298389183276
1e104bf4-7a24-4624-a5b2-c2c8289c0de7,24,100.0,37.26907276146309,335554.1118012422,34055.11180124224,0.3815347500752587,0.041790528743057616
1e104bf4-7a24-4624-a5b2-c2c8289c0de7,24,100.0,43.13844810749518,276705.1118012422,34055.11180124224,0.3815347500752587,0.04936327018449912
1e104bf4-7a24-4624-a5b2-c2c8289c0de7,24,100.0,49.93217075814364,227040.11180124222,34055.11180124224,0.3815347500752587,0.057736088088927016
1e104bf4-7a24-4624-a5b2-c2c8289c0de7,24,100.0,57.795812923256825,188374.11180124222,34055.11180124224,0.3815347500752587,0.06663993229461738
1e104bf4-7a24-4624-a5b2-c2c8289c0de7,24,100.0,66.89787246862902,157333.11180124222,34055.11180124224,0.3815347500752587,0.07610870283693565
1e104bf4-7a24-4624-a5b2-c2c8289c0de7,24,100.0,77.43338339701937,132434.11180124222,34055.11180124224,0.3815347500752587,0.08597545497312746
1e104bf4-7a24-4624-a5b2-c2c8289c0de7,24,100.0,89.62809493114324,112832.11180124224,34055.11180124224,0.3815347500752587,0.09648692089027164
1e104bf4-7a24-4624-a5b2-c2c8289c0de7,24,100.0,103.74330874576306,97552.11180124224,34055.11180124224,0.3815347500752587,0.10757145315893409
1e104bf4-7a24-4624-a5b2-c2c8289c0de7,24,100.0,120.08147799846844,85026.11180124224,34055.11180124224,0.3815347500752587,0.1193311687671677
1e104bf4-7a24-4624-a5b2-c2c8289c0de7,24,100.0,138.99268813214488,74704.11180124224,34055.11180124224,0.3815347500752587,0.13235349937570665
1e104bf4-7a24-4624-a5b2-c2c8289c0de7,24,100.0,160.88215831625678,65877.11180124224,34055.11180124224,0.3815347500752587,0.14686572118836988
1e104bf4-7a24-4624-a5b2-c2c8289c0de7,24,100.0,186.21892426376562,59648.11180124224,34055.11180124224,0.3815347500752587,0.16120687412337925
1e104bf4-7a24-4624-a5b2-c2c8289c0de7,24,100.0,215.54588847438404,54615.11180124224,34055.11180124224,0.3815347500752587,0.17809329703412555
1e104bf4-7a24-4624-a5b2-c2c8289c0de7,24,100.0,249.49145325533257,50136.11180124224,34055.11180124224,0.3815347500752587,0.19666750296379018
1e104bf4-7a24-4624-a5b2-c2c8289c0de7,24,100.0,288.7829857856707,46886.11180124224,34055.11180124224,0.3815347500752587,0.21488994071302442
1e104bf4-7a24-4624-a5b2-c2c8289c0de7,24,100.0,334.2624037463071,45659.11180124224,34055.11180124224,0.3815347500752587,0.22394027261027138
1e104bf4-7a24-4624-a5b2-c2c8289c0de7,24,100.0,386.9042154761296,45325.11180124224,34055.11180124224,0.3815347500752587,0.22630351164575063
1e104bf4-7a24-4624-a5b2-c2c8289c0de7,24,100.0,447.8364012089508,45122.11180124224,34055.11180124224,0.3815347500752587,0.22816397222130952
1e104bf4-7a24-4624-a5b2-c2c8289c0de7,24,100.0,518.3645828231037,44970.11180124224,34055.11180124224,0.3815347500752587,0.2294864705423362
1e104bf4-7a24-4624-a5b2-c2c8289c0de7,24,100.0,599.9999999999997,44863.11180124224,34055.11180124224,0.3815347500752587,0.2305077384621503
6638cfb3-3831-4fc2-9327-194b76cf22e1,24,100.0,2.0,3202805.523809524,30794.52380952381,1.0724413988312285,0.0029817290337376973
6638cfb3-3831-4fc2-9327-194b76cf22e1,24,100.0,2.3149729741653853,3005325.523809524,30794.52380952381,1.0724413988312285,0.0032465160611962795
6638cfb3-3831-4fc2-9327-194b76cf22e1,24,100.0,2.6795499355580645,2795045.523809524,30794.52380952381,1.0724413988312285,0.003618432861082687
6638cfb3-3831-4fc2-9327-194b76cf22e1,24,100.0,3.1015428418717597,2577173.523809524,30794.52380952381,1.0724413988312285,0.004130462598417308
6638cfb3-3831-4fc2-9327-194b76cf22e1,24,100.0,3.5899939285746147,2355406.523809524,30794.52380952381,1.0724413988312285,0.0048217118279318535
6638cfb3-3831-4fc2-9327-194b76cf22e1,24,100.0,4.1553694610340255,2131219.523809524,30794.52380952381,1.0724413988312285,0.005746669844156839
6638cfb3-3831-4fc2-9327-194b76cf22e1,24,100.0,4.809783999982975,1913678.5238095238,30794.52380952381,1.0724413988312285,0.006940074986529774
6638cfb3-3831-4fc2-9327-194b76cf22e1,24,100.0,5.567259985766836,1704709.5238095238,30794.52380952381,1.0724413988312285,0.008479464017795585
6638cfb3-3831-4fc2-9327-194b76cf22e1,24,100.0,6.444028203601297,1506791.5238095238,30794.52380952381,1.0724413988312285,0.010411053047483586
6638cfb3-3831-4fc2-9327-194b76cf22e1,24,100.0,7.458875568048258,1322369.5238095238,30794.52380952381,1.0724413988312285,0.012808858835919515
6638cfb3-3831-4fc2-9327-194b76cf22e1,24,100.0,8.633547678847101,1153232.5238095238,30794.52380952381,1.0724413988312285,0.015737595304315316
6638cfb3-3831-4fc2-9327-194b76cf22e1,24,100.0,9.993214773849669,1000579.5238095238,30794.52380952381,1.0724413988312285,0.019268481722102535
6638cfb3-3831-4fc2-9327-194b76cf22e1,24,100.0,11.567011063246117,865167.5238095238,30794.52380952381,1.0724413988312285,0.0234643684625434
6638cfb3-3831-4fc2-9327-194b76cf22e1,24,100.0,13.388659001643386,745188.5238095238,30794.52380952381,1.0724413988312285,0.028421765706361516
6638cfb3-3831-4fc2-9327-194b76cf22e1,24,100.0,15.497191874560272,637392.5238095238,30794.52380952381,1.0724413988312285,0.03430673373871478
6638cfb3-3831-4fc2-9327-194b76cf22e1,24,100.0,17.937790182531224,541053.5238095238,30794.52380952381,1.0724413988312285,0.04126990908068417
6638cfb3-3831-4fc2-9327-194b76cf22e1,24,100.0,20.762749744404477,459303.5238095238,30794.52380952381,1.0724413988312285,0.0493720622272129
6638cfb3-3831-4fc2-9327-194b76cf22e1,24,100.0,24.03260226382781,385503.5238095238,30794.52380952381,1.0724413988312285,0.05905260348468592
6638cfb3-3831-4fc2-9327-194b76cf22e1,24,100.0,27.81741236981361,323313.5238095238,30794.52380952381,1.0724413988312285,0.07008256357060362
6638cfb3-3831-4fc2-9327-194b76cf22e1,24,100.0,32.19827892366621,267724.5238095238,30794.52380952381,1.0724413988312285,0.0829407644193164
6638cfb3-3831-4fc2-9327-194b76cf22e1,24,100.0,37.26907276146309,219294.52380952382,30794.52380952381,1.0724413988312285,0.09759929341965452
6638cfb3-3831-4fc2-9327-194b76cf22e1,24,100.0,43.13844810749518,180358.52380952382,30794.52380952381,1.0724413988312285,0.11396919937834639
6638cfb3-3831-4fc2-9327-194b76cf22e1,24,100.0,49.93217075814364,148979.52380952382,30794.52380952381,1.0724413988312285,0.13185266205400428
6638cfb3-3831-4fc2-9327-194b76cf22e1,24,100.0,57.795812923256825,123314.52380952382,30794.52380952381,1.0724413988312285,0.15048253142411644
6638cfb3-3831-4fc2-9327-194b76cf22e1,24,100.0,66.89787246862902,102426.52380952382,30794.52380952381,1.0724413988312285,0.1700762451992204
6638cfb3-3831-4fc2-9327-194b76cf22e1,24,100.0,77.43338339701937,87214.52380952382,30794.52380952381,1.0724413988312285,0.1901394775430747
6638cfb3-3831-4fc2-9327-194b76cf22e1,24,100.0,89.62809493114324,75935.52380952382,30794.52380952381,1.0724413988312285,0.20858906578491607
6638cfb3-3831-4fc2-9327-194b76cf22e1,24,100.0,103.74330874576306,68520.52380952382,30794.52380952381,1.0724413988312285,0.22700573945566796
6638cfb3-3831-4fc2-9327-194b76cf22e1,24,100.0,120.08147799846844,62163.52380952381,30794.52380952381,1.0724413988312285,0.2457140154664745
6638cfb3-3831-4fc2-9327-194b76cf22e1,24,100.0,138.99268813214488,56949.52380952381,30794.52380952381,1.0724413988312285,0.26617246993207966
6638cfb3-3831-4fc2-9327-194b76cf22e1,24,100.0,160.88215831625678,52874.52380952381,30794.52380952381,1.0724413988312285,0.2874772981881678
6638cfb3-3831-4fc2-9327-194b76cf22e1,24,100.0,186.21892426376562,50296.52380952381,30794.52380952381,1.0724413988312285,0.3116852640081032
6638cfb3-3831-4fc2-9327-194b76cf22e1,24,100.0,215.54588847438404,47616.52380952381,30794.52380952381,1.0724413988312285,0.34033228446111546
6638cfb3-3831-4fc2-9327-194b76cf22e1,24,100.0,249.49145325533257,45171.52380952381,30794.52380952381,1.0724413988312285,0.3740344188668973
6638cfb3-3831-4fc2-9327-194b76cf22e1,24,100.0,288.7829857856707,43076.52380952381,30794.52380952381,1.0724413988312285,0.41197040045696354
6638cfb3-3831-4fc2-9327-194b76cf22e1,24,100.0,334.2624037463071,42035.52380952381,30794.52380952381,1.0724413988312285,0.43546221990026995
6638cfb3-3831-4fc2-9327-194b76cf22e1,24,100.0,386.9042154761296,41653.52380952381,30794.52380952381,1.0724413988312285,0.44453471865953786
6638cfb3-3831-4fc2-9327-194b76cf22e1,24,100.0,447.8364012089508,41507.52380952381,30794.52380952381,1.0724413988312285,0.44738418690237036
6638cfb3-3831-4fc2-9327-194b76cf22e1,24,100.0,518.3645828231037,41453.52380952381,30794.52380952381,1.0724413988312285,0.44809028368124826
6638cfb3-3831-4fc2-9327-194b76cf22e1,24,100.0,599.9999999999997,41429.52380952381,30794.52380952381,1.0724413988312285,0.4480902808622277
749cb2b7-e57e-4453-a794-f6230e4d0226,24,100.0,2.0,3678770.326055313,35318.32605531295,0.07777137462104397,0.000169003967157828
749cb2b7-e57e-4453-a794-f6230e4d0226,24,100.0,2.3149729741653853,3446361.326055313,35318.32605531295,0.07777137462104397,0.0001822368546243704
749cb2b7-e57e-4453-a794-f6230e4d0226,24,100.0,2.6795499355580645,3203908.326055313,35318.32605531295,0.07777137462104397,0.00020056900261470538
749cb2b7-e57e-4453-a794-f6230e4d0226,24,100.0,3.1015428418717597,2958162.326055313,35318.32605531295,0.07777137462104397,0.00022522638724677165
749cb2b7-e57e-4453-a794-f6230e4d0226,24,100.0,3.5899939285746147,2712721.326055313,35318.32605531295,0.07777137462104397,0.00025807506147170134
749cb2b7-e57e-4453-a794-f6230e4d0226,24,100.0,4.1553694610340255,2472751.326055313,35318.32605531295,0.07777137462104397,0.00030049325018636033
749cb2b7-e57e-4453-a794-f6230e4d0226,24,100.0,4.809783999982975,2243617.326055313,35318.32605531295,0.07777137462104397,0.0003543945385460335
749cb2b7-e57e-4453-a794-f6230e4d0226,24,100.0,5.567259985766836,2025386.326055313,35318.32605531295,0.07777137462104397,0.0004225859497075086
749cb2b7-e57e-4453-a794-f6230e4d0226,24,100.0,6.444028203601297,1821412.326055313,35318.32605531295,0.07777137462104397,0.0005074795024691295
749cb2b7-e57e-4453-a794-f6230e4d0226,24,100.0,7.458875568048258,1634014.326055313,35318.32605531295,0.07777137462104397,0.0006117682484823021
749cb2b7-e57e-4453-a794-f6230e4d0226,24,100.0,8.633547678847101,1459207.326055313,35318.32605531295,0.07777137462104397,0.0007407368896704216
749cb2b7-e57e-4453-a794-f6230e4d0226,24,100.0,9.993214773849669,1298192.326055313,35318.32605531295,0.07777137462104397,0.0009003541378307315
749cb2b7-e57e-4453-a794-f6230e4d0226,24,100.0,11.567011063246117,1151813.326055313,35318.32605531295,0.07777137462104397,0.001094729362889193
749cb2b7-e57e-4453-a794-f6230e4d0226,24,100.0,13.388659001643386,1020500.326055313,35318.32605531295,0.07777137462104397,0.001331439445059502
749cb2b7-e57e-4453-a794-f6230e4d0226,24,100.0,15.497191874560272,900935.326055313,35318.32605531295,0.07777137462104397,0.0016209528955754302
749cb2b7-e57e-4453-a794-f6230e4d0226,24,100.0,17.937790182531224,793792.326055313,35318.32605531295,0.07777137462104397,0.001968079496455573
749cb2b7-e57e-4453-a794-f6230e4d0226,24,100.0,20.762749744404477,693547.326055313,35318.32605531295,0.07777137462104397,0.002396710009214233
749cb2b7-e57e-4453-a794-f6230e4d0226,24,100.0,24.03260226382781,604689.326055313,35318.32605531295,0.07777137462104397,0.0029066637000914677
749cb2b7-e57e-4453-a794-f6230e4d0226,24,100.0,27.81741236981361,525054.326055313,35318.32605531295,0.07777137462104397,0.0035197260703911633
749cb2b7-e57e-4453-a794-f6230e4d0226,24,100.0,32.19827892366621,453133.32605531294,35318.32605531295,0.07777137462104397,0.0042452904634805964
749cb2b7-e57e-4453-a794-f6230e4d0226,24,100.0,37.26907276146309,390463.32605531294,35318.32605531295,0.07777137462104397,0.005081705881829092
749cb2b7-e57e-4453-a794-f6230e4d0226,24,100.0,43.13844810749518,334092.32605531294,35318.32605531295,0.07777137462104397,0.006076446878516677
749cb2b7-e57e-4453-a794-f6230e4d0226,24,100.0,49.93217075814364,286702.32605531294,35318.32605531295,0.07777137462104397,0.007218278728886601
749cb2b7-e57e-4453-a794-f6230e4d0226,24,100.0,57.795812923256825,246159.32605531294,35318.32605531295,0.07777137462104397,0.008572920604150666
749cb2b7-e57e-4453-a794-f6230e4d0226,24,100.0,66.89787246862902,212118.32605531294,35318.32605531295,0.07777137462104397,0.010106640191560108
749cb2b7-e57e-4453-a794-f6230e4d0226,24,100.0,77.43338339701937,181298.32605531294,35318.32605531295,0.07777137462104397,0.01188581686915063
749cb2b7-e57e-4453-a794-f6230e4d0226,24,100.0,89.62809493114324,156074.32605531294,35318.32605531295,0.07777137462104397,0.013892732848482364
749cb2b7-e57e-4453-a794-f6230e4d0226,24,100.0,103.74330874576306,133824.32605531294,35318.32605531295,0.07777137462104397,0.016224835838091915
749cb2b7-e57e-4453-a794-f6230e4d0226,24,100.0,120.08147799846844,114733.32605531295,35318.32605531295,0.07777137462104397,0.018831253649897243
749cb2b7-e57e-4453-a794-f6230e4d0226,24,100.0,138.99268813214488,99114.32605531295,35318.32605531295,0.07777137462104397,0.02174550347135104
749cb2b7-e57e-4453-a794-f6230e4d0226,24,100.0,160.88215831625678,85650.32605531295,35318.32605531295,0.07777137462104397,0.024931153265579722
749cb2b7-e57e-4453-a794-f6230e4d0226,24,100.0,186.21892426376562,74662.32605531295,35318.32605531295,0.07777137462104397,0.02848315067688027
749cb2b7-e57e-4453-a794-f6230e4d0226,24,100.0,215.54588847438404,65808.32605531295,35318.32605531295,0.07777137462104397,0.03236868068588772
749cb2b7-e57e-4453-a794-f6230e4d0226,24,100.0,249.49145325533257,58377.32605531295,35318.32605531295,0.07777137462104397,0.03645225079706052
749cb2b7-e57e-4453-a794-f6230e4d0226,24,100.0,288.7829857856707,53241.32605531295,35318.32605531295,0.07777137462104397,0.040883295227849066
749cb2b7-e57e-4453-a794-f6230e4d0226,24,100.0,334.2624037463071,49240.32605531295,35318.32605531295,0.07777137462104397,0.04493190094290249
749cb2b7-e57e-4453-a794-f6230e4d0226,24,100.0,386.9042154761296,47775.32605531295,35318.32605531295,0.07777137462104397,0.04675094780081193
749cb2b7-e57e-4453-a794-f6230e4d0226,24,100.0,447.8364012089508,47150.32605531295,35318.32605531295,0.07777137462104397,0.047759783441100004
749cb2b7-e57e-4453-a794-f6230e4d0226,24,100.0,518.3645828231037,46783.32605531295,35318.32605531295,0.07777137462104397,0.04852451861617752
749cb2b7-e57e-4453-a794-f6230e4d0226,24,100.0,599.9999999999997,46506.32605531295,35318.32605531295,0.07777137462104397,0.049183003861081084
d7ec0892-0a6c-4f4f-9d8f-72083692af5c,24,100.0,2.0,5400059.447971782,46932.44797178131,0.021733636411931396,0.00016477381654769467
d7ec0892-0a6c-4f4f-9d8f-72083692af5c,24,100.0,2.3149729741653853,5123256.447971782,46932.44797178131,0.021733636411931396,0.0001744731216948611
d7ec0892-0a6c-4f4f-9d8f-72083692af5c,24,100.0,2.6795499355580645,4824282.447971782,46932.44797178131,0.021733636411931396,0.00018841187391031118
d7ec0892-0a6c-4f4f-9d8f-72083692af5c,24,100.0,3.1015428418717597,4504112.447971782,46932.44797178131,0.021733636411931396,0.00020808198862358153
d7ec0892-0a6c-4f4f-9d8f-72083692af5c,24,100.0,3.5899939285746147,4168212.4479717813,46932.44797178131,0.021733636411931396,0.00023548944789637428
d7ec0892-0a6c-4f4f-9d8f-72083692af5c,24,100.0,4.1553694610340255,3825581.4479717813,46932.44797178131,0.021733636411931396,0.000272602311021844
d7ec0892-0a6c-4f4f-9d8f-72083692af5c,24,100.0,4.809783999982975,3483716.4479717813,46932.44797178131,0.021733636411931396,0.00032205243800053143
d7ec0892-0a6c-4f4f-9d8f-72083692af5c,24,100.0,5.567259985766836,3143033.4479717813,46932.44797178131,0.021733636411931396,0.0003872780141973948
d7ec0892-0a6c-4f4f-9d8f-72083692af5c,24,100.0,6.444028203601297,2810605.4479717813,46932.44797178131,0.021733636411931396,0.00047203633885639
d7ec0892-0a6c-4f4f-9d8f-72083692af5c,24,100.0,7.458875568048258,2489754.4479717813,46932.44797178131,0.021733636411931396,0.0005808862573048444
d7ec0892-0a6c-4f4f-9d8f-72083692af5c,24,100.0,8.633547678847101,2183737.4479717813,46932.44797178131,0.021733636411931396,0.0007185032267535067
d7ec0892-0a6c-4f4f-9d8f-72083692af5c,24,100.0,9.993214773849669,1896486.4479717813,46932.44797178131,0.021733636411931396,0.0008906625182865133
d7ec0892-0a6c-4f4f-9d8f-72083692af5c,24,100.0,11.567011063246117,1630310.4479717813,46932.44797178131,0.021733636411931396,0.0011027251282524737
d7ec0892-0a6c-4f4f-9d8f-72083692af5c,24,100.0,13.388659001643386,1386856.4479717813,46932.44797178131,0.021733636411931396,0.0013620022068818922
d7ec0892-0a6c-4f4f-9d8f-72083692af5c,24,100.0,15.497191874560272,1167239.4479717813,46932.44797178131,0.021733636411931396,0.001669856440674959
d7ec0892-0a6c-4f4f-9d8f-72083692af5c,24,100.0,17.937790182531224,972461.4479717813,46932.44797178131,0.021733636411931396,0.0020371170969016813
d7ec0892-0a6c-4f4f-9d8f-72083692af5c,24,100.0,20.762749744404477,799953.4479717813,46932.44797178131,0.021733636411931396,0.0024616784489781595
d7ec0892-0a6c-4f4f-9d8f-72083692af5c,24,100.0,24.03260226382781,654016.4479717813,46932.44797178131,0.021733636411931396,0.002946762871251897
d7ec0892-0a6c-4f4f-9d8f-72083692af5c,24,100.0,27.81741236981361,529924.4479717813,46932.44797178131,0.021733636411931396,0.0034880780967783973
d7ec0892-0a6c-4f4f-9d8f-72083692af5c,24,100.0,32.19827892366621,426813.4479717813,46932.44797178131,0.021733636411931396,0.0040855232241890594
d7ec0892-0a6c-4f4f-9d8f-72083692af5c,24,100.0,37.26907276146309,344485.4479717813,46932.44797178131,0.021733636411931396,0.0047235387313130095
d7ec0892-0a6c-4f4f-9d8f-72083692af5c,24,100.0,43.13844810749518,279843.4479717813,46932.44797178131,0.021733636411931396,0.005392105081883384
d7ec0892-0a6c-4f4f-9d8f-72083692af5c,24,100.0,49.93217075814364,227839.4479717813,46932.44797178131,0.021733636411931396,0.006101343411087841
d7ec0892-0a6c-4f4f-9d8f-72083692af5c,24,100.0,57.795812923256825,187336.4479717813,46932.44797178131,0.021733636411931396,0.0068419186608985865
d7ec0892-0a6c-4f4f-9d8f-72083692af5c,24,100.0,66.89787246862902,155774.4479717813,46932.44797178131,0.021733636411931396,0.007624725218635728
d7ec0892-0a6c-4f4f-9d8f-72083692af5c,24,100.0,77.43338339701937,131219.4479717813,46932.44797178131,0.021733636411931396,0.008421210159541306
d7ec0892-0a6c-4f4f-9d8f-72083692af5c,24,100.0,89.62809493114324,112061.44797178131,46932.44797178131,0.021733636411931396,0.009255374838326745
d7ec0892-0a6c-4f4f-9d8f-72083692af5c,24,100.0,103.74330874576306,95995.44797178131,46932.44797178131,0.021733636411931396,0.0101391545558801
d7ec0892-0a6c-4f4f-9d8f-72083692af5c,24,100.0,120.08147799846844,84524.44797178131,46932.44797178131,0.021733636411931396,0.011011202082963632
d7ec0892-0a6c-4f4f-9d8f-72083692af5c,24,100.0,138.99268813214488,75913.44797178131,46932.44797178131,0.021733636411931396,0.011848639443516244
d7ec0892-0a6c-4f4f-9d8f-72083692af5c,24,100.0,160.88215831625678,70024.44797178131,46932.44797178131,0.021733636411931396,0.012670175145930456
d7ec0892-0a6c-4f4f-9d8f-72083692af5c,24,100.0,186.21892426376562,65363.44797178131,46932.44797178131,0.021733636411931396,0.013474905838135178
d7ec0892-0a6c-4f4f-9d8f-72083692af5c,24,100.0,215.54588847438404,62297.44797178131,46932.44797178131,0.021733636411931396,0.014176050258627221
d7ec0892-0a6c-4f4f-9d8f-72083692af5c,24,100.0,249.49145325533257,60523.44797178131,46932.44797178131,0.021733636411931396,0.014697079512619437
d7ec0892-0a6c-4f4f-9d8f-72083692af5c,24,100.0,288.7829857856707,59530.44797178131,46932.44797178131,0.021733636411931396,0.015066951436968866
d7ec0892-0a6c-4f4f-9d8f-72083692af5c,24,100.0,334.2624037463071,58837.44797178131,46932.44797178131,0.021733636411931396,0.015371846760402945
d7ec0892-0a6c-4f4f-9d8f-72083692af5c,24,100.0,386.9042154761296,58500.44797178131,46932.44797178131,0.021733636411931396,0.015566878810061685
d7ec0892-0a6c-4f4f-9d8f-72083692af5c,24,100.0,447.8364012089508,58316.44797178131,46932.44797178131,0.021733636411931396,0.015678330904415356
d7ec0892-0a6c-4f4f-9d8f-72083692af5c,24,100.0,518.3645828231037,58221.44797178131,46932.44797178131,0.021733636411931396,0.015754606303124256
d7ec0892-0a6c-4f4f-9d8f-72083692af5c,24,100.0,599.9999999999997,58181.44797178131,46932.44797178131,0.021733636411931396,0.015795607605273942
da8dfec1-d265-44e8-84ce-6ae9c109b8bd,24,100.0,2.0,5074763.257142857,47214.25714285714,0.010072155320928967,0.00011133907806869573
da8dfec1-d265-44e8-84ce-6ae9c109b8bd,24,100.0,2.3149729741653853,4756546.257142857,47214.25714285714,0.010072155320928967,0.0001180814568326202
da8dfec1-d265-44e8-84ce-6ae9c109b8bd,24,100.0,2.6795499355580645,4414889.257142857,47214.25714285714,0.010072155320928967,0.00012766265671111933
da8dfec1-d265-44e8-84ce-6ae9c109b8bd,24,100.0,3.1015428418717597,4056087.257142857,47214.25714285714,0.010072155320928967,0.00014099970684293116
da8dfec1-d265-44e8-84ce-6ae9c109b8bd,24,100.0,3.5899939285746147,3685268.257142857,47214.25714285714,0.010072155320928967,0.00015931346480985435
da8dfec1-d265-44e8-84ce-6ae9c109b8bd,24,100.0,4.1553694610340255,3317119.257142857,47214.25714285714,0.010072155320928967,0.00018361764895767337
da8dfec1-d265-44e8-84ce-6ae9c109b8bd,24,100.0,4.809783999982975,2956348.257142857,47214.25714285714,0.010072155320928967,0.0002152577001255244
da8dfec1-d265-44e8-84ce-6ae9c109b8bd,24,100.0,5.567259985766836,2604426.257142857,47214.25714285714,0.010072155320928967,0.00025578843768342066
da8dfec1-d265-44e8-84ce-6ae9c109b8bd,24,100.0,6.444028203601297,2276147.257142857,47214.25714285714,0.010072155320928967,0.0003068223716539844
da8dfec1-d265-44e8-84ce-6ae9c109b8bd,24,100.0,7.458875568048258,1973948.2571428572,47214.25714285714,0.010072155320928967,0.0003690158874203341
da8dfec1-d265-44e8-84ce-6ae9c109b8bd,24,100.0,8.633547678847101,1698047.2571428572,47214.25714285714,0.010072155320928967,0.0004450074295070136
da8dfec1-d265-44e8-84ce-6ae9c109b8bd,24,100.0,9.993214773849669,1445906.2571428572,47214.25714285714,0.010072155320928967,0.0005368393590603688
da8dfec1-d265-44e8-84ce-6ae9c109b8bd,24,100.0,11.567011063246117,1218941.2571428572,47214.25714285714,0.010072155320928967,0.0006461827943200156
da8dfec1-d265-44e8-84ce-6ae9c109b8bd,24,100.0,13.388659001643386,1019493.2571428572,47214.25714285714,0.010072155320928967,0.0007737625964011672
da8dfec1-d265-44e8-84ce-6ae9c109b8bd,24,100.0,15.497191874560272,850076.2571428572,47214.25714285714,0.010072155320928967,0.0009219280431693328
da8dfec1-d265-44e8-84ce-6ae9c109b8bd,24,100.0,17.937790182531224,704726.2571428572,47214.25714285714,0.010072155320928967,0.0010898788106885884
da8dfec1-d265-44e8-84ce-6ae9c109b8bd,24,100.0,20.762749744404477,579455.2571428572,47214.25714285714,0.010072155320928967,0.0012801056064488396
da8dfec1-d265-44e8-84ce-6ae9c109b8bd,24,100.0,24.03260226382781,475318.2571428571,47214.25714285714,0.010072155320928967,0.0014907104131287087
da8dfec1-d265-44e8-84ce-6ae9c109b8bd,24,100.0,27.81741236981361,391428.2571428571,47214.25714285714,0.010072155320928967,0.0017224807621627344
da8dfec1-d265-44e8-84ce-6ae9c109b8bd,24,100.0,32.19827892366621,322411.2571428571,47214.25714285714,0.010072155320928967,0.0019767741970417017
da8dfec1-d265-44e8-84ce-6ae9c109b8bd,24,100.0,37.26907276146309,267879.2571428571,47214.25714285714,0.010072155320928967,0.0022464436149976876
da8dfec1-d265-44e8-84ce-6ae9c109b8bd,24,100.0,43.13844810749518,220732.25714285712,47214.25714285714,0.010072155320928967,0.0025521425189910965
da8dfec1-d265-44e8-84ce-6ae9c109b8bd,24,100.0,49.93217075814364,182801.25714285712,47214.25714285714,0.010072155320928967,0.0028774742718661356
da8dfec1-d265-44e8-84ce-6ae9c109b8bd,24,100.0,57.795812923256825,153510.25714285712,47214.25714285714,0.010072155320928967,0.0032259861121786424
da8dfec1-d265-44e8-84ce-6ae9c109b8bd,24,100.0,66.89787246862902,130209.25714285714,47214.25714285714,0.010072155320928967,0.0035886969560070597
da8dfec1-d265-44e8-84ce-6ae9c109b8bd,24,100.0,77.43338339701937,111033.25714285714,47214.25714285714,0.010072155320928967,0.0039861087388192076
da8dfec1-d265-44e8-84ce-6ae9c109b8bd,24,100.0,89.62809493114324,96473.25714285714,47214.25714285714,0.010072155320928967,0.0043720522210382124
da8dfec1-d265-44e8-84ce-6ae9c109b8bd,24,100.0,103.74330874576306,85478.25714285714,47214.25714285714,0.010072155320928967,0.004783224292593897
da8dfec1-d265-44e8-84ce-6ae9c109b8bd,24,100.0,120.08147799846844,76477.25714285714,47214.25714285714,0.010072155320928967,0.005222266854108712
da8dfec1-d265-44e8-84ce-6ae9c109b8bd,24,100.0,138.99268813214488,69857.25714285714,47214.25714285714,0.010072155320928967,0.005667587258688012
da8dfec1-d265-44e8-84ce-6ae9c109b8bd,24,100.0,160.88215831625678,64691.25714285714,47214.25714285714,0.010072155320928967,0.006135508145663848
da8dfec1-d265-44e8-84ce-6ae9c109b8bd,24,100.0,186.21892426376562,61213.25714285714,47214.25714285714,0.010072155320928967,0.0065325887682355045
da8dfec1-d265-44e8-84ce-6ae9c109b8bd,24,100.0,215.54588847438404,59568.25714285714,47214.25714285714,0.010072155320928967,0.006763931457104169
da8dfec1-d265-44e8-84ce-6ae9c109b8bd,24,100.0,249.49145325533257,58798.25714285714,47214.25714285714,0.010072155320928967,0.00689698759786137
da8dfec1-d265-44e8-84ce-6ae9c109b8bd,24,100.0,288.7829857856707,58410.25714285714,47214.25714285714,0.010072155320928967,0.0069740282592617745
da8dfec1-d265-44e8-84ce-6ae9c109b8bd,24,100.0,334.2624037463071,58163.25714285714,47214.25714285714,0.010072155320928967,0.007027755349742756
da8dfec1-d265-44e8-84ce-6ae9c109b8bd,24,100.0,386.9042154761296,58074.25714285714,47214.25714285714,0.010072155320928967,0.007046324138272986
da8dfec1-d265-44e8-84ce-6ae9c109b8bd,24,100.0,447.8364012089508,58071.25714285714,47214.25714285714,0.010072155320928967,0.007046324159611405
da8dfec1-d265-44e8-84ce-6ae9c109b8bd,24,100.0,518.3645828231037,58042.25714285714,47214.25714285714,0.010072155320928967,0.007050463771636079
da8dfec1-d265-44e8-84ce-6ae9c109b8bd,24,100.0,599.9999999999997,58042.25714285714,47214.25714285714,0.010072155320928967,0.007050463771636079
dab512bd-a02d-4c1f-8dbc-9155a163efc0,24,100.0,2.0,3410088.3928571427,36110.392857142855,0.3536081111700137,0.0007705711453116626
dab512bd-a02d-4c1f-8dbc-9155a163efc0,24,100.0,2.3149729741653853,3168336.3928571427,36110.392857142855,0.3536081111700137,0.0008509855662120976
dab512bd-a02d-4c1f-8dbc-9155a163efc0,24,100.0,2.6795499355580645,2922129.3928571427,36110.392857142855,0.3536081111700137,0.0009595115904835755
dab512bd-a02d-4c1f-8dbc-9155a163efc0,24,100.0,3.1015428418717597,2676115.3928571427,36110.392857142855,0.3536081111700137,0.0011043926535717623
dab512bd-a02d-4c1f-8dbc-9155a163efc0,24,100.0,3.5899939285746147,2434397.3928571427,36110.392857142855,0.3536081111700137,0.0012910660094306125
dab512bd-a02d-4c1f-8dbc-9155a163efc0,24,100.0,4.1553694610340255,2202275.3928571427,36110.392857142855,0.3536081111700137,0.0015293484507172613
dab512bd-a02d-4c1f-8dbc-9155a163efc0,24,100.0,4.809783999982975,1982581.392857143,36110.392857142855,0.3536081111700137,0.001827717077858867
dab512bd-a02d-4c1f-8dbc-9155a163efc0,24,100.0,5.567259985766836,1780115.392857143,36110.392857142855,0.3536081111700137,0.0021966988205152005
dab512bd-a02d-4c1f-8dbc-9155a163efc0,24,100.0,6.444028203601297,1594219.392857143,36110.392857142855,0.3536081111700137,0.002649250439479758
dab512bd-a02d-4c1f-8dbc-9155a163efc0,24,100.0,7.458875568048258,1423611.392857143,36110.392857142855,0.3536081111700137,0.0032065233721536384
dab512bd-a02d-4c1f-8dbc-9155a163efc0,24,100.0,8.633547678847101,1268209.392857143,36110.392857142855,0.3536081111700137,0.003889473481964284
dab512bd-a02d-4c1f-8dbc-9155a163efc0,24,100.0,9.993214773849669,1126127.392857143,36110.392857142855,0.3536081111700137,0.004722828029216546
dab512bd-a02d-4c1f-8dbc-9155a163efc0,24,100.0,11.567011063246117,996641.3928571428,36110.392857142855,0.3536081111700137,0.0057457594953955774
dab512bd-a02d-4c1f-8dbc-9155a163efc0,24,100.0,13.388659001643386,878387.3928571428,36110.392857142855,0.3536081111700137,0.00698831022932484
dab512bd-a02d-4c1f-8dbc-9155a163efc0,24,100.0,15.497191874560272,773259.3928571428,36110.392857142855,0.3536081111700137,0.008475064903402572
dab512bd-a02d-4c1f-8dbc-9155a163efc0,24,100.0,17.937790182531224,675210.3928571428,36110.392857142855,0.3536081111700137,0.01028502257520169
dab512bd-a02d-4c1f-8dbc-9155a163efc0,24,100.0,20.762749744404477,589426.3928571428,36110.392857142855,0.3536081111700137,0.01243217104262267
dab512bd-a02d-4c1f-8dbc-9155a163efc0,24,100.0,24.03260226382781,511443.39285714284,36110.392857142855,0.3536081111700137,0.014981800098818403
dab512bd-a02d-4c1f-8dbc-9155a163efc0,24,100.0,27.81741236981361,445431.39285714284,36110.392857142855,0.3536081111700137,0.017967212451756597
dab512bd-a02d-4c1f-8dbc-9155a163efc0,24,100.0,32.19827892366621,385353.39285714284,36110.392857142855,0.3536081111700137,0.021571421771645033
dab512bd-a02d-4c1f-8dbc-9155a163efc0,24,100.0,37.26907276146309,331708.39285714284,36110.392857142855,0.3536081111700137,0.025742291604307934
dab512bd-a02d-4c1f-8dbc-9155a163efc0,24,100.0,43.13844810749518,285485.39285714284,36110.392857142855,0.3536081111700137,0.030706380618676952
dab512bd-a02d-4c1f-8dbc-9155a163efc0,24,100.0,49.93217075814364,245723.39285714284,36110.392857142855,0.3536081111700137,0.036524882793712576
dab512bd-a02d-4c1f-8dbc-9155a163efc0,24,100.0,57.795812923256825,209518.39285714284,36110.392857142855,0.3536081111700137,0.043440343079196746
dab512bd-a02d-4c1f-8dbc-9155a163efc0,24,100.0,66.89787246862902,178706.39285714284,36110.392857142855,0.3536081111700137,0.051365542397853466
dab512bd-a02d-4c1f-8dbc-9155a163efc0,24,100.0,77.43338339701937,152057.39285714284,36110.392857142855,0.3536081111700137,0.0603886156085209
dab512bd-a02d-4c1f-8dbc-9155a163efc0,24,100.0,89.62809493114324,129722.39285714286,36110.392857142855,0.3536081111700137,0.07032032639050499
dab512bd-a02d-4c1f-8dbc-9155a163efc0,24,100.0,103.74330874576306,111711.39285714286,36110.392857142855,0.3536081111700137,0.08111099170052194
dab512bd-a02d-4c1f-8dbc-9155a163efc0,24,100.0,120.08147799846844,96857.39285714286,36110.392857142855,0.3536081111700137,0.09339621519315747
dab512bd-a02d-4c1f-8dbc-9155a163efc0,24,100.0,138.99268813214488,83921.39285714286,36110.392857142855,0.3536081111700137,0.10645968050800944
dab512bd-a02d-4c1f-8dbc-9155a163efc0,24,100.0,160.88215831625678,73728.39285714286,36110.392857142855,0.3536081111700137,0.1208538124092569
dab512bd-a02d-4c1f-8dbc-9155a163efc0,24,100.0,186.21892426376562,65814.39285714286,36110.392857142855,0.3536081111700137,0.13598657411037463
dab512bd-a02d-4c1f-8dbc-9155a163efc0,24,100.0,215.54588847438404,59375.392857142855,36110.392857142855,0.3536081111700137,0.15154286549134727
dab512bd-a02d-4c1f-8dbc-9155a163efc0,24,100.0,249.49145325533257,55056.392857142855,36110.392857142855,0.3536081111700137,0.16837050499045614
dab512bd-a02d-4c1f-8dbc-9155a163efc0,24,100.0,288.7829857856707,50943.392857142855,36110.392857142855,0.3536081111700137,0.18676170335945202
dab512bd-a02d-4c1f-8dbc-9155a163efc0,24,100.0,334.2624037463071,48384.392857142855,36110.392857142855,0.3536081111700137,0.2017265883510806
dab512bd-a02d-4c1f-8dbc-9155a163efc0,24,100.0,386.9042154761296,47668.392857142855,36110.392857142855,0.3536081111700137,0.20621645589317975
dab512bd-a02d-4c1f-8dbc-9155a163efc0,24,100.0,447.8364012089508,47399.392857142855,36110.392857142855,0.3536081111700137,0.20846190696220573
dab512bd-a02d-4c1f-8dbc-9155a163efc0,24,100.0,518.3645828231037,47142.392857142855,36110.392857142855,0.3536081111700137,0.21070205246359897
dab512bd-a02d-4c1f-8dbc-9155a163efc0,24,100.0,599.9999999999997,47063.392857142855,36110.392857142855,0.3536081111700137,0.211063890401963
dc7e9403-19f7-409f-9240-05ee57cb7aea,24,100.0,2.0,5236132.412541254,46678.412541254125,0.034939112495703,0.00016270699057972633
dc7e9403-19f7-409f-9240-05ee57cb7aea,24,100.0,2.3149729741653853,4943580.412541254,46678.412541254125,0.034939112495703,0.00017291638277940283
dc7e9403-19f7-409f-9240-05ee57cb7aea,24,100.0,2.6795499355580645,4626704.412541254,46678.412541254125,0.034939112495703,0.00018744271280075848
dc7e9403-19f7-409f-9240-05ee57cb7aea,24,100.0,3.1015428418717597,4289948.412541254,46678.412541254125,0.034939112495703,0.00020777408494401673
dc7e9403-19f7-409f-9240-05ee57cb7aea,24,100.0,3.5899939285746147,3941069.412541254,46678.412541254125,0.034939112495703,0.00023557574145173177
dc7e9403-19f7-409f-9240-05ee57cb7aea,24,100.0,4.1553694610340255,3592443.412541254,46678.412541254125,0.034939112495703,0.0002725856515377971
dc7e9403-19f7-409f-9240-05ee57cb7aea,24,100.0,4.809783999982975,3243700.412541254,46678.412541254125,0.034939112495703,0.00032141615686382904
dc7e9403-19f7-409f-9240-05ee57cb7aea,24,100.0,5.567259985766836,2909032.412541254,46678.412541254125,0.034939112495703,0.0003835979920731065
dc7e9403-19f7-409f-9240-05ee57cb7aea,24,100.0,6.444028203601297,2590707.412541254,46678.412541254125,0.034939112495703,0.0004617932384975321
dc7e9403-19f7-409f-9240-05ee57cb7aea,24,100.0,7.458875568048258,2293865.412541254,46678.412541254125,0.034939112495703,0.0005584872571152705
dc7e9403-19f7-409f-9240-05ee57cb7aea,24,100.0,8.633547678847101,2019212.4125412542,46678.412541254125,0.034939112495703,0.0006772932340109198
dc7e9403-19f7-409f-9240-05ee57cb7aea,24,100.0,9.993214773849669,1766823.4125412542,46678.412541254125,0.034939112495703,0.0008243304102419263
dc7e9403-19f7-409f-9240-05ee57cb7aea,24,100.0,11.567011063246117,1536463.4125412542,46678.412541254125,0.034939112495703,0.001002952796139638
dc7e9403-19f7-409f-9240-05ee57cb7aea,24,100.0,13.388659001643386,1327352.4125412542,46678.412541254125,0.034939112495703,0.0012178721833661702
dc7e9403-19f7-409f-9240-05ee57cb7aea,24,100.0,15.497191874560272,1139756.4125412542,46678.412541254125,0.034939112495703,0.0014763309543539909
dc7e9403-19f7-409f-9240-05ee57cb7aea,24,100.0,17.937790182531224,975593.4125412541,46678.412541254125,0.034939112495703,0.0017780317707421546
dc7e9403-19f7-409f-9240-05ee57cb7aea,24,100.0,20.762749744404477,829869.4125412541,46678.412541254125,0.034939112495703,0.002139831219292838
dc7e9403-19f7-409f-9240-05ee57cb7aea,24,100.0,24.03260226382781,701253.4125412541,46678.412541254125,0.034939112495703,0.0025594232818366355
dc7e9403-19f7-409f-9240-05ee57cb7aea,24,100.0,27.81741236981361,590053.4125412541,46678.412541254125,0.034939112495703,0.003045168650420138
dc7e9403-19f7-409f-9240-05ee57cb7aea,24,100.0,32.19827892366621,494169.41254125413,46678.412541254125,0.034939112495703,0.0036051094464627413
dc7e9403-19f7-409f-9240-05ee57cb7aea,24,100.0,37.26907276146309,412851.41254125413,46678.412541254125,0.034939112495703,0.0042387375507219735
dc7e9403-19f7-409f-9240-05ee57cb7aea,24,100.0,43.13844810749518,345282.41254125413,46678.412541254125,0.034939112495703,0.004950535613927474
dc7e9403-19f7-409f-9240-05ee57cb7aea,24,100.0,49.93217075814364,289533.41254125413,46678.412541254125,0.034939112495703,0.005739095475633344
dc7e9403-19f7-409f-9240-05ee57cb7aea,24,100.0,57.795812923256825,241399.41254125413,46678.412541254125,0.034939112495703,0.006624201113745933
dc7e9403-19f7-409f-9240-05ee57cb7aea,24,100.0,66.89787246862902,203536.41254125413,46678.412541254125,0.034939112495703,0.007597287959949214
dc7e9403-19f7-409f-9240-05ee57cb7aea,24,100.0,77.43338339701937,173410.41254125413,46678.412541254125,0.034939112495703,0.008632027564865155
dc7e9403-19f7-409f-9240-05ee57cb7aea,24,100.0,89.62809493114324,147907.41254125413,46678.412541254125,0.034939112495703,0.00979680930431113
dc7e9403-19f7-409f-9240-05ee57cb7aea,24,100.0,103.74330874576306,125895.41254125413,46678.412541254125,0.034939112495703,0.011097133204254378
dc7e9403-19f7-409f-9240-05ee57cb7aea,24,100.0,120.08147799846844,108535.41254125413,46678.412541254125,0.034939112495703,0.012499463087052862
dc7e9403-19f7-409f-9240-05ee57cb7aea,24,100.0,138.99268813214488,92677.41254125413,46678.412541254125,0.034939112495703,0.014043413074280446
dc7e9403-19f7-409f-9240-05ee57cb7aea,24,100.0,160.88215831625678,81570.41254125413,46678.412541254125,0.034939112495703,0.015634527100919195
dc7e9403-19f7-409f-9240-05ee57cb7aea,24,100.0,186.21892426376562,72690.41254125413,46678.412541254125,0.034939112495703,0.017314710799482783
dc7e9403-19f7-409f-9240-05ee57cb7aea,24,100.0,215.54588847438404,66293.41254125413,46678.412541254125,0.034939112495703,0.019007154906109238
dc7e9403-19f7-409f-9240-05ee57cb7aea,24,100.0,249.49145325533257,61379.412541254125,46678.412541254125,0.034939112495703,0.02070503765869138
dc7e9403-19f7-409f-9240-05ee57cb7aea,24,100.0,288.7829857856707,59339.412541254125,46678.412541254125,0.034939112495703,0.021764322233418648
dc7e9403-19f7-409f-9240-05ee57cb7aea,24,100.0,334.2624037463071,58524.412541254125,46678.412541254125,0.034939112495703,0.022386848896941248
dc7e9403-19f7-409f-9240-05ee57cb7aea,24,100.0,386.9042154761296,58183.412541254125,46678.412541254125,0.034939112495703,0.022718180248926485
dc7e9403-19f7-409f-9240-05ee57cb7aea,24,100.0,447.8364012089508,57939.412541254125,46678.412541254125,0.034939112495703,0.023007311981331754
dc7e9403-19f7-409f-9240-05ee57cb7aea,24,100.0,518.3645828231037,57777.412541254125,46678.412541254125,0.034939112495703,0.023288533311363935
dc7e9403-19f7-409f-9240-05ee57cb7aea,24,100.0,599.9999999999997,57643.412541254125,46678.412541254125,0.034939112495703,0.023531797241265143
e8f9fba4-d151-4b00-bee7-447f0f3e752c,24,100.0,2.0,4894204.485342019,45866.48534201954,0.03732115852789589,0.00035577510935614536
e8f9fba4-d151-4b00-bee7-447f0f3e752c,24,100.0,2.3149729741653853,4588902.485342019,45866.48534201954,0.03732115852789589,0.00037986954211317213
e8f9fba4-d151-4b00-bee7-447f0f3e752c,24,100.0,2.6795499355580645,4262683.485342019,45866.48534201954,0.03732115852789589,0.00041381714055129063
e8f9fba4-d151-4b00-bee7-447f0f3e752c,24,100.0,3.1015428418717597,3925824.4853420197,45866.48534201954,0.03732115852789589,0.0004605066653454013
e8f9fba4-d151-4b00-bee7-447f0f3e752c,24,100.0,3.5899939285746147,3584255.4853420197,45866.48534201954,0.03732115852789589,0.0005233625939448125
e8f9fba4-d151-4b00-bee7-447f0f3e752c,24,100.0,4.1553694610340255,3240615.4853420197,45866.48534201954,0.03732115852789589,0.0006072958949127008
e8f9fba4-d151-4b00-bee7-447f0f3e752c,24,100.0,4.809783999982975,2905557.4853420197,45866.48534201954,0.03732115852789589,0.0007155945705474584
e8f9fba4-d151-4b00-bee7-447f0f3e752c,24,100.0,5.567259985766836,2588893.4853420197,45866.48534201954,0.03732115852789589,0.0008522294565913657
e8f9fba4-d151-4b00-bee7-447f0f3e752c,24,100.0,6.444028203601297,2285041.4853420197,45866.48534201954,0.03732115852789589,0.001025676713239108
e8f9fba4-d151-4b00-bee7-447f0f3e752c,24,100.0,7.458875568048258,2002648.4853420195,45866.48534201954,0.03732115852789589,0.0012392039968011157
e8f9fba4-d151-4b00-bee7-447f0f3e752c,24,100.0,8.633547678847101,1742444.4853420195,45866.48534201954,0.03732115852789589,0.0015019537187214687
e8f9fba4-d151-4b00-bee7-447f0f3e752c,24,100.0,9.993214773849669,1507114.4853420195,45866.48534201954,0.03732115852789589,0.001817352609805604
e8f9fba4-d151-4b00-bee7-447f0f3e752c,24,100.0,11.567011063246117,1294743.4853420195,45866.48534201954,0.03732115852789589,0.0021924673388159363
e8f9fba4-d151-4b00-bee7-447f0f3e752c,24,100.0,13.388659001643386,1105446.4853420195,45866.48534201954,0.03732115852789589,0.0026380050617508055
e8f9fba4-d151-4b00-bee7-447f0f3e752c,24,100.0,15.497191874560272,942447.4853420196,45866.48534201954,0.03732115852789589,0.003148085687984879
e8f9fba4-d151-4b00-bee7-447f0f3e752c,24,100.0,17.937790182531224,799284.4853420196,45866.48534201954,0.03732115852789589,0.0037403230660950234
e8f9fba4-d151-4b00-bee7-447f0f3e752c,24,100.0,20.762749744404477,676000.4853420196,45866.48534201954,0.03732115852789589,0.00442627200033307
e8f9fba4-d151-4b00-bee7-447f0f3e752c,24,100.0,24.03260226382781,569907.4853420196,45866.48534201954,0.03732115852789589,0.005215744004734808
e8f9fba4-d151-4b00-bee7-447f0f3e752c,24,100.0,27.81741236981361,481228.4853420195,45866.48534201954,0.03732115852789589,0.0061128281649940625
e8f9fba4-d151-4b00-bee7-447f0f3e752c,24,100.0,32.19827892366621,403231.4853420195,45866.48534201954,0.03732115852789589,0.007143564223305165
e8f9fba4-d151-4b00-bee7-447f0f3e752c,24,100.0,37.26907276146309,338671.4853420195,45866.48534201954,0.03732115852789589,0.008304840377946321
e8f9fba4-d151-4b00-bee7-447f0f3e752c,24,100.0,43.13844810749518,282383.4853420195,45866.48534201954,0.03732115852789589,0.009627943023084963
e8f9fba4-d151-4b00-bee7-447f0f3e752c,24,100.0,49.93217075814364,235762.48534201953,45866.48534201954,0.03732115852789589,0.01111501874773268
e8f9fba4-d151-4b00-bee7-447f0f3e752c,24,100.0,57.795812923256825,196251.48534201953,45866.48534201954,0.03732115852789589,0.012743167072082305
e8f9fba4-d151-4b00-bee7-447f0f3e752c,24,100.0,66.89787246862902,164118.48534201953,45866.48534201954,0.03732115852789589,0.014584907398104524
e8f9fba4-d151-4b00-bee7-447f0f3e752c,24,100.0,77.43338339701937,136664.48534201953,45866.48534201954,0.03732115852789589,0.01659346449976093
e8f9fba4-d151-4b00-bee7-447f0f3e752c,24,100.0,89.62809493114324,114164.48534201954,45866.48534201954,0.03732115852789589,0.018738572972419328
e8f9fba4-d151-4b00-bee7-447f0f3e752c,24,100.0,103.74330874576306,96109.48534201954,45866.48534201954,0.03732115852789589,0.021170631017550574
e8f9fba4-d151-4b00-bee7-447f0f3e752c,24,100.0,120.08147799846844,82304.48534201954,45866.48534201954,0.03732115852789589,0.023612428128755133
e8f9fba4-d151-4b00-bee7-447f0f3e752c,24,100.0,138.99268813214488,72380.48534201954,45866.48534201954,0.03732115852789589,0.025720026304823892
e8f9fba4-d151-4b00-bee7-447f0f3e752c,24,100.0,160.88215831625678,66241.48534201954,45866.48534201954,0.03732115852789589,0.0275003108959823
e8f9fba4-d151-4b00-bee7-447f0f3e752c,24,100.0,186.21892426376562,62485.48534201954,45866.48534201954,0.03732115852789589,0.028760653788305817
e8f9fba4-d151-4b00-bee7-447f0f3e752c,24,100.0,215.54588847438404,60385.48534201954,45866.48534201954,0.03732115852789589,0.029695311952288642
e8f9fba4-d151-4b00-bee7-447f0f3e752c,24,100.0,249.49145325533257,58924.48534201954,45866.48534201954,0.03732115852789589,0.030529087848305776
e8f9fba4-d151-4b00-bee7-447f0f3e752c,24,100.0,288.7829857856707,58009.48534201954,45866.48534201954,0.03732115852789589,0.031168952299425724
e8f9fba4-d151-4b00-bee7-447f0f3e752c,24,100.0,334.2624037463071,57387.48534201954,45866.48534201954,0.03732115852789589,0.03171584077131052
e8f9fba4-d151-4b00-bee7-447f0f3e752c,24,100.0,386.9042154761296,57103.48534201954,45866.48534201954,0.03732115852789589,0.03201575817008657
e8f9fba4-d151-4b00-bee7-447f0f3e752c,24,100.0,447.8364012089508,56977.48534201954,45866.48534201954,0.03732115852789589,0.032161853899161395
e8f9fba4-d151-4b00-bee7-447f0f3e752c,24,100.0,518.3645828231037,56922.48534201954,45866.48534201954,0.03732115852789589,0.03223804095896854
e8f9fba4-d151-4b00-bee7-447f0f3e752c,24,100.0,599.9999999999997,56892.48534201954,45866.48534201954,0.03732115852789589,0.03226211423277593
eebcaf65-7fa4-4118-869d-a084e84530e2,24,100.0,2.0,3449537.4688057043,34918.4688057041,0.12305946166862808,0.0009228216877661691
eebcaf65-7fa4-4118-869d-a084e84530e2,24,100.0,2.3149729741653853,3201859.4688057043,34918.4688057041,0.12305946166862808,0.0009842658338742873
eebcaf65-7fa4-4118-869d-a084e84530e2,24,100.0,2.6795499355580645,2942595.4688057043,34918.4688057041,0.12305946166862808,0.0010686928976189694
eebcaf65-7fa4-4118-869d-a084e84530e2,24,100.0,3.1015428418717597,2675359.4688057043,34918.4688057041,0.12305946166862808,0.0011836195510359416
eebcaf65-7fa4-4118-869d-a084e84530e2,24,100.0,3.5899939285746147,2409701.4688057043,34918.4688057041,0.12305946166862808,0.0013336913250152362
eebcaf65-7fa4-4118-869d-a084e84530e2,24,100.0,4.1553694610340255,2150398.4688057043,34918.4688057041,0.12305946166862808,0.0015272230929583952
eebcaf65-7fa4-4118-869d-a084e84530e2,24,100.0,4.809783999982975,1904778.468805704,34918.4688057041,0.12305946166862808,0.0017682804591758132
eebcaf65-7fa4-4118-869d-a084e84530e2,24,100.0,5.567259985766836,1674235.468805704,34918.4688057041,0.12305946166862808,0.0020688117481508983
eebcaf65-7fa4-4118-869d-a084e84530e2,24,100.0,6.444028203601297,1459716.468805704,34918.4688057041,0.12305946166862808,0.0024349543646825715
eebcaf65-7fa4-4118-869d-a084e84530e2,24,100.0,7.458875568048258,1265549.468805704,34918.4688057041,0.12305946166862808,0.002873467818774867
eebcaf65-7fa4-4118-869d-a084e84530e2,24,100.0,8.633547678847101,1094004.468805704,34918.4688057041,0.12305946166862808,0.003391434752034373
eebcaf65-7fa4-4118-869d-a084e84530e2,24,100.0,9.993214773849669,942231.4688057041,34918.4688057041,0.12305946166862808,0.003995425905192491
eebcaf65-7fa4-4118-869d-a084e84530e2,24,100.0,11.567011063246117,809615.4688057041,34918.4688057041,0.12305946166862808,0.004703676591263583
eebcaf65-7fa4-4118-869d-a084e84530e2,24,100.0,13.388659001643386,694854.4688057041,34918.4688057041,0.12305946166862808,0.005519645486803579
eebcaf65-7fa4-4118-869d-a084e84530e2,24,100.0,15.497191874560272,594190.4688057041,34918.4688057041,0.12305946166862808,0.006459241896181928
eebcaf65-7fa4-4118-869d-a084e84530e2,24,100.0,17.937790182531224,508434.4688057041,34918.4688057041,0.12305946166862808,0.007544285858585929
eebcaf65-7fa4-4118-869d-a084e84530e2,24,100.0,20.762749744404477,433843.4688057041,34918.4688057041,0.12305946166862808,0.008780116914869357
eebcaf65-7fa4-4118-869d-a084e84530e2,24,100.0,24.03260226382781,369728.4688057041,34918.4688057041,0.12305946166862808,0.010184361172648563
eebcaf65-7fa4-4118-869d-a084e84530e2,24,100.0,27.81741236981361,316301.4688057041,34918.4688057041,0.12305946166862808,0.01177416001252417
eebcaf65-7fa4-4118-869d-a084e84530e2,24,100.0,32.19827892366621,271160.4688057041,34918.4688057041,0.12305946166862808,0.013576025924436293
eebcaf65-7fa4-4118-869d-a084e84530e2,24,100.0,37.26907276146309,232612.4688057041,34918.4688057041,0.12305946166862808,0.015614710969926521
eebcaf65-7fa4-4118-869d-a084e84530e2,24,100.0,43.13844810749518,200336.4688057041,34918.4688057041,0.12305946166862808,0.017955360416496476
eebcaf65-7fa4-4118-869d-a084e84530e2,24,100.0,49.93217075814364,172150.4688057041,34918.4688057041,0.12305946166862808,0.02060818276981397
eebcaf65-7fa4-4118-869d-a084e84530e2,24,100.0,57.795812923256825,148111.4688057041,34918.4688057041,0.12305946166862808,0.023727663526113017
eebcaf65-7fa4-4118-869d-a084e84530e2,24,100.0,66.89787246862902,127662.46880570409,34918.4688057041,0.12305946166862808,0.027164805391652374
eebcaf65-7fa4-4118-869d-a084e84530e2,24,100.0,77.43338339701937,110331.46880570409,34918.4688057041,0.12305946166862808,0.031012761036177363
eebcaf65-7fa4-4118-869d-a084e84530e2,24,100.0,89.62809493114324,96603.46880570409,34918.4688057041,0.12305946166862808,0.035348097615246786
eebcaf65-7fa4-4118-869d-a084e84530e2,24,100.0,103.74330874576306,84024.46880570409,34918.4688057041,0.12305946166862808,0.04010721224696005
eebcaf65-7fa4-4118-869d-a084e84530e2,24,100.0,120.08147799846844,74460.46880570409,34918.4688057041,0.12305946166862808,0.045319084817132885
eebcaf65-7fa4-4118-869d-a084e84530e2,24,100.0,138.99268813214488,65838.46880570409,34918.4688057041,0.12305946166862808,0.05124747180741036
eebcaf65-7fa4-4118-869d-a084e84530e2,24,100.0,160.88215831625678,59092.4688057041,34918.4688057041,0.12305946166862808,0.05726684826356773
eebcaf65-7fa4-4118-869d-a084e84530e2,24,100.0,186.21892426376562,54784.4688057041,34918.4688057041,0.12305946166862808,0.06275961892811845
eebcaf65-7fa4-4118-869d-a084e84530e2,24,100.0,215.54588847438404,51367.4688057041,34918.4688057041,0.12305946166862808,0.06755878564253295
eebcaf65-7fa4-4118-869d-a084e84530e2,24,100.0,249.49145325533257,49264.4688057041,34918.4688057041,0.12305946166862808,0.07112550076373249
eebcaf65-7fa4-4118-869d-a084e84530e2,24,100.0,288.7829857856707,47882.4688057041,34918.4688057041,0.12305946166862808,0.07402875255519054
eebcaf65-7fa4-4118-869d-a084e84530e2,24,100.0,334.2624037463071,47132.4688057041,34918.4688057041,0.12305946166862808,0.07614057939709096
eebcaf65-7fa4-4118-869d-a084e84530e2,24,100.0,386.9042154761296,46555.4688057041,34918.4688057041,0.12305946166862808,0.07810075652053922
eebcaf65-7fa4-4118-869d-a084e84530e2,24,100.0,447.8364012089508,46295.4688057041,34918.4688057041,0.12305946166862808,0.07918572851658473
eebcaf65-7fa4-4118-869d-a084e84530e2,24,100.0,518.3645828231037,46082.4688057041,34918.4688057041,0.12305946166862808,0.08004464307044488
eebcaf65-7fa4-4118-869d-a084e84530e2,24,100.0,599.9999999999997,45991.4688057041,34918.4688057041,0.12305946166862808,0.08046545676501139
fe380793-8035-414e-b000-09bfe5ece92a,24,100.0,2.0,4461859.202263083,41706.202263083454,0.18287343951025295,0.0005146506666002466
fe380793-8035-414e-b000-09bfe5ece92a,24,100.0,2.3149729741653853,4196264.202263083,41706.202263083454,0.18287343951025295,0.0005582648507356906
fe380793-8035-414e-b000-09bfe5ece92a,24,100.0,2.6795499355580645,3916930.2022630833,41706.202263083454,0.18287343951025295,0.0006190331835178807
fe380793-8035-414e-b000-09bfe5ece92a,24,100.0,3.1015428418717597,3629880.2022630833,41706.202263083454,0.18287343951025295,0.0007015519234332584
fe380793-8035-414e-b000-09bfe5ece92a,24,100.0,3.5899939285746147,3340009.2022630833,41706.202263083454,0.18287343951025295,0.000811789124233577
fe380793-8035-414e-b000-09bfe5ece92a,24,100.0,4.1553694610340255,3051401.2022630833,41706.202263083454,0.18287343951025295,0.0009574973932275242
fe380793-8035-414e-b000-09bfe5ece92a,24,100.0,4.809783999982975,2769763.2022630833,41706.202263083454,0.18287343951025295,0.0011472220659115052
fe380793-8035-414e-b000-09bfe5ece92a,24,100.0,5.567259985766836,2500814.2022630833,41706.202263083454,0.18287343951025295,0.00138973253690081
fe380793-8035-414e-b000-09bfe5ece92a,24,100.0,6.444028203601297,2243479.2022630833,41706.202263083454,0.18287343951025295,0.001699752390022836
fe380793-8035-414e-b000-09bfe5ece92a,24,100.0,7.458875568048258,1999964.2022630835,41706.202263083454,0.18287343951025295,0.002090895182453463
fe380793-8035-414e-b000-09bfe5ece92a,24,100.0,8.633547678847101,1772137.2022630835,41706.202263083454,0.18287343951025295,0.002579273311342513
fe380793-8035-414e-b000-09bfe5ece92a,24,100.0,9.993214773849669,1559871.2022630835,41706.202263083454,0.18287343951025295,0.0031894045186144455
fe380793-8035-414e-b000-09bfe5ece92a,24,100.0,11.567011063246117,1364141.2022630835,41706.202263083454,0.18287343951025295,0.0039381947903187895
fe380793-8035-414e-b000-09bfe5ece92a,24,100.0,13.388659001643386,1187327.2022630835,41706.202263083454,0.18287343951025295,0.004838759846434381
fe380793-8035-414e-b000-09bfe5ece92a,24,100.0,15.497191874560272,1028172.2022630834,41706.202263083454,0.18287343951025295,0.00590903757278057
fe380793-8035-414e-b000-09bfe5ece92a,24,100.0,17.937790182531224,887531.2022630834,41706.202263083454,0.18287343951025295,0.007167028667486873
fe380793-8035-414e-b000-09bfe5ece92a,24,100.0,20.762749744404477,767304.2022630834,41706.202263083454,0.18287343951025295,0.008608837744122461
fe380793-8035-414e-b000-09bfe5ece92a,24,100.0,24.03260226382781,664429.2022630834,41706.202263083454,0.18287343951025295,0.010256714864853134
fe380793-8035-414e-b000-09bfe5ece92a,24,100.0,27.81741236981361,576584.2022630834,41706.202263083454,0.18287343951025295,0.012145484576804134
fe380793-8035-414e-b000-09bfe5ece92a,24,100.0,32.19827892366621,499863.2022630834,41706.202263083454,0.18287343951025295,0.014320225429794393
fe380793-8035-414e-b000-09bfe5ece92a,24,100.0,37.26907276146309,433499.2022630834,41706.202263083454,0.18287343951025295,0.01685960696597122
fe380793-8035-414e-b000-09bfe5ece92a,24,100.0,43.13844810749518,378014.2022630834,41706.202263083454,0.18287343951025295,0.019830569194656488
fe380793-8035-414e-b000-09bfe5ece92a,24,100.0,49.93217075814364,328639.2022630834,41706.202263083454,0.18287343951025295,0.023398109682074376
fe380793-8035-414e-b000-09bfe5ece92a,24,100.0,57.795812923256825,284321.2022630834,41706.202263083454,0.18287343951025295,0.02759170948585406
fe380793-8035-414e-b000-09bfe5ece92a,24,100.0,66.89787246862902,244155.20226308345,41706.202263083454,0.18287343951025295,0.03257373499655869
fe380793-8035-414e-b000-09bfe5ece92a,24,100.0,77.43338339701937,209130.20226308345,41706.202263083454,0.18287343951025295,0.038568775045572115
fe380793-8035-414e-b000-09bfe5ece92a,24,100.0,89.62809493114324,176636.20226308345,41706.202263083454,0.18287343951025295,0.045690797053624235
fe380793-8035-414e-b000-09bfe5ece92a,24,100.0,103.74330874576306,149137.20226308345,41706.202263083454,0.18287343951025295,0.05392764388852767
fe380793-8035-414e-b000-09bfe5ece92a,24,100.0,120.08147799846844,125400.20226308345,41706.202263083454,0.18287343951025295,0.06317838074466486
fe380793-8035-414e-b000-09bfe5ece92a,24,100.0,138.99268813214488,105031.20226308345,41706.202263083454,0.18287343951025295,0.07339359455553725
fe380793-8035-414e-b000-09bfe5ece92a,24,100.0,160.88215831625678,88736.20226308345,41706.202263083454,0.18287343951025295,0.08466701747876106
fe380793-8035-414e-b000-09bfe5ece92a,24,100.0,186.21892426376562,76767.20226308345,41706.202263083454,0.18287343951025295,0.09602387036964387
fe380793-8035-414e-b000-09bfe5ece92a,24,100.0,215.54588847438404,67193.20226308345,41706.202263083454,0.18287343951025295,0.10748716009490557
fe380793-8035-414e-b000-09bfe5ece92a,24,100.0,249.49145325533257,61123.202263083454,41706.202263083454,0.18287343951025295,0.11767470812462823
fe380793-8035-414e-b000-09bfe5ece92a,24,100.0,288.7829857856707,58549.202263083454,41706.202263083454,0.18287343951025295,0.12307675544706785
fe380793-8035-414e-b000-09bfe5ece92a,24,100.0,334.2624037463071,56801.202263083454,41706.202263083454,0.18287343951025295,0.12800851372482583
fe380793-8035-414e-b000-09bfe5ece92a,24,100.0,386.9042154761296,55458.202263083454,41706.202263083454,0.18287343951025295,0.13283909977129693
fe380793-8035-414e-b000-09bfe5ece92a,24,100.0,447.8364012089508,54426.202263083454,41706.202263083454,0.18287343951025295,0.1377396050237452
fe380793-8035-414e-b000-09bfe5ece92a,24,100.0,518.3645828231037,53816.202263083454,41706.202263083454,0.18287343951025295,0.14139448025608198
fe380793-8035-414e-b000-09bfe5ece92a,24,100.0,599.9999999999997,53389.202263083454,41706.202263083454,0.18287343951025295,0.14500223993901107
1a276285-8b0e-4cc9-9f0a-a3a002978724,96,100.0,2.0,3939363.981878089,132586.98187808896,0.2132329076357336,0.0005182456339523943
1a276285-8b0e-4cc9-9f0a-a3a002978724,96,100.0,2.3149729741653853,3732116.981878089,132586.98187808896,0.2132329076357336,0.0005591015020191805
1a276285-8b0e-4cc9-9f0a-a3a002978724,96,100.0,2.6795499355580645,3511707.981878089,132586.98187808896,0.2132329076357336,0.0006165629663924414
1a276285-8b0e-4cc9-9f0a-a3a002978724,96,100.0,3.1015428418717597,3280885.981878089,132586.98187808896,0.2132329076357336,0.0006962363379942765
1a276285-8b0e-4cc9-9f0a-a3a002978724,96,100.0,3.5899939285746147,3046091.981878089,132586.98187808896,0.2132329076357336,0.0008043001146329738
1a276285-8b0e-4cc9-9f0a-a3a002978724,96,100.0,4.1553694610340255,2809607.981878089,132586.98187808896,0.2132329076357336,0.0009482097859232496
1a276285-8b0e-4cc9-9f0a-a3a002978724,96,100.0,4.809783999982975,2574405.981878089,132586.98187808896,0.2132329076357336,0.0011396560360273803
1a276285-8b0e-4cc9-9f0a-a3a002978724,96,100.0,5.567259985766836,2344894.981878089,132586.98187808896,0.2132329076357336,0.00138792412223174
1a276285-8b0e-4cc9-9f0a-a3a002978724,96,100.0,6.444028203601297,2125164.981878089,132586.98187808896,0.2132329076357336,0.0017076356210871974
1a276285-8b0e-4cc9-9f0a-a3a002978724,96,100.0,7.458875568048258,1910900.981878089,132586.98187808896,0.2132329076357336,0.002122635928871487
1a276285-8b0e-4cc9-9f0a-a3a002978724,96,100.0,8.633547678847101,1706953.981878089,132586.98187808896,0.2132329076357336,0.0026491751122553367
1a276285-8b0e-4cc9-9f0a-a3a002978724,96,100.0,9.993214773849669,1515363.981878089,132586.98187808896,0.2132329076357336,0.0033076813434361365
1a276285-8b0e-4cc9-9f0a-a3a002978724,96,100.0,11.567011063246117,1337002.981878089,132586.98187808896,0.2132329076357336,0.004122472852326107
1a276285-8b0e-4cc9-9f0a-a3a002978724,96,100.0,13.388659001643386,1174403.981878089,132586.98187808896,0.2132329076357336,0.0051132144343102445
1a276285-8b0e-4cc9-9f0a-a3a002978724,96,100.0,15.497191874560272,1029602.981878089,132586.98187808896,0.2132329076357336,0.006273886139085019
1a276285-8b0e-4cc9-9f0a-a3a002978724,96,100.0,17.937790182531224,900909.981878089,132586.98187808896,0.2132329076357336,0.007641844084733797
1a276285-8b0e-4cc9-9f0a-a3a002978724,96,100.0,20.762749744404477,791132.981878089,132586.98187808896,0.2132329076357336,0.009202287639881651
1a276285-8b0e-4cc9-9f0a-a3a002978724,96,100.0,24.03260226382781,696829.981878089,132586.98187808896,0.2132329076357336,0.01097420038229253
1a276285-8b0e-4cc9-9f0a-a3a002978724,96,100.0,27.81741236981361,618738.981878089,132586.98187808896,0.2132329076357336,0.0129697371131903
1a276285-8b0e-4cc9-9f0a-a3a002978724,96,100.0,32.19827892366621,549410.981878089,132586.98187808896,0.2132329076357336,0.015269319567373795
1a276285-8b0e-4cc9-9f0a-a3a002978724,96,100.0,37.26907276146309,490242.98187808896,132586.98187808896,0.2132329076357336,0.017948614019528977
1a276285-8b0e-4cc9-9f0a-a3a002978724,96,100.0,43.13844810749518,441037.98187808896,132586.98187808896,0.2132329076357336,0.021050614106989524
1a276285-8b0e-4cc9-9f0a-a3a002978724,96,100.0,49.93217075814364,397815.98187808896,132586.98187808896,0.2132329076357336,0.024745253145517558
1a276285-8b0e-4cc9-9f0a-a3a002978724,96,100.0,57.795812923256825,359027.98187808896,132586.98187808896,0.2132329076357336,0.029171231992691816
1a276285-8b0e-4cc9-9f0a-a3a002978724,96,100.0,66.89787246862902,322313.98187808896,132586.98187808896,0.2132329076357336,0.03452050399515239
1a276285-8b0e-4cc9-9f0a-a3a002978724,96,100.0,77.43338339701937,291310.98187808896,132586.98187808896,0.2132329076357336,0.04097409710688395
1a276285-8b0e-4cc9-9f0a-a3a002978724,96,100.0,89.62809493114324,262044.98187808896,132586.98187808896,0.2132329076357336,0.048666104019719186
1a276285-8b0e-4cc9-9f0a-a3a002978724,96,100.0,103.74330874576306,238117.98187808896,132586.98187808896,0.2132329076357336,0.05765728035306272
1a276285-8b0e-4cc9-9f0a-a3a002978724,96,100.0,120.08147799846844,215070.98187808896,132586.98187808896,0.2132329076357336,0.06824876828869955
1a276285-8b0e-4cc9-9f0a-a3a002978724,96,100.0,138.99268813214488,195711.98187808896,132586.98187808896,0.2132329076357336,0.08002749762506703
1a276285-8b0e-4cc9-9f0a-a3a002978724,96,100.0,160.88215831625678,179161.98187808896,132586.98187808896,0.2132329076357336,0.09341450817690959
1a276285-8b0e-4cc9-9f0a-a3a002978724,96,100.0,186.21892426376562,167054.98187808896,132586.98187808896,0.2132329076357336,0.10756534618125832
1a276285-8b0e-4cc9-9f0a-a3a002978724,96,100.0,215.54588847438404,157258.98187808896,132586.98187808896,0.2132329076357336,0.12154268103471003
1a276285-8b0e-4cc9-9f0a-a3a002978724,96,100.0,249.49145325533257,150848.98187808896,132586.98187808896,0.2132329076357336,0.13489004771767188
1a276285-8b0e-4cc9-9f0a-a3a002978724,96,100.0,288.7829857856707,148024.98187808896,132586.98187808896,0.2132329076357336,0.14211246933400573
1a276285-8b0e-4cc9-9f0a-a3a002978724,96,100.0,334.2624037463071,146386.98187808896,132586.98187808896,0.2132329076357336,0.147528368833256
1a276285-8b0e-4cc9-9f0a-a3a002978724,96,100.0,386.9042154761296,145403.98187808896,132586.98187808896,0.2132329076357336,0.15173591261988179
1a276285-8b0e-4cc9-9f0a-a3a002978724,96,100.0,447.8364012089508,144676.98187808896,132586.98187808896,0.2132329076357336,0.15574862794843167
1a276285-8b0e-4cc9-9f0a-a3a002978724,96,100.0,518.3645828231037,144174.98187808896,132586.98187808896,0.2132329076357336,0.15917454086340654
1a276285-8b0e-4cc9-9f0a-a3a002978724,96,100.0,599.9999999999997,143873.98187808896,132586.98187808896,0.2132329076357336,0.1621183816169301
1e104bf4-7a24-4624-a5b2-c2c8289c0de7,96,100.0,2.0,3811991.944099379,130515.94409937889,0.3815347500752587,0.0009366441760144553
1e104bf4-7a24-4624-a5b2-c2c8289c0de7,96,100.0,2.3149729741653853,3606800.944099379,130515.94409937889,0.3815347500752587,0.0010197792818215333
1e104bf4-7a24-4624-a5b2-c2c8289c0de7,96,100.0,2.6795499355580645,3392961.944099379,130515.94409937889,0.3815347500752587,0.0011350196823477347
1e104bf4-7a24-4624-a5b2-c2c8289c0de7,96,100.0,3.1015428418717597,3172524.944099379,130515.94409937889,0.3815347500752587,0.0012938751898343987
1e104bf4-7a24-4624-a5b2-c2c8289c0de7,96,100.0,3.5899939285746147,2946972.944099379,130515.94409937889,0.3815347500752587,0.0015075741512158942
1e104bf4-7a24-4624-a5b2-c2c8289c0de7,96,100.0,4.1553694610340255,2724878.944099379,130515.94409937889,0.3815347500752587,0.0017902855917150194
1e104bf4-7a24-4624-a5b2-c2c8289c0de7,96,100.0,4.809783999982975,2507730.944099379,130515.94409937889,0.3815347500752587,0.0021596098290976333
1e104bf4-7a24-4624-a5b2-c2c8289c0de7,96,100.0,5.567259985766836,2293733.944099379,130515.94409937889,0.3815347500752587,0.0026456733941189257
1e104bf4-7a24-4624-a5b2-c2c8289c0de7,96,100.0,6.444028203601297,2086701.9440993788,130515.94409937889,0.3815347500752587,0.0032646904454767087
1e104bf4-7a24-4624-a5b2-c2c8289c0de7,96,100.0,7.458875568048258,1887451.9440993788,130515.94409937889,0.3815347500752587,0.004060721938081778
1e104bf4-7a24-4624-a5b2-c2c8289c0de7,96,100.0,8.633547678847101,1698167.9440993788,130515.94409937889,0.3815347500752587,0.005076787048757314
1e104bf4-7a24-4624-a5b2-c2c8289c0de7,96,100.0,9.993214773849669,1520107.9440993788,130515.94409937889,0.3815347500752587,0.006357864249912782
1e104bf4-7a24-4624-a5b2-c2c8289c0de7,96,100.0,11.567011063246117,1352670.9440993788,130515.94409937889,0.3815347500752587,0.007972163987920288
1e104bf4-7a24-4624-a5b2-c2c8289c0de7,96,100.0,13.388659001643386,1197717.9440993788,130515.94409937889,0.3815347500752587,0.009978100974412497
1e104bf4-7a24-4624-a5b2-c2c8289c0de7,96,100.0,15.497191874560272,1052637.9440993788,130515.94409937889,0.3815347500752587,0.012484894210954974
1e104bf4-7a24-4624-a5b2-c2c8289c0de7,96,100.0,17.937790182531224,917440.9440993789,130515.94409937889,0.3815347500752587,0.015577329690091724
1e104bf4-7a24-4624-a5b2-c2c8289c0de7,96,100.0,20.762749744404477,794964.9440993789,130515.94409937889,0.3815347500752587,0.019319896437897457
1e104bf4-7a24-4624-a5b2-c2c8289c0de7,96,100.0,24.03260226382781,687236.9440993789,130515.94409937889,0.3815347500752587,0.023722631104846174
1e104bf4-7a24-4624-a5b2-c2c8289c0de7,96,100.0,27.81741236981361,590361.9440993789,130515.94409937889,0.3815347500752587,0.028899719878026434
1e104bf4-7a24-4624-a5b2-c2c8289c0de7,96,100.0,32.19827892366621,505445.9440993789,130515.94409937889,0.3815347500752587,0.03492061508507355
1e104bf4-7a24-4624-a5b2-c2c8289c0de7,96,100.0,37.26907276146309,432082.9440993789,130515.94409937889,0.3815347500752587,0.041761769889285455
1e104bf4-7a24-4624-a5b2-c2c8289c0de7,96,100.0,43.13844810749518,373243.9440993789,130515.94409937889,0.3815347500752587,0.04933288891671596
1e104bf4-7a24-4624-a5b2-c2c8289c0de7,96,100.0,49.93217075814364,323540.9440993789,130515.94409937889,0.3815347500752587,0.05771340882294196
1e104bf4-7a24-4624-a5b2-c2c8289c0de7,96,100.0,57.795812923256825,284839.9440993789,130515.94409937889,0.3815347500752587,0.06662219000837198
1e104bf4-7a24-4624-a5b2-c2c8289c0de7,96,100.0,66.89787246862902,253810.9440993789,130515.94409937889,0.3815347500752587,0.07609005071832334
1e104bf4-7a24-4624-a5b2-c2c8289c0de7,96,100.0,77.43338339701937,228902.9440993789,130515.94409937889,0.3815347500752587,0.08596157579822772
1e104bf4-7a24-4624-a5b2-c2c8289c0de7,96,100.0,89.62809493114324,209291.9440993789,130515.94409937889,0.3815347500752587,0.09647911435108117
1e104bf4-7a24-4624-a5b2-c2c8289c0de7,96,100.0,103.74330874576306,194019.9440993789,130515.94409937889,0.3815347500752587,0.10755663629204643
1e104bf4-7a24-4624-a5b2-c2c8289c0de7,96,100.0,120.08147799846844,181490.9440993789,130515.94409937889,0.3815347500752587,0.11931444878109708
1e104bf4-7a24-4624-a5b2-c2c8289c0de7,96,100.0,138.99268813214488,171168.9440993789,130515.94409937889,0.3815347500752587,0.1323395358629804
1e104bf4-7a24-4624-a5b2-c2c8289c0de7,96,100.0,160.88215831625678,162348.9440993789,130515.94409937889,0.3815347500752587,0.14684213177443095
1e104bf4-7a24-4624-a5b2-c2c8289c0de7,96,100.0,186.21892426376562,156120.9440993789,130515.94409937889,0.3815347500752587,0.16118922196751392
1e104bf4-7a24-4624-a5b2-c2c8289c0de7,96,100.0,215.54588847438404,151083.9440993789,130515.94409937889,0.3815347500752587,0.17808879460776447
1e104bf4-7a24-4624-a5b2-c2c8289c0de7,96,100.0,249.49145325533257,146601.9440993789,130515.94409937889,0.3815347500752587,0.19666369840973663
1e104bf4-7a24-4624-a5b2-c2c8289c0de7,96,100.0,288.7829857856707,143348.9440993789,130515.94409937889,0.3815347500752587,0.2148866467431142
1e104bf4-7a24-4624-a5b2-c2c8289c0de7,96,100.0,334.2624037463071,142122.9440993789,130515.94409937889,0.3815347500752587,0.2239373460250126
1e104bf4-7a24-4624-a5b2-c2c8289c0de7,96,100.0,386.9042154761296,141784.9440993789,130515.94409937889,0.3815347500752587,0.22630072544696825
1e104bf4-7a24-4624-a5b2-c2c8289c0de7,96,100.0,447.8364012089508,141584.9440993789,130515.94409937889,0.3815347500752587,0.2281613855747266
1e104bf4-7a24-4624-a5b2-c2c8289c0de7,96,100.0,518.3645828231037,141431.9440993789,130515.94409937889,0.3815347500752587,0.22948402577237417
1e104bf4-7a24-4624-a5b2-c2c8289c0de7,96,100.0,599.9999999999997,141323.9440993789,130515.94409937889,0.3815347500752587,0.2305053699435708
6638cfb3-3831-4fc2-9327-194b76cf22e1,96,100.0,2.0,3290388.1047619046,117986.10476190476,1.0724413988312285,0.002962755061894741
6638cfb3-3831-4fc2-9327-194b76cf22e1,96,100.0,2.3149729741653853,3093016.1047619046,117986.10476190476,1.0724413988312285,0.0032276660734551384
6638cfb3-3831-4fc2-9327-194b76cf22e1,96,100.0,2.6795499355580645,2882722.1047619046,117986.10476190476,1.0724413988312285,0.003599412875145014
6638cfb3-3831-4fc2-9327-194b76cf22e1,96,100.0,3.1015428418717597,2664503.1047619046,117986.10476190476,1.0724413988312285,0.00411239167525167
6638cfb3-3831-4fc2-9327-194b76cf22e1,96,100.0,3.5899939285746147,2442578.1047619046,117986.10476190476,1.0724413988312285,0.004804017582973416
6638cfb3-3831-4fc2-9327-194b76cf22e1,96,100.0,4.1553694610340255,2218851.1047619046,117986.10476190476,1.0724413988312285,0.005726790480470135
6638cfb3-3831-4fc2-9327-194b76cf22e1,96,100.0,4.809783999982975,2001186.1047619048,117986.10476190476,1.0724413988312285,0.006920722560436249
6638cfb3-3831-4fc2-9327-194b76cf22e1,96,100.0,5.567259985766836,1792170.1047619048,117986.10476190476,1.0724413988312285,0.008459906425688234
6638cfb3-3831-4fc2-9327-194b76cf22e1,96,100.0,6.444028203601297,1593999.1047619048,117986.10476190476,1.0724413988312285,0.010394807296759958
6638cfb3-3831-4fc2-9327-194b76cf22e1,96,100.0,7.458875568048258,1409751.1047619048,117986.10476190476,1.0724413988312285,0.012788821874635254
6638cfb3-3831-4fc2-9327-194b76cf22e1,96,100.0,8.633547678847101,1240657.1047619048,117986.10476190476,1.0724413988312285,0.015719245379206662
6638cfb3-3831-4fc2-9327-194b76cf22e1,96,100.0,9.993214773849669,1087902.1047619048,117986.10476190476,1.0724413988312285,0.019251471859470203
6638cfb3-3831-4fc2-9327-194b76cf22e1,96,100.0,11.567011063246117,952304.1047619048,117986.10476190476,1.0724413988312285,0.023451639042105774
6638cfb3-3831-4fc2-9327-194b76cf22e1,96,100.0,13.388659001643386,832416.1047619048,117986.10476190476,1.0724413988312285,0.028405732042315737
6638cfb3-3831-4fc2-9327-194b76cf22e1,96,100.0,15.497191874560272,724577.1047619048,117986.10476190476,1.0724413988312285,0.03428986650039123
6638cfb3-3831-4fc2-9327-194b76cf22e1,96,100.0,17.937790182531224,628360.1047619048,117986.10476190476,1.0724413988312285,0.04125174991244603
6638cfb3-3831-4fc2-9327-194b76cf22e1,96,100.0,20.762749744404477,546557.1047619048,117986.10476190476,1.0724413988312285,0.049352270552283604
6638cfb3-3831-4fc2-9327-194b76cf22e1,96,100.0,24.03260226382781,472740.10476190475,117986.10476190476,1.0724413988312285,0.05904125344339101
6638cfb3-3831-4fc2-9327-194b76cf22e1,96,100.0,27.81741236981361,410586.10476190475,117986.10476190476,1.0724413988312285,0.0700690938886604
6638cfb3-3831-4fc2-9327-194b76cf22e1,96,100.0,32.19827892366621,354931.10476190475,117986.10476190476,1.0724413988312285,0.08293366695613623
6638cfb3-3831-4fc2-9327-194b76cf22e1,96,100.0,37.26907276146309,306465.10476190475,117986.10476190476,1.0724413988312285,0.09759163732393
6638cfb3-3831-4fc2-9327-194b76cf22e1,96,100.0,43.13844810749518,267555.10476190475,117986.10476190476,1.0724413988312285,0.11395055899193328
6638cfb3-3831-4fc2-9327-194b76cf22e1,96,100.0,49.93217075814364,236170.10476190475,117986.10476190476,1.0724413988312285,0.1318429673234118
6638cfb3-3831-4fc2-9327-194b76cf22e1,96,100.0,57.795812923256825,210512.10476190475,117986.10476190476,1.0724413988312285,0.15046836773597397
6638cfb3-3831-4fc2-9327-194b76cf22e1,96,100.0,66.89787246862902,189631.10476190475,117986.10476190476,1.0724413988312285,0.17006528700482199
6638cfb3-3831-4fc2-9327-194b76cf22e1,96,100.0,77.43338339701937,174408.10476190475,117986.10476190476,1.0724413988312285,0.19013364275032946
6638cfb3-3831-4fc2-9327-194b76cf22e1,96,100.0,89.62809493114324,163119.10476190475,117986.10476190476,1.0724413988312285,0.20858332480457517
6638cfb3-3831-4fc2-9327-194b76cf22e1,96,100.0,103.74330874576306,155710.10476190475,117986.10476190476,1.0724413988312285,0.2270000573074598
6638cfb3-3831-4fc2-9327-194b76cf22e1,96,100.0,120.08147799846844,149353.10476190475,117986.10476190476,1.0724413988312285,0.24571858752411022
6638cfb3-3831-4fc2-9327-194b76cf22e1,96,100.0,138.99268813214488,144138.10476190475,117986.10476190476,1.0724413988312285,0.26616704141460656
6638cfb3-3831-4fc2-9327-194b76cf22e1,96,100.0,160.88215831625678,140078.10476190475,117986.10476190476,1.0724413988312285,0.2874720406225015
6638cfb3-3831-4fc2-9327-194b76cf22e1,96,100.0,186.21892426376562,137484.10476190475,117986.10476190476,1.0724413988312285,0.3116802663216058
6638cfb3-3831-4fc2-9327-194b76cf22e1,96,100.0,215.54588847438404,134810.10476190475,117986.10476190476,1.0724413988312285,0.3403275924606733
6638cfb3-3831-4fc2-9327-194b76cf22e1,96,100.0,249.49145325533257,132362.10476190475,117986.10476190476,1.0724413988312285,0.3740300471251295
6638cfb3-3831-4fc2-9327-194b76cf22e1,96,100.0,288.7829857856707,130272.10476190476,117986.10476190476,1.0724413988312285,0.41196635877313065
6638cfb3-3831-4fc2-9327-194b76cf22e1,96,100.0,334.2624037463071,129230.10476190476,117986.10476190476,1.0724413988312285,0.43545840008146935
6638cfb3-3831-4fc2-9327-194b76cf22e1,96,100.0,386.9042154761296,128849.10476190476,117986.10476190476,1.0724413988312285,0.44453103305846214
6638cfb3-3831-4fc2-9327-194b76cf22e1,96,100.0,447.8364012089508,128705.10476190476,117986.10476190476,1.0724413988312285,0.44738055064663623
6638cfb3-3831-4fc2-9327-194b76cf22e1,96,100.0,518.3645828231037,128651.10476190476,117986.10476190476,1.0724413988312285,0.44808667677511893
6638cfb3-3831-4fc2-9327-194b76cf22e1,96,100.0,599.9999999999997,128628.10476190476,117986.10476190476,1.0724413988312285,0.44808667395591417
749cb2b7-e57e-4453-a794-f6230e4d0226,96,100.0,2.0,3781637.9126637555,134441.91266375547,0.07777137462104397,0.0001655396818127275
749cb2b7-e57e-4453-a794-f6230e4d0226,96,100.0,2.3149729741653853,3550243.9126637555,134441.91266375547,0.07777137462104397,0.00017876151994235462
749cb2b7-e57e-4453-a794-f6230e4d0226,96,100.0,2.6795499355580645,3305442.9126637555,134441.91266375547,0.07777137462104397,0.00019716189017475333
749cb2b7-e57e-4453-a794-f6230e4d0226,96,100.0,3.1015428418717597,3060078.9126637555,134441.91266375547,0.07777137462104397,0.00022187312251509546
749cb2b7-e57e-4453-a794-f6230e4d0226,96,100.0,3.5899939285746147,2814269.9126637555,134441.91266375547,0.07777137462104397,0.0002547070291326489
749cb2b7-e57e-4453-a794-f6230e4d0226,96,100.0,4.1553694610340255,2574037.9126637555,134441.91266375547,0.07777137462104397,0.00029713867245222207
749cb2b7-e57e-4453-a794-f6230e4d0226,96,100.0,4.809783999982975,2344435.9126637555,134441.91266375547,0.07777137462104397,0.00035116765384465517
749cb2b7-e57e-4453-a794-f6230e4d0226,96,100.0,5.567259985766836,2125610.9126637555,134441.91266375547,0.07777137462104397,0.00041947990191379197
749cb2b7-e57e-4453-a794-f6230e4d0226,96,100.0,6.444028203601297,1921243.9126637555,134441.91266375547,0.07777137462104397,0.0005045271578458048
749cb2b7-e57e-4453-a794-f6230e4d0226,96,100.0,7.458875568048258,1733787.9126637555,134441.91266375547,0.07777137462104397,0.0006087730421510846
749cb2b7-e57e-4453-a794-f6230e4d0226,96,100.0,8.633547678847101,1558767.9126637555,134441.91266375547,0.07777137462104397,0.0007380744760630391
749cb2b7-e57e-4453-a794-f6230e4d0226,96,100.0,9.993214773849669,1397923.9126637555,134441.91266375547,0.07777137462104397,0.0008975718172860146
749cb2b7-e57e-4453-a794-f6230e4d0226,96,100.0,11.567011063246117,1251101.9126637555,134441.91266375547,0.07777137462104397,0.0010919331499076859
749cb2b7-e57e-4453-a794-f6230e4d0226,96,100.0,13.388659001643386,1119770.9126637555,134441.91266375547,0.07777137462104397,0.0013290209261300513
749cb2b7-e57e-4453-a794-f6230e4d0226,96,100.0,15.497191874560272,1000184.9126637555,134441.91266375547,0.07777137462104397,0.0016182887957251956
749cb2b7-e57e-4453-a794-f6230e4d0226,96,100.0,17.937790182531224,893020.9126637555,134441.91266375547,0.07777137462104397,0.0019658907133603904
749cb2b7-e57e-4453-a794-f6230e4d0226,96,100.0,20.762749744404477,792620.9126637555,134441.91266375547,0.07777137462104397,0.0023947249018922544
749cb2b7-e57e-4453-a794-f6230e4d0226,96,100.0,24.03260226382781,703846.9126637555,134441.91266375547,0.07777137462104397,0.0029044179682766987
749cb2b7-e57e-4453-a794-f6230e4d0226,96,100.0,27.81741236981361,624226.9126637555,134441.91266375547,0.07777137462104397,0.0035176494229311505
749cb2b7-e57e-4453-a794-f6230e4d0226,96,100.0,32.19827892366621,552215.9126637555,134441.91266375547,0.07777137462104397,0.004243836214704441
749cb2b7-e57e-4453-a794-f6230e4d0226,96,100.0,37.26907276146309,489599.9126637555,134441.91266375547,0.07777137462104397,0.00508047741158387
749cb2b7-e57e-4453-a794-f6230e4d0226,96,100.0,43.13844810749518,433264.9126637555,134441.91266375547,0.07777137462104397,0.006074772337651263
749cb2b7-e57e-4453-a794-f6230e4d0226,96,100.0,49.93217075814364,385837.9126637555,134441.91266375547,0.07777137462104397,0.007216786811794851
749cb2b7-e57e-4453-a794-f6230e4d0226,96,100.0,57.795812923256825,345304.9126637555,134441.91266375547,0.07777137462104397,0.008570708177244313
749cb2b7-e57e-4453-a794-f6230e4d0226,96,100.0,66.89787246862902,311217.9126637555,134441.91266375547,0.07777137462104397,0.010105748571129775
749cb2b7-e57e-4453-a794-f6230e4d0226,96,100.0,77.43338339701937,280402.9126637555,134441.91266375547,0.07777137462104397,0.011884914429801937
749cb2b7-e57e-4453-a794-f6230e4d0226,96,100.0,89.62809493114324,255204.91266375547,134441.91266375547,0.07777137462104397,0.0138910412943636
749cb2b7-e57e-4453-a794-f6230e4d0226,96,100.0,103.74330874576306,232956.91266375547,134441.91266375547,0.07777137462104397,0.016222893557095868
749cb2b7-e57e-4453-a794-f6230e4d0226,96,100.0,120.08147799846844,213870.91266375547,134441.91266375547,0.07777137462104397,0.0188289082560737
749cb2b7-e57e-4453-a794-f6230e4d0226,96,100.0,138.99268813214488,198240.91266375547,134441.91266375547,0.07777137462104397,0.02174458481187925
749cb2b7-e57e-4453-a794-f6230e4d0226,96,100.0,160.88215831625678,184768.91266375547,134441.91266375547,0.07777137462104397,0.024931601670490525
749cb2b7-e57e-4453-a794-f6230e4d0226,96,100.0,186.21892426376562,173780.91266375547,134441.91266375547,0.07777137462104397,0.028480020066339092
749cb2b7-e57e-4453-a794-f6230e4d0226,96,100.0,215.54588847438404,164926.91266375547,134441.91266375547,0.07777137462104397,0.03236997202228793
749cb2b7-e57e-4453-a794-f6230e4d0226,96,100.0,249.49145325533257,157494.91266375547,134441.91266375547,0.07777137462104397,0.03645168289197991
749cb2b7-e57e-4453-a794-f6230e4d0226,96,100.0,288.7829857856707,152364.91266375547,134441.91266375547,0.07777137462104397,0.04088279346106093
749cb2b7-e57e-4453-a794-f6230e4d0226,96,100.0,334.2624037463071,148363.91266375547,134441.91266375547,0.07777137462104397,0.044926969839549295
749cb2b7-e57e-4453-a794-f6230e4d0226,96,100.0,386.9042154761296,146895.91266375547,134441.91266375547,0.07777137462104397,0.04674606389621378
749cb2b7-e57e-4453-a794-f6230e4d0226,96,100.0,447.8364012089508,146273.91266375547,134441.91266375547,0.07777137462104397,0.04775494249785919
749cb2b7-e57e-4453-a794-f6230e4d0226,96,100.0,518.3645828231037,145907.91266375547,134441.91266375547,0.07777137462104397,0.048519696794298545
749cb2b7-e57e-4453-a794-f6230e4d0226,96,100.0,599.9999999999997,145631.91266375547,134441.91266375547,0.07777137462104397,0.04917821315377701
d7ec0892-0a6c-4f4f-9d8f-72083692af5c,96,100.0,2.0,5694546.57319224,186591.57319223986,0.021733636411931396,0.00014661263607114265
d7ec0892-0a6c-4f4f-9d8f-72083692af5c,96,100.0,2.3149729741653853,5391887.57319224,186591.57319223986,0.021733636411931396,0.00015708445655257243
d7ec0892-0a6c-4f4f-9d8f-72083692af5c,96,100.0,2.6795499355580645,5062939.57319224,186591.57319223986,0.021733636411931396,0.0001720867268340497
d7ec0892-0a6c-4f4f-9d8f-72083692af5c,96,100.0,3.1015428418717597,4719070.57319224,186591.57319223986,0.021733636411931396,0.00019303990386624183
d7ec0892-0a6c-4f4f-9d8f-72083692af5c,96,100.0,3.5899939285746147,4361564.57319224,186591.57319223986,0.021733636411931396,0.0002217613833219276
d7ec0892-0a6c-4f4f-9d8f-72083692af5c,96,100.0,4.1553694610340255,4003268.5731922397,186591.57319223986,0.021733636411931396,0.00026026606287672536
d7ec0892-0a6c-4f4f-9d8f-72083692af5c,96,100.0,4.809783999982975,3648264.5731922397,186591.57319223986,0.021733636411931396,0.0003111304075277142
d7ec0892-0a6c-4f4f-9d8f-72083692af5c,96,100.0,5.567259985766836,3299144.5731922397,186591.57319223986,0.021733636411931396,0.00037757466626789983
d7ec0892-0a6c-4f4f-9d8f-72083692af5c,96,100.0,6.444028203601297,2960225.5731922397,186591.57319223986,0.021733636411931396,0.00046352549844082936
d7ec0892-0a6c-4f4f-9d8f-72083692af5c,96,100.0,7.458875568048258,2636986.5731922397,186591.57319223986,0.021733636411931396,0.000573082734796086
d7ec0892-0a6c-4f4f-9d8f-72083692af5c,96,100.0,8.633547678847101,2327872.5731922397,186591.57319223986,0.021733636411931396,0.0007114965744510051
d7ec0892-0a6c-4f4f-9d8f-72083692af5c,96,100.0,9.993214773849669,2039678.5731922397,186591.57319223986,0.021733636411931396,0.0008844951373450826
d7ec0892-0a6c-4f4f-9d8f-72083692af5c,96,100.0,11.567011063246117,1773015.5731922397,186591.57319223986,0.021733636411931396,0.0010970731530760963
d7ec0892-0a6c-4f4f-9d8f-72083692af5c,96,100.0,13.388659001643386,1527593.5731922397,186591.57319223986,0.021733636411931396,0.0013576458221019414
d7ec0892-0a6c-4f4f-9d8f-72083692af5c,96,100.0,15.497191874560272,1307809.5731922397,186591.57319223986,0.021733636411931396,0.0016662483186903774
d7ec0892-0a6c-4f4f-9d8f-72083692af5c,96,100.0,17.937790182531224,1112584.5731922397,186591.57319223986,0.021733636411931396,0.002034017613571443
d7ec0892-0a6c-4f4f-9d8f-72083692af5c,96,100.0,20.762749744404477,939685.5731922399,186591.57319223986,0.021733636411931396,0.0024590830399096233
d7ec0892-0a6c-4f4f-9d8f-72083692af5c,96,100.0,24.03260226382781,793878.5731922399,186591.57319223986,0.021733636411931396,0.0029441459110519336
d7ec0892-0a6c-4f4f-9d8f-72083692af5c,96,100.0,27.81741236981361,669687.5731922399,186591.57319223986,0.021733636411931396,0.0034856098359698834
d7ec0892-0a6c-4f4f-9d8f-72083692af5c,96,100.0,32.19827892366621,566434.5731922399,186591.57319223986,0.021733636411931396,0.004083501613896726
d7ec0892-0a6c-4f4f-9d8f-72083692af5c,96,100.0,37.26907276146309,484118.57319223986,186591.57319223986,0.021733636411931396,0.00472124217267116
d7ec0892-0a6c-4f4f-9d8f-72083692af5c,96,100.0,43.13844810749518,419557.57319223986,186591.57319223986,0.021733636411931396,0.005390052633247591
d7ec0892-0a6c-4f4f-9d8f-72083692af5c,96,100.0,49.93217075814364,367534.57319223986,186591.57319223986,0.021733636411931396,0.006099190099150037
d7ec0892-0a6c-4f4f-9d8f-72083692af5c,96,100.0,57.795812923256825,326990.57319223986,186591.57319223986,0.021733636411931396,0.006840393101108796
d7ec0892-0a6c-4f4f-9d8f-72083692af5c,96,100.0,66.89787246862902,295442.57319223986,186591.57319223986,0.021733636411931396,0.007623056912697088
d7ec0892-0a6c-4f4f-9d8f-72083692af5c,96,100.0,77.43338339701937,270875.57319223986,186591.57319223986,0.021733636411931396,0.008420177345989509
d7ec0892-0a6c-4f4f-9d8f-72083692af5c,96,100.0,89.62809493114324,251710.57319223986,186591.57319223986,0.021733636411931396,0.009254347219439242
d7ec0892-0a6c-4f4f-9d8f-72083692af5c,96,100.0,103.74330874576306,235651.57319223986,186591.57319223986,0.021733636411931396,0.010138025073528767
d7ec0892-0a6c-4f4f-9d8f-72083692af5c,96,100.0,120.08147799846844,224190.57319223986,186591.57319223986,0.021733636411931396,0.011009715803486793
d7ec0892-0a6c-4f4f-9d8f-72083692af5c,96,100.0,138.99268813214488,215575.57319223986,186591.57319223986,0.021733636411931396,0.011847841328446705
d7ec0892-0a6c-4f4f-9d8f-72083692af5c,96,100.0,160.88215831625678,209675.57319223986,186591.57319223986,0.021733636411931396,0.012669832236121462
d7ec0892-0a6c-4f4f-9d8f-72083692af5c,96,100.0,186.21892426376562,205019.57319223986,186591.57319223986,0.021733636411931396,0.013472518908431635
d7ec0892-0a6c-4f4f-9d8f-72083692af5c,96,100.0,215.54588847438404,201949.57319223986,186591.57319223986,0.021733636411931396,0.014174128851858099
d7ec0892-0a6c-4f4f-9d8f-72083692af5c,96,100.0,249.49145325533257,200170.57319223986,186591.57319223986,0.021733636411931396,0.014696482695180585
d7ec0892-0a6c-4f4f-9d8f-72083692af5c,96,100.0,288.7829857856707,199176.57319223986,186591.57319223986,0.021733636411931396,0.015066398171013313
d7ec0892-0a6c-4f4f-9d8f-72083692af5c,96,100.0,334.2624037463071,198485.57319223986,186591.57319223986,0.021733636411931396,0.015371323768555302
d7ec0892-0a6c-4f4f-9d8f-72083692af5c,96,100.0,386.9042154761296,198148.57319223986,186591.57319223986,0.021733636411931396,0.01556638156996627
d7ec0892-0a6c-4f4f-9d8f-72083692af5c,96,100.0,447.8364012089508,197963.57319223986,186591.57319223986,0.021733636411931396,0.015677846118877153
d7ec0892-0a6c-4f4f-9d8f-72083692af5c,96,100.0,518.3645828231037,197868.57319223986,186591.57319223986,0.021733636411931396,0.01575412753819134
d7ec0892-0a6c-4f4f-9d8f-72083692af5c,96,100.0,599.9999999999997,197829.57319223986,186591.57319223986,0.021733636411931396,0.015795130742858085
da8dfec1-d265-44e8-84ce-6ae9c109b8bd,96,100.0,2.0,5315529.171428571,184593.17142857143,0.010072155320928967,0.00010236381801538207
da8dfec1-d265-44e8-84ce-6ae9c109b8bd,96,100.0,2.3149729741653853,4980753.171428571,184593.17142857143,0.010072155320928967,0.00010946765931023296
da8dfec1-d265-44e8-84ce-6ae9c109b8bd,96,100.0,2.6795499355580645,4619890.171428571,184593.17142857143,0.010072155320928967,0.00011949598153837791
da8dfec1-d265-44e8-84ce-6ae9c109b8bd,96,100.0,3.1015428418717597,4244100.171428571,184593.17142857143,0.010072155320928967,0.0001334196007279242
da8dfec1-d265-44e8-84ce-6ae9c109b8bd,96,100.0,3.5899939285746147,3859225.1714285715,184593.17142857143,0.010072155320928967,0.00015231883923375015
da8dfec1-d265-44e8-84ce-6ae9c109b8bd,96,100.0,4.1553694610340255,3481072.1714285715,184593.17142857143,0.010072155320928967,0.00017725380506558686
da8dfec1-d265-44e8-84ce-6ae9c109b8bd,96,100.0,4.809783999982975,3109639.1714285715,184593.17142857143,0.010072155320928967,0.0002096399787598959
da8dfec1-d265-44e8-84ce-6ae9c109b8bd,96,100.0,5.567259985766836,2754702.1714285715,184593.17142857143,0.010072155320928967,0.00025063533642706484
da8dfec1-d265-44e8-84ce-6ae9c109b8bd,96,100.0,6.444028203601297,2422719.1714285715,184593.17142857143,0.010072155320928967,0.0003020127409597486
da8dfec1-d265-44e8-84ce-6ae9c109b8bd,96,100.0,7.458875568048258,2117600.1714285715,184593.17142857143,0.010072155320928967,0.00036481772149012554
da8dfec1-d265-44e8-84ce-6ae9c109b8bd,96,100.0,8.633547678847101,1839734.1714285715,184593.17142857143,0.010072155320928967,0.0004412714862647282
da8dfec1-d265-44e8-84ce-6ae9c109b8bd,96,100.0,9.993214773849669,1585166.1714285715,184593.17142857143,0.010072155320928967,0.0005336695356344158
da8dfec1-d265-44e8-84ce-6ae9c109b8bd,96,100.0,11.567011063246117,1358378.1714285715,184593.17142857143,0.010072155320928967,0.000643259603370225
da8dfec1-d265-44e8-84ce-6ae9c109b8bd,96,100.0,13.388659001643386,1158384.1714285715,184593.17142857143,0.010072155320928967,0.0007712566756206762
da8dfec1-d265-44e8-84ce-6ae9c109b8bd,96,100.0,15.497191874560272,988031.1714285715,184593.17142857143,0.010072155320928967,0.0009200222222698663
da8dfec1-d265-44e8-84ce-6ae9c109b8bd,96,100.0,17.937790182531224,842434.1714285715,184593.17142857143,0.010072155320928967,0.001088227270099529
da8dfec1-d265-44e8-84ce-6ae9c109b8bd,96,100.0,20.762749744404477,717138.1714285715,184593.17142857143,0.010072155320928967,0.0012786607706247563
da8dfec1-d265-44e8-84ce-6ae9c109b8bd,96,100.0,24.03260226382781,612911.1714285715,184593.17142857143,0.010072155320928967,0.001489427338892405
da8dfec1-d265-44e8-84ce-6ae9c109b8bd,96,100.0,27.81741236981361,528888.1714285715,184593.17142857143,0.010072155320928967,0.0017214074085471537
da8dfec1-d265-44e8-84ce-6ae9c109b8bd,96,100.0,32.19827892366621,459784.17142857146,184593.17142857143,0.010072155320928967,0.001975981112203196
da8dfec1-d265-44e8-84ce-6ae9c109b8bd,96,100.0,37.26907276146309,405322.17142857146,184593.17142857143,0.010072155320928967,0.0022457734940537566
da8dfec1-d265-44e8-84ce-6ae9c109b8bd,96,100.0,43.13844810749518,358157.17142857146,184593.17142857143,0.010072155320928967,0.002551121859293096
da8dfec1-d265-44e8-84ce-6ae9c109b8bd,96,100.0,49.93217075814364,320209.17142857146,184593.17142857143,0.010072155320928967,0.0028765061042511134
da8dfec1-d265-44e8-84ce-6ae9c109b8bd,96,100.0,57.795812923256825,290905.17142857146,184593.17142857143,0.010072155320928967,0.0032248112534886894
da8dfec1-d265-44e8-84ce-6ae9c109b8bd,96,100.0,66.89787246862902,267587.17142857146,184593.17142857143,0.010072155320928967,0.003588099087020996
da8dfec1-d265-44e8-84ce-6ae9c109b8bd,96,100.0,77.43338339701937,248414.17142857143,184593.17142857143,0.010072155320928967,0.00398567662507124
da8dfec1-d265-44e8-84ce-6ae9c109b8bd,96,100.0,89.62809493114324,233857.17142857143,184593.17142857143,0.010072155320928967,0.004371621091758827
da8dfec1-d265-44e8-84ce-6ae9c109b8bd,96,100.0,103.74330874576306,222875.17142857143,184593.17142857143,0.010072155320928967,0.004782105888437865
da8dfec1-d265-44e8-84ce-6ae9c109b8bd,96,100.0,120.08147799846844,213861.17142857143,184593.17142857143,0.010072155320928967,0.005221685777691016
da8dfec1-d265-44e8-84ce-6ae9c109b8bd,96,100.0,138.99268813214488,207234.17142857143,184593.17142857143,0.010072155320928967,0.005666933169529597
da8dfec1-d265-44e8-84ce-6ae9c109b8bd,96,100.0,160.88215831625678,202072.17142857143,184593.17142857143,0.010072155320928967,0.006134814366450043
da8dfec1-d265-44e8-84ce-6ae9c109b8bd,96,100.0,186.21892426376562,198599.17142857143,184593.17142857143,0.010072155320928967,0.006531184010396446
da8dfec1-d265-44e8-84ce-6ae9c109b8bd,96,100.0,215.54588847438404,196946.17142857143,184593.17142857143,0.010072155320928967,0.006763011689867658
da8dfec1-d265-44e8-84ce-6ae9c109b8bd,96,100.0,249.49145325533257,196172.17142857143,184593.17142857143,0.010072155320928967,0.0068968202797485305
da8dfec1-d265-44e8-84ce-6ae9c109b8bd,96,100.0,288.7829857856707,195786.17142857143,184593.17142857143,0.010072155320928967,0.006973877885021423
da8dfec1-d265-44e8-84ce-6ae9c109b8bd,96,100.0,334.2624037463071,195542.17142857143,184593.17142857143,0.010072155320928967,0.0070276154082343405
da8dfec1-d265-44e8-84ce-6ae9c109b8bd,96,100.0,386.9042154761296,195450.17142857143,184593.17142857143,0.010072155320928967,0.007046185773400801
da8dfec1-d265-44e8-84ce-6ae9c109b8bd,96,100.0,447.8364012089508,195447.17142857143,184593.17142857143,0.010072155320928967,0.007046185794736707
da8dfec1-d265-44e8-84ce-6ae9c109b8bd,96,100.0,518.3645828231037,195416.17142857143,184593.17142857143,0.010072155320928967,0.007050326793408313
da8dfec1-d265-44e8-84ce-6ae9c109b8bd,96,100.0,599.9999999999997,195416.17142857143,184593.17142857143,0.010072155320928967,0.007050326793408313
dab512bd-a02d-4c1f-8dbc-9155a163efc0,96,100.0,2.0,3512020.535714286,138193.5357142857,0.3536081111700137,0.0007629968775762814
dab512bd-a02d-4c1f-8dbc-9155a163efc0,96,100.0,2.3149729741653853,3270337.535714286,138193.5357142857,0.3536081111700137,0.0008434312351540575
dab512bd-a02d-4c1f-8dbc-9155a163efc0,96,100.0,2.6795499355580645,3024441.535714286,138193.5357142857,0.3536081111700137,0.0009518897794368302
dab512bd-a02d-4c1f-8dbc-9155a163efc0,96,100.0,3.1015428418717597,2778074.535714286,138193.5357142857,0.3536081111700137,0.0010969557963302341
dab512bd-a02d-4c1f-8dbc-9155a163efc0,96,100.0,3.5899939285746147,2536674.535714286,138193.5357142857,0.3536081111700137,0.001283475319156851
dab512bd-a02d-4c1f-8dbc-9155a163efc0,96,100.0,4.1553694610340255,2304864.535714286,138193.5357142857,0.3536081111700137,0.001521366236676328
dab512bd-a02d-4c1f-8dbc-9155a163efc0,96,100.0,4.809783999982975,2084886.5357142857,138193.5357142857,0.3536081111700137,0.0018201872155369093
dab512bd-a02d-4c1f-8dbc-9155a163efc0,96,100.0,5.567259985766836,1882470.5357142857,138193.5357142857,0.3536081111700137,0.0021889107120124617
dab512bd-a02d-4c1f-8dbc-9155a163efc0,96,100.0,6.444028203601297,1696619.5357142857,138193.5357142857,0.3536081111700137,0.0026414648962796695
dab512bd-a02d-4c1f-8dbc-9155a163efc0,96,100.0,7.458875568048258,1525732.5357142857,138193.5357142857,0.3536081111700137,0.003199021306896902
dab512bd-a02d-4c1f-8dbc-9155a163efc0,96,100.0,8.633547678847101,1370527.5357142857,138193.5357142857,0.3536081111700137,0.003881619478523518
dab512bd-a02d-4c1f-8dbc-9155a163efc0,96,100.0,9.993214773849669,1228352.5357142857,138193.5357142857,0.3536081111700137,0.004716623877350809
dab512bd-a02d-4c1f-8dbc-9155a163efc0,96,100.0,11.567011063246117,1098923.5357142857,138193.5357142857,0.3536081111700137,0.005737805980806394
dab512bd-a02d-4c1f-8dbc-9155a163efc0,96,100.0,13.388659001643386,980696.5357142857,138193.5357142857,0.3536081111700137,0.006980265710655104
dab512bd-a02d-4c1f-8dbc-9155a163efc0,96,100.0,15.497191874560272,875540.5357142857,138193.5357142857,0.3536081111700137,0.008467401527947626
dab512bd-a02d-4c1f-8dbc-9155a163efc0,96,100.0,17.937790182531224,777332.5357142857,138193.5357142857,0.3536081111700137,0.010280791328478945
dab512bd-a02d-4c1f-8dbc-9155a163efc0,96,100.0,20.762749744404477,691542.5357142857,138193.5357142857,0.3536081111700137,0.012426614465713064
dab512bd-a02d-4c1f-8dbc-9155a163efc0,96,100.0,24.03260226382781,613536.5357142857,138193.5357142857,0.3536081111700137,0.014974540311291602
dab512bd-a02d-4c1f-8dbc-9155a163efc0,96,100.0,27.81741236981361,547538.5357142857,138193.5357142857,0.3536081111700137,0.017962501971020624
dab512bd-a02d-4c1f-8dbc-9155a163efc0,96,100.0,32.19827892366621,487468.5357142857,138193.5357142857,0.3536081111700137,0.0215667005811178
dab512bd-a02d-4c1f-8dbc-9155a163efc0,96,100.0,37.26907276146309,433802.5357142857,138193.5357142857,0.3536081111700137,0.025739678059406513
dab512bd-a02d-4c1f-8dbc-9155a163efc0,96,100.0,43.13844810749518,387573.5357142857,138193.5357142857,0.3536081111700137,0.03070228757106659
dab512bd-a02d-4c1f-8dbc-9155a163efc0,96,100.0,49.93217075814364,347836.5357142857,138193.5357142857,0.3536081111700137,0.036520900739687175
dab512bd-a02d-4c1f-8dbc-9155a163efc0,96,100.0,57.795812923256825,311588.5357142857,138193.5357142857,0.3536081111700137,0.04343807573361927
dab512bd-a02d-4c1f-8dbc-9155a163efc0,96,100.0,66.89787246862902,280787.5357142857,138193.5357142857,0.3536081111700137,0.05136108981074599
dab512bd-a02d-4c1f-8dbc-9155a163efc0,96,100.0,77.43338339701937,254137.5357142857,138193.5357142857,0.3536081111700137,0.06038486390743499
dab512bd-a02d-4c1f-8dbc-9155a163efc0,96,100.0,89.62809493114324,231805.5357142857,138193.5357142857,0.3536081111700137,0.07032181802559594
dab512bd-a02d-4c1f-8dbc-9155a163efc0,96,100.0,103.74330874576306,213807.5357142857,138193.5357142857,0.3536081111700137,0.08110914668912476
dab512bd-a02d-4c1f-8dbc-9155a163efc0,96,100.0,120.08147799846844,198935.5357142857,138193.5357142857,0.3536081111700137,0.09340024370594255
dab512bd-a02d-4c1f-8dbc-9155a163efc0,96,100.0,138.99268813214488,186004.5357142857,138193.5357142857,0.3536081111700137,0.10645147650770531
dab512bd-a02d-4c1f-8dbc-9155a163efc0,96,100.0,160.88215831625678,175812.5357142857,138193.5357142857,0.3536081111700137,0.1208523703062198
dab512bd-a02d-4c1f-8dbc-9155a163efc0,96,100.0,186.21892426376562,167896.5357142857,138193.5357142857,0.3536081111700137,0.13598525285897461
dab512bd-a02d-4c1f-8dbc-9155a163efc0,96,100.0,215.54588847438404,161457.5357142857,138193.5357142857,0.3536081111700137,0.15154167079090392
dab512bd-a02d-4c1f-8dbc-9155a163efc0,96,100.0,249.49145325533257,157139.5357142857,138193.5357142857,0.3536081111700137,0.16836946197363065
dab512bd-a02d-4c1f-8dbc-9155a163efc0,96,100.0,288.7829857856707,153025.5357142857,138193.5357142857,0.3536081111700137,0.18676078404123478
dab512bd-a02d-4c1f-8dbc-9155a163efc0,96,100.0,334.2624037463071,150465.5357142857,138193.5357142857,0.3536081111700137,0.20172579292076742
dab512bd-a02d-4c1f-8dbc-9155a163efc0,96,100.0,386.9042154761296,149752.5357142857,138193.5357142857,0.3536081111700137,0.20621576754487872
dab512bd-a02d-4c1f-8dbc-9155a163efc0,96,100.0,447.8364012089508,149481.5357142857,138193.5357142857,0.3536081111700137,0.20846128277534942
dab512bd-a02d-4c1f-8dbc-9155a163efc0,96,100.0,518.3645828231037,149227.5357142857,138193.5357142857,0.3536081111700137,0.21070148903834357
dab512bd-a02d-4c1f-8dbc-9155a163efc0,96,100.0,599.9999999999997,149148.5357142857,138193.5357142857,0.3536081111700137,0.2110633362646443
dc7e9403-19f7-409f-9240-05ee57cb7aea,96,100.0,2.0,5658091.755775577,192060.75577557756,0.034939112495703,0.00013941256073404652
dc7e9403-19f7-409f-9240-05ee57cb7aea,96,100.0,2.3149729741653853,5315549.755775577,192060.75577557756,0.034939112495703,0.0001509375201726355
dc7e9403-19f7-409f-9240-05ee57cb7aea,96,100.0,2.6795499355580645,4950597.755775577,192060.75577557756,0.034939112495703,0.0001671611526528565
dc7e9403-19f7-409f-9240-05ee57cb7aea,96,100.0,3.1015428418717597,4568683.755775577,192060.75577557756,0.034939112495703,0.00018956695680949045
dc7e9403-19f7-409f-9240-05ee57cb7aea,96,100.0,3.5899939285746147,4179129.7557755774,192060.75577557756,0.034939112495703,0.0002198843603464064
dc7e9403-19f7-409f-9240-05ee57cb7aea,96,100.0,4.1553694610340255,3797479.7557755774,192060.75577557756,0.034939112495703,0.00025942893258826304
dc7e9403-19f7-409f-9240-05ee57cb7aea,96,100.0,4.809783999982975,3426653.7557755774,192060.75577557756,0.034939112495703,0.0003106206721369204
dc7e9403-19f7-409f-9240-05ee57cb7aea,96,100.0,5.567259985766836,3076482.7557755774,192060.75577557756,0.034939112495703,0.00037484173906824004
dc7e9403-19f7-409f-9240-05ee57cb7aea,96,100.0,6.444028203601297,2745947.7557755774,192060.75577557756,0.034939112495703,0.00045499576371431296
dc7e9403-19f7-409f-9240-05ee57cb7aea,96,100.0,7.458875568048258,2443667.7557755774,192060.75577557756,0.034939112495703,0.0005527907231882307
dc7e9403-19f7-409f-9240-05ee57cb7aea,96,100.0,8.633547678847101,2167521.7557755774,192060.75577557756,0.034939112495703,0.0006726782764798604
dc7e9403-19f7-409f-9240-05ee57cb7aea,96,100.0,9.993214773849669,1914161.7557755776,192060.75577557756,0.034939112495703,0.0008199442446413208
dc7e9403-19f7-409f-9240-05ee57cb7aea,96,100.0,11.567011063246117,1682857.7557755776,192060.75577557756,0.034939112495703,0.000999109183030394
dc7e9403-19f7-409f-9240-05ee57cb7aea,96,100.0,13.388659001643386,1473483.7557755776,192060.75577557756,0.034939112495703,0.0012143020688580712
dc7e9403-19f7-409f-9240-05ee57cb7aea,96,100.0,15.497191874560272,1285551.7557755776,192060.75577557756,0.034939112495703,0.0014731815683107692
dc7e9403-19f7-409f-9240-05ee57cb7aea,96,100.0,17.937790182531224,1121250.7557755776,192060.75577557756,0.034939112495703,0.0017749533586172725
dc7e9403-19f7-409f-9240-05ee57cb7aea,96,100.0,20.762749744404477,975521.7557755776,192060.75577557756,0.034939112495703,0.002136698712921071
dc7e9403-19f7-409f-9240-05ee57cb7aea,96,100.0,24.03260226382781,846807.7557755776,192060.75577557756,0.034939112495703,0.0025565615311700634
dc7e9403-19f7-409f-9240-05ee57cb7aea,96,100.0,27.81741236981361,735523.7557755776,192060.75577557756,0.034939112495703,0.003042648472744406
dc7e9403-19f7-409f-9240-05ee57cb7aea,96,100.0,32.19827892366621,639636.7557755776,192060.75577557756,0.034939112495703,0.0036023577265076857
dc7e9403-19f7-409f-9240-05ee57cb7aea,96,100.0,37.26907276146309,558300.7557755776,192060.75577557756,0.034939112495703,0.004236641082567903
dc7e9403-19f7-409f-9240-05ee57cb7aea,96,100.0,43.13844810749518,490666.75577557756,192060.75577557756,0.034939112495703,0.004948425906806274
dc7e9403-19f7-409f-9240-05ee57cb7aea,96,100.0,49.93217075814364,434948.75577557756,192060.75577557756,0.034939112495703,0.005736538775143828
dc7e9403-19f7-409f-9240-05ee57cb7aea,96,100.0,57.795812923256825,386776.75577557756,192060.75577557756,0.034939112495703,0.0066218702603640465
dc7e9403-19f7-409f-9240-05ee57cb7aea,96,100.0,66.89787246862902,348905.75577557756,192060.75577557756,0.034939112495703,0.007596619212132843
dc7e9403-19f7-409f-9240-05ee57cb7aea,96,100.0,77.43338339701937,318790.75577557756,192060.75577557756,0.034939112495703,0.00863050595599315
dc7e9403-19f7-409f-9240-05ee57cb7aea,96,100.0,89.62809493114324,293281.75577557756,192060.75577557756,0.034939112495703,0.009795304079737365
dc7e9403-19f7-409f-9240-05ee57cb7aea,96,100.0,103.74330874576306,271279.75577557756,192060.75577557756,0.034939112495703,0.011095646544504041
dc7e9403-19f7-409f-9240-05ee57cb7aea,96,100.0,120.08147799846844,253922.75577557756,192060.75577557756,0.034939112495703,0.012497848184485223
dc7e9403-19f7-409f-9240-05ee57cb7aea,96,100.0,138.99268813214488,238056.75577557756,192060.75577557756,0.034939112495703,0.014042890825390569
dc7e9403-19f7-409f-9240-05ee57cb7aea,96,100.0,160.88215831625678,226953.75577557756,192060.75577557756,0.034939112495703,0.015633115927039896
dc7e9403-19f7-409f-9240-05ee57cb7aea,96,100.0,186.21892426376562,218074.75577557756,192060.75577557756,0.034939112495703,0.017313548048249416
dc7e9403-19f7-409f-9240-05ee57cb7aea,96,100.0,215.54588847438404,211669.75577557756,192060.75577557756,0.034939112495703,0.019006547078216838
dc7e9403-19f7-409f-9240-05ee57cb7aea,96,100.0,249.49145325533257,206765.75577557756,192060.75577557756,0.034939112495703,0.020704511259378094
dc7e9403-19f7-409f-9240-05ee57cb7aea,96,100.0,288.7829857856707,204727.75577557756,192060.75577557756,0.034939112495703,0.021759769477738868
dc7e9403-19f7-409f-9240-05ee57cb7aea,96,100.0,334.2624037463071,203906.75577557756,192060.75577557756,0.034939112495703,0.02238644533739908
dc7e9403-19f7-409f-9240-05ee57cb7aea,96,100.0,386.9042154761296,203565.75577557756,192060.75577557756,0.034939112495703,0.02271781951293736
dc7e9403-19f7-409f-9240-05ee57cb7aea,96,100.0,447.8364012089508,203321.75577557756,192060.75577557756,0.034939112495703,0.023006990652848346
dc7e9403-19f7-409f-9240-05ee57cb7aea,96,100.0,518.3645828231037,203158.75577557756,192060.75577557756,0.034939112495703,0.023288236863875027
dc7e9403-19f7-409f-9240-05ee57cb7aea,96,100.0,599.9999999999997,203027.75577557756,192060.75577557756,0.034939112495703,0.02353152086428539
e8f9fba4-d151-4b00-bee7-447f0f3e752c,96,100.0,2.0,5081671.0,176628.0,0.03732115852789589,0.00032827648895353593
e8f9fba4-d151-4b00-bee7-447f0f3e752c,96,100.0,2.3149729741653853,4765335.0,176628.0,0.03732115852789589,0.00035290195121172926
e8f9fba4-d151-4b00-bee7-447f0f3e752c,96,100.0,2.6795499355580645,4429229.0,176628.0,0.03732115852789589,0.00038762029855960264
e8f9fba4-d151-4b00-bee7-447f0f3e752c,96,100.0,3.1015428418717597,4084994.0,176628.0,0.03732115852789589,0.0004349819526748996
e8f9fba4-d151-4b00-bee7-447f0f3e752c,96,100.0,3.5899939285746147,3734140.0,176628.0,0.03732115852789589,0.0004989546298808723
e8f9fba4-d151-4b00-bee7-447f0f3e752c,96,100.0,4.1553694610340255,3383992.0,176628.0,0.03732115852789589,0.0005837322911918627
e8f9fba4-d151-4b00-bee7-447f0f3e752c,96,100.0,4.809783999982975,3047107.0,176628.0,0.03732115852789589,0.000692523978324384
e8f9fba4-d151-4b00-bee7-447f0f3e752c,96,100.0,5.567259985766836,2727129.0,176628.0,0.03732115852789589,0.0008302500080468574
e8f9fba4-d151-4b00-bee7-447f0f3e752c,96,100.0,6.444028203601297,2422294.0,176628.0,0.03732115852789589,0.0010039848125031636
e8f9fba4-d151-4b00-bee7-447f0f3e752c,96,100.0,7.458875568048258,2138306.0,176628.0,0.03732115852789589,0.0012184518536546998
e8f9fba4-d151-4b00-bee7-447f0f3e752c,96,100.0,8.633547678847101,1876997.0,176628.0,0.03732115852789589,0.0014817871757121378
e8f9fba4-d151-4b00-bee7-447f0f3e752c,96,100.0,9.993214773849669,1640874.0,176628.0,0.03732115852789589,0.0017980488153206255
e8f9fba4-d151-4b00-bee7-447f0f3e752c,96,100.0,11.567011063246117,1427627.0,176628.0,0.03732115852789589,0.0021748575503421222
e8f9fba4-d151-4b00-bee7-447f0f3e752c,96,100.0,13.388659001643386,1237778.0,176628.0,0.03732115852789589,0.0026217380073028317
e8f9fba4-d151-4b00-bee7-447f0f3e752c,96,100.0,15.497191874560272,1074436.0,176628.0,0.03732115852789589,0.0031330648530519564
e8f9fba4-d151-4b00-bee7-447f0f3e752c,96,100.0,17.937790182531224,930834.0,176628.0,0.03732115852789589,0.003725903765772861
e8f9fba4-d151-4b00-bee7-447f0f3e752c,96,100.0,20.762749744404477,807491.0,176628.0,0.03732115852789589,0.00441353570537594
e8f9fba4-d151-4b00-bee7-447f0f3e752c,96,100.0,24.03260226382781,701024.0,176628.0,0.03732115852789589,0.0052047558762150945
e8f9fba4-d151-4b00-bee7-447f0f3e752c,96,100.0,27.81741236981361,612193.0,176628.0,0.03732115852789589,0.006102323346771597
e8f9fba4-d151-4b00-bee7-447f0f3e752c,96,100.0,32.19827892366621,534129.0,176628.0,0.03732115852789589,0.007134513350225848
e8f9fba4-d151-4b00-bee7-447f0f3e752c,96,100.0,37.26907276146309,469556.0,176628.0,0.03732115852789589,0.008296411648151593
e8f9fba4-d151-4b00-bee7-447f0f3e752c,96,100.0,43.13844810749518,413262.0,176628.0,0.03732115852789589,0.00961985540244256
e8f9fba4-d151-4b00-bee7-447f0f3e752c,96,100.0,49.93217075814364,366553.0,176628.0,0.03732115852789589,0.011107305416004933
e8f9fba4-d151-4b00-bee7-447f0f3e752c,96,100.0,57.795812923256825,327095.0,176628.0,0.03732115852789589,0.012736031159893425
e8f9fba4-d151-4b00-bee7-447f0f3e752c,96,100.0,66.89787246862902,294911.0,176628.0,0.03732115852789589,0.014578095481558011
e8f9fba4-d151-4b00-bee7-447f0f3e752c,96,100.0,77.43338339701937,267412.0,176628.0,0.03732115852789589,0.016588310603661487
e8f9fba4-d151-4b00-bee7-447f0f3e752c,96,100.0,89.62809493114324,244925.0,176628.0,0.03732115852789589,0.01873477513844002
e8f9fba4-d151-4b00-bee7-447f0f3e752c,96,100.0,103.74330874576306,226890.0,176628.0,0.03732115852789589,0.0211654037726246
e8f9fba4-d151-4b00-bee7-447f0f3e752c,96,100.0,120.08147799846844,213088.0,176628.0,0.03732115852789589,0.023606905802531372
e8f9fba4-d151-4b00-bee7-447f0f3e752c,96,100.0,138.99268813214488,203155.0,176628.0,0.03732115852789589,0.025716860375954456
e8f9fba4-d151-4b00-bee7-447f0f3e752c,96,100.0,160.88215831625678,196997.0,176628.0,0.03732115852789589,0.027499142446933075
e8f9fba4-d151-4b00-bee7-447f0f3e752c,96,100.0,186.21892426376562,193242.0,176628.0,0.03732115852789589,0.02875937193968049
e8f9fba4-d151-4b00-bee7-447f0f3e752c,96,100.0,215.54588847438404,191139.0,176628.0,0.03732115852789589,0.029692363417398244
e8f9fba4-d151-4b00-bee7-447f0f3e752c,96,100.0,249.49145325533257,189674.0,176628.0,0.03732115852789589,0.030528244313194373
e8f9fba4-d151-4b00-bee7-447f0f3e752c,96,100.0,288.7829857856707,188761.0,176628.0,0.03732115852789589,0.031168232398419277
e8f9fba4-d151-4b00-bee7-447f0f3e752c,96,100.0,334.2624037463071,188135.0,176628.0,0.03732115852789589,0.03172109544626864
e8f9fba4-d151-4b00-bee7-447f0f3e752c,96,100.0,386.9042154761296,187853.0,176628.0,0.03732115852789589,0.032015270266650624
e8f9fba4-d151-4b00-bee7-447f0f3e752c,96,100.0,447.8364012089508,187729.0,176628.0,0.03732115852789589,0.032161392733811536
e8f9fba4-d151-4b00-bee7-447f0f3e752c,96,100.0,518.3645828231037,187678.0,176628.0,0.03732115852789589,0.03223758935856393
e8f9fba4-d151-4b00-bee7-447f0f3e752c,96,100.0,599.9999999999997,187643.0,176628.0,0.03732115852789589,0.032261669600685
eebcaf65-7fa4-4118-869d-a084e84530e2,96,100.0,2.0,3548942.4777183603,132717.47771836008,0.12305946166862808,0.0008680934220540419
eebcaf65-7fa4-4118-869d-a084e84530e2,96,100.0,2.3149729741653853,3303645.4777183603,132717.47771836008,0.12305946166862808,0.0009291612363833878
eebcaf65-7fa4-4118-869d-a084e84530e2,96,100.0,2.6795499355580645,3043590.4777183603,132717.47771836008,0.12305946166862808,0.0010135667309514398
eebcaf65-7fa4-4118-869d-a084e84530e2,96,100.0,3.1015428418717597,2777546.4777183603,132717.47771836008,0.12305946166862808,0.0011281698889866517
eebcaf65-7fa4-4118-869d-a084e84530e2,96,100.0,3.5899939285746147,2511226.4777183603,132717.47771836008,0.12305946166862808,0.0012779567740859401
eebcaf65-7fa4-4118-869d-a084e84530e2,96,100.0,4.1553694610340255,2251964.4777183603,132717.47771836008,0.12305946166862808,0.0014709842503129085
eebcaf65-7fa4-4118-869d-a084e84530e2,96,100.0,4.809783999982975,2005397.47771836,132717.47771836008,0.12305946166862808,0.0017121981210188506
eebcaf65-7fa4-4118-869d-a084e84530e2,96,100.0,5.567259985766836,1774656.47771836,132717.47771836008,0.12305946166862808,0.0020124498520798823
eebcaf65-7fa4-4118-869d-a084e84530e2,96,100.0,6.444028203601297,1560998.47771836,132717.47771836008,0.12305946166862808,0.0023774297882741377
eebcaf65-7fa4-4118-869d-a084e84530e2,96,100.0,7.458875568048258,1366405.47771836,132717.47771836008,0.12305946166862808,0.002816466710770467
eebcaf65-7fa4-4118-869d-a084e84530e2,96,100.0,8.633547678847101,1194614.47771836,132717.47771836008,0.12305946166862808,0.003334416156251827
eebcaf65-7fa4-4118-869d-a084e84530e2,96,100.0,9.993214773849669,1042219.47771836,132717.47771836008,0.12305946166862808,0.003940642264268412
eebcaf65-7fa4-4118-869d-a084e84530e2,96,100.0,11.567011063246117,908836.47771836,132717.47771836008,0.12305946166862808,0.004653253499699817
eebcaf65-7fa4-4118-869d-a084e84530e2,96,100.0,13.388659001643386,793927.47771836,132717.47771836008,0.12305946166862808,0.005469149599348495
eebcaf65-7fa4-4118-869d-a084e84530e2,96,100.0,15.497191874560272,692555.47771836,132717.47771836008,0.12305946166862808,0.00641105521817854
eebcaf65-7fa4-4118-869d-a084e84530e2,96,100.0,17.937790182531224,606989.47771836,132717.47771836008,0.12305946166862808,0.0074993087421672145
eebcaf65-7fa4-4118-869d-a084e84530e2,96,100.0,20.762749744404477,532145.47771836,132717.47771836008,0.12305946166862808,0.008739234760246593
eebcaf65-7fa4-4118-869d-a084e84530e2,96,100.0,24.03260226382781,467791.4777183601,132717.47771836008,0.12305946166862808,0.010150178725073745
eebcaf65-7fa4-4118-869d-a084e84530e2,96,100.0,27.81741236981361,414407.4777183601,132717.47771836008,0.12305946166862808,0.011739091266681339
eebcaf65-7fa4-4118-869d-a084e84530e2,96,100.0,32.19827892366621,369232.4777183601,132717.47771836008,0.12305946166862808,0.013543339460440425
eebcaf65-7fa4-4118-869d-a084e84530e2,96,100.0,37.26907276146309,330520.4777183601,132717.47771836008,0.12305946166862808,0.015586150529434763
eebcaf65-7fa4-4118-869d-a084e84530e2,96,100.0,43.13844810749518,298277.4777183601,132717.47771836008,0.12305946166862808,0.017923511518457776
eebcaf65-7fa4-4118-869d-a084e84530e2,96,100.0,49.93217075814364,270040.4777183601,132717.47771836008,0.12305946166862808,0.020580862121301016
eebcaf65-7fa4-4118-869d-a084e84530e2,96,100.0,57.795812923256825,245929.47771836008,132717.47771836008,0.12305946166862808,0.023707820595490037
eebcaf65-7fa4-4118-869d-a084e84530e2,96,100.0,66.89787246862902,225542.47771836008,132717.47771836008,0.12305946166862808,0.027140687469560398
eebcaf65-7fa4-4118-869d-a084e84530e2,96,100.0,77.43338339701937,208162.47771836008,132717.47771836008,0.12305946166862808,0.03100324045678254
eebcaf65-7fa4-4118-869d-a084e84530e2,96,100.0,89.62809493114324,194396.47771836008,132717.47771836008,0.12305946166862808,0.035340088016973865
eebcaf65-7fa4-4118-869d-a084e84530e2,96,100.0,103.74330874576306,181818.47771836008,132717.47771836008,0.12305946166862808,0.04010044502256048
eebcaf65-7fa4-4118-869d-a084e84530e2,96,100.0,120.08147799846844,172285.47771836008,132717.47771836008,0.12305946166862808,0.0453029005035892
eebcaf65-7fa4-4118-869d-a084e84530e2,96,100.0,138.99268813214488,163636.47771836008,132717.47771836008,0.12305946166862808,0.05124204472336826
eebcaf65-7fa4-4118-869d-a084e84530e2,96,100.0,160.88215831625678,156897.47771836008,132717.47771836008,0.12305946166862808,0.057262879827132636
eebcaf65-7fa4-4118-869d-a084e84530e2,96,100.0,186.21892426376562,152572.47771836008,132717.47771836008,0.12305946166862808,0.06275739230039251
eebcaf65-7fa4-4118-869d-a084e84530e2,96,100.0,215.54588847438404,149175.47771836008,132717.47771836008,0.12305946166862808,0.0675567667643757
eebcaf65-7fa4-4118-869d-a084e84530e2,96,100.0,249.49145325533257,147059.47771836008,132717.47771836008,0.12305946166862808,0.07112375692135094
eebcaf65-7fa4-4118-869d-a084e84530e2,96,100.0,288.7829857856707,145681.47771836008,132717.47771836008,0.12305946166862808,0.07402712598043981
eebcaf65-7fa4-4118-869d-a084e84530e2,96,100.0,334.2624037463071,144922.47771836008,132717.47771836008,0.12305946166862808,0.07613905288739596
eebcaf65-7fa4-4118-869d-a084e84530e2,96,100.0,386.9042154761296,144348.47771836008,132717.47771836008,0.12305946166862808,0.07809929979538963
eebcaf65-7fa4-4118-869d-a084e84530e2,96,100.0,447.8364012089508,144090.47771836008,132717.47771836008,0.12305946166862808,0.07918432316699542
eebcaf65-7fa4-4118-869d-a084e84530e2,96,100.0,518.3645828231037,143877.47771836008,132717.47771836008,0.12305946166862808,0.08004329448361602
eebcaf65-7fa4-4118-869d-a084e84530e2,96,100.0,599.9999999999997,143789.47771836008,132717.47771836008,0.12305946166862808,0.08046411446014597
fe380793-8035-414e-b000-09bfe5ece92a,96,100.0,2.0,4578304.299858557,158044.2998585573,0.18287343951025295,0.0004995940660892207
fe380793-8035-414e-b000-09bfe5ece92a,96,100.0,2.3149729741653853,4311555.299858557,158044.2998585573,0.18287343951025295,0.0005432511630446033
fe380793-8035-414e-b000-09bfe5ece92a,96,100.0,2.6795499355580645,4033356.299858557,158044.2998585573,0.18287343951025295,0.0006038495866295135
fe380793-8035-414e-b000-09bfe5ece92a,96,100.0,3.1015428418717597,3746739.299858557,158044.2998585573,0.18287343951025295,0.0006862753076310257
fe380793-8035-414e-b000-09bfe5ece92a,96,100.0,3.5899939285746147,3456950.299858557,158044.2998585573,0.18287343951025295,0.0007964903460686427
fe380793-8035-414e-b000-09bfe5ece92a,96,100.0,4.1553694610340255,3168379.299858557,158044.2998585573,0.18287343951025295,0.0009419467340193134
fe380793-8035-414e-b000-09bfe5ece92a,96,100.0,4.809783999982975,2887358.299858557,158044.2998585573,0.18287343951025295,0.001131502946039378
fe380793-8035-414e-b000-09bfe5ece92a,96,100.0,5.567259985766836,2618023.299858557,158044.2998585573,0.18287343951025295,0.0013737916027134166
fe380793-8035-414e-b000-09bfe5ece92a,96,100.0,6.444028203601297,2361580.299858557,158044.2998585573,0.18287343951025295,0.0016840017847572835
fe380793-8035-414e-b000-09bfe5ece92a,96,100.0,7.458875568048258,2117781.299858557,158044.2998585573,0.18287343951025295,0.002075140172460459
fe380793-8035-414e-b000-09bfe5ece92a,96,100.0,8.633547678847101,1889465.2998585573,158044.2998585573,0.18287343951025295,0.002564319267717118
fe380793-8035-414e-b000-09bfe5ece92a,96,100.0,9.993214773849669,1676804.2998585573,158044.2998585573,0.18287343951025295,0.003175889667189725
fe380793-8035-414e-b000-09bfe5ece92a,96,100.0,11.567011063246117,1481125.2998585573,158044.2998585573,0.18287343951025295,0.0039244203592428036
fe380793-8035-414e-b000-09bfe5ece92a,96,100.0,13.388659001643386,1304141.2998585573,158044.2998585573,0.18287343951025295,0.0048258676415241075
fe380793-8035-414e-b000-09bfe5ece92a,96,100.0,15.497191874560272,1144628.2998585573,158044.2998585573,0.18287343951025295,0.0058986913874761555
fe380793-8035-414e-b000-09bfe5ece92a,96,100.0,17.937790182531224,1004286.2998585573,158044.2998585573,0.18287343951025295,0.007155246864474277
fe380793-8035-414e-b000-09bfe5ece92a,96,100.0,20.762749744404477,883822.2998585573,158044.2998585573,0.18287343951025295,0.008598826697266745
fe380793-8035-414e-b000-09bfe5ece92a,96,100.0,24.03260226382781,780919.2998585573,158044.2998585573,0.18287343951025295,0.010246693704643569
fe380793-8035-414e-b000-09bfe5ece92a,96,100.0,27.81741236981361,693075.2998585573,158044.2998585573,0.18287343951025295,0.012133726603416975
fe380793-8035-414e-b000-09bfe5ece92a,96,100.0,32.19827892366621,616262.2998585573,158044.2998585573,0.18287343951025295,0.014313219739189666
fe380793-8035-414e-b000-09bfe5ece92a,96,100.0,37.26907276146309,549855.2998585573,158044.2998585573,0.18287343951025295,0.016852594014180395
fe380793-8035-414e-b000-09bfe5ece92a,96,100.0,43.13844810749518,494408.2998585573,158044.2998585573,0.18287343951025295,0.01982141638886997
fe380793-8035-414e-b000-09bfe5ece92a,96,100.0,49.93217075814364,444943.2998585573,158044.2998585573,0.18287343951025295,0.023392172584851902
fe380793-8035-414e-b000-09bfe5ece92a,96,100.0,57.795812923256825,400661.2998585573,158044.2998585573,0.18287343951025295,0.027585592590548342
fe380793-8035-414e-b000-09bfe5ece92a,96,100.0,66.89787246862902,360517.2998585573,158044.2998585573,0.18287343951025295,0.032566448294049886
fe380793-8035-414e-b000-09bfe5ece92a,96,100.0,77.43338339701937,325492.2998585573,158044.2998585573,0.18287343951025295,0.038558626402513424
fe380793-8035-414e-b000-09bfe5ece92a,96,100.0,89.62809493114324,292950.2998585573,158044.2998585573,0.18287343951025295,0.04568690382061951
fe380793-8035-414e-b000-09bfe5ece92a,96,100.0,103.74330874576306,265479.2998585573,158044.2998585573,0.18287343951025295,0.05392211490497362
fe380793-8035-414e-b000-09bfe5ece92a,96,100.0,120.08147799846844,241757.2998585573,158044.2998585573,0.18287343951025295,0.06317447627594694
fe380793-8035-414e-b000-09bfe5ece92a,96,100.0,138.99268813214488,221369.2998585573,158044.2998585573,0.18287343951025295,0.07338708131222893
fe380793-8035-414e-b000-09bfe5ece92a,96,100.0,160.88215831625678,205062.2998585573,158044.2998585573,0.18287343951025295,0.08466434053128304
fe380793-8035-414e-b000-09bfe5ece92a,96,100.0,186.21892426376562,193107.2998585573,158044.2998585573,0.18287343951025295,0.09602156383984331
fe380793-8035-414e-b000-09bfe5ece92a,96,100.0,215.54588847438404,183532.2998585573,158044.2998585573,0.18287343951025295,0.10747746696514222
fe380793-8035-414e-b000-09bfe5ece92a,96,100.0,249.49145325533257,177469.2998585573,158044.2998585573,0.18287343951025295,0.11767297127769757
fe380793-8035-414e-b000-09bfe5ece92a,96,100.0,288.7829857856707,174893.2998585573,158044.2998585573,0.18287343951025295,0.1230751778390681
fe380793-8035-414e-b000-09bfe5ece92a,96,100.0,334.2624037463071,173138.2998585573,158044.2998585573,0.18287343951025295,0.12800709724450202
fe380793-8035-414e-b000-09bfe5ece92a,96,100.0,386.9042154761296,171792.2998585573,158044.2998585573,0.18287343951025295,0.1328378422156371
fe380793-8035-414e-b000-09bfe5ece92a,96,100.0,447.8364012089508,170760.2998585573,158044.2998585573,0.18287343951025295,0.13773850493612
fe380793-8035-414e-b000-09bfe5ece92a,96,100.0,518.3645828231037,170151.2998585573,158044.2998585573,0.18287343951025295,0.14139351969590722
fe380793-8035-414e-b000-09bfe5ece92a,96,100.0,599.9999999999997,169726.2998585573,158044.2998585573,0.18287343951025295,0.14500132538615132
1a276285-8b0e-4cc9-9f0a-a3a002978724,64,100.0,2.0,3896435.4184514005,89732.41845140033,0.2132329076357336,0.0005184706465534636
1a276285-8b0e-4cc9-9f0a-a3a002978724,64,100.0,2.3149729741653853,3689170.4184514005,89732.41845140033,0.2132329076357336,0.0005593350330419154
1a276285-8b0e-4cc9-9f0a-a3a002978724,64,100.0,2.6795499355580645,3469031.4184514005,89732.41845140033,0.2132329076357336,0.0006167475035200326
1a276285-8b0e-4cc9-9f0a-a3a002978724,64,100.0,3.1015428418717597,3238033.4184514005,89732.41845140033,0.2132329076357336,0.0006964465293796225
1a276285-8b0e-4cc9-9f0a-a3a002978724,64,100.0,3.5899939285746147,3003177.4184514005,89732.41845140033,0.2132329076357336,0.0008045131025450247
1a276285-8b0e-4cc9-9f0a-a3a002978724,64,100.0,4.1553694610340255,2766740.4184514005,89732.41845140033,0.2132329076357336,0.0009484294649554284
1a276285-8b0e-4cc9-9f0a-a3a002978724,64,100.0,4.809783999982975,2531404.4184514005,89732.41845140033,0.2132329076357336,0.0011399053587106526
1a276285-8b0e-4cc9-9f0a-a3a002978724,64,100.0,5.567259985766836,2301866.4184514005,89732.41845140033,0.2132329076357336,0.0013882190888807732
1a276285-8b0e-4cc9-9f0a-a3a002978724,64,100.0,6.444028203601297,2082197.4184514002,89732.41845140033,0.2132329076357336,0.0017078332204063854
1a276285-8b0e-4cc9-9f0a-a3a002978724,64,100.0,7.458875568048258,1867937.4184514002,89732.41845140033,0.2132329076357336,0.0021228543366457278
1a276285-8b0e-4cc9-9f0a-a3a002978724,64,100.0,8.633547678847101,1663974.4184514002,89732.41845140033,0.2132329076357336,0.00264943275035048
1a276285-8b0e-4cc9-9f0a-a3a002978724,64,100.0,9.993214773849669,1472449.4184514002,89732.41845140033,0.2132329076357336,0.0033079338010553253
1a276285-8b0e-4cc9-9f0a-a3a002978724,64,100.0,11.567011063246117,1294065.4184514002,89732.41845140033,0.2132329076357336,0.0041227007572850055
1a276285-8b0e-4cc9-9f0a-a3a002978724,64,100.0,13.388659001643386,1131633.4184514002,89732.41845140033,0.2132329076357336,0.00511344397775387
1a276285-8b0e-4cc9-9f0a-a3a002978724,64,100.0,15.497191874560272,986805.4184514004,89732.41845140033,0.2132329076357336,0.006274048225353452
1a276285-8b0e-4cc9-9f0a-a3a002978724,64,100.0,17.937790182531224,858085.4184514004,89732.41845140033,0.2132329076357336,0.007641968947177644
1a276285-8b0e-4cc9-9f0a-a3a002978724,64,100.0,20.762749744404477,748242.4184514004,89732.41845140033,0.2132329076357336,0.009202602606610577
1a276285-8b0e-4cc9-9f0a-a3a002978724,64,100.0,24.03260226382781,653980.4184514004,89732.41845140033,0.2132329076357336,0.010974330965849391
1a276285-8b0e-4cc9-9f0a-a3a002978724,64,100.0,27.81741236981361,575995.4184514004,89732.41845140033,0.2132329076357336,0.012969725494468828
1a276285-8b0e-4cc9-9f0a-a3a002978724,64,100.0,32.19827892366621,506579.41845140036,89732.41845140033,0.2132329076357336,0.015269165246049347
1a276285-8b0e-4cc9-9f0a-a3a002978724,64,100.0,37.26907276146309,447416.41845140036,89732.41845140033,0.2132329076357336,0.017948717338965706
1a276285-8b0e-4cc9-9f0a-a3a002978724,64,100.0,43.13844810749518,398191.41845140036,89732.41845140033,0.2132329076357336,0.021050708204421044
1a276285-8b0e-4cc9-9f0a-a3a002978724,64,100.0,49.93217075814364,354962.41845140036,89732.41845140033,0.2132329076357336,0.024745343431802968
1a276285-8b0e-4cc9-9f0a-a3a002978724,64,100.0,57.795812923256825,316172.41845140036,89732.41845140033,0.2132329076357336,0.029171311049035302
1a276285-8b0e-4cc9-9f0a-a3a002978724,64,100.0,66.89787246862902,279446.41845140036,89732.41845140033,0.2132329076357336,0.03452057613562012
1a276285-8b0e-4cc9-9f0a-a3a002978724,64,100.0,77.43338339701937,248463.41845140033,89732.41845140033,0.2132329076357336,0.04097278651613195
1a276285-8b0e-4cc9-9f0a-a3a002978724,64,100.0,89.62809493114324,219170.41845140033,89732.41845140033,0.2132329076357336,0.04866616255884268
1a276285-8b0e-4cc9-9f0a-a3a002978724,64,100.0,103.74330874576306,195262.41845140033,89732.41845140033,0.2132329076357336,0.05765733246814965
1a276285-8b0e-4cc9-9f0a-a3a002978724,64,100.0,120.08147799846844,172220.41845140033,89732.41845140033,0.2132329076357336,0.06824881399885935
1a276285-8b0e-4cc9-9f0a-a3a002978724,64,100.0,138.99268813214488,152859.41845140033,89732.41845140033,0.2132329076357336,0.08002753749956584
1a276285-8b0e-4cc9-9f0a-a3a002978724,64,100.0,160.88215831625678,136308.41845140033,89732.41845140033,0.2132329076357336,0.09341454221352946
1a276285-8b0e-4cc9-9f0a-a3a002978724,64,100.0,186.21892426376562,124199.41845140033,89732.41845140033,0.2132329076357336,0.10756537584610805
1a276285-8b0e-4cc9-9f0a-a3a002978724,64,100.0,215.54588847438404,114405.41845140033,89732.41845140033,0.2132329076357336,0.1215427060768309
1a276285-8b0e-4cc9-9f0a-a3a002978724,64,100.0,249.49145325533257,107993.41845140033,89732.41845140033,0.2132329076357336,0.13489006933978925
1a276285-8b0e-4cc9-9f0a-a3a002978724,64,100.0,288.7829857856707,105168.41845140033,89732.41845140033,0.2132329076357336,0.14211248817615627
1a276285-8b0e-4cc9-9f0a-a3a002978724,64,100.0,334.2624037463071,103533.41845140033,89732.41845140033,0.2132329076357336,0.14752838424926068
1a276285-8b0e-4cc9-9f0a-a3a002978724,64,100.0,386.9042154761296,102547.41845140033,89732.41845140033,0.2132329076357336,0.15173592565809382
1a276285-8b0e-4cc9-9f0a-a3a002978724,64,100.0,447.8364012089508,101822.41845140033,89732.41845140033,0.2132329076357336,0.15574863775715725
1a276285-8b0e-4cc9-9f0a-a3a002978724,64,100.0,518.3645828231037,101322.41845140033,89732.41845140033,0.2132329076357336,0.15917454858149277
1a276285-8b0e-4cc9-9f0a-a3a002978724,64,100.0,599.9999999999997,101023.41845140033,89732.41845140033,0.2132329076357336,0.1621183889044095
1e104bf4-7a24-4624-a5b2-c2c8289c0de7,64,100.0,2.0,3770037.9937888198,88399.99378881988,0.3815347500752587,0.0009372615333191304
1e104bf4-7a24-4624-a5b2-c2c8289c0de7,64,100.0,2.3149729741653853,3564828.9937888198,88399.99378881988,0.3815347500752587,0.0010203924858003478
1e104bf4-7a24-4624-a5b2-c2c8289c0de7,64,100.0,2.6795499355580645,3351014.9937888198,88399.99378881988,0.3815347500752587,0.001135644199580979
1e104bf4-7a24-4624-a5b2-c2c8289c0de7,64,100.0,3.1015428418717597,3130439.9937888198,88399.99378881988,0.3815347500752587,0.0012945580131298424
1e104bf4-7a24-4624-a5b2-c2c8289c0de7,64,100.0,3.5899939285746147,2904732.9937888198,88399.99378881988,0.3815347500752587,0.0015082317187836668
1e104bf4-7a24-4624-a5b2-c2c8289c0de7,64,100.0,4.1553694610340255,2682661.9937888198,88399.99378881988,0.3815347500752587,0.0017909152274712579
1e104bf4-7a24-4624-a5b2-c2c8289c0de7,64,100.0,4.809783999982975,2465546.9937888198,88399.99378881988,0.3815347500752587,0.002160402336729151
1e104bf4-7a24-4624-a5b2-c2c8289c0de7,64,100.0,5.567259985766836,2251620.9937888198,88399.99378881988,0.3815347500752587,0.0026464657001551975
1e104bf4-7a24-4624-a5b2-c2c8289c0de7,64,100.0,6.444028203601297,2044718.9937888198,88399.99378881988,0.3815347500752587,0.0032652986150595096
1e104bf4-7a24-4624-a5b2-c2c8289c0de7,64,100.0,7.458875568048258,1845400.9937888198,88399.99378881988,0.3815347500752587,0.004061348793926443
1e104bf4-7a24-4624-a5b2-c2c8289c0de7,64,100.0,8.633547678847101,1656063.9937888198,88399.99378881988,0.3815347500752587,0.005077489099659725
1e104bf4-7a24-4624-a5b2-c2c8289c0de7,64,100.0,9.993214773849669,1478005.9937888198,88399.99378881988,0.3815347500752587,0.006358345319946461
1e104bf4-7a24-4624-a5b2-c2c8289c0de7,64,100.0,11.567011063246117,1310539.9937888198,88399.99378881988,0.3815347500752587,0.00797275138649819
1e104bf4-7a24-4624-a5b2-c2c8289c0de7,64,100.0,13.388659001643386,1155630.9937888198,88399.99378881988,0.3815347500752587,0.009978622128354176
1e104bf4-7a24-4624-a5b2-c2c8289c0de7,64,100.0,15.497191874560272,1010587.9937888199,88399.99378881988,0.3815347500752587,0.012485641528234705
1e104bf4-7a24-4624-a5b2-c2c8289c0de7,64,100.0,17.937790182531224,875355.9937888199,88399.99378881988,0.3815347500752587,0.015577685956179498
1e104bf4-7a24-4624-a5b2-c2c8289c0de7,64,100.0,20.762749744404477,752776.9937888199,88399.99378881988,0.3815347500752587,0.019320684902744915
1e104bf4-7a24-4624-a5b2-c2c8289c0de7,64,100.0,24.03260226382781,645104.9937888199,88399.99378881988,0.3815347500752587,0.023722867437650865
1e104bf4-7a24-4624-a5b2-c2c8289c0de7,64,100.0,27.81741236981361,548201.9937888199,88399.99378881988,0.3815347500752587,0.02889997650259606
1e104bf4-7a24-4624-a5b2-c2c8289c0de7,64,100.0,32.19827892366621,463302.9937888199,88399.99378881988,0.3815347500752587,0.034921209468148286
1e104bf4-7a24-4624-a5b2-c2c8289c0de7,64,100.0,37.26907276146309,389965.9937888199,88399.99378881988,0.3815347500752587,0.04176174119304952
1e104bf4-7a24-4624-a5b2-c2c8289c0de7,64,100.0,43.13844810749518,331066.9937888199,88399.99378881988,0.3815347500752587,0.0493343570842624
1e104bf4-7a24-4624-a5b2-c2c8289c0de7,64,100.0,49.93217075814364,281407.9937888199,88399.99378881988,0.3815347500752587,0.05771366475267282
1e104bf4-7a24-4624-a5b2-c2c8289c0de7,64,100.0,57.795812923256825,242721.99378881988,88399.99378881988,0.3815347500752587,0.06662242234409377
1e104bf4-7a24-4624-a5b2-c2c8289c0de7,64,100.0,66.89787246862902,211698.99378881988,88399.99378881988,0.3815347500752587,0.0760902583465748
1e104bf4-7a24-4624-a5b2-c2c8289c0de7,64,100.0,77.43338339701937,186769.99378881988,88399.99378881988,0.3815347500752587,0.08596324196443234
1e104bf4-7a24-4624-a5b2-c2c8289c0de7,64,100.0,89.62809493114324,167180.99378881988,88399.99378881988,0.3815347500752587,0.09647928219158369
1e104bf4-7a24-4624-a5b2-c2c8289c0de7,64,100.0,103.74330874576306,151892.99378881988,88399.99378881988,0.3815347500752587,0.10755679381553584
1e104bf4-7a24-4624-a5b2-c2c8289c0de7,64,100.0,120.08147799846844,139376.99378881988,88399.99378881988,0.3815347500752587,0.11931458712624857
1e104bf4-7a24-4624-a5b2-c2c8289c0de7,64,100.0,138.99268813214488,129047.99378881988,88399.99378881988,0.3815347500752587,0.1323396461129437
1e104bf4-7a24-4624-a5b2-c2c8289c0de7,64,100.0,160.88215831625678,120231.99378881988,88399.99378881988,0.3815347500752587,0.14684222167568747
1e104bf4-7a24-4624-a5b2-c2c8289c0de7,64,100.0,186.21892426376562,114008.99378881988,88399.99378881988,0.3815347500752587,0.16118930363668638
1e104bf4-7a24-4624-a5b2-c2c8289c0de7,64,100.0,215.54588847438404,108970.99378881988,88399.99378881988,0.3815347500752587,0.17808886736247012
1e104bf4-7a24-4624-a5b2-c2c8289c0de7,64,100.0,249.49145325533257,104485.99378881988,88399.99378881988,0.3815347500752587,0.19666376168407243
1e104bf4-7a24-4624-a5b2-c2c8289c0de7,64,100.0,288.7829857856707,101233.99378881988,88399.99378881988,0.3815347500752587,0.21488669676338823
1e104bf4-7a24-4624-a5b2-c2c8289c0de7,64,100.0,334.2624037463071,100008.99378881988,88399.99378881988,0.3815347500752587,0.22393739163781465
1e104bf4-7a24-4624-a5b2-c2c8289c0de7,64,100.0,386.9042154761296,99673.99378881988,88399.99378881988,0.3815347500752587,0.22630076829845844
1e104bf4-7a24-4624-a5b2-c2c8289c0de7,64,100.0,447.8364012089508,99469.99378881988,88399.99378881988,0.3815347500752587,0.2281614261804544
1e104bf4-7a24-4624-a5b2-c2c8289c0de7,64,100.0,518.3645828231037,99316.99378881988,88399.99378881988,0.3815347500752587,0.22948406569744223
1e104bf4-7a24-4624-a5b2-c2c8289c0de7,64,100.0,599.9999999999997,99207.99378881988,88399.99378881988,0.3815347500752587,0.23050540899023253
6638cfb3-3831-4fc2-9327-194b76cf22e1,64,100.0,2.0,3252061.161904762,79618.1619047619,1.0724413988312285,0.0029630221360469004
6638cfb3-3831-4fc2-9327-194b76cf22e1,64,100.0,2.3149729741653853,3054606.161904762,79618.1619047619,1.0724413988312285,0.0032279305937459994
6638cfb3-3831-4fc2-9327-194b76cf22e1,64,100.0,2.6795499355580645,2844287.161904762,79618.1619047619,1.0724413988312285,0.003599704832458779
6638cfb3-3831-4fc2-9327-194b76cf22e1,64,100.0,3.1015428418717597,2625858.161904762,79618.1619047619,1.0724413988312285,0.004112668090153993
6638cfb3-3831-4fc2-9327-194b76cf22e1,64,100.0,3.5899939285746147,2404209.161904762,79618.1619047619,1.0724413988312285,0.004804222293911847
6638cfb3-3831-4fc2-9327-194b76cf22e1,64,100.0,4.1553694610340255,2180536.161904762,79618.1619047619,1.0724413988312285,0.005727010155398511
6638cfb3-3831-4fc2-9327-194b76cf22e1,64,100.0,4.809783999982975,1962897.1619047618,79618.1619047619,1.0724413988312285,0.006920963086182915
6638cfb3-3831-4fc2-9327-194b76cf22e1,64,100.0,5.567259985766836,1753826.1619047618,79618.1619047619,1.0724413988312285,0.008460058599942652
6638cfb3-3831-4fc2-9327-194b76cf22e1,64,100.0,6.444028203601297,1555611.1619047618,79618.1619047619,1.0724413988312285,0.010395060517697887
6638cfb3-3831-4fc2-9327-194b76cf22e1,64,100.0,7.458875568048258,1371414.1619047618,79618.1619047619,1.0724413988312285,0.012788745473039112
6638cfb3-3831-4fc2-9327-194b76cf22e1,64,100.0,8.633547678847101,1202245.1619047618,79618.1619047619,1.0724413988312285,0.01571966516761512
6638cfb3-3831-4fc2-9327-194b76cf22e1,64,100.0,9.993214773849669,1049575.1619047618,79618.1619047619,1.0724413988312285,0.019251594396141363
6638cfb3-3831-4fc2-9327-194b76cf22e1,64,100.0,11.567011063246117,914005.1619047619,79618.1619047619,1.0724413988312285,0.02345177723121114
6638cfb3-3831-4fc2-9327-194b76cf22e1,64,100.0,13.388659001643386,794080.1619047619,79618.1619047619,1.0724413988312285,0.02840567273818153
6638cfb3-3831-4fc2-9327-194b76cf22e1,64,100.0,15.497191874560272,686219.1619047619,79618.1619047619,1.0724413988312285,0.03428999955333767
6638cfb3-3831-4fc2-9327-194b76cf22e1,64,100.0,17.937790182531224,589950.1619047619,79618.1619047619,1.0724413988312285,0.04125187304121976
6638cfb3-3831-4fc2-9327-194b76cf22e1,64,100.0,20.762749744404477,508179.1619047619,79618.1619047619,1.0724413988312285,0.049352384921048605
6638cfb3-3831-4fc2-9327-194b76cf22e1,64,100.0,24.03260226382781,434387.1619047619,79618.1619047619,1.0724413988312285,0.0590413581069236
6638cfb3-3831-4fc2-9327-194b76cf22e1,64,100.0,27.81741236981361,372188.1619047619,79618.1619047619,1.0724413988312285,0.07006919055571455
6638cfb3-3831-4fc2-9327-194b76cf22e1,64,100.0,32.19827892366621,316558.1619047619,79618.1619047619,1.0724413988312285,0.08293496968223957
6638cfb3-3831-4fc2-9327-194b76cf22e1,64,100.0,37.26907276146309,268090.1619047619,79618.1619047619,1.0724413988312285,0.09759171813919415
6638cfb3-3831-4fc2-9327-194b76cf22e1,64,100.0,43.13844810749518,229200.16190476192,79618.1619047619,1.0724413988312285,0.11395063315803562
6638cfb3-3831-4fc2-9327-194b76cf22e1,64,100.0,49.93217075814364,197796.16190476192,79618.1619047619,1.0724413988312285,0.13184303498678696
6638cfb3-3831-4fc2-9327-194b76cf22e1,64,100.0,57.795812923256825,172151.16190476192,79618.1619047619,1.0724413988312285,0.15046843097448068
6638cfb3-3831-4fc2-9327-194b76cf22e1,64,100.0,66.89787246862902,151268.16190476192,79618.1619047619,1.0724413988312285,0.1700653466270262
6638cfb3-3831-4fc2-9327-194b76cf22e1,64,100.0,77.43338339701937,136042.16190476192,79618.1619047619,1.0724413988312285,0.19013370040883779
6638cfb3-3831-4fc2-9327-194b76cf22e1,64,100.0,89.62809493114324,124750.1619047619,79618.1619047619,1.0724413988312285,0.20858338189466108
6638cfb3-3831-4fc2-9327-194b76cf22e1,64,100.0,103.74330874576306,117344.1619047619,79618.1619047619,1.0724413988312285,0.22700011343299842
6638cfb3-3831-4fc2-9327-194b76cf22e1,64,100.0,120.08147799846844,110985.1619047619,79618.1619047619,1.0724413988312285,0.24571864186491613
6638cfb3-3831-4fc2-9327-194b76cf22e1,64,100.0,138.99268813214488,105770.1619047619,79618.1619047619,1.0724413988312285,0.26616709413915834
6638cfb3-3831-4fc2-9327-194b76cf22e1,64,100.0,160.88215831625678,101712.1619047619,79618.1619047619,1.0724413988312285,0.2874720918680813
6638cfb3-3831-4fc2-9327-194b76cf22e1,64,100.0,186.21892426376562,99119.1619047619,79618.1619047619,1.0724413988312285,0.31168031378055394
6638cfb3-3831-4fc2-9327-194b76cf22e1,64,100.0,215.54588847438404,96445.1619047619,79618.1619047619,1.0724413988312285,0.34032763713325975
6638cfb3-3831-4fc2-9327-194b76cf22e1,64,100.0,249.49145325533257,93993.1619047619,79618.1619047619,1.0724413988312285,0.3740300894190383
6638cfb3-3831-4fc2-9327-194b76cf22e1,64,100.0,288.7829857856707,91899.1619047619,79618.1619047619,1.0724413988312285,0.4119663975518862
6638cfb3-3831-4fc2-9327-194b76cf22e1,64,100.0,334.2624037463071,90862.1619047619,79618.1619047619,1.0724413988312285,0.43545843680099927
6638cfb3-3831-4fc2-9327-194b76cf22e1,64,100.0,386.9042154761296,90482.1619047619,79618.1619047619,1.0724413988312285,0.444531068734186
6638cfb3-3831-4fc2-9327-194b76cf22e1,64,100.0,447.8364012089508,90337.1619047619,79618.1619047619,1.0724413988312285,0.44738058579538204
6638cfb3-3831-4fc2-9327-194b76cf22e1,64,100.0,518.3645828231037,90282.1619047619,79618.1619047619,1.0724413988312285,0.44808671183409793
6638cfb3-3831-4fc2-9327-194b76cf22e1,64,100.0,599.9999999999997,90258.1619047619,79618.1619047619,1.0724413988312285,0.44808670901489434
749cb2b7-e57e-4453-a794-f6230e4d0226,64,100.0,2.0,3738213.730713246,90995.730713246,0.07777137462104397,0.0001655915890985946
749cb2b7-e57e-4453-a794-f6230e4d0226,64,100.0,2.3149729741653853,3506717.730713246,90995.730713246,0.07777137462104397,0.00017881450968811188
749cb2b7-e57e-4453-a794-f6230e4d0226,64,100.0,2.6795499355580645,3261848.730713246,90995.730713246,0.07777137462104397,0.00019721585895373926
749cb2b7-e57e-4453-a794-f6230e4d0226,64,100.0,3.1015428418717597,3016773.730713246,90995.730713246,0.07777137462104397,0.0002219197833313159
749cb2b7-e57e-4453-a794-f6230e4d0226,64,100.0,3.5899939285746147,2770894.730713246,90995.730713246,0.07777137462104397,0.0002547578827237748
749cb2b7-e57e-4453-a794-f6230e4d0226,64,100.0,4.1553694610340255,2530684.730713246,90995.730713246,0.07777137462104397,0.00029718604144356425
749cb2b7-e57e-4453-a794-f6230e4d0226,64,100.0,4.809783999982975,2301070.730713246,90995.730713246,0.07777137462104397,0.00035121002128405733
749cb2b7-e57e-4453-a794-f6230e4d0226,64,100.0,5.567259985766836,2082158.730713246,90995.730713246,0.07777137462104397,0.0004195328230478112
749cb2b7-e57e-4453-a794-f6230e4d0226,64,100.0,6.444028203601297,1877836.730713246,90995.730713246,0.07777137462104397,0.00050457180567556
749cb2b7-e57e-4453-a794-f6230e4d0226,64,100.0,7.458875568048258,1690180.730713246,90995.730713246,0.07777137462104397,0.0006088455882404327
749cb2b7-e57e-4453-a794-f6230e4d0226,64,100.0,8.633547678847101,1515141.730713246,90995.730713246,0.07777137462104397,0.0007381161660795463
749cb2b7-e57e-4453-a794-f6230e4d0226,64,100.0,9.993214773849669,1354500.730713246,90995.730713246,0.07777137462104397,0.0008976084905677463
749cb2b7-e57e-4453-a794-f6230e4d0226,64,100.0,11.567011063246117,1207663.730713246,90995.730713246,0.07777137462104397,0.0010919709904823338
749cb2b7-e57e-4453-a794-f6230e4d0226,64,100.0,13.388659001643386,1076357.730713246,90995.730713246,0.07777137462104397,0.0013290637789836089
749cb2b7-e57e-4453-a794-f6230e4d0226,64,100.0,15.497191874560272,956786.730713246,90995.730713246,0.07777137462104397,0.0016183202559332728
749cb2b7-e57e-4453-a794-f6230e4d0226,64,100.0,17.937790182531224,849569.730713246,90995.730713246,0.07777137462104397,0.001965897950916235
749cb2b7-e57e-4453-a794-f6230e4d0226,64,100.0,20.762749744404477,749187.730713246,90995.730713246,0.07777137462104397,0.002394754993851127
749cb2b7-e57e-4453-a794-f6230e4d0226,64,100.0,24.03260226382781,660332.730713246,90995.730713246,0.07777137462104397,0.0029044467836205966
749cb2b7-e57e-4453-a794-f6230e4d0226,64,100.0,27.81741236981361,580811.730713246,90995.730713246,0.07777137462104397,0.0035176765913213738
749cb2b7-e57e-4453-a794-f6230e4d0226,64,100.0,32.19827892366621,508819.730713246,90995.730713246,0.07777137462104397,0.004243862101952565
749cb2b7-e57e-4453-a794-f6230e4d0226,64,100.0,37.26907276146309,446160.730713246,90995.730713246,0.07777137462104397,0.005080564053088066
749cb2b7-e57e-4453-a794-f6230e4d0226,64,100.0,43.13844810749518,389818.730713246,90995.730713246,0.07777137462104397,0.00607479577867354
749cb2b7-e57e-4453-a794-f6230e4d0226,64,100.0,49.93217075814364,342425.730713246,90995.730713246,0.07777137462104397,0.007216808747215154
749cb2b7-e57e-4453-a794-f6230e4d0226,64,100.0,57.795812923256825,301811.730713246,90995.730713246,0.07777137462104397,0.008570728857229828
749cb2b7-e57e-4453-a794-f6230e4d0226,64,100.0,66.89787246862902,267768.730713246,90995.730713246,0.07777137462104397,0.010105768114453528
749cb2b7-e57e-4453-a794-f6230e4d0226,64,100.0,77.43338339701937,236948.73071324598,90995.730713246,0.07777137462104397,0.011885292375012098
749cb2b7-e57e-4453-a794-f6230e4d0226,64,100.0,89.62809493114324,211751.73071324598,90995.730713246,0.07777137462104397,0.013891056852799052
749cb2b7-e57e-4453-a794-f6230e4d0226,64,100.0,103.74330874576306,189520.73071324598,90995.730713246,0.07777137462104397,0.0162229072217365
749cb2b7-e57e-4453-a794-f6230e4d0226,64,100.0,120.08147799846844,170432.73071324598,90995.730713246,0.07777137462104397,0.018828920650433113
749cb2b7-e57e-4453-a794-f6230e4d0226,64,100.0,138.99268813214488,154790.73071324598,90995.730713246,0.07777137462104397,0.02174459625443673
749cb2b7-e57e-4453-a794-f6230e4d0226,64,100.0,160.88215831625678,141321.73071324598,90995.730713246,0.07777137462104397,0.024931611738294293
749cb2b7-e57e-4453-a794-f6230e4d0226,64,100.0,186.21892426376562,130333.730713246,90995.730713246,0.07777137462104397,0.028480029219953493
749cb2b7-e57e-4453-a794-f6230e4d0226,64,100.0,215.54588847438404,121479.730713246,90995.730713246,0.07777137462104397,0.03236997991166374
749cb2b7-e57e-4453-a794-f6230e4d0226,64,100.0,249.49145325533257,114060.730713246,90995.730713246,0.07777137462104397,0.03645168977252721
749cb2b7-e57e-4453-a794-f6230e4d0226,64,100.0,288.7829857856707,108917.730713246,90995.730713246,0.07777137462104397,0.04088279944867254
749cb2b7-e57e-4453-a794-f6230e4d0226,64,100.0,334.2624037463071,104911.730713246,90995.730713246,0.07777137462104397,0.04492697495875689
749cb2b7-e57e-4453-a794-f6230e4d0226,64,100.0,386.9042154761296,103450.730713246,90995.730713246,0.07777137462104397,0.04674606838262623
749cb2b7-e57e-4453-a794-f6230e4d0226,64,100.0,447.8364012089508,102830.730713246,90995.730713246,0.07777137462104397,0.04775494652273644
749cb2b7-e57e-4453-a794-f6230e4d0226,64,100.0,518.3645828231037,102467.730713246,90995.730713246,0.07777137462104397,0.0485197005766559
749cb2b7-e57e-4453-a794-f6230e4d0226,64,100.0,599.9999999999997,102188.730713246,90995.730713246,0.07777137462104397,0.049178216549298374
d7ec0892-0a6c-4f4f-9d8f-72083692af5c,64,100.0,2.0,5633084.9329806,125194.93298059965,0.021733636411931396,0.00014688662202898015
d7ec0892-0a6c-4f4f-9d8f-72083692af5c,64,100.0,2.3149729741653853,5330223.9329806,125194.93298059965,0.021733636411931396,0.0001573552143534475
d7ec0892-0a6c-4f4f-9d8f-72083692af5c,64,100.0,2.6795499355580645,5001371.9329806,125194.93298059965,0.021733636411931396,0.00017236705711310766
d7ec0892-0a6c-4f4f-9d8f-72083692af5c,64,100.0,3.1015428418717597,4657599.9329806,125194.93298059965,0.021733636411931396,0.00019331168697334127
d7ec0892-0a6c-4f4f-9d8f-72083692af5c,64,100.0,3.5899939285746147,4300063.9329806,125194.93298059965,0.021733636411931396,0.00022203014825378334
d7ec0892-0a6c-4f4f-9d8f-72083692af5c,64,100.0,4.1553694610340255,3941436.9329806,125194.93298059965,0.021733636411931396,0.00026057631642335957
d7ec0892-0a6c-4f4f-9d8f-72083692af5c,64,100.0,4.809783999982975,3586662.9329806,125194.93298059965,0.021733636411931396,0.00031141464953252573
d7ec0892-0a6c-4f4f-9d8f-72083692af5c,64,100.0,5.567259985766836,3237484.9329806,125194.93298059965,0.021733636411931396,0.00037789082023637223
d7ec0892-0a6c-4f4f-9d8f-72083692af5c,64,100.0,6.444028203601297,2898637.9329806,125194.93298059965,0.021733636411931396,0.00046380130372926446
d7ec0892-0a6c-4f4f-9d8f-72083692af5c,64,100.0,7.458875568048258,2575490.9329806,125194.93298059965,0.021733636411931396,0.0005733537960062821
d7ec0892-0a6c-4f4f-9d8f-72083692af5c,64,100.0,8.633547678847101,2266513.9329806,125194.93298059965,0.021733636411931396,0.0007117485731738689
d7ec0892-0a6c-4f4f-9d8f-72083692af5c,64,100.0,9.993214773849669,1978299.9329805996,125194.93298059965,0.021733636411931396,0.0008847769437439973
d7ec0892-0a6c-4f4f-9d8f-72083692af5c,64,100.0,11.567011063246117,1711638.9329805996,125194.93298059965,0.021733636411931396,0.001097293955484126
d7ec0892-0a6c-4f4f-9d8f-72083692af5c,64,100.0,13.388659001643386,1466166.9329805996,125194.93298059965,0.021733636411931396,0.0013578620336012904
d7ec0892-0a6c-4f4f-9d8f-72083692af5c,64,100.0,15.497191874560272,1246412.9329805996,125194.93298059965,0.021733636411931396,0.0016664225188294409
d7ec0892-0a6c-4f4f-9d8f-72083692af5c,64,100.0,17.937790182531224,1051096.9329805996,125194.93298059965,0.021733636411931396,0.00203422038291807
d7ec0892-0a6c-4f4f-9d8f-72083692af5c,64,100.0,20.762749744404477,878277.9329805997,125194.93298059965,0.021733636411931396,0.0024592701833112485
d7ec0892-0a6c-4f4f-9d8f-72083692af5c,64,100.0,24.03260226382781,732501.9329805997,125194.93298059965,0.021733636411931396,0.002944283988932627
d7ec0892-0a6c-4f4f-9d8f-72083692af5c,64,100.0,27.81741236981361,608257.9329805997,125194.93298059965,0.021733636411931396,0.0034857162729733998
d7ec0892-0a6c-4f4f-9d8f-72083692af5c,64,100.0,32.19827892366621,505095.93298059964,125194.93298059965,0.021733636411931396,0.004083721666109805
d7ec0892-0a6c-4f4f-9d8f-72083692af5c,64,100.0,37.26907276146309,422728.93298059964,125194.93298059965,0.021733636411931396,0.004721234926939101
d7ec0892-0a6c-4f4f-9d8f-72083692af5c,64,100.0,43.13844810749518,358116.93298059964,125194.93298059965,0.021733636411931396,0.0053902378740496035
d7ec0892-0a6c-4f4f-9d8f-72083692af5c,64,100.0,49.93217075814364,306129.93298059964,125194.93298059965,0.021733636411931396,0.006099280937563272
d7ec0892-0a6c-4f4f-9d8f-72083692af5c,64,100.0,57.795812923256825,265593.93298059964,125194.93298059965,0.021733636411931396,0.006840272757944419
d7ec0892-0a6c-4f4f-9d8f-72083692af5c,64,100.0,66.89787246862902,234055.93298059964,125194.93298059965,0.021733636411931396,0.007623164394871162
d7ec0892-0a6c-4f4f-9d8f-72083692af5c,64,100.0,77.43338339701937,209471.93298059964,125194.93298059965,0.021733636411931396,0.008420239015440562
d7ec0892-0a6c-4f4f-9d8f-72083692af5c,64,100.0,89.62809493114324,190312.93298059964,125194.93298059965,0.021733636411931396,0.009254403512986611
d7ec0892-0a6c-4f4f-9d8f-72083692af5c,64,100.0,103.74330874576306,174240.93298059964,125194.93298059965,0.021733636411931396,0.010138074337921889
d7ec0892-0a6c-4f4f-9d8f-72083692af5c,64,100.0,120.08147799846844,162783.93298059964,125194.93298059965,0.021733636411931396,0.011009758977307445
d7ec0892-0a6c-4f4f-9d8f-72083692af5c,64,100.0,138.99268813214488,154162.93298059964,125194.93298059965,0.021733636411931396,0.011847876061839752
d7ec0892-0a6c-4f4f-9d8f-72083692af5c,64,100.0,160.88215831625678,148271.93298059964,125194.93298059965,0.021733636411931396,0.012670520997000527
d7ec0892-0a6c-4f4f-9d8f-72083692af5c,64,100.0,186.21892426376562,143625.93298059964,125194.93298059965,0.021733636411931396,0.013472545709789726
d7ec0892-0a6c-4f4f-9d8f-72083692af5c,64,100.0,215.54588847438404,140543.93298059964,125194.93298059965,0.021733636411931396,0.014174152313765034
d7ec0892-0a6c-4f4f-9d8f-72083692af5c,64,100.0,249.49145325533257,138775.93298059964,125194.93298059965,0.021733636411931396,0.014696502624860688
d7ec0892-0a6c-4f4f-9d8f-72083692af5c,64,100.0,288.7829857856707,137788.93298059964,125194.93298059965,0.021733636411931396,0.015066415763605049
d7ec0892-0a6c-4f4f-9d8f-72083692af5c,64,100.0,334.2624037463071,137094.93298059964,125194.93298059965,0.021733636411931396,0.015371339946093993
d7ec0892-0a6c-4f4f-9d8f-72083692af5c,64,100.0,386.9042154761296,136757.93298059964,125194.93298059965,0.021733636411931396,0.015566396796722727
d7ec0892-0a6c-4f4f-9d8f-72083692af5c,64,100.0,447.8364012089508,136572.93298059964,125194.93298059965,0.021733636411931396,0.015677860673895438
d7ec0892-0a6c-4f4f-9d8f-72083692af5c,64,100.0,518.3645828231037,136477.93298059964,125194.93298059965,0.021733636411931396,0.015754141860479513
d7ec0892-0a6c-4f4f-9d8f-72083692af5c,64,100.0,599.9999999999997,136438.93298059964,125194.93298059965,0.021733636411931396,0.01579514489312746
da8dfec1-d265-44e8-84ce-6ae9c109b8bd,64,100.0,2.0,5254398.133333334,123842.13333333333,0.010072155320928967,0.00010247929885367615
da8dfec1-d265-44e8-84ce-6ae9c109b8bd,64,100.0,2.3149729741653853,4919642.133333334,123842.13333333333,0.010072155320928967,0.00010957825791084447
da8dfec1-d265-44e8-84ce-6ae9c109b8bd,64,100.0,2.6795499355580645,4559113.133333334,123842.13333333333,0.010072155320928967,0.00011960544179809369
da8dfec1-d265-44e8-84ce-6ae9c109b8bd,64,100.0,3.1015428418717597,4183077.1333333333,123842.13333333333,0.010072155320928967,0.00013353361522209703
da8dfec1-d265-44e8-84ce-6ae9c109b8bd,64,100.0,3.5899939285746147,3798061.1333333333,123842.13333333333,0.010072155320928967,0.00015243916273444545
da8dfec1-d265-44e8-84ce-6ae9c109b8bd,64,100.0,4.1553694610340255,3419938.1333333333,123842.13333333333,0.010072155320928967,0.0001773660367991436
da8dfec1-d265-44e8-84ce-6ae9c109b8bd,64,100.0,4.809783999982975,3049024.1333333333,123842.13333333333,0.010072155320928967,0.0002097267704735589
da8dfec1-d265-44e8-84ce-6ae9c109b8bd,64,100.0,5.567259985766836,2693837.1333333333,123842.13333333333,0.010072155320928967,0.00025074003467362254
da8dfec1-d265-44e8-84ce-6ae9c109b8bd,64,100.0,6.444028203601297,2361733.1333333333,123842.13333333333,0.010072155320928967,0.00030212662924053213
da8dfec1-d265-44e8-84ce-6ae9c109b8bd,64,100.0,7.458875568048258,2056738.1333333333,123842.13333333333,0.010072155320928967,0.00036492123156870175
da8dfec1-d265-44e8-84ce-6ae9c109b8bd,64,100.0,8.633547678847101,1778874.1333333333,123842.13333333333,0.010072155320928967,0.0004413679905134384
da8dfec1-d265-44e8-84ce-6ae9c109b8bd,64,100.0,9.993214773849669,1524443.1333333333,123842.13333333333,0.010072155320928967,0.0005337283136158168
da8dfec1-d265-44e8-84ce-6ae9c109b8bd,64,100.0,11.567011063246117,1297716.1333333333,123842.13333333333,0.010072155320928967,0.0006433293748454456
da8dfec1-d265-44e8-84ce-6ae9c109b8bd,64,100.0,13.388659001643386,1097528.1333333333,123842.13333333333,0.010072155320928967,0.0007713523935588397
da8dfec1-d265-44e8-84ce-6ae9c109b8bd,64,100.0,15.497191874560272,927253.1333333333,123842.13333333333,0.010072155320928967,0.0009201151148297668
da8dfec1-d265-44e8-84ce-6ae9c109b8bd,64,100.0,17.937790182531224,781714.1333333333,123842.13333333333,0.010072155320928967,0.001088312210452581
da8dfec1-d265-44e8-84ce-6ae9c109b8bd,64,100.0,20.762749744404477,656386.1333333333,123842.13333333333,0.010072155320928967,0.001278709202612486
da8dfec1-d265-44e8-84ce-6ae9c109b8bd,64,100.0,24.03260226382781,552153.1333333333,123842.13333333333,0.010072155320928967,0.001489423512560268
da8dfec1-d265-44e8-84ce-6ae9c109b8bd,64,100.0,27.81741236981361,468144.1333333333,123842.13333333333,0.010072155320928967,0.0017214168130104033
da8dfec1-d265-44e8-84ce-6ae9c109b8bd,64,100.0,32.19827892366621,399078.1333333333,123842.13333333333,0.010072155320928967,0.0019759092739119015
da8dfec1-d265-44e8-84ce-6ae9c109b8bd,64,100.0,37.26907276146309,344520.1333333333,123842.13333333333,0.010072155320928967,0.0022458034347986305
da8dfec1-d265-44e8-84ce-6ae9c109b8bd,64,100.0,43.13844810749518,297390.1333333333,123842.13333333333,0.010072155320928967,0.0025511792621574457
da8dfec1-d265-44e8-84ce-6ae9c109b8bd,64,100.0,49.93217075814364,259455.13333333333,123842.13333333333,0.010072155320928967,0.002876445639372211
da8dfec1-d265-44e8-84ce-6ae9c109b8bd,64,100.0,57.795812923256825,230178.13333333333,123842.13333333333,0.010072155320928967,0.0032248914553456853
da8dfec1-d265-44e8-84ce-6ae9c109b8bd,64,100.0,66.89787246862902,206818.13333333333,123842.13333333333,0.010072155320928967,0.003588199619944095
da8dfec1-d265-44e8-84ce-6ae9c109b8bd,64,100.0,77.43338339701937,187671.13333333333,123842.13333333333,0.010072155320928967,0.003985695510443532
da8dfec1-d265-44e8-84ce-6ae9c109b8bd,64,100.0,89.62809493114324,173097.13333333333,123842.13333333333,0.010072155320928967,0.004371638180945026
da8dfec1-d265-44e8-84ce-6ae9c109b8bd,64,100.0,103.74330874576306,162116.13333333333,123842.13333333333,0.010072155320928967,0.0047821213294230724
da8dfec1-d265-44e8-84ce-6ae9c109b8bd,64,100.0,120.08147799846844,153103.13333333333,123842.13333333333,0.010072155320928967,0.005221698915515197
da8dfec1-d265-44e8-84ce-6ae9c109b8bd,64,100.0,138.99268813214488,146489.13333333333,123842.13333333333,0.010072155320928967,0.005666944690640299
da8dfec1-d265-44e8-84ce-6ae9c109b8bd,64,100.0,160.88215831625678,141322.13333333333,123842.13333333333,0.010072155320928967,0.006134824380349455
da8dfec1-d265-44e8-84ce-6ae9c109b8bd,64,100.0,186.21892426376562,137838.13333333333,123842.13333333333,0.010072155320928967,0.0065311921209153505
da8dfec1-d265-44e8-84ce-6ae9c109b8bd,64,100.0,215.54588847438404,136198.13333333333,123842.13333333333,0.010072155320928967,0.0067630187349119845
da8dfec1-d265-44e8-84ce-6ae9c109b8bd,64,100.0,249.49145325533257,135421.13333333333,123842.13333333333,0.010072155320928967,0.006896826810995366
da8dfec1-d265-44e8-84ce-6ae9c109b8bd,64,100.0,288.7829857856707,135034.13333333333,123842.13333333333,0.010072155320928967,0.006973883992594488
da8dfec1-d265-44e8-84ce-6ae9c109b8bd,64,100.0,334.2624037463071,134788.13333333333,123842.13333333333,0.010072155320928967,0.0070276212638631114
da8dfec1-d265-44e8-84ce-6ae9c109b8bd,64,100.0,386.9042154761296,134696.13333333333,123842.13333333333,0.010072155320928967,0.00704619154046222
da8dfec1-d265-44e8-84ce-6ae9c109b8bd,64,100.0,447.8364012089508,134694.13333333333,123842.13333333333,0.010072155320928967,0.007046191561797758
da8dfec1-d265-44e8-84ce-6ae9c109b8bd,64,100.0,518.3645828231037,134663.13333333333,123842.13333333333,0.010072155320928967,0.0070503325337620305
da8dfec1-d265-44e8-84ce-6ae9c109b8bd,64,100.0,599.9999999999997,134663.13333333333,123842.13333333333,0.010072155320928967,0.0070503325337620305
dab512bd-a02d-4c1f-8dbc-9155a163efc0,64,100.0,2.0,3467137.6785714286,93405.67857142857,0.3536081111700137,0.000763196582683928
dab512bd-a02d-4c1f-8dbc-9155a163efc0,64,100.0,2.3149729741653853,3225511.6785714286,93405.67857142857,0.3536081111700137,0.0008436347471539004
dab512bd-a02d-4c1f-8dbc-9155a163efc0,64,100.0,2.6795499355580645,2979653.6785714286,93405.67857142857,0.3536081111700137,0.0009520658360559921
dab512bd-a02d-4c1f-8dbc-9155a163efc0,64,100.0,3.1015428418717597,2733307.6785714286,93405.67857142857,0.3536081111700137,0.001097174701622525
dab512bd-a02d-4c1f-8dbc-9155a163efc0,64,100.0,3.5899939285746147,2491793.6785714286,93405.67857142857,0.3536081111700137,0.0012837053234812878
dab512bd-a02d-4c1f-8dbc-9155a163efc0,64,100.0,4.1553694610340255,2260058.6785714286,93405.67857142857,0.3536081111700137,0.001521626144223588
dab512bd-a02d-4c1f-8dbc-9155a163efc0,64,100.0,4.809783999982975,2040040.6785714286,93405.67857142857,0.3536081111700137,0.0018203937844404599
dab512bd-a02d-4c1f-8dbc-9155a163efc0,64,100.0,5.567259985766836,1837647.6785714286,93405.67857142857,0.3536081111700137,0.0021890675812056676
dab512bd-a02d-4c1f-8dbc-9155a163efc0,64,100.0,6.444028203601297,1651756.6785714286,93405.67857142857,0.3536081111700137,0.002641664282396178
dab512bd-a02d-4c1f-8dbc-9155a163efc0,64,100.0,7.458875568048258,1481016.6785714286,93405.67857142857,0.3536081111700137,0.0031993337482270593
dab512bd-a02d-4c1f-8dbc-9155a163efc0,64,100.0,8.633547678847101,1325703.6785714286,93405.67857142857,0.3536081111700137,0.0038818096053558895
dab512bd-a02d-4c1f-8dbc-9155a163efc0,64,100.0,9.993214773849669,1183489.6785714286,93405.67857142857,0.3536081111700137,0.004716864360070566
dab512bd-a02d-4c1f-8dbc-9155a163efc0,64,100.0,11.567011063246117,1054030.6785714286,93405.67857142857,0.3536081111700137,0.005738053222296013
dab512bd-a02d-4c1f-8dbc-9155a163efc0,64,100.0,13.388659001643386,935927.6785714285,93405.67857142857,0.3536081111700137,0.0069801780125596105
dab512bd-a02d-4c1f-8dbc-9155a163efc0,64,100.0,15.497191874560272,830708.6785714285,93405.67857142857,0.3536081111700137,0.008467523444770341
dab512bd-a02d-4c1f-8dbc-9155a163efc0,64,100.0,17.937790182531224,732534.6785714285,93405.67857142857,0.3536081111700137,0.010280832497713442
dab512bd-a02d-4c1f-8dbc-9155a163efc0,64,100.0,20.762749744404477,646787.6785714285,93405.67857142857,0.3536081111700137,0.012427070918489472
dab512bd-a02d-4c1f-8dbc-9155a163efc0,64,100.0,24.03260226382781,568742.6785714285,93405.67857142857,0.3536081111700137,0.014974641201805432
dab512bd-a02d-4c1f-8dbc-9155a163efc0,64,100.0,27.81741236981361,502788.6785714286,93405.67857142857,0.3536081111700137,0.017962378026396823
dab512bd-a02d-4c1f-8dbc-9155a163efc0,64,100.0,32.19827892366621,442667.6785714286,93405.67857142857,0.3536081111700137,0.021567035360231617
dab512bd-a02d-4c1f-8dbc-9155a163efc0,64,100.0,37.26907276146309,389053.6785714286,93405.67857142857,0.3536081111700137,0.025739755771150702
dab512bd-a02d-4c1f-8dbc-9155a163efc0,64,100.0,43.13844810749518,342793.6785714286,93405.67857142857,0.3536081111700137,0.030702359665417515
dab512bd-a02d-4c1f-8dbc-9155a163efc0,64,100.0,49.93217075814364,303047.6785714286,93405.67857142857,0.3536081111700137,0.03652096815370306
dab512bd-a02d-4c1f-8dbc-9155a163efc0,64,100.0,57.795812923256825,266793.6785714286,93405.67857142857,0.3536081111700137,0.04343813762459768
dab512bd-a02d-4c1f-8dbc-9155a163efc0,64,100.0,66.89787246862902,235996.67857142858,93405.67857142857,0.3536081111700137,0.05136114768249475
dab512bd-a02d-4c1f-8dbc-9155a163efc0,64,100.0,77.43338339701937,209350.67857142858,93405.67857142857,0.3536081111700137,0.060384917534212955
dab512bd-a02d-4c1f-8dbc-9155a163efc0,64,100.0,89.62809493114324,187030.67857142858,93405.67857142857,0.3536081111700137,0.0703218680913819
dab512bd-a02d-4c1f-8dbc-9155a163efc0,64,100.0,103.74330874576306,169005.67857142858,93405.67857142857,0.3536081111700137,0.08110919262359507
dab512bd-a02d-4c1f-8dbc-9155a163efc0,64,100.0,120.08147799846844,154152.67857142858,93405.67857142857,0.3536081111700137,0.09340028641406772
dab512bd-a02d-4c1f-8dbc-9155a163efc0,64,100.0,138.99268813214488,141216.67857142858,93405.67857142857,0.3536081111700137,0.10645151549358585
dab512bd-a02d-4c1f-8dbc-9155a163efc0,64,100.0,160.88215831625678,131023.67857142857,93405.67857142857,0.3536081111700137,0.12085240588619865
dab512bd-a02d-4c1f-8dbc-9155a163efc0,64,100.0,186.21892426376562,123108.67857142857,93405.67857142857,0.3536081111700137,0.1359852847118164
dab512bd-a02d-4c1f-8dbc-9155a163efc0,64,100.0,215.54588847438404,116670.67857142857,93405.67857142857,0.3536081111700137,0.15154169917406132
dab512bd-a02d-4c1f-8dbc-9155a163efc0,64,100.0,249.49145325533257,112351.67857142857,93405.67857142857,0.3536081111700137,0.1683694863855869
dab512bd-a02d-4c1f-8dbc-9155a163efc0,64,100.0,288.7829857856707,108235.67857142857,93405.67857142857,0.3536081111700137,0.1867608045830519
dab512bd-a02d-4c1f-8dbc-9155a163efc0,64,100.0,334.2624037463071,105677.67857142857,93405.67857142857,0.3536081111700137,0.20172581047003113
dab512bd-a02d-4c1f-8dbc-9155a163efc0,64,100.0,386.9042154761296,104963.67857142857,93405.67857142857,0.3536081111700137,0.20621578340992888
dab512bd-a02d-4c1f-8dbc-9155a163efc0,64,100.0,447.8364012089508,104694.67857142857,93405.67857142857,0.3536081111700137,0.20846129701026608
dab512bd-a02d-4c1f-8dbc-9155a163efc0,64,100.0,518.3645828231037,104436.67857142857,93405.67857142857,0.3536081111700137,0.21070150213242744
dab512bd-a02d-4c1f-8dbc-9155a163efc0,64,100.0,599.9999999999997,104358.67857142857,93405.67857142857,0.3536081111700137,0.21106334914053876
dc7e9403-19f7-409f-9240-05ee57cb7aea,64,100.0,2.0,5594662.04290429,128838.04290429043,0.034939112495703,0.00013950841187190696
dc7e9403-19f7-409f-9240-05ee57cb7aea,64,100.0,2.3149729741653853,5252071.04290429,128838.04290429043,0.034939112495703,0.00015104088783377277
dc7e9403-19f7-409f-9240-05ee57cb7aea,64,100.0,2.6795499355580645,4887078.04290429,128838.04290429043,0.034939112495703,0.00016726452163762213
dc7e9403-19f7-409f-9240-05ee57cb7aea,64,100.0,3.1015428418717597,4505207.04290429,128838.04290429043,0.034939112495703,0.00018966690044590313
dc7e9403-19f7-409f-9240-05ee57cb7aea,64,100.0,3.5899939285746147,4115662.0429042904,128838.04290429043,0.034939112495703,0.00021997729210346175
dc7e9403-19f7-409f-9240-05ee57cb7aea,64,100.0,4.1553694610340255,3734024.0429042904,128838.04290429043,0.034939112495703,0.00025953951723141805
dc7e9403-19f7-409f-9240-05ee57cb7aea,64,100.0,4.809783999982975,3363290.0429042904,128838.04290429043,0.034939112495703,0.0003107233273981666
dc7e9403-19f7-409f-9240-05ee57cb7aea,64,100.0,5.567259985766836,3013199.0429042904,128838.04290429043,0.034939112495703,0.00037492532307225316
dc7e9403-19f7-409f-9240-05ee57cb7aea,64,100.0,6.444028203601297,2682608.0429042904,128838.04290429043,0.034939112495703,0.0004550777170686626
dc7e9403-19f7-409f-9240-05ee57cb7aea,64,100.0,7.458875568048258,2380470.0429042904,128838.04290429043,0.034939112495703,0.0005528613821964803
dc7e9403-19f7-409f-9240-05ee57cb7aea,64,100.0,8.633547678847101,2104268.0429042904,128838.04290429043,0.034939112495703,0.0006727533517176161
dc7e9403-19f7-409f-9240-05ee57cb7aea,64,100.0,9.993214773849669,1850731.0429042904,128838.04290429043,0.034939112495703,0.0008200155364928012
dc7e9403-19f7-409f-9240-05ee57cb7aea,64,100.0,11.567011063246117,1619461.0429042904,128838.04290429043,0.034939112495703,0.0009991817979486213
dc7e9403-19f7-409f-9240-05ee57cb7aea,64,100.0,13.388659001643386,1410207.0429042904,128838.04290429043,0.034939112495703,0.0012143402757584774
dc7e9403-19f7-409f-9240-05ee57cb7aea,64,100.0,15.497191874560272,1222468.0429042904,128838.04290429043,0.034939112495703,0.0014731850796615962
dc7e9403-19f7-409f-9240-05ee57cb7aea,64,100.0,17.937790182531224,1058025.0429042904,128838.04290429043,0.034939112495703,0.0017750460760797221
dc7e9403-19f7-409f-9240-05ee57cb7aea,64,100.0,20.762749744404477,912330.0429042904,128838.04290429043,0.034939112495703,0.002136779227939831
dc7e9403-19f7-409f-9240-05ee57cb7aea,64,100.0,24.03260226382781,783577.0429042904,128838.04290429043,0.034939112495703,0.002556677704221064
dc7e9403-19f7-409f-9240-05ee57cb7aea,64,100.0,27.81741236981361,672307.0429042904,128838.04290429043,0.034939112495703,0.003042703025117418
dc7e9403-19f7-409f-9240-05ee57cb7aea,64,100.0,32.19827892366621,576393.0429042904,128838.04290429043,0.034939112495703,0.0036024203519347616
dc7e9403-19f7-409f-9240-05ee57cb7aea,64,100.0,37.26907276146309,495076.0429042904,128838.04290429043,0.034939112495703,0.004236676845950975
dc7e9403-19f7-409f-9240-05ee57cb7aea,64,100.0,43.13844810749518,427447.0429042904,128838.04290429043,0.034939112495703,0.0049484574805620934
dc7e9403-19f7-409f-9240-05ee57cb7aea,64,100.0,49.93217075814364,371698.0429042904,128838.04290429043,0.034939112495703,0.005736669028148938
dc7e9403-19f7-409f-9240-05ee57cb7aea,64,100.0,57.795812923256825,323567.0429042904,128838.04290429043,0.034939112495703,0.006621819766832697
dc7e9403-19f7-409f-9240-05ee57cb7aea,64,100.0,66.89787246862902,285680.0429042904,128838.04290429043,0.034939112495703,0.007596615271886813
dc7e9403-19f7-409f-9240-05ee57cb7aea,64,100.0,77.43338339701937,255569.04290429043,128838.04290429043,0.034939112495703,0.008630664482466214
dc7e9403-19f7-409f-9240-05ee57cb7aea,64,100.0,89.62809493114324,230046.04290429043,128838.04290429043,0.034939112495703,0.009795322139786357
dc7e9403-19f7-409f-9240-05ee57cb7aea,64,100.0,103.74330874576306,208056.04290429043,128838.04290429043,0.034939112495703,0.01109566260950037
dc7e9403-19f7-409f-9240-05ee57cb7aea,64,100.0,120.08147799846844,190692.04290429043,128838.04290429043,0.034939112495703,0.012497860715966085
dc7e9403-19f7-409f-9240-05ee57cb7aea,64,100.0,138.99268813214488,174839.04290429043,128838.04290429043,0.034939112495703,0.014043372957105402
dc7e9403-19f7-409f-9240-05ee57cb7aea,64,100.0,160.88215831625678,163725.04290429043,128838.04290429043,0.034939112495703,0.01563312529941474
dc7e9403-19f7-409f-9240-05ee57cb7aea,64,100.0,186.21892426376562,154843.04290429043,128838.04290429043,0.034939112495703,0.017313556835041675
dc7e9403-19f7-409f-9240-05ee57cb7aea,64,100.0,215.54588847438404,148450.04290429043,128838.04290429043,0.034939112495703,0.019006555234447532
dc7e9403-19f7-409f-9240-05ee57cb7aea,64,100.0,249.49145325533257,143533.04290429043,128838.04290429043,0.034939112495703,0.02070451809838259
dc7e9403-19f7-409f-9240-05ee57cb7aea,64,100.0,288.7829857856707,141506.04290429043,128838.04290429043,0.034939112495703,0.021759775092378437
dc7e9403-19f7-409f-9240-05ee57cb7aea,64,100.0,334.2624037463071,140688.04290429043,128838.04290429043,0.034939112495703,0.022386450328309132
dc7e9403-19f7-409f-9240-05ee57cb7aea,64,100.0,386.9042154761296,140342.04290429043,128838.04290429043,0.034939112495703,0.022717823940526502
dc7e9403-19f7-409f-9240-05ee57cb7aea,64,100.0,447.8364012089508,140097.04290429043,128838.04290429043,0.034939112495703,0.02300699459990819
dc7e9403-19f7-409f-9240-05ee57cb7aea,64,100.0,518.3645828231037,139936.04290429043,128838.04290429043,0.034939112495703,0.02328824063048385
dc7e9403-19f7-409f-9240-05ee57cb7aea,64,100.0,599.9999999999997,139802.04290429043,128838.04290429043,0.034939112495703,0.023531524430871295
e8f9fba4-d151-4b00-bee7-447f0f3e752c,64,100.0,2.0,5023815.86970684,118737.86970684039,0.03732115852789589,0.00032917427652615034
e8f9fba4-d151-4b00-bee7-447f0f3e752c,64,100.0,2.3149729741653853,4707669.86970684,118737.86970684039,0.03732115852789589,0.0003538190665711496
e8f9fba4-d151-4b00-bee7-447f0f3e752c,64,100.0,2.6795499355580645,4371701.86970684,118737.86970684039,0.03732115852789589,0.00038848387589711245
e8f9fba4-d151-4b00-bee7-447f0f3e752c,64,100.0,3.1015428418717597,4026984.8697068403,118737.86970684039,0.03732115852789589,0.0004359462249291865
e8f9fba4-d151-4b00-bee7-447f0f3e752c,64,100.0,3.5899939285746147,3676161.8697068403,118737.86970684039,0.03732115852789589,0.0004998441610222648
e8f9fba4-d151-4b00-bee7-447f0f3e752c,64,100.0,4.1553694610340255,3326247.8697068403,118737.86970684039,0.03732115852789589,0.000584656035697577
e8f9fba4-d151-4b00-bee7-447f0f3e752c,64,100.0,4.809783999982975,2988979.8697068403,118737.86970684039,0.03732115852789589,0.0006934753239652104
e8f9fba4-d151-4b00-bee7-447f0f3e752c,64,100.0,5.567259985766836,2669361.8697068403,118737.86970684039,0.03732115852789589,0.0008311429818272338
e8f9fba4-d151-4b00-bee7-447f0f3e752c,64,100.0,6.444028203601297,2364308.8697068403,118737.86970684039,0.03732115852789589,0.0010049607740105731
e8f9fba4-d151-4b00-bee7-447f0f3e752c,64,100.0,7.458875568048258,2080062.8697068405,118737.86970684039,0.03732115852789589,0.0012194614161565663
e8f9fba4-d151-4b00-bee7-447f0f3e752c,64,100.0,8.633547678847101,1818993.8697068405,118737.86970684039,0.03732115852789589,0.001482761859616082
e8f9fba4-d151-4b00-bee7-447f0f3e752c,64,100.0,9.993214773849669,1582802.8697068405,118737.86970684039,0.03732115852789589,0.001798857475471163
e8f9fba4-d151-4b00-bee7-447f0f3e752c,64,100.0,11.567011063246117,1369666.8697068405,118737.86970684039,0.03732115852789589,0.002175667765866421
e8f9fba4-d151-4b00-bee7-447f0f3e752c,64,100.0,13.388659001643386,1179879.8697068405,118737.86970684039,0.03732115852789589,0.0026225065127226167
e8f9fba4-d151-4b00-bee7-447f0f3e752c,64,100.0,15.497191874560272,1016508.8697068404,118737.86970684039,0.03732115852789589,0.0031336932389458023
e8f9fba4-d151-4b00-bee7-447f0f3e752c,64,100.0,17.937790182531224,872930.8697068404,118737.86970684039,0.03732115852789589,0.0037266823430807724
e8f9fba4-d151-4b00-bee7-447f0f3e752c,64,100.0,20.762749744404477,749563.8697068404,118737.86970684039,0.03732115852789589,0.004414185300214682
e8f9fba4-d151-4b00-bee7-447f0f3e752c,64,100.0,24.03260226382781,643208.8697068404,118737.86970684039,0.03732115852789589,0.0052053086202025565
e8f9fba4-d151-4b00-bee7-447f0f3e752c,64,100.0,27.81741236981361,554267.8697068404,118737.86970684039,0.03732115852789589,0.006103046713449724
e8f9fba4-d151-4b00-bee7-447f0f3e752c,64,100.0,32.19827892366621,476261.86970684037,118737.86970684039,0.03732115852789589,0.007135152359409928
e8f9fba4-d151-4b00-bee7-447f0f3e752c,64,100.0,37.26907276146309,411699.86970684037,118737.86970684039,0.03732115852789589,0.008296583938235399
e8f9fba4-d151-4b00-bee7-447f0f3e752c,64,100.0,43.13844810749518,355407.86970684037,118737.86970684039,0.03732115852789589,0.009620331084020668
e8f9fba4-d151-4b00-bee7-447f0f3e752c,64,100.0,49.93217075814364,308649.86970684037,118737.86970684039,0.03732115852789589,0.01110775032740622
e8f9fba4-d151-4b00-bee7-447f0f3e752c,64,100.0,57.795812923256825,269205.86970684037,118737.86970684039,0.03732115852789589,0.012736422756282562
e8f9fba4-d151-4b00-bee7-447f0f3e752c,64,100.0,66.89787246862902,237017.86970684037,118737.86970684039,0.03732115852789589,0.01457854832686016
e8f9fba4-d151-4b00-bee7-447f0f3e752c,64,100.0,77.43338339701937,209498.86970684037,118737.86970684039,0.03732115852789589,0.016589618585481736
e8f9fba4-d151-4b00-bee7-447f0f3e752c,64,100.0,89.62809493114324,187022.86970684037,118737.86970684039,0.03732115852789589,0.018734937141070933
e8f9fba4-d151-4b00-bee7-447f0f3e752c,64,100.0,103.74330874576306,168990.86970684037,118737.86970684039,0.03732115852789589,0.021166072609762856
e8f9fba4-d151-4b00-bee7-447f0f3e752c,64,100.0,120.08147799846844,155211.86970684037,118737.86970684039,0.03732115852789589,0.023607009311506888
e8f9fba4-d151-4b00-bee7-447f0f3e752c,64,100.0,138.99268813214488,145255.86970684037,118737.86970684039,0.03732115852789589,0.025716941886955055
e8f9fba4-d151-4b00-bee7-447f0f3e752c,64,100.0,160.88215831625678,139110.86970684037,118737.86970684039,0.03732115852789589,0.027499209828381256
e8f9fba4-d151-4b00-bee7-447f0f3e752c,64,100.0,186.21892426376562,135348.86970684037,118737.86970684039,0.03732115852789589,0.028759426971225913
e8f9fba4-d151-4b00-bee7-447f0f3e752c,64,100.0,215.54588847438404,133256.86970684037,118737.86970684039,0.03732115852789589,0.02969240892732525
e8f9fba4-d151-4b00-bee7-447f0f3e752c,64,100.0,249.49145325533257,131792.86970684037,118737.86970684039,0.03732115852789589,0.030528284069818296
e8f9fba4-d151-4b00-bee7-447f0f3e752c,64,100.0,288.7829857856707,130871.86970684039,118737.86970684039,0.03732115852789589,0.03116826690492672
e8f9fba4-d151-4b00-bee7-447f0f3e752c,64,100.0,334.2624037463071,130243.86970684039,118737.86970684039,0.03732115852789589,0.031721121779732686
e8f9fba4-d151-4b00-bee7-447f0f3e752c,64,100.0,386.9042154761296,129962.86970684039,118737.86970684039,0.03732115852789589,0.03201529683022714
e8f9fba4-d151-4b00-bee7-447f0f3e752c,64,100.0,447.8364012089508,129839.86970684039,118737.86970684039,0.03732115852789589,0.03216141804132253
e8f9fba4-d151-4b00-bee7-447f0f3e752c,64,100.0,518.3645828231037,129786.86970684039,118737.86970684039,0.03732115852789589,0.032237613933038284
e8f9fba4-d151-4b00-bee7-447f0f3e752c,64,100.0,599.9999999999997,129752.86970684039,118737.86970684039,0.03732115852789589,0.03226169391349699
eebcaf65-7fa4-4118-869d-a084e84530e2,64,100.0,2.0,3506748.9126559715,89841.91265597148,0.12305946166862808,0.0008725409299226709
eebcaf65-7fa4-4118-869d-a084e84530e2,64,100.0,2.3149729741653853,3260902.9126559715,89841.91265597148,0.12305946166862808,0.0009336944309114162
eebcaf65-7fa4-4118-869d-a084e84530e2,64,100.0,2.6795499355580645,3001161.9126559715,89841.91265597148,0.12305946166862808,0.0010179595143995515
eebcaf65-7fa4-4118-869d-a084e84530e2,64,100.0,3.1015428418717597,2734791.9126559715,89841.91265597148,0.12305946166862808,0.001132708772523471
eebcaf65-7fa4-4118-869d-a084e84530e2,64,100.0,3.5899939285746147,2468594.9126559715,89841.91265597148,0.12305946166862808,0.001282480976133732
eebcaf65-7fa4-4118-869d-a084e84530e2,64,100.0,4.1553694610340255,2209522.9126559715,89841.91265597148,0.12305946166862808,0.0014755292579077704
eebcaf65-7fa4-4118-869d-a084e84530e2,64,100.0,4.809783999982975,1962223.9126559715,89841.91265597148,0.12305946166862808,0.0017171407821362538
eebcaf65-7fa4-4118-869d-a084e84530e2,64,100.0,5.567259985766836,1731763.9126559715,89841.91265597148,0.12305946166862808,0.0020172688764109295
eebcaf65-7fa4-4118-869d-a084e84530e2,64,100.0,6.444028203601297,1517929.9126559715,89841.91265597148,0.12305946166862808,0.002382519441612088
eebcaf65-7fa4-4118-869d-a084e84530e2,64,100.0,7.458875568048258,1323554.9126559715,89841.91265597148,0.12305946166862808,0.002821080177740129
eebcaf65-7fa4-4118-869d-a084e84530e2,64,100.0,8.633547678847101,1151596.9126559715,89841.91265597148,0.12305946166862808,0.00333924314785907
eebcaf65-7fa4-4118-869d-a084e84530e2,64,100.0,9.993214773849669,999221.9126559715,89841.91265597148,0.12305946166862808,0.003945905382974403
eebcaf65-7fa4-4118-869d-a084e84530e2,64,100.0,11.567011063246117,865735.9126559715,89841.91265597148,0.12305946166862808,0.00465846236815236
eebcaf65-7fa4-4118-869d-a084e84530e2,64,100.0,13.388659001643386,750980.9126559715,89841.91265597148,0.12305946166862808,0.005474231494351256
eebcaf65-7fa4-4118-869d-a084e84530e2,64,100.0,15.497191874560272,649556.9126559715,89841.91265597148,0.12305946166862808,0.006415627058704233
eebcaf65-7fa4-4118-869d-a084e84530e2,64,100.0,17.937790182531224,564010.9126559715,89841.91265597148,0.12305946166862808,0.007503982352814548
eebcaf65-7fa4-4118-869d-a084e84530e2,64,100.0,20.762749744404477,489226.9126559715,89841.91265597148,0.12305946166862808,0.008743293889580329
eebcaf65-7fa4-4118-869d-a084e84530e2,64,100.0,24.03260226382781,424928.9126559715,89841.91265597148,0.12305946166862808,0.010153447039218604
eebcaf65-7fa4-4118-869d-a084e84530e2,64,100.0,27.81741236981361,371483.9126559715,89841.91265597148,0.12305946166862808,0.011742676883925445
eebcaf65-7fa4-4118-869d-a084e84530e2,64,100.0,32.19827892366621,326322.9126559715,89841.91265597148,0.12305946166862808,0.013546197869090629
eebcaf65-7fa4-4118-869d-a084e84530e2,64,100.0,37.26907276146309,287625.9126559715,89841.91265597148,0.12305946166862808,0.015589867597355077
eebcaf65-7fa4-4118-869d-a084e84530e2,64,100.0,43.13844810749518,255429.91265597148,89841.91265597148,0.12305946166862808,0.01792493760175766
eebcaf65-7fa4-4118-869d-a084e84530e2,64,100.0,49.93217075814364,227160.91265597148,89841.91265597148,0.12305946166862808,0.020583740968700553
eebcaf65-7fa4-4118-869d-a084e84530e2,64,100.0,57.795812923256825,203070.91265597148,89841.91265597148,0.12305946166862808,0.02370959284203114
eebcaf65-7fa4-4118-869d-a084e84530e2,64,100.0,66.89787246862902,182683.91265597148,89841.91265597148,0.12305946166862808,0.02714154759385739
eebcaf65-7fa4-4118-869d-a084e84530e2,64,100.0,77.43338339701937,165287.91265597148,89841.91265597148,0.12305946166862808,0.031003916264080958
eebcaf65-7fa4-4118-869d-a084e84530e2,64,100.0,89.62809493114324,151523.91265597148,89841.91265597148,0.12305946166862808,0.03534065274358717
eebcaf65-7fa4-4118-869d-a084e84530e2,64,100.0,103.74330874576306,138944.91265597148,89841.91265597148,0.12305946166862808,0.04010090466507249
eebcaf65-7fa4-4118-869d-a084e84530e2,64,100.0,120.08147799846844,129406.91265597148,89841.91265597148,0.12305946166862808,0.04530520531542238
eebcaf65-7fa4-4118-869d-a084e84530e2,64,100.0,138.99268813214488,120760.91265597148,89841.91265597148,0.12305946166862808,0.05124233668210192
eebcaf65-7fa4-4118-869d-a084e84530e2,64,100.0,160.88215831625678,114019.91265597148,89841.91265597148,0.12305946166862808,0.05726313362341331
eebcaf65-7fa4-4118-869d-a084e84530e2,64,100.0,186.21892426376562,109691.91265597148,89841.91265597148,0.12305946166862808,0.06276227644841036
eebcaf65-7fa4-4118-869d-a084e84530e2,64,100.0,215.54588847438404,106296.91265597148,89841.91265597148,0.12305946166862808,0.06755696728874998
eebcaf65-7fa4-4118-869d-a084e84530e2,64,100.0,249.49145325533257,104181.91265597148,89841.91265597148,0.12305946166862808,0.0711239255825889
eebcaf65-7fa4-4118-869d-a084e84530e2,64,100.0,288.7829857856707,102803.91265597148,89841.91265597148,0.12305946166862808,0.07402728105240426
eebcaf65-7fa4-4118-869d-a084e84530e2,64,100.0,334.2624037463071,102048.91265597148,89841.91265597148,0.12305946166862808,0.0761391966884159
eebcaf65-7fa4-4118-869d-a084e84530e2,64,100.0,386.9042154761296,101470.91265597148,89841.91265597148,0.12305946166862808,0.0780994375351672
eebcaf65-7fa4-4118-869d-a084e84530e2,64,100.0,447.8364012089508,101211.91265597148,89841.91265597148,0.12305946166862808,0.07918445817672898
eebcaf65-7fa4-4118-869d-a084e84530e2,64,100.0,518.3645828231037,100998.91265597148,89841.91265597148,0.12305946166862808,0.08004342731459034
eebcaf65-7fa4-4118-869d-a084e84530e2,64,100.0,599.9999999999997,100908.91265597148,89841.91265597148,0.12305946166862808,0.08046424647465886
fe380793-8035-414e-b000-09bfe5ece92a,64,100.0,2.0,4526620.722772277,106526.72277227722,0.18287343951025295,0.0004999690579787549
fe380793-8035-414e-b000-09bfe5ece92a,64,100.0,2.3149729741653853,4259928.722772277,106526.72277227722,0.18287343951025295,0.0005436044547070869
fe380793-8035-414e-b000-09bfe5ece92a,64,100.0,2.6795499355580645,3981633.7227722774,106526.72277227722,0.18287343951025295,0.0006042173285926399
fe380793-8035-414e-b000-09bfe5ece92a,64,100.0,3.1015428418717597,3695322.7227722774,106526.72277227722,0.18287343951025295,0.0006866246406246588
fe380793-8035-414e-b000-09bfe5ece92a,64,100.0,3.5899939285746147,3405332.7227722774,106526.72277227722,0.18287343951025295,0.0007968669487748128
fe380793-8035-414e-b000-09bfe5ece92a,64,100.0,4.1553694610340255,3116929.7227722774,106526.72277227722,0.18287343951025295,0.0009423389158560304
fe380793-8035-414e-b000-09bfe5ece92a,64,100.0,4.809783999982975,2835660.7227722774,106526.72277227722,0.18287343951025295,0.001131883821910408
fe380793-8035-414e-b000-09bfe5ece92a,64,100.0,5.567259985766836,2566512.7227722774,106526.72277227722,0.18287343951025295,0.0013741631275212586
fe380793-8035-414e-b000-09bfe5ece92a,64,100.0,6.444028203601297,2310014.7227722774,106526.72277227722,0.18287343951025295,0.0016843949494518946
fe380793-8035-414e-b000-09bfe5ece92a,64,100.0,7.458875568048258,2066241.7227722772,106526.72277227722,0.18287343951025295,0.0020754732268198775
fe380793-8035-414e-b000-09bfe5ece92a,64,100.0,8.633547678847101,1837948.7227722772,106526.72277227722,0.18287343951025295,0.0025646962680894534
fe380793-8035-414e-b000-09bfe5ece92a,64,100.0,9.993214773849669,1625470.7227722772,106526.72277227722,0.18287343951025295,0.00317622065352466
fe380793-8035-414e-b000-09bfe5ece92a,64,100.0,11.567011063246117,1429746.7227722772,106526.72277227722,0.18287343951025295,0.003924606323473964
fe380793-8035-414e-b000-09bfe5ece92a,64,100.0,13.388659001643386,1252631.7227722772,106526.72277227722,0.18287343951025295,0.004826246423761899
fe380793-8035-414e-b000-09bfe5ece92a,64,100.0,15.497191874560272,1093096.7227722772,106526.72277227722,0.18287343951025295,0.0058987637092343895
fe380793-8035-414e-b000-09bfe5ece92a,64,100.0,17.937790182531224,952705.7227722772,106526.72277227722,0.18287343951025295,0.007155475777702126
fe380793-8035-414e-b000-09bfe5ece92a,64,100.0,20.762749744404477,832273.7227722772,106526.72277227722,0.18287343951025295,0.008599087138873002
fe380793-8035-414e-b000-09bfe5ece92a,64,100.0,24.03260226382781,729344.7227722772,106526.72277227722,0.18287343951025295,0.010246672521404977
fe380793-8035-414e-b000-09bfe5ece92a,64,100.0,27.81741236981361,641530.7227722772,106526.72277227722,0.18287343951025295,0.012133865653594169
fe380793-8035-414e-b000-09bfe5ece92a,64,100.0,32.19827892366621,564728.7227722772,106526.72277227722,0.18287343951025295,0.014313350828587222
fe380793-8035-414e-b000-09bfe5ece92a,64,100.0,37.26907276146309,498299.7227722772,106526.72277227722,0.18287343951025295,0.016852911454852973
fe380793-8035-414e-b000-09bfe5ece92a,64,100.0,43.13844810749518,442877.7227722772,106526.72277227722,0.18287343951025295,0.019821528249647308
fe380793-8035-414e-b000-09bfe5ece92a,64,100.0,49.93217075814364,393444.7227722772,106526.72277227722,0.18287343951025295,0.023392275736866152
fe380793-8035-414e-b000-09bfe5ece92a,64,100.0,57.795812923256825,349113.7227722772,106526.72277227722,0.18287343951025295,0.02758568848622954
fe380793-8035-414e-b000-09bfe5ece92a,64,100.0,66.89787246862902,308982.7227722772,106526.72277227722,0.18287343951025295,0.03256679457753628
fe380793-8035-414e-b000-09bfe5ece92a,64,100.0,77.43338339701937,273971.7227722772,106526.72277227722,0.18287343951025295,0.03855870873483481
fe380793-8035-414e-b000-09bfe5ece92a,64,100.0,89.62809493114324,241425.72277227722,106526.72277227722,0.18287343951025295,0.04568697978310111
fe380793-8035-414e-b000-09bfe5ece92a,64,100.0,103.74330874576306,213965.72277227722,106526.72277227722,0.18287343951025295,0.0539221846847247
fe380793-8035-414e-b000-09bfe5ece92a,64,100.0,120.08147799846844,190247.72277227722,106526.72277227722,0.18287343951025295,0.0631745375870253
fe380793-8035-414e-b000-09bfe5ece92a,64,100.0,138.99268813214488,169840.72277227722,106526.72277227722,0.18287343951025295,0.07338713456650753
fe380793-8035-414e-b000-09bfe5ece92a,64,100.0,160.88215831625678,153549.72277227722,106526.72277227722,0.18287343951025295,0.08466438708407423
fe380793-8035-414e-b000-09bfe5ece92a,64,100.0,186.21892426376562,141593.72277227722,106526.72277227722,0.18287343951025295,0.09602160635359643
fe380793-8035-414e-b000-09bfe5ece92a,64,100.0,215.54588847438404,132017.72277227722,106526.72277227722,0.18287343951025295,0.10747750374271466
fe380793-8035-414e-b000-09bfe5ece92a,64,100.0,249.49145325533257,125942.72277227722,106526.72277227722,0.18287343951025295,0.11767300270365365
fe380793-8035-414e-b000-09bfe5ece92a,64,100.0,288.7829857856707,123378.72277227722,106526.72277227722,0.18287343951025295,0.12307520563227345
fe380793-8035-414e-b000-09bfe5ece92a,64,100.0,334.2624037463071,121617.72277227722,106526.72277227722,0.18287343951025295,0.12800712077571916
fe380793-8035-414e-b000-09bfe5ece92a,64,100.0,386.9042154761296,120274.72277227722,106526.72277227722,0.18287343951025295,0.13283786290413954
fe380793-8035-414e-b000-09bfe5ece92a,64,100.0,447.8364012089508,119243.72277227722,106526.72277227722,0.18287343951025295,0.13773852244152784
fe380793-8035-414e-b000-09bfe5ece92a,64,100.0,518.3645828231037,118633.72277227722,106526.72277227722,0.18287343951025295,0.14139353437496852
fe380793-8035-414e-b000-09bfe5ece92a,64,100.0,599.9999999999997,118209.72277227722,106526.72277227722,0.18287343951025295,0.14500133757914216
1a276285-8b0e-4cc9-9f0a-a3a002978724,32,100.0,2.0,3853006.7495881384,46296.74958813839,0.2132329076357336,0.0005230040377298639
1a276285-8b0e-4cc9-9f0a-a3a002978724,32,100.0,2.3149729741653853,3645776.7495881384,46296.74958813839,0.2132329076357336,0.0005638588007091695
1a276285-8b0e-4cc9-9f0a-a3a002978724,32,100.0,2.6795499355580645,3425856.7495881384,46296.74958813839,0.2132329076357336,0.0006212227551224238
1a276285-8b0e-4cc9-9f0a-a3a002978724,32,100.0,3.1015428418717597,3194907.7495881384,46296.74958813839,0.2132329076357336,0.0007010054638417387
1a276285-8b0e-4cc9-9f0a-a3a002978724,32,100.0,3.5899939285746147,2959795.7495881384,46296.74958813839,0.2132329076357336,0.0008090631870687053
1a276285-8b0e-4cc9-9f0a-a3a002978724,32,100.0,4.1553694610340255,2723205.7495881384,46296.74958813839,0.2132329076357336,0.0009530523045230839
1a276285-8b0e-4cc9-9f0a-a3a002978724,32,100.0,4.809783999982975,2488116.7495881384,46296.74958813839,0.2132329076357336,0.0011443534813534535
1a276285-8b0e-4cc9-9f0a-a3a002978724,32,100.0,5.567259985766836,2258088.7495881384,46296.74958813839,0.2132329076357336,0.0013931243623328407
1a276285-8b0e-4cc9-9f0a-a3a002978724,32,100.0,6.444028203601297,2038531.7495881384,46296.74958813839,0.2132329076357336,0.0017127629923251726
1a276285-8b0e-4cc9-9f0a-a3a002978724,32,100.0,7.458875568048258,1824198.7495881384,46296.74958813839,0.2132329076357336,0.0021276584540116878
1a276285-8b0e-4cc9-9f0a-a3a002978724,32,100.0,8.633547678847101,1620374.7495881384,46296.74958813839,0.2132329076357336,0.002654207044738914
1a276285-8b0e-4cc9-9f0a-a3a002978724,32,100.0,9.993214773849669,1428693.7495881384,46296.74958813839,0.2132329076357336,0.003312533508750192
1a276285-8b0e-4cc9-9f0a-a3a002978724,32,100.0,11.567011063246117,1250523.7495881384,46296.74958813839,0.2132329076357336,0.004126979581803779
1a276285-8b0e-4cc9-9f0a-a3a002978724,32,100.0,13.388659001643386,1087921.7495881384,46296.74958813839,0.2132329076357336,0.0051182692784056015
1a276285-8b0e-4cc9-9f0a-a3a002978724,32,100.0,15.497191874560272,943343.7495881384,46296.74958813839,0.2132329076357336,0.006277684958486444
1a276285-8b0e-4cc9-9f0a-a3a002978724,32,100.0,17.937790182531224,814558.7495881384,46296.74958813839,0.2132329076357336,0.007645995760188237
1a276285-8b0e-4cc9-9f0a-a3a002978724,32,100.0,20.762749744404477,704781.7495881384,46296.74958813839,0.2132329076357336,0.009206295566090964
1a276285-8b0e-4cc9-9f0a-a3a002978724,32,100.0,24.03260226382781,610497.7495881384,46296.74958813839,0.2132329076357336,0.010977347767009907
1a276285-8b0e-4cc9-9f0a-a3a002978724,32,100.0,27.81741236981361,532434.7495881384,46296.74958813839,0.2132329076357336,0.012974756281057816
1a276285-8b0e-4cc9-9f0a-a3a002978724,32,100.0,32.19827892366621,463137.74958813837,46296.74958813839,0.2132329076357336,0.015272366484284726
1a276285-8b0e-4cc9-9f0a-a3a002978724,32,100.0,37.26907276146309,403957.74958813837,46296.74958813839,0.2132329076357336,0.017950995809730443
1a276285-8b0e-4cc9-9f0a-a3a002978724,32,100.0,43.13844810749518,354748.74958813837,46296.74958813839,0.2132329076357336,0.021052401722015123
1a276285-8b0e-4cc9-9f0a-a3a002978724,32,100.0,49.93217075814364,311516.74958813837,46296.74958813839,0.2132329076357336,0.02474761677371536
1a276285-8b0e-4cc9-9f0a-a3a002978724,32,100.0,57.795812923256825,272708.74958813837,46296.74958813839,0.2132329076357336,0.029173648475369338
1a276285-8b0e-4cc9-9f0a-a3a002978724,32,100.0,66.89787246862902,235997.7495881384,46296.74958813839,0.2132329076357336,0.03452353078011179
1a276285-8b0e-4cc9-9f0a-a3a002978724,32,100.0,77.43338339701937,205025.7495881384,46296.74958813839,0.2132329076357336,0.04097323890212755
1a276285-8b0e-4cc9-9f0a-a3a002978724,32,100.0,89.62809493114324,175732.7495881384,46296.74958813839,0.2132329076357336,0.04866864579706304
1a276285-8b0e-4cc9-9f0a-a3a002978724,32,100.0,103.74330874576306,151824.7495881384,46296.74958813839,0.2132329076357336,0.05765830308493287
1a276285-8b0e-4cc9-9f0a-a3a002978724,32,100.0,120.08147799846844,128787.7495881384,46296.74958813839,0.2132329076357336,0.06824967531289323
1a276285-8b0e-4cc9-9f0a-a3a002978724,32,100.0,138.99268813214488,109421.7495881384,46296.74958813839,0.2132329076357336,0.08002831340596392
1a276285-8b0e-4cc9-9f0a-a3a002978724,32,100.0,160.88215831625678,92869.7495881384,46296.74958813839,0.2132329076357336,0.0934152078697175
1a276285-8b0e-4cc9-9f0a-a3a002978724,32,100.0,186.21892426376562,80765.7495881384,46296.74958813839,0.2132329076357336,0.1075659559533037
1a276285-8b0e-4cc9-9f0a-a3a002978724,32,100.0,215.54588847438404,70965.7495881384,46296.74958813839,0.2132329076357336,0.12154271074266175
1a276285-8b0e-4cc9-9f0a-a3a002978724,32,100.0,249.49145325533257,64562.74958813839,46296.74958813839,0.2132329076357336,0.13489052054563425
1a276285-8b0e-4cc9-9f0a-a3a002978724,32,100.0,288.7829857856707,61733.74958813839,46296.74958813839,0.2132329076357336,0.14211287573894002
1a276285-8b0e-4cc9-9f0a-a3a002978724,32,100.0,334.2624037463071,60093.74958813839,46296.74958813839,0.2132329076357336,0.1475287144629617
1a276285-8b0e-4cc9-9f0a-a3a002978724,32,100.0,386.9042154761296,59110.74958813839,46296.74958813839,0.2132329076357336,0.15173621595750236
1a276285-8b0e-4cc9-9f0a-a3a002978724,32,100.0,447.8364012089508,58383.74958813839,46296.74958813839,0.2132329076357336,0.15574888556426578
1a276285-8b0e-4cc9-9f0a-a3a002978724,32,100.0,518.3645828231037,57880.74958813839,46296.74958813839,0.2132329076357336,0.15917476568848052
1a276285-8b0e-4cc9-9f0a-a3a002978724,32,100.0,599.9999999999997,57585.74958813839,46296.74958813839,0.2132329076357336,0.1621185877614607
1e104bf4-7a24-4624-a5b2-c2c8289c0de7,32,100.0,2.0,3726609.1925465837,45333.19254658385,0.3815347500752587,0.0009492096001963171
1e104bf4-7a24-4624-a5b2-c2c8289c0de7,32,100.0,2.3149729741653853,3521207.1925465837,45333.19254658385,0.3815347500752587,0.0010323185624080404
1e104bf4-7a24-4624-a5b2-c2c8289c0de7,32,100.0,2.6795499355580645,3307274.1925465837,45333.19254658385,0.3815347500752587,0.0011475840750978172
1e104bf4-7a24-4624-a5b2-c2c8289c0de7,32,100.0,3.1015428418717597,3086976.1925465837,45333.19254658385,0.3815347500752587,0.0013062050456587736
1e104bf4-7a24-4624-a5b2-c2c8289c0de7,32,100.0,3.5899939285746147,2861466.1925465837,45333.19254658385,0.3815347500752587,0.0015200880134265638
1e104bf4-7a24-4624-a5b2-c2c8289c0de7,32,100.0,4.1553694610340255,2639460.1925465837,45333.19254658385,0.3815347500752587,0.0018027674582107194
1e104bf4-7a24-4624-a5b2-c2c8289c0de7,32,100.0,4.809783999982975,2422144.1925465837,45333.19254658385,0.3815347500752587,0.0021722284304379748
1e104bf4-7a24-4624-a5b2-c2c8289c0de7,32,100.0,5.567259985766836,2207989.1925465837,45333.19254658385,0.3815347500752587,0.0026585283639457033
1e104bf4-7a24-4624-a5b2-c2c8289c0de7,32,100.0,6.444028203601297,2001505.192546584,45333.19254658385,0.3815347500752587,0.0032764375863616343
1e104bf4-7a24-4624-a5b2-c2c8289c0de7,32,100.0,7.458875568048258,1802023.192546584,45333.19254658385,0.3815347500752587,0.004073667601928975
1e104bf4-7a24-4624-a5b2-c2c8289c0de7,32,100.0,8.633547678847101,1612635.192546584,45333.19254658385,0.3815347500752587,0.0050891889629640745
1e104bf4-7a24-4624-a5b2-c2c8289c0de7,32,100.0,9.993214773849669,1434665.192546584,45333.19254658385,0.3815347500752587,0.006369974121955969
1e104bf4-7a24-4624-a5b2-c2c8289c0de7,32,100.0,11.567011063246117,1267459.192546584,45333.19254658385,0.3815347500752587,0.007983333698127499
1e104bf4-7a24-4624-a5b2-c2c8289c0de7,32,100.0,13.388659001643386,1112417.192546584,45333.19254658385,0.3815347500752587,0.009989667795865026
1e104bf4-7a24-4624-a5b2-c2c8289c0de7,32,100.0,15.497191874560272,967528.1925465838,45333.19254658385,0.3815347500752587,0.01249523742701532
1e104bf4-7a24-4624-a5b2-c2c8289c0de7,32,100.0,17.937790182531224,832170.1925465838,45333.19254658385,0.3815347500752587,0.015587705182924499
1e104bf4-7a24-4624-a5b2-c2c8289c0de7,32,100.0,20.762749744404477,709709.1925465838,45333.19254658385,0.3815347500752587,0.019328668876442655
1e104bf4-7a24-4624-a5b2-c2c8289c0de7,32,100.0,24.03260226382781,601976.1925465838,45333.19254658385,0.3815347500752587,0.023731019948844446
1e104bf4-7a24-4624-a5b2-c2c8289c0de7,32,100.0,27.81741236981361,505119.1925465838,45333.19254658385,0.3815347500752587,0.028908073689070037
1e104bf4-7a24-4624-a5b2-c2c8289c0de7,32,100.0,32.19827892366621,420197.1925465838,45333.19254658385,0.3815347500752587,0.034927273336749075
1e104bf4-7a24-4624-a5b2-c2c8289c0de7,32,100.0,37.26907276146309,346886.1925465838,45333.19254658385,0.3815347500752587,0.041766819776459636
1e104bf4-7a24-4624-a5b2-c2c8289c0de7,32,100.0,43.13844810749518,287976.1925465838,45333.19254658385,0.3815347500752587,0.04934275528383171
1e104bf4-7a24-4624-a5b2-c2c8289c0de7,32,100.0,49.93217075814364,238311.19254658386,45333.19254658385,0.3815347500752587,0.05771829850580039
1e104bf4-7a24-4624-a5b2-c2c8289c0de7,32,100.0,57.795812923256825,199646.19254658386,45333.19254658385,0.3815347500752587,0.06662515452129543
1e104bf4-7a24-4624-a5b2-c2c8289c0de7,32,100.0,66.89787246862902,168633.19254658386,45333.19254658385,0.3815347500752587,0.0760953529108492
1e104bf4-7a24-4624-a5b2-c2c8289c0de7,32,100.0,77.43338339701937,143722.19254658386,45333.19254658385,0.3815347500752587,0.08596054368623363
1e104bf4-7a24-4624-a5b2-c2c8289c0de7,32,100.0,89.62809493114324,124111.19254658386,45333.19254658385,0.3815347500752587,0.09648425667725923
1e104bf4-7a24-4624-a5b2-c2c8289c0de7,32,100.0,103.74330874576306,108835.19254658386,45333.19254658385,0.3815347500752587,0.10755978057620845
1e104bf4-7a24-4624-a5b2-c2c8289c0de7,32,100.0,120.08147799846844,96312.19254658386,45333.19254658385,0.3815347500752587,0.11931718616284531
1e104bf4-7a24-4624-a5b2-c2c8289c0de7,32,100.0,138.99268813214488,85985.19254658386,45333.19254658385,0.3815347500752587,0.1323419426957601
1e104bf4-7a24-4624-a5b2-c2c8289c0de7,32,100.0,160.88215831625678,77164.19254658386,45333.19254658385,0.3815347500752587,0.14684418623331597
1e104bf4-7a24-4624-a5b2-c2c8289c0de7,32,100.0,186.21892426376562,70940.19254658386,45333.19254658385,0.3815347500752587,0.16119099663314498
1e104bf4-7a24-4624-a5b2-c2c8289c0de7,32,100.0,215.54588847438404,65895.19254658386,45333.19254658385,0.3815347500752587,0.17809033669255664
1e104bf4-7a24-4624-a5b2-c2c8289c0de7,32,100.0,249.49145325533257,61425.19254658385,45333.19254658385,0.3815347500752587,0.1966650223382259
1e104bf4-7a24-4624-a5b2-c2c8289c0de7,32,100.0,288.7829857856707,58168.19254658385,45333.19254658385,0.3815347500752587,0.2148877172685258
1e104bf4-7a24-4624-a5b2-c2c8289c0de7,32,100.0,334.2624037463071,56937.19254658385,45333.19254658385,0.3815347500752587,0.2239382832417604
1e104bf4-7a24-4624-a5b2-c2c8289c0de7,32,100.0,386.9042154761296,56597.19254658385,45333.19254658385,0.3815347500752587,0.22630160593456383
1e104bf4-7a24-4624-a5b2-c2c8289c0de7,32,100.0,447.8364012089508,56397.19254658385,45333.19254658385,0.3815347500752587,0.22816220564348952
1e104bf4-7a24-4624-a5b2-c2c8289c0de7,32,100.0,518.3645828231037,56245.19254658385,45333.19254658385,0.3815347500752587,0.22948479685684572
1e104bf4-7a24-4624-a5b2-c2c8289c0de7,32,100.0,599.9999999999997,56138.19254658385,45333.19254658385,0.3815347500752587,0.2305061298603206
6638cfb3-3831-4fc2-9327-194b76cf22e1,32,100.0,2.0,3212751.466666667,40553.46666666667,1.0724413988312285,0.00296892016475754
6638cfb3-3831-4fc2-9327-194b76cf22e1,32,100.0,2.3149729741653853,3015475.466666667,40553.46666666667,1.0724413988312285,0.003233610001891157
6638cfb3-3831-4fc2-9327-194b76cf22e1,32,100.0,2.6795499355580645,2804867.466666667,40553.46666666667,1.0724413988312285,0.003605658638490432
6638cfb3-3831-4fc2-9327-194b76cf22e1,32,100.0,3.1015428418717597,2586792.466666667,40553.46666666667,1.0724413988312285,0.004118433342090941
6638cfb3-3831-4fc2-9327-194b76cf22e1,32,100.0,3.5899939285746147,2364944.466666667,40553.46666666667,1.0724413988312285,0.0048103587160829376
6638cfb3-3831-4fc2-9327-194b76cf22e1,32,100.0,4.1553694610340255,2141263.466666667,40553.46666666667,1.0724413988312285,0.005733136586671399
6638cfb3-3831-4fc2-9327-194b76cf22e1,32,100.0,4.809783999982975,1923770.4666666666,40553.46666666667,1.0724413988312285,0.006926731507188535
6638cfb3-3831-4fc2-9327-194b76cf22e1,32,100.0,5.567259985766836,1714607.4666666666,40553.46666666667,1.0724413988312285,0.008466640424615065
6638cfb3-3831-4fc2-9327-194b76cf22e1,32,100.0,6.444028203601297,1516563.4666666666,40553.46666666667,1.0724413988312285,0.01039968812868745
6638cfb3-3831-4fc2-9327-194b76cf22e1,32,100.0,7.458875568048258,1332251.4666666666,40553.46666666667,1.0724413988312285,0.012795443034346448
6638cfb3-3831-4fc2-9327-194b76cf22e1,32,100.0,8.633547678847101,1163094.4666666666,40553.46666666667,1.0724413988312285,0.01572564821116605
6638cfb3-3831-4fc2-9327-194b76cf22e1,32,100.0,9.993214773849669,1010465.4666666667,40553.46666666667,1.0724413988312285,0.019256991982528452
6638cfb3-3831-4fc2-9327-194b76cf22e1,32,100.0,11.567011063246117,874916.4666666667,40553.46666666667,1.0724413988312285,0.023457817560170183
6638cfb3-3831-4fc2-9327-194b76cf22e1,32,100.0,13.388659001643386,754979.4666666667,40553.46666666667,1.0724413988312285,0.02841033146763503
6638cfb3-3831-4fc2-9327-194b76cf22e1,32,100.0,15.497191874560272,647181.4666666667,40553.46666666667,1.0724413988312285,0.034293013452067665
6638cfb3-3831-4fc2-9327-194b76cf22e1,32,100.0,17.937790182531224,550938.4666666667,40553.46666666667,1.0724413988312285,0.041257150989382825
6638cfb3-3831-4fc2-9327-194b76cf22e1,32,100.0,20.762749744404477,469111.4666666667,40553.46666666667,1.0724413988312285,0.04935892512357368
6638cfb3-3831-4fc2-9327-194b76cf22e1,32,100.0,24.03260226382781,395338.4666666667,40553.46666666667,1.0724413988312285,0.05904279072438568
6638cfb3-3831-4fc2-9327-194b76cf22e1,32,100.0,27.81741236981361,333110.4666666667,40553.46666666667,1.0724413988312285,0.0700732148709507
6638cfb3-3831-4fc2-9327-194b76cf22e1,32,100.0,32.19827892366621,277485.4666666667,40553.46666666667,1.0724413988312285,0.08293639309321421
6638cfb3-3831-4fc2-9327-194b76cf22e1,32,100.0,37.26907276146309,229040.46666666667,40553.46666666667,1.0724413988312285,0.09759531743732053
6638cfb3-3831-4fc2-9327-194b76cf22e1,32,100.0,43.13844810749518,190134.46666666667,40553.46666666667,1.0724413988312285,0.1139548002700068
6638cfb3-3831-4fc2-9327-194b76cf22e1,32,100.0,49.93217075814364,158728.46666666667,40553.46666666667,1.0724413988312285,0.1318448371238061
6638cfb3-3831-4fc2-9327-194b76cf22e1,32,100.0,57.795812923256825,133079.46666666667,40553.46666666667,1.0724413988312285,0.15047391416372735
6638cfb3-3831-4fc2-9327-194b76cf22e1,32,100.0,66.89787246862902,112188.46666666667,40553.46666666667,1.0724413988312285,0.17006692345672714
6638cfb3-3831-4fc2-9327-194b76cf22e1,32,100.0,77.43338339701937,96977.46666666667,40553.46666666667,1.0724413988312285,0.1901352278565935
6638cfb3-3831-4fc2-9327-194b76cf22e1,32,100.0,89.62809493114324,85692.46666666667,40553.46666666667,1.0724413988312285,0.20857441084754766
6638cfb3-3831-4fc2-9327-194b76cf22e1,32,100.0,103.74330874576306,78280.46666666667,40553.46666666667,1.0724413988312285,0.22700157717908281
6638cfb3-3831-4fc2-9327-194b76cf22e1,32,100.0,120.08147799846844,71920.46666666667,40553.46666666667,1.0724413988312285,0.24572007550775996
6638cfb3-3831-4fc2-9327-194b76cf22e1,32,100.0,138.99268813214488,66705.46666666667,40553.46666666667,1.0724413988312285,0.26616847110924313
6638cfb3-3831-4fc2-9327-194b76cf22e1,32,100.0,160.88215831625678,62649.46666666667,40553.46666666667,1.0724413988312285,0.2874734115694813
6638cfb3-3831-4fc2-9327-194b76cf22e1,32,100.0,186.21892426376562,60054.46666666667,40553.46666666667,1.0724413988312285,0.3116815623720066
6638cfb3-3831-4fc2-9327-194b76cf22e1,32,100.0,215.54588847438404,57376.46666666667,40553.46666666667,1.0724413988312285,0.34032879628240964
6638cfb3-3831-4fc2-9327-194b76cf22e1,32,100.0,249.49145325533257,54930.46666666667,40553.46666666667,1.0724413988312285,0.374031159744229
6638cfb3-3831-4fc2-9327-194b76cf22e1,32,100.0,288.7829857856707,52839.46666666667,40553.46666666667,1.0724413988312285,0.4119673799965057
6638cfb3-3831-4fc2-9327-194b76cf22e1,32,100.0,334.2624037463071,51797.46666666667,40553.46666666667,1.0724413988312285,0.43545933222355904
6638cfb3-3831-4fc2-9327-194b76cf22e1,32,100.0,386.9042154761296,51419.46666666667,40553.46666666667,1.0724413988312285,0.44453191501725614
6638cfb3-3831-4fc2-9327-194b76cf22e1,32,100.0,447.8364012089508,51273.46666666667,40553.46666666667,1.0724413988312285,0.4473814207022916
6638cfb3-3831-4fc2-9327-194b76cf22e1,32,100.0,518.3645828231037,51220.46666666667,40553.46666666667,1.0724413988312285,0.4480875458339272
6638cfb3-3831-4fc2-9327-194b76cf22e1,32,100.0,599.9999999999997,51195.46666666667,40553.46666666667,1.0724413988312285,0.44808754301475345
749cb2b7-e57e-4453-a794-f6230e4d0226,32,100.0,2.0,3693723.6448326055,46834.64483260553,0.07777137462104397,0.000166534401363511
749cb2b7-e57e-4453-a794-f6230e4d0226,32,100.0,2.3149729741653853,3462115.6448326055,46834.64483260553,0.07777137462104397,0.0001797609743360006
749cb2b7-e57e-4453-a794-f6230e4d0226,32,100.0,2.6795499355580645,3217418.6448326055,46834.64483260553,0.07777137462104397,0.000198148642165662
749cb2b7-e57e-4453-a794-f6230e4d0226,32,100.0,3.1015428418717597,2972129.6448326055,46834.64483260553,0.07777137462104397,0.0002228654353297611
749cb2b7-e57e-4453-a794-f6230e4d0226,32,100.0,3.5899939285746147,2726432.6448326055,46834.64483260553,0.07777137462104397,0.00025571020814281416
749cb2b7-e57e-4453-a794-f6230e4d0226,32,100.0,4.1553694610340255,2486074.6448326055,46834.64483260553,0.07777137462104397,0.0002981530645321267
749cb2b7-e57e-4453-a794-f6230e4d0226,32,100.0,4.809783999982975,2256390.6448326055,46834.64483260553,0.07777137462104397,0.0003522084154996216
749cb2b7-e57e-4453-a794-f6230e4d0226,32,100.0,5.567259985766836,2037780.6448326055,46834.64483260553,0.07777137462104397,0.0004204940454990686
749cb2b7-e57e-4453-a794-f6230e4d0226,32,100.0,6.444028203601297,1833499.6448326055,46834.64483260553,0.07777137462104397,0.0005055000269708358
749cb2b7-e57e-4453-a794-f6230e4d0226,32,100.0,7.458875568048258,1645904.6448326055,46834.64483260553,0.07777137462104397,0.000609750479263254
749cb2b7-e57e-4453-a794-f6230e4d0226,32,100.0,8.633547678847101,1470909.6448326055,46834.64483260553,0.07777137462104397,0.0007389411650013731
749cb2b7-e57e-4453-a794-f6230e4d0226,32,100.0,9.993214773849669,1309991.6448326055,46834.64483260553,0.07777137462104397,0.0008985766569429478
749cb2b7-e57e-4453-a794-f6230e4d0226,32,100.0,11.567011063246117,1163547.6448326055,46834.64483260553,0.07777137462104397,0.001092680450866623
749cb2b7-e57e-4453-a794-f6230e4d0226,32,100.0,13.388659001643386,1032115.6448326055,46834.64483260553,0.07777137462104397,0.0013298462385300702
749cb2b7-e57e-4453-a794-f6230e4d0226,32,100.0,15.497191874560272,912601.6448326055,46834.64483260553,0.07777137462104397,0.0016190987393768766
749cb2b7-e57e-4453-a794-f6230e4d0226,32,100.0,17.937790182531224,805362.6448326055,46834.64483260553,0.07777137462104397,0.0019666813907280555
749cb2b7-e57e-4453-a794-f6230e4d0226,32,100.0,20.762749744404477,705044.6448326055,46834.64483260553,0.07777137462104397,0.002395392851598652
749cb2b7-e57e-4453-a794-f6230e4d0226,32,100.0,24.03260226382781,616177.6448326055,46834.64483260553,0.07777137462104397,0.0029054090018372763
749cb2b7-e57e-4453-a794-f6230e4d0226,32,100.0,27.81741236981361,536644.6448326055,46834.64483260553,0.07777137462104397,0.0035183723410968115
749cb2b7-e57e-4453-a794-f6230e4d0226,32,100.0,32.19827892366621,464609.64483260555,46834.64483260553,0.07777137462104397,0.004244343721906797
749cb2b7-e57e-4453-a794-f6230e4d0226,32,100.0,37.26907276146309,401983.64483260555,46834.64483260553,0.07777137462104397,0.005080946318345304
749cb2b7-e57e-4453-a794-f6230e4d0226,32,100.0,43.13844810749518,345627.64483260555,46834.64483260553,0.07777137462104397,0.006075307057519335
749cb2b7-e57e-4453-a794-f6230e4d0226,32,100.0,49.93217075814364,298229.64483260555,46834.64483260553,0.07777137462104397,0.007217394218341097
749cb2b7-e57e-4453-a794-f6230e4d0226,32,100.0,57.795812923256825,257665.64483260553,46834.64483260553,0.07777137462104397,0.008571621703107558
749cb2b7-e57e-4453-a794-f6230e4d0226,32,100.0,66.89787246862902,223614.64483260553,46834.64483260553,0.07777137462104397,0.010106114208730506
749cb2b7-e57e-4453-a794-f6230e4d0226,32,100.0,77.43338339701937,192776.64483260553,46834.64483260553,0.07777137462104397,0.01188610721946775
749cb2b7-e57e-4453-a794-f6230e4d0226,32,100.0,89.62809493114324,167590.64483260553,46834.64483260553,0.07777137462104397,0.01389128218330835
749cb2b7-e57e-4453-a794-f6230e4d0226,32,100.0,103.74330874576306,145348.64483260553,46834.64483260553,0.07777137462104397,0.016223726057909237
749cb2b7-e57e-4453-a794-f6230e4d0226,32,100.0,120.08147799846844,126260.64483260553,46834.64483260553,0.07777137462104397,0.01882996764248475
749cb2b7-e57e-4453-a794-f6230e4d0226,32,100.0,138.99268813214488,110628.64483260553,46834.64483260553,0.07777137462104397,0.02174480676061008
749cb2b7-e57e-4453-a794-f6230e4d0226,32,100.0,160.88215831625678,97170.64483260553,46834.64483260553,0.07777137462104397,0.024929469898177025
749cb2b7-e57e-4453-a794-f6230e4d0226,32,100.0,186.21892426376562,86174.64483260553,46834.64483260553,0.07777137462104397,0.028480208461697555
749cb2b7-e57e-4453-a794-f6230e4d0226,32,100.0,215.54588847438404,77318.64483260553,46834.64483260553,0.07777137462104397,0.032370141140172656
749cb2b7-e57e-4453-a794-f6230e4d0226,32,100.0,249.49145325533257,69894.64483260553,46834.64483260553,0.07777137462104397,0.03645182845090887
749cb2b7-e57e-4453-a794-f6230e4d0226,32,100.0,288.7829857856707,64754.64483260553,46834.64483260553,0.07777137462104397,0.04088291769475963
749cb2b7-e57e-4453-a794-f6230e4d0226,32,100.0,334.2624037463071,60754.64483260553,46834.64483260553,0.07777137462104397,0.04492707445826091
749cb2b7-e57e-4453-a794-f6230e4d0226,32,100.0,386.9042154761296,59286.64483260553,46834.64483260553,0.07777137462104397,0.04674615622999214
749cb2b7-e57e-4453-a794-f6230e4d0226,32,100.0,447.8364012089508,58662.64483260553,46834.64483260553,0.07777137462104397,0.04775502213403131
749cb2b7-e57e-4453-a794-f6230e4d0226,32,100.0,518.3645828231037,58299.64483260553,46834.64483260553,0.07777137462104397,0.048519771233687725
749cb2b7-e57e-4453-a794-f6230e4d0226,32,100.0,599.9999999999997,58024.64483260553,46834.64483260553,0.07777137462104397,0.04917828023210453
d7ec0892-0a6c-4f4f-9d8f-72083692af5c,32,100.0,2.0,5570295.37037037,64045.37037037037,0.021733636411931396,0.00014980631300437282
d7ec0892-0a6c-4f4f-9d8f-72083692af5c,32,100.0,2.3149729741653853,5266660.37037037,64045.37037037037,0.021733636411931396,0.00016029895619685698
d7ec0892-0a6c-4f4f-9d8f-72083692af5c,32,100.0,2.6795499355580645,4936832.37037037,64045.37037037037,0.021733636411931396,0.00017532629845815357
d7ec0892-0a6c-4f4f-9d8f-72083692af5c,32,100.0,3.1015428418717597,4594870.37037037,64045.37037037037,0.021733636411931396,0.00019621319035173667
d7ec0892-0a6c-4f4f-9d8f-72083692af5c,32,100.0,3.5899939285746147,4235439.37037037,64045.37037037037,0.021733636411931396,0.00022505261793651576
d7ec0892-0a6c-4f4f-9d8f-72083692af5c,32,100.0,4.1553694610340255,3877414.3703703703,64045.37037037037,0.021733636411931396,0.0002635597093694231
d7ec0892-0a6c-4f4f-9d8f-72083692af5c,32,100.0,4.809783999982975,3522296.3703703703,64045.37037037037,0.021733636411931396,0.000314402513964916
d7ec0892-0a6c-4f4f-9d8f-72083692af5c,32,100.0,5.567259985766836,3173400.3703703703,64045.37037037037,0.021733636411931396,0.0003808328402806287
d7ec0892-0a6c-4f4f-9d8f-72083692af5c,32,100.0,6.444028203601297,2835291.3703703703,64045.37037037037,0.021733636411931396,0.0004665778640926995
d7ec0892-0a6c-4f4f-9d8f-72083692af5c,32,100.0,7.458875568048258,2512533.3703703703,64045.37037037037,0.021733636411931396,0.0005761128698254603
d7ec0892-0a6c-4f4f-9d8f-72083692af5c,32,100.0,8.633547678847101,2204292.3703703703,64045.37037037037,0.021733636411931396,0.0007141628285451227
d7ec0892-0a6c-4f4f-9d8f-72083692af5c,32,100.0,9.993214773849669,1916149.3703703703,64045.37037037037,0.021733636411931396,0.0008871495732854876
d7ec0892-0a6c-4f4f-9d8f-72083692af5c,32,100.0,11.567011063246117,1649539.3703703703,64045.37037037037,0.021733636411931396,0.0010996522837514284
d7ec0892-0a6c-4f4f-9d8f-72083692af5c,32,100.0,13.388659001643386,1404486.3703703703,64045.37037037037,0.021733636411931396,0.0013597850800399955
d7ec0892-0a6c-4f4f-9d8f-72083692af5c,32,100.0,15.497191874560272,1184885.3703703703,64045.37037037037,0.021733636411931396,0.0016680448753990987
d7ec0892-0a6c-4f4f-9d8f-72083692af5c,32,100.0,17.937790182531224,989798.3703703703,64045.37037037037,0.021733636411931396,0.0020356304902375195
d7ec0892-0a6c-4f4f-9d8f-72083692af5c,32,100.0,20.762749744404477,817093.3703703703,64045.37037037037,0.021733636411931396,0.002460556064243632
d7ec0892-0a6c-4f4f-9d8f-72083692af5c,32,100.0,24.03260226382781,671292.3703703703,64045.37037037037,0.021733636411931396,0.0029454081556238264
d7ec0892-0a6c-4f4f-9d8f-72083692af5c,32,100.0,27.81741236981361,547044.3703703703,64045.37037037037,0.021733636411931396,0.003486815506037919
d7ec0892-0a6c-4f4f-9d8f-72083692af5c,32,100.0,32.19827892366621,443928.3703703704,64045.37037037037,0.021733636411931396,0.004084840599621635
d7ec0892-0a6c-4f4f-9d8f-72083692af5c,32,100.0,37.26907276146309,361631.3703703704,64045.37037037037,0.021733636411931396,0.004722132616466978
d7ec0892-0a6c-4f4f-9d8f-72083692af5c,32,100.0,43.13844810749518,296988.3703703704,64045.37037037037,0.021733636411931396,0.0053911187805680254
d7ec0892-0a6c-4f4f-9d8f-72083692af5c,32,100.0,49.93217075814364,244951.37037037036,64045.37037037037,0.021733636411931396,0.006100501812805556
d7ec0892-0a6c-4f4f-9d8f-72083692af5c,32,100.0,57.795812923256825,204435.37037037036,64045.37037037037,0.021733636411931396,0.0068411078183209
d7ec0892-0a6c-4f4f-9d8f-72083692af5c,32,100.0,66.89787246862902,172885.37037037036,64045.37037037037,0.021733636411931396,0.0076244911141832026
d7ec0892-0a6c-4f4f-9d8f-72083692af5c,32,100.0,77.43338339701937,148297.37037037036,64045.37037037037,0.021733636411931396,0.008421486083804948
d7ec0892-0a6c-4f4f-9d8f-72083692af5c,32,100.0,89.62809493114324,129168.37037037036,64045.37037037037,0.021733636411931396,0.009254670421166034
d7ec0892-0a6c-4f4f-9d8f-72083692af5c,32,100.0,103.74330874576306,113088.37037037036,64045.37037037037,0.021733636411931396,0.010138503446362856
d7ec0892-0a6c-4f4f-9d8f-72083692af5c,32,100.0,120.08147799846844,101633.37037037036,64045.37037037037,0.021733636411931396,0.011009504152835553
d7ec0892-0a6c-4f4f-9d8f-72083692af5c,32,100.0,138.99268813214488,93013.37037037036,64045.37037037037,0.021733636411931396,0.011848205141011384
d7ec0892-0a6c-4f4f-9d8f-72083692af5c,32,100.0,160.88215831625678,87130.37037037036,64045.37037037037,0.021733636411931396,0.012670129754332534
d7ec0892-0a6c-4f4f-9d8f-72083692af5c,32,100.0,186.21892426376562,82476.37037037036,64045.37037037037,0.021733636411931396,0.01347356082740676
d7ec0892-0a6c-4f4f-9d8f-72083692af5c,32,100.0,215.54588847438404,79390.37037037036,64045.37037037037,0.021733636411931396,0.01417684949105458
d7ec0892-0a6c-4f4f-9d8f-72083692af5c,32,100.0,249.49145325533257,77628.37037037036,64045.37037037037,0.021733636411931396,0.014696681976960408
d7ec0892-0a6c-4f4f-9d8f-72083692af5c,32,100.0,288.7829857856707,76643.37037037036,64045.37037037037,0.021733636411931396,0.015066573083399237
d7ec0892-0a6c-4f4f-9d8f-72083692af5c,32,100.0,334.2624037463071,75945.37037037036,64045.37037037037,0.021733636411931396,0.015371482972025594
d7ec0892-0a6c-4f4f-9d8f-72083692af5c,32,100.0,386.9042154761296,75608.37037037036,64045.37037037037,0.021733636411931396,0.015566530488173325
d7ec0892-0a6c-4f4f-9d8f-72083692af5c,32,100.0,447.8364012089508,75424.37037037036,64045.37037037037,0.021733636411931396,0.015677989380379082
d7ec0892-0a6c-4f4f-9d8f-72083692af5c,32,100.0,518.3645828231037,75328.37037037036,64045.37037037037,0.021733636411931396,0.015754266426975493
d7ec0892-0a6c-4f4f-9d8f-72083692af5c,32,100.0,599.9999999999997,75289.37037037036,64045.37037037037,0.021733636411931396,0.015795266160172187
da8dfec1-d265-44e8-84ce-6ae9c109b8bd,32,100.0,2.0,5194300.657142857,63455.65714285714,0.010072155320928967,0.00010412663473624701
da8dfec1-d265-44e8-84ce-6ae9c109b8bd,32,100.0,2.3149729741653853,4858468.657142857,63455.65714285714,0.010072155320928967,0.00011124429602031683
da8dfec1-d265-44e8-84ce-6ae9c109b8bd,32,100.0,2.6795499355580645,4497412.657142857,63455.65714285714,0.010072155320928967,0.0001212807208617592
da8dfec1-d265-44e8-84ce-6ae9c109b8bd,32,100.0,3.1015428418717597,4120662.657142857,63455.65714285714,0.010072155320928967,0.00013526660494532136
da8dfec1-d265-44e8-84ce-6ae9c109b8bd,32,100.0,3.5899939285746147,3735929.657142857,63455.65714285714,0.010072155320928967,0.00015415519196174875
da8dfec1-d265-44e8-84ce-6ae9c109b8bd,32,100.0,4.1553694610340255,3356821.657142857,63455.65714285714,0.010072155320928967,0.0001791172600565864
da8dfec1-d265-44e8-84ce-6ae9c109b8bd,32,100.0,4.809783999982975,2986075.657142857,63455.65714285714,0.010072155320928967,0.0002114447841141839
da8dfec1-d265-44e8-84ce-6ae9c109b8bd,32,100.0,5.567259985766836,2630884.657142857,63455.65714285714,0.010072155320928967,0.0002524277976284236
da8dfec1-d265-44e8-84ce-6ae9c109b8bd,32,100.0,6.444028203601297,2299374.657142857,63455.65714285714,0.010072155320928967,0.0003038360744871997
da8dfec1-d265-44e8-84ce-6ae9c109b8bd,32,100.0,7.458875568048258,1994529.657142857,63455.65714285714,0.010072155320928967,0.00036645792623047355
da8dfec1-d265-44e8-84ce-6ae9c109b8bd,32,100.0,8.633547678847101,1716904.657142857,63455.65714285714,0.010072155320928967,0.00044287355090914424
da8dfec1-d265-44e8-84ce-6ae9c109b8bd,32,100.0,9.993214773849669,1463219.657142857,63455.65714285714,0.010072155320928967,0.0005351553775711955
da8dfec1-d265-44e8-84ce-6ae9c109b8bd,32,100.0,11.567011063246117,1236296.657142857,63455.65714285714,0.010072155320928967,0.0006446384629268506
da8dfec1-d265-44e8-84ce-6ae9c109b8bd,32,100.0,13.388659001643386,1036706.6571428571,63455.65714285714,0.010072155320928967,0.0007723618398711531
da8dfec1-d265-44e8-84ce-6ae9c109b8bd,32,100.0,15.497191874560272,866829.6571428571,63455.65714285714,0.010072155320928967,0.0009208372996259655
da8dfec1-d265-44e8-84ce-6ae9c109b8bd,32,100.0,17.937790182531224,721291.6571428571,63455.65714285714,0.010072155320928967,0.0010890927618282598
da8dfec1-d265-44e8-84ce-6ae9c109b8bd,32,100.0,20.762749744404477,595939.6571428571,63455.65714285714,0.010072155320928967,0.0012794288589014415
da8dfec1-d265-44e8-84ce-6ae9c109b8bd,32,100.0,24.03260226382781,491687.65714285715,63455.65714285714,0.010072155320928967,0.001490057761505466
da8dfec1-d265-44e8-84ce-6ae9c109b8bd,32,100.0,27.81741236981361,407683.65714285715,63455.65714285714,0.010072155320928967,0.0017220462189884136
da8dfec1-d265-44e8-84ce-6ae9c109b8bd,32,100.0,32.19827892366621,338684.65714285715,63455.65714285714,0.010072155320928967,0.001976345308562279
da8dfec1-d265-44e8-84ce-6ae9c109b8bd,32,100.0,37.26907276146309,284109.65714285715,63455.65714285714,0.010072155320928967,0.002246333502722927
da8dfec1-d265-44e8-84ce-6ae9c109b8bd,32,100.0,43.13844810749518,236976.65714285715,63455.65714285714,0.010072155320928967,0.0025517560140830473
da8dfec1-d265-44e8-84ce-6ae9c109b8bd,32,100.0,49.93217075814364,199075.65714285715,63455.65714285714,0.010072155320928967,0.0028768617209567297
da8dfec1-d265-44e8-84ce-6ae9c109b8bd,32,100.0,57.795812923256825,169785.65714285715,63455.65714285714,0.010072155320928967,0.003225413693789375
da8dfec1-d265-44e8-84ce-6ae9c109b8bd,32,100.0,66.89787246862902,146448.65714285715,63455.65714285714,0.010072155320928967,0.0035886941488303737
da8dfec1-d265-44e8-84ce-6ae9c109b8bd,32,100.0,77.43338339701937,127273.65714285715,63455.65714285714,0.010072155320928967,0.003985840175975348
da8dfec1-d265-44e8-84ce-6ae9c109b8bd,32,100.0,89.62809493114324,112716.65714285715,63455.65714285714,0.010072155320928967,0.004371862893770858
da8dfec1-d265-44e8-84ce-6ae9c109b8bd,32,100.0,103.74330874576306,101728.65714285715,63455.65714285714,0.010072155320928967,0.004782688621156552
da8dfec1-d265-44e8-84ce-6ae9c109b8bd,32,100.0,120.08147799846844,92733.65714285715,63455.65714285714,0.010072155320928967,0.0052214080150084574
da8dfec1-d265-44e8-84ce-6ae9c109b8bd,32,100.0,138.99268813214488,86096.65714285715,63455.65714285714,0.010072155320928967,0.00566744289561981
da8dfec1-d265-44e8-84ce-6ae9c109b8bd,32,100.0,160.88215831625678,80938.65714285715,63455.65714285714,0.010072155320928967,0.006134959460284711
da8dfec1-d265-44e8-84ce-6ae9c109b8bd,32,100.0,186.21892426376562,77464.65714285715,63455.65714285714,0.010072155320928967,0.00653122133995845
da8dfec1-d265-44e8-84ce-6ae9c109b8bd,32,100.0,215.54588847438404,75811.65714285715,63455.65714285714,0.010072155320928967,0.006763119571095147
da8dfec1-d265-44e8-84ce-6ae9c109b8bd,32,100.0,249.49145325533257,75033.65714285715,63455.65714285714,0.010072155320928967,0.006896916196439052
da8dfec1-d265-44e8-84ce-6ae9c109b8bd,32,100.0,288.7829857856707,74649.65714285715,63455.65714285714,0.010072155320928967,0.006973965924925994
da8dfec1-d265-44e8-84ce-6ae9c109b8bd,32,100.0,334.2624037463071,74406.65714285715,63455.65714285714,0.010072155320928967,0.007027697936270835
da8dfec1-d265-44e8-84ce-6ae9c109b8bd,32,100.0,386.9042154761296,74313.65714285715,63455.65714285714,0.010072155320928967,0.007046267388144583
da8dfec1-d265-44e8-84ce-6ae9c109b8bd,32,100.0,447.8364012089508,74311.65714285715,63455.65714285714,0.010072155320928967,0.00704626740948754
da8dfec1-d265-44e8-84ce-6ae9c109b8bd,32,100.0,518.3645828231037,74279.65714285715,63455.65714285714,0.010072155320928967,0.007050408361106196
da8dfec1-d265-44e8-84ce-6ae9c109b8bd,32,100.0,599.9999999999997,74279.65714285715,63455.65714285714,0.010072155320928967,0.007050408361106196
dab512bd-a02d-4c1f-8dbc-9155a163efc0,32,100.0,2.0,3422107.3928571427,48032.392857142855,0.3536081111700137,0.000765942347058856
dab512bd-a02d-4c1f-8dbc-9155a163efc0,32,100.0,2.3149729741653853,3180232.3928571427,48032.392857142855,0.3536081111700137,0.0008464118275073435
dab512bd-a02d-4c1f-8dbc-9155a163efc0,32,100.0,2.6795499355580645,2934411.3928571427,48032.392857142855,0.3536081111700137,0.0009548312253619485
dab512bd-a02d-4c1f-8dbc-9155a163efc0,32,100.0,3.1015428418717597,2687895.3928571427,48032.392857142855,0.3536081111700137,0.001099972751456421
dab512bd-a02d-4c1f-8dbc-9155a163efc0,32,100.0,3.5899939285746147,2446384.3928571427,48032.392857142855,0.3536081111700137,0.0012864585501611426
dab512bd-a02d-4c1f-8dbc-9155a163efc0,32,100.0,4.1553694610340255,2214560.3928571427,48032.392857142855,0.3536081111700137,0.0015244390103839342
dab512bd-a02d-4c1f-8dbc-9155a163efc0,32,100.0,4.809783999982975,1994669.392857143,48032.392857142855,0.3536081111700137,0.001823266816849355
dab512bd-a02d-4c1f-8dbc-9155a163efc0,32,100.0,5.567259985766836,1792170.392857143,48032.392857142855,0.3536081111700137,0.002192033579535723
dab512bd-a02d-4c1f-8dbc-9155a163efc0,32,100.0,6.444028203601297,1606510.392857143,48032.392857142855,0.3536081111700137,0.002644225397257584
dab512bd-a02d-4c1f-8dbc-9155a163efc0,32,100.0,7.458875568048258,1435618.392857143,48032.392857142855,0.3536081111700137,0.00320214060094497
dab512bd-a02d-4c1f-8dbc-9155a163efc0,32,100.0,8.633547678847101,1280232.392857143,48032.392857142855,0.3536081111700137,0.003884800837739151
dab512bd-a02d-4c1f-8dbc-9155a163efc0,32,100.0,9.993214773849669,1138107.392857143,48032.392857142855,0.3536081111700137,0.004719072713926085
dab512bd-a02d-4c1f-8dbc-9155a163efc0,32,100.0,11.567011063246117,1008650.3928571428,48032.392857142855,0.3536081111700137,0.005741057702594244
dab512bd-a02d-4c1f-8dbc-9155a163efc0,32,100.0,13.388659001643386,890501.3928571428,48032.392857142855,0.3536081111700137,0.006983098810903482
dab512bd-a02d-4c1f-8dbc-9155a163efc0,32,100.0,15.497191874560272,785282.3928571428,48032.392857142855,0.3536081111700137,0.008470500832700489
dab512bd-a02d-4c1f-8dbc-9155a163efc0,32,100.0,17.937790182531224,687189.3928571428,48032.392857142855,0.3536081111700137,0.010283098760162382
dab512bd-a02d-4c1f-8dbc-9155a163efc0,32,100.0,20.762749744404477,601394.3928571428,48032.392857142855,0.3536081111700137,0.01242897776953835
dab512bd-a02d-4c1f-8dbc-9155a163efc0,32,100.0,24.03260226382781,523409.39285714284,48032.392857142855,0.3536081111700137,0.014978129920248592
dab512bd-a02d-4c1f-8dbc-9155a163efc0,32,100.0,27.81741236981361,457394.39285714284,48032.392857142855,0.3536081111700137,0.017964186037103144
dab512bd-a02d-4c1f-8dbc-9155a163efc0,32,100.0,32.19827892366621,397313.39285714284,48032.392857142855,0.3536081111700137,0.021569707559876968
dab512bd-a02d-4c1f-8dbc-9155a163efc0,32,100.0,37.26907276146309,343686.39285714284,48032.392857142855,0.3536081111700137,0.025740866742141825
dab512bd-a02d-4c1f-8dbc-9155a163efc0,32,100.0,43.13844810749518,297421.39285714284,48032.392857142855,0.3536081111700137,0.030703381113917124
dab512bd-a02d-4c1f-8dbc-9155a163efc0,32,100.0,49.93217075814364,257663.39285714284,48032.392857142855,0.3536081111700137,0.03652194871733003
dab512bd-a02d-4c1f-8dbc-9155a163efc0,32,100.0,57.795812923256825,221420.39285714284,48032.392857142855,0.3536081111700137,0.043439026673329335
dab512bd-a02d-4c1f-8dbc-9155a163efc0,32,100.0,66.89787246862902,190631.39285714284,48032.392857142855,0.3536081111700137,0.051361984485855265
dab512bd-a02d-4c1f-8dbc-9155a163efc0,32,100.0,77.43338339701937,163973.39285714284,48032.392857142855,0.3536081111700137,0.06038568124117396
dab512bd-a02d-4c1f-8dbc-9155a163efc0,32,100.0,89.62809493114324,141655.39285714284,48032.392857142855,0.3536081111700137,0.0703206814192134
dab512bd-a02d-4c1f-8dbc-9155a163efc0,32,100.0,103.74330874576306,123636.39285714286,48032.392857142855,0.3536081111700137,0.08110984121115261
dab512bd-a02d-4c1f-8dbc-9155a163efc0,32,100.0,120.08147799846844,108783.39285714286,48032.392857142855,0.3536081111700137,0.09339800643644526
dab512bd-a02d-4c1f-8dbc-9155a163efc0,32,100.0,138.99268813214488,95846.39285714286,48032.392857142855,0.3536081111700137,0.1064586630198497
dab512bd-a02d-4c1f-8dbc-9155a163efc0,32,100.0,160.88215831625678,85651.39285714286,48032.392857142855,0.3536081111700137,0.12085290460211918
dab512bd-a02d-4c1f-8dbc-9155a163efc0,32,100.0,186.21892426376562,77735.39285714286,48032.392857142855,0.3536081111700137,0.1359857410891118
dab512bd-a02d-4c1f-8dbc-9155a163efc0,32,100.0,215.54588847438404,71296.39285714286,48032.392857142855,0.3536081111700137,0.1515421071375451
dab512bd-a02d-4c1f-8dbc-9155a163efc0,32,100.0,249.49145325533257,66986.39285714286,48032.392857142855,0.3536081111700137,0.1683713551295371
dab512bd-a02d-4c1f-8dbc-9155a163efc0,32,100.0,288.7829857856707,62861.392857142855,48032.392857142855,0.3536081111700137,0.18676112146994944
dab512bd-a02d-4c1f-8dbc-9155a163efc0,32,100.0,334.2624037463071,60305.392857142855,48032.392857142855,0.3536081111700137,0.20172608498656652
dab512bd-a02d-4c1f-8dbc-9155a163efc0,32,100.0,386.9042154761296,59587.392857142855,48032.392857142855,0.3536081111700137,0.20621603100413355
dab512bd-a02d-4c1f-8dbc-9155a163efc0,32,100.0,447.8364012089508,59319.392857142855,48032.392857142855,0.3536081111700137,0.208461519924446
dab512bd-a02d-4c1f-8dbc-9155a163efc0,32,100.0,518.3645828231037,59063.392857142855,48032.392857142855,0.3536081111700137,0.2107017024242415
dab512bd-a02d-4c1f-8dbc-9155a163efc0,32,100.0,599.9999999999997,58983.392857142855,48032.392857142855,0.3536081111700137,0.2110635457522454
dc7e9403-19f7-409f-9240-05ee57cb7aea,32,100.0,2.0,5529388.696369637,65912.69636963696,0.034939112495703,0.0001413006827125269
dc7e9403-19f7-409f-9240-05ee57cb7aea,32,100.0,2.3149729741653853,5186686.696369637,65912.69636963696,0.034939112495703,0.00015284120421875017
dc7e9403-19f7-409f-9240-05ee57cb7aea,32,100.0,2.6795499355580645,4821107.696369637,65912.69636963696,0.034939112495703,0.00016906584742507324
dc7e9403-19f7-409f-9240-05ee57cb7aea,32,100.0,3.1015428418717597,4439885.696369637,65912.69636963696,0.034939112495703,0.00019146878145175178
dc7e9403-19f7-409f-9240-05ee57cb7aea,32,100.0,3.5899939285746147,4051157.696369637,65912.69636963696,0.034939112495703,0.0002217025029789895
dc7e9403-19f7-409f-9240-05ee57cb7aea,32,100.0,4.1553694610340255,3669512.696369637,65912.69636963696,0.034939112495703,0.00026128408267637673
dc7e9403-19f7-409f-9240-05ee57cb7aea,32,100.0,4.809783999982975,3299517.696369637,65912.69636963696,0.034939112495703,0.00031236715818751075
dc7e9403-19f7-409f-9240-05ee57cb7aea,32,100.0,5.567259985766836,2948738.696369637,65912.69636963696,0.034939112495703,0.0003766798294549853
dc7e9403-19f7-409f-9240-05ee57cb7aea,32,100.0,6.444028203601297,2618814.696369637,65912.69636963696,0.034939112495703,0.00045666252858688345
dc7e9403-19f7-409f-9240-05ee57cb7aea,32,100.0,7.458875568048258,2316583.696369637,65912.69636963696,0.034939112495703,0.0005544377711500904
dc7e9403-19f7-409f-9240-05ee57cb7aea,32,100.0,8.633547678847101,2040807.696369637,65912.69636963696,0.034939112495703,0.0006742396150686284
dc7e9403-19f7-409f-9240-05ee57cb7aea,32,100.0,9.993214773849669,1787304.696369637,65912.69636963696,0.034939112495703,0.000821527357326826
dc7e9403-19f7-409f-9240-05ee57cb7aea,32,100.0,11.567011063246117,1556359.696369637,65912.69636963696,0.034939112495703,0.0010004408082970831
dc7e9403-19f7-409f-9240-05ee57cb7aea,32,100.0,13.388659001643386,1347099.696369637,65912.69636963696,0.034939112495703,0.0012155283469774422
dc7e9403-19f7-409f-9240-05ee57cb7aea,32,100.0,15.497191874560272,1159207.696369637,65912.69636963696,0.034939112495703,0.0014744989168308075
dc7e9403-19f7-409f-9240-05ee57cb7aea,32,100.0,17.937790182531224,995160.6963696369,65912.69636963696,0.034939112495703,0.0017760442160856705
dc7e9403-19f7-409f-9240-05ee57cb7aea,32,100.0,20.762749744404477,849315.6963696369,65912.69636963696,0.034939112495703,0.0021378127855677443
dc7e9403-19f7-409f-9240-05ee57cb7aea,32,100.0,24.03260226382781,720493.6963696369,65912.69636963696,0.034939112495703,0.002557575220510115
dc7e9403-19f7-409f-9240-05ee57cb7aea,32,100.0,27.81741236981361,609384.6963696369,65912.69636963696,0.034939112495703,0.0030435184381853242
dc7e9403-19f7-409f-9240-05ee57cb7aea,32,100.0,32.19827892366621,513430.696369637,65912.69636963696,0.034939112495703,0.0036033279903458612
dc7e9403-19f7-409f-9240-05ee57cb7aea,32,100.0,37.26907276146309,432145.696369637,65912.69636963696,0.034939112495703,0.004237325557442741
dc7e9403-19f7-409f-9240-05ee57cb7aea,32,100.0,43.13844810749518,364504.696369637,65912.69636963696,0.034939112495703,0.004948984213541212
dc7e9403-19f7-409f-9240-05ee57cb7aea,32,100.0,49.93217075814364,308765.696369637,65912.69636963696,0.034939112495703,0.005737088724405764
dc7e9403-19f7-409f-9240-05ee57cb7aea,32,100.0,57.795812923256825,260657.69636963698,65912.69636963696,0.034939112495703,0.006622525111061209
dc7e9403-19f7-409f-9240-05ee57cb7aea,32,100.0,66.89787246862902,222762.69636963698,65912.69636963696,0.034939112495703,0.007596347984869143
dc7e9403-19f7-409f-9240-05ee57cb7aea,32,100.0,77.43338339701937,192648.69636963698,65912.69636963696,0.034939112495703,0.00863102705418683
dc7e9403-19f7-409f-9240-05ee57cb7aea,32,100.0,89.62809493114324,167115.69636963698,65912.69636963696,0.034939112495703,0.00979554781682865
dc7e9403-19f7-409f-9240-05ee57cb7aea,32,100.0,103.74330874576306,145129.69636963698,65912.69636963696,0.034939112495703,0.011096652977914023
dc7e9403-19f7-409f-9240-05ee57cb7aea,32,100.0,120.08147799846844,127759.69636963696,65912.69636963696,0.034939112495703,0.012498482199069055
dc7e9403-19f7-409f-9240-05ee57cb7aea,32,100.0,138.99268813214488,111920.69636963696,65912.69636963696,0.034939112495703,0.014042396897199796
dc7e9403-19f7-409f-9240-05ee57cb7aea,32,100.0,160.88215831625678,100802.69636963696,65912.69636963696,0.034939112495703,0.015633356287852757
dc7e9403-19f7-409f-9240-05ee57cb7aea,32,100.0,186.21892426376562,91921.69636963696,65912.69636963696,0.034939112495703,0.017313767108502045
dc7e9403-19f7-409f-9240-05ee57cb7aea,32,100.0,215.54588847438404,85523.69636963696,65912.69636963696,0.034939112495703,0.019006724069342947
dc7e9403-19f7-409f-9240-05ee57cb7aea,32,100.0,249.49145325533257,80606.69636963696,65912.69636963696,0.034939112495703,0.020704659069503424
dc7e9403-19f7-409f-9240-05ee57cb7aea,32,100.0,288.7829857856707,78581.69636963696,65912.69636963696,0.034939112495703,0.02175989997057173
dc7e9403-19f7-409f-9240-05ee57cb7aea,32,100.0,334.2624037463071,77762.69636963696,65912.69636963696,0.034939112495703,0.022386559020056332
dc7e9403-19f7-409f-9240-05ee57cb7aea,32,100.0,386.9042154761296,77419.69636963696,65912.69636963696,0.034939112495703,0.02271792337959388
dc7e9403-19f7-409f-9240-05ee57cb7aea,32,100.0,447.8364012089508,77177.69636963696,65912.69636963696,0.034939112495703,0.02300708651753548
dc7e9403-19f7-409f-9240-05ee57cb7aea,32,100.0,518.3645828231037,77012.69636963696,65912.69636963696,0.034939112495703,0.023288325105824906
dc7e9403-19f7-409f-9240-05ee57cb7aea,32,100.0,599.9999999999997,76882.69636963696,65912.69636963696,0.034939112495703,0.02353160606933027
e8f9fba4-d151-4b00-bee7-447f0f3e752c,32,100.0,2.0,4966092.42019544,60767.42019543974,0.03732115852789589,0.0003365721382855392
e8f9fba4-d151-4b00-bee7-447f0f3e752c,32,100.0,2.3149729741653853,4649943.42019544,60767.42019543974,0.03732115852789589,0.00036124462902326434
e8f9fba4-d151-4b00-bee7-447f0f3e752c,32,100.0,2.6795499355580645,4314115.42019544,60767.42019543974,0.03732115852789589,0.00039588049274673137
e8f9fba4-d151-4b00-bee7-447f0f3e752c,32,100.0,3.1015428418717597,3968109.42019544,60767.42019543974,0.03732115852789589,0.0004435149962167969
e8f9fba4-d151-4b00-bee7-447f0f3e752c,32,100.0,3.5899939285746147,3617989.42019544,60767.42019543974,0.03732115852789589,0.0005072865514682947
e8f9fba4-d151-4b00-bee7-447f0f3e752c,32,100.0,4.1553694610340255,3267485.42019544,60767.42019543974,0.03732115852789589,0.0005922947681721545
e8f9fba4-d151-4b00-bee7-447f0f3e752c,32,100.0,4.809783999982975,2930619.42019544,60767.42019543974,0.03732115852789589,0.0007010318857903548
e8f9fba4-d151-4b00-bee7-447f0f3e752c,32,100.0,5.567259985766836,2610487.42019544,60767.42019543974,0.03732115852789589,0.0008388592040280386
e8f9fba4-d151-4b00-bee7-447f0f3e752c,32,100.0,6.444028203601297,2305186.42019544,60767.42019543974,0.03732115852789589,0.0010127945685625475
e8f9fba4-d151-4b00-bee7-447f0f3e752c,32,100.0,7.458875568048258,2021154.4201954398,60767.42019543974,0.03732115852789589,0.0012268634372721834
e8f9fba4-d151-4b00-bee7-447f0f3e752c,32,100.0,8.633547678847101,1759667.4201954398,60767.42019543974,0.03732115852789589,0.0014906298561458426
e8f9fba4-d151-4b00-bee7-447f0f3e752c,32,100.0,9.993214773849669,1523699.4201954398,60767.42019543974,0.03732115852789589,0.0018068862396833502
e8f9fba4-d151-4b00-bee7-447f0f3e752c,32,100.0,11.567011063246117,1311059.4201954398,60767.42019543974,0.03732115852789589,0.0021823965619157918
e8f9fba4-d151-4b00-bee7-447f0f3e752c,32,100.0,13.388659001643386,1121297.4201954398,60767.42019543974,0.03732115852789589,0.0026293379642451853
e8f9fba4-d151-4b00-bee7-447f0f3e752c,32,100.0,15.497191874560272,958104.4201954397,60767.42019543974,0.03732115852789589,0.0031398972640922507
e8f9fba4-d151-4b00-bee7-447f0f3e752c,32,100.0,17.937790182531224,814452.4201954397,60767.42019543974,0.03732115852789589,0.0037331521903614354
e8f9fba4-d151-4b00-bee7-447f0f3e752c,32,100.0,20.762749744404477,691310.4201954397,60767.42019543974,0.03732115852789589,0.004419715265544547
e8f9fba4-d151-4b00-bee7-447f0f3e752c,32,100.0,24.03260226382781,585022.4201954397,60767.42019543974,0.03732115852789589,0.005210177611127892
e8f9fba4-d151-4b00-bee7-447f0f3e752c,32,100.0,27.81741236981361,496207.4201954397,60767.42019543974,0.03732115852789589,0.006107606834133411
e8f9fba4-d151-4b00-bee7-447f0f3e752c,32,100.0,32.19827892366621,418196.4201954397,60767.42019543974,0.03732115852789589,0.007139131793245718
e8f9fba4-d151-4b00-bee7-447f0f3e752c,32,100.0,37.26907276146309,353643.4201954397,60767.42019543974,0.03732115852789589,0.008299730650224083
e8f9fba4-d151-4b00-bee7-447f0f3e752c,32,100.0,43.13844810749518,297413.4201954397,60767.42019543974,0.03732115852789589,0.0096233128605224
e8f9fba4-d151-4b00-bee7-447f0f3e752c,32,100.0,49.93217075814364,250689.42019543974,60767.42019543974,0.03732115852789589,0.011111570089624385
e8f9fba4-d151-4b00-bee7-447f0f3e752c,32,100.0,57.795812923256825,211178.42019543974,60767.42019543974,0.03732115852789589,0.012740317679911675
e8f9fba4-d151-4b00-bee7-447f0f3e752c,32,100.0,66.89787246862902,179043.42019543974,60767.42019543974,0.03732115852789589,0.014580329850414723
e8f9fba4-d151-4b00-bee7-447f0f3e752c,32,100.0,77.43338339701937,151531.42019543974,60767.42019543974,0.03732115852789589,0.016590519013894783
e8f9fba4-d151-4b00-bee7-447f0f3e752c,32,100.0,89.62809493114324,129038.42019543974,60767.42019543974,0.03732115852789589,0.01873821602947442
e8f9fba4-d151-4b00-bee7-447f0f3e752c,32,100.0,103.74330874576306,111014.42019543974,60767.42019543974,0.03732115852789589,0.02116847647143003
e8f9fba4-d151-4b00-bee7-447f0f3e752c,32,100.0,120.08147799846844,97240.42019543974,60767.42019543974,0.03732115852789589,0.023606844840554943
e8f9fba4-d151-4b00-bee7-447f0f3e752c,32,100.0,138.99268813214488,87288.42019543974,60767.42019543974,0.03732115852789589,0.025717742159547467
e8f9fba4-d151-4b00-bee7-447f0f3e752c,32,100.0,160.88215831625678,81140.42019543974,60767.42019543974,0.03732115852789589,0.027499827050402957
e8f9fba4-d151-4b00-bee7-447f0f3e752c,32,100.0,186.21892426376562,77381.42019543974,60767.42019543974,0.03732115852789589,0.028761639240708098
e8f9fba4-d151-4b00-bee7-447f0f3e752c,32,100.0,215.54588847438404,75294.42019543974,60767.42019543974,0.03732115852789589,0.029692808753277414
e8f9fba4-d151-4b00-bee7-447f0f3e752c,32,100.0,249.49145325533257,73823.42019543974,60767.42019543974,0.03732115852789589,0.030528595253891306
e8f9fba4-d151-4b00-bee7-447f0f3e752c,32,100.0,288.7829857856707,72909.42019543974,60767.42019543974,0.03732115852789589,0.031168532949111632
e8f9fba4-d151-4b00-bee7-447f0f3e752c,32,100.0,334.2624037463071,72285.42019543974,60767.42019543974,0.03732115852789589,0.03172133348316429
e8f9fba4-d151-4b00-bee7-447f0f3e752c,32,100.0,386.9042154761296,72005.42019543974,60767.42019543974,0.03732115852789589,0.032015487497878546
e8f9fba4-d151-4b00-bee7-447f0f3e752c,32,100.0,447.8364012089508,71878.42019543974,60767.42019543974,0.03732115852789589,0.032161598371654686
e8f9fba4-d151-4b00-bee7-447f0f3e752c,32,100.0,518.3645828231037,71828.42019543974,60767.42019543974,0.03732115852789589,0.032237790093100724
e8f9fba4-d151-4b00-bee7-447f0f3e752c,32,100.0,599.9999999999997,71792.42019543974,60767.42019543974,0.03732115852789589,0.03226186738778748
eebcaf65-7fa4-4118-869d-a084e84530e2,32,100.0,2.0,3463610.2085561496,46340.20855614973,0.12305946166862808,0.0008976948547621789
eebcaf65-7fa4-4118-869d-a084e84530e2,32,100.0,2.3149729741653853,3216986.2085561496,46340.20855614973,0.12305946166862808,0.0009589686387723468
eebcaf65-7fa4-4118-869d-a084e84530e2,32,100.0,2.6795499355580645,2957052.2085561496,46340.20855614973,0.12305946166862808,0.0010433932745742838
eebcaf65-7fa4-4118-869d-a084e84530e2,32,100.0,3.1015428418717597,2689488.2085561496,46340.20855614973,0.12305946166862808,0.0011583945176527487
eebcaf65-7fa4-4118-869d-a084e84530e2,32,100.0,3.5899939285746147,2423981.2085561496,46340.20855614973,0.12305946166862808,0.0013080034171834775
eebcaf65-7fa4-4118-869d-a084e84530e2,32,100.0,4.1553694610340255,2164564.2085561496,46340.20855614973,0.12305946166862808,0.0015012626842427117
eebcaf65-7fa4-4118-869d-a084e84530e2,32,100.0,4.809783999982975,1917299.2085561496,46340.20855614973,0.12305946166862808,0.001742737034057361
eebcaf65-7fa4-4118-869d-a084e84530e2,32,100.0,5.567259985766836,1687375.2085561496,46340.20855614973,0.12305946166862808,0.002043298679871788
eebcaf65-7fa4-4118-869d-a084e84530e2,32,100.0,6.444028203601297,1472749.2085561496,46340.20855614973,0.12305946166862808,0.0024098347778803253
eebcaf65-7fa4-4118-869d-a084e84530e2,32,100.0,7.458875568048258,1278474.2085561496,46340.20855614973,0.12305946166862808,0.002848458892546347
eebcaf65-7fa4-4118-869d-a084e84530e2,32,100.0,8.633547678847101,1106879.2085561496,46340.20855614973,0.12305946166862808,0.003366348478697013
eebcaf65-7fa4-4118-869d-a084e84530e2,32,100.0,9.993214773849669,954624.2085561497,46340.20855614973,0.12305946166862808,0.003971976356143288
eebcaf65-7fa4-4118-869d-a084e84530e2,32,100.0,11.567011063246117,821617.2085561497,46340.20855614973,0.12305946166862808,0.0046826707610887535
eebcaf65-7fa4-4118-869d-a084e84530e2,32,100.0,13.388659001643386,706977.2085561497,46340.20855614973,0.12305946166862808,0.005497701018968138
eebcaf65-7fa4-4118-869d-a084e84530e2,32,100.0,15.497191874560272,605937.2085561497,46340.20855614973,0.12305946166862808,0.006437122141503381
eebcaf65-7fa4-4118-869d-a084e84530e2,32,100.0,17.937790182531224,520292.20855614974,46340.20855614973,0.12305946166862808,0.007525385458163371
eebcaf65-7fa4-4118-869d-a084e84530e2,32,100.0,20.762749744404477,445556.20855614974,46340.20855614973,0.12305946166862808,0.008761963543955588
eebcaf65-7fa4-4118-869d-a084e84530e2,32,100.0,24.03260226382781,381241.20855614974,46340.20855614973,0.12305946166862808,0.0101695865351026
eebcaf65-7fa4-4118-869d-a084e84530e2,32,100.0,27.81741236981361,327853.20855614974,46340.20855614973,0.12305946166862808,0.011758521221683445
eebcaf65-7fa4-4118-869d-a084e84530e2,32,100.0,32.19827892366621,282709.20855614974,46340.20855614973,0.12305946166862808,0.013560558585938172
eebcaf65-7fa4-4118-869d-a084e84530e2,32,100.0,37.26907276146309,244078.20855614974,46340.20855614973,0.12305946166862808,0.015603073196600918
eebcaf65-7fa4-4118-869d-a084e84530e2,32,100.0,43.13844810749518,211861.20855614974,46340.20855614973,0.12305946166862808,0.01794194002720328
eebcaf65-7fa4-4118-869d-a084e84530e2,32,100.0,49.93217075814364,183622.20855614974,46340.20855614973,0.12305946166862808,0.020595231593426362
eebcaf65-7fa4-4118-869d-a084e84530e2,32,100.0,57.795812923256825,159560.20855614974,46340.20855614973,0.12305946166862808,0.023719090718059752
eebcaf65-7fa4-4118-869d-a084e84530e2,32,100.0,66.89787246862902,139126.20855614974,46340.20855614973,0.12305946166862808,0.027153743826238166
eebcaf65-7fa4-4118-869d-a084e84530e2,32,100.0,77.43338339701937,121787.20855614974,46340.20855614973,0.12305946166862808,0.031009273101898032
eebcaf65-7fa4-4118-869d-a084e84530e2,32,100.0,89.62809493114324,108027.20855614974,46340.20855614973,0.12305946166862808,0.03534409213048763
eebcaf65-7fa4-4118-869d-a084e84530e2,32,100.0,103.74330874576306,95447.20855614974,46340.20855614973,0.12305946166862808,0.040101622419838966
eebcaf65-7fa4-4118-869d-a084e84530e2,32,100.0,120.08147799846844,85901.20855614974,46340.20855614973,0.12305946166862808,0.0453106239937475
eebcaf65-7fa4-4118-869d-a084e84530e2,32,100.0,138.99268813214488,77259.20855614974,46340.20855614973,0.12305946166862808,0.05124399002169603
eebcaf65-7fa4-4118-869d-a084e84530e2,32,100.0,160.88215831625678,70512.20855614974,46340.20855614973,0.12305946166862808,0.05726604492474647
eebcaf65-7fa4-4118-869d-a084e84530e2,32,100.0,186.21892426376562,66199.20855614974,46340.20855614973,0.12305946166862808,0.06275890022280936
eebcaf65-7fa4-4118-869d-a084e84530e2,32,100.0,215.54588847438404,62797.20855614973,46340.20855614973,0.12305946166862808,0.06755813273849078
eebcaf65-7fa4-4118-869d-a084e84530e2,32,100.0,249.49145325533257,60686.20855614973,46340.20855614973,0.12305946166862808,0.07112492556853406
eebcaf65-7fa4-4118-869d-a084e84530e2,32,100.0,288.7829857856707,59304.20855614973,46340.20855614973,0.12305946166862808,0.07402822731238456
eebcaf65-7fa4-4118-869d-a084e84530e2,32,100.0,334.2624037463071,58551.20855614973,46340.20855614973,0.12305946166862808,0.07614007643370371
eebcaf65-7fa4-4118-869d-a084e84530e2,32,100.0,386.9042154761296,57972.20855614973,46340.20855614973,0.12305946166862808,0.07810029580118079
eebcaf65-7fa4-4118-869d-a084e84530e2,32,100.0,447.8364012089508,57712.20855614973,46340.20855614973,0.12305946166862808,0.07918529371955685
eebcaf65-7fa4-4118-869d-a084e84530e2,32,100.0,518.3645828231037,57500.20855614973,46340.20855614973,0.12305946166862808,0.08004424048578908
eebcaf65-7fa4-4118-869d-a084e84530e2,32,100.0,599.9999999999997,57412.20855614973,46340.20855614973,0.12305946166862808,0.08046505791605259
fe380793-8035-414e-b000-09bfe5ece92a,32,100.0,2.0,4474924.316831683,54942.316831683165,0.18287343951025295,0.0005062559582983035
fe380793-8035-414e-b000-09bfe5ece92a,32,100.0,2.3149729741653853,4208764.316831683,54942.316831683165,0.18287343951025295,0.000549860355446173
fe380793-8035-414e-b000-09bfe5ece92a,32,100.0,2.6795499355580645,3929577.3168316833,54942.316831683165,0.18287343951025295,0.0006106442949482543
fe380793-8035-414e-b000-09bfe5ece92a,32,100.0,3.1015428418717597,3643541.3168316833,54942.316831683165,0.18287343951025295,0.0006929349086893739
fe380793-8035-414e-b000-09bfe5ece92a,32,100.0,3.5899939285746147,3353215.3168316833,54942.316831683165,0.18287343951025295,0.0008033214416631448
fe380793-8035-414e-b000-09bfe5ece92a,32,100.0,4.1553694610340255,3064964.3168316833,54942.316831683165,0.18287343951025295,0.0009487268943080159
fe380793-8035-414e-b000-09bfe5ece92a,32,100.0,4.809783999982975,2783525.3168316833,54942.316831683165,0.18287343951025295,0.0011385104688021687
fe380793-8035-414e-b000-09bfe5ece92a,32,100.0,5.567259985766836,2514605.3168316833,54942.316831683165,0.18287343951025295,0.0013806830569263945
fe380793-8035-414e-b000-09bfe5ece92a,32,100.0,6.444028203601297,2257649.3168316833,54942.316831683165,0.18287343951025295,0.0016910995145336162
fe380793-8035-414e-b000-09bfe5ece92a,32,100.0,7.458875568048258,2014271.3168316833,54942.316831683165,0.18287343951025295,0.002081776649888159
fe380793-8035-414e-b000-09bfe5ece92a,32,100.0,8.633547678847101,1786088.3168316833,54942.316831683165,0.18287343951025295,0.002570767384240953
fe380793-8035-414e-b000-09bfe5ece92a,32,100.0,9.993214773849669,1573557.3168316833,54942.316831683165,0.18287343951025295,0.0031819114974838717
fe380793-8035-414e-b000-09bfe5ece92a,32,100.0,11.567011063246117,1378037.3168316833,54942.316831683165,0.18287343951025295,0.003930037299023126
fe380793-8035-414e-b000-09bfe5ece92a,32,100.0,13.388659001643386,1200845.3168316833,54942.316831683165,0.18287343951025295,0.004831788581369064
fe380793-8035-414e-b000-09bfe5ece92a,32,100.0,15.497191874560272,1041457.3168316832,54942.316831683165,0.18287343951025295,0.005903561325989867
fe380793-8035-414e-b000-09bfe5ece92a,32,100.0,17.937790182531224,901033.3168316832,54942.316831683165,0.18287343951025295,0.007160487396080395
fe380793-8035-414e-b000-09bfe5ece92a,32,100.0,20.762749744404477,780648.3168316832,54942.316831683165,0.18287343951025295,0.008603404855962402
fe380793-8035-414e-b000-09bfe5ece92a,32,100.0,24.03260226382781,677702.3168316832,54942.316831683165,0.18287343951025295,0.01025117871071164
fe380793-8035-414e-b000-09bfe5ece92a,32,100.0,27.81741236981361,589874.3168316832,54942.316831683165,0.18287343951025295,0.012139381499451388
fe380793-8035-414e-b000-09bfe5ece92a,32,100.0,32.19827892366621,513148.31683168316,54942.316831683165,0.18287343951025295,0.014315640593681888
fe380793-8035-414e-b000-09bfe5ece92a,32,100.0,37.26907276146309,446693.31683168316,54942.316831683165,0.18287343951025295,0.016856057553841466
fe380793-8035-414e-b000-09bfe5ece92a,32,100.0,43.13844810749518,391255.31683168316,54942.316831683165,0.18287343951025295,0.019825505962093336
fe380793-8035-414e-b000-09bfe5ece92a,32,100.0,49.93217075814364,341846.31683168316,54942.316831683165,0.18287343951025295,0.023395303368785862
fe380793-8035-414e-b000-09bfe5ece92a,32,100.0,57.795812923256825,297505.31683168316,54942.316831683165,0.18287343951025295,0.02758888819591531
fe380793-8035-414e-b000-09bfe5ece92a,32,100.0,66.89787246862902,257379.31683168316,54942.316831683165,0.18287343951025295,0.03257033860587765
fe380793-8035-414e-b000-09bfe5ece92a,32,100.0,77.43338339701937,222382.31683168316,54942.316831683165,0.18287343951025295,0.03856069937295018
fe380793-8035-414e-b000-09bfe5ece92a,32,100.0,89.62809493114324,189820.31683168316,54942.316831683165,0.18287343951025295,0.04569108111818227
fe380793-8035-414e-b000-09bfe5ece92a,32,100.0,103.74330874576306,162380.31683168316,54942.316831683165,0.18287343951025295,0.053925666848746744
fe380793-8035-414e-b000-09bfe5ece92a,32,100.0,120.08147799846844,138662.31683168316,54942.316831683165,0.18287343951025295,0.06317598815340496
fe380793-8035-414e-b000-09bfe5ece92a,32,100.0,138.99268813214488,118256.31683168316,54942.316831683165,0.18287343951025295,0.07339192114915098
fe380793-8035-414e-b000-09bfe5ece92a,32,100.0,160.88215831625678,101964.31683168316,54942.316831683165,0.18287343951025295,0.0846701878911108
fe380793-8035-414e-b000-09bfe5ece92a,32,100.0,186.21892426376562,90009.31683168316,54942.316831683165,0.18287343951025295,0.09602261155569813
fe380793-8035-414e-b000-09bfe5ece92a,32,100.0,215.54588847438404,80437.31683168316,54942.316831683165,0.18287343951025295,0.10747283748967258
fe380793-8035-414e-b000-09bfe5ece92a,32,100.0,249.49145325533257,74357.31683168316,54942.316831683165,0.18287343951025295,0.1176737524311585
fe380793-8035-414e-b000-09bfe5ece92a,32,100.0,288.7829857856707,71792.31683168316,54942.316831683165,0.18287343951025295,0.123075917029046
fe380793-8035-414e-b000-09bfe5ece92a,32,100.0,334.2624037463071,70034.31683168316,54942.316831683165,0.18287343951025295,0.12800776938629968
fe380793-8035-414e-b000-09bfe5ece92a,32,100.0,386.9042154761296,68695.31683168316,54942.316831683165,0.18287343951025295,0.13283844640282497
fe380793-8035-414e-b000-09bfe5ece92a,32,100.0,447.8364012089508,67666.31683168316,54942.316831683165,0.18287343951025295,0.13773903680789953
fe380793-8035-414e-b000-09bfe5ece92a,32,100.0,518.3645828231037,67057.31683168316,54942.316831683165,0.18287343951025295,0.1413939924642254
fe380793-8035-414e-b000-09bfe5ece92a,32,100.0,599.9999999999997,66627.31683168316,54942.316831683165,0.18287343951025295,0.14500176711097246
1a276285-8b0e-4cc9-9f0a-a3a002978724,inf,150.0,2.0,4055909.0,682268.0,0.2132329076357336,0.0007881592188364866
1a276285-8b0e-4cc9-9f0a-a3a002978724,inf,150.0,2.3149729741653853,3919156.0,682268.0,0.2132329076357336,0.000815587472199754
1a276285-8b0e-4cc9-9f0a-a3a002978724,inf,150.0,2.6795499355580645,3768848.0,682268.0,0.2132329076357336,0.0008558347253761402
1a276285-8b0e-4cc9-9f0a-a3a002978724,inf,150.0,3.1015428418717597,3604266.0,682268.0,0.2132329076357336,0.000914260867371932
1a276285-8b0e-4cc9-9f0a-a3a002978724,inf,150.0,3.5899939285746147,3427196.0,682268.0,0.2132329076357336,0.0009975588205942052
1a276285-8b0e-4cc9-9f0a-a3a002978724,inf,150.0,4.1553694610340255,3240006.0,682268.0,0.2132329076357336,0.001114421261851063
1a276285-8b0e-4cc9-9f0a-a3a002978724,inf,150.0,4.809783999982975,3043596.0,682268.0,0.2132329076357336,0.001277488369746225
1a276285-8b0e-4cc9-9f0a-a3a002978724,inf,150.0,5.567259985766836,2842408.0,682268.0,0.2132329076357336,0.0014985299132492858
1a276285-8b0e-4cc9-9f0a-a3a002978724,inf,150.0,6.444028203601297,2641549.0,682268.0,0.2132329076357336,0.0017929991814365105
1a276285-8b0e-4cc9-9f0a-a3a002978724,inf,150.0,7.458875568048258,2441139.0,682268.0,0.2132329076357336,0.002185371513312758
1a276285-8b0e-4cc9-9f0a-a3a002978724,inf,150.0,8.633547678847101,2244915.0,682268.0,0.2132329076357336,0.0026938889532925397
1a276285-8b0e-4cc9-9f0a-a3a002978724,inf,150.0,9.993214773849669,2058175.0,682268.0,0.2132329076357336,0.003338123808430031
1a276285-8b0e-4cc9-9f0a-a3a002978724,inf,150.0,11.567011063246117,1883033.0,682268.0,0.2132329076357336,0.00414196722392691
1a276285-8b0e-4cc9-9f0a-a3a002978724,inf,150.0,13.388659001643386,1722433.0,682268.0,0.2132329076357336,0.00512359637133397
1a276285-8b0e-4cc9-9f0a-a3a002978724,inf,150.0,15.497191874560272,1578458.0,682268.0,0.2132329076357336,0.006278981887450171
1a276285-8b0e-4cc9-9f0a-a3a002978724,inf,150.0,17.937790182531224,1450173.0,682268.0,0.2132329076357336,0.00764444434399494
1a276285-8b0e-4cc9-9f0a-a3a002978724,inf,150.0,20.762749744404477,1340629.0,682268.0,0.2132329076357336,0.009203258113060562
1a276285-8b0e-4cc9-9f0a-a3a002978724,inf,150.0,24.03260226382781,1246433.0,682268.0,0.2132329076357336,0.010974310506097287
1a276285-8b0e-4cc9-9f0a-a3a002978724,inf,150.0,27.81741236981361,1168363.0,682268.0,0.2132329076357336,0.012969639084851312
1a276285-8b0e-4cc9-9f0a-a3a002978724,inf,150.0,32.19827892366621,1099064.0,682268.0,0.2132329076357336,0.015269343080464303
1a276285-8b0e-4cc9-9f0a-a3a002978724,inf,150.0,37.26907276146309,1039983.0,682268.0,0.2132329076357336,0.017948488725856058
1a276285-8b0e-4cc9-9f0a-a3a002978724,inf,150.0,43.13844810749518,990701.0,682268.0,0.2132329076357336,0.02105047038289194
1a276285-8b0e-4cc9-9f0a-a3a002978724,inf,150.0,49.93217075814364,947463.0,682268.0,0.2132329076357336,0.024745080167897667
1a276285-8b0e-4cc9-9f0a-a3a002978724,inf,150.0,57.795812923256825,908716.0,682268.0,0.2132329076357336,0.029171034531816024
1a276285-8b0e-4cc9-9f0a-a3a002978724,inf,150.0,66.89787246862902,871959.0,682268.0,0.2132329076357336,0.03452027332126368
1a276285-8b0e-4cc9-9f0a-a3a002978724,inf,150.0,77.43338339701937,841019.0,682268.0,0.2132329076357336,0.04097245693454885
1a276285-8b0e-4cc9-9f0a-a3a002978724,inf,150.0,89.62809493114324,811711.0,682268.0,0.2132329076357336,0.048665838978852655
1a276285-8b0e-4cc9-9f0a-a3a002978724,inf,150.0,103.74330874576306,787800.0,682268.0,0.2132329076357336,0.057657000196609
1a276285-8b0e-4cc9-9f0a-a3a002978724,inf,150.0,120.08147799846844,764753.0,682268.0,0.2132329076357336,0.06824850280182027
1a276285-8b0e-4cc9-9f0a-a3a002978724,inf,150.0,138.99268813214488,745394.0,682268.0,0.2132329076357336,0.08002722141232915
1a276285-8b0e-4cc9-9f0a-a3a002978724,inf,150.0,160.88215831625678,728849.0,682268.0,0.2132329076357336,0.0934142367320697
1a276285-8b0e-4cc9-9f0a-a3a002978724,inf,150.0,186.21892426376562,716710.0,682268.0,0.2132329076357336,0.10756510400586033
1a276285-8b0e-4cc9-9f0a-a3a002978724,inf,150.0,215.54588847438404,706948.0,682268.0,0.2132329076357336,0.12154248044951724
1a276285-8b0e-4cc9-9f0a-a3a002978724,inf,150.0,249.49145325533257,700515.0,682268.0,0.2132329076357336,0.13488985475076826
1a276285-8b0e-4cc9-9f0a-a3a002978724,inf,150.0,288.7829857856707,697702.0,682268.0,0.2132329076357336,0.14211229251741606
1a276285-8b0e-4cc9-9f0a-a3a002978724,inf,150.0,334.2624037463071,696077.0,682268.0,0.2132329076357336,0.14752820764660493
1a276285-8b0e-4cc9-9f0a-a3a002978724,inf,150.0,386.9042154761296,695085.0,682268.0,0.2132329076357336,0.15173578557438752
1a276285-8b0e-4cc9-9f0a-a3a002978724,inf,150.0,447.8364012089508,694353.0,682268.0,0.2132329076357336,0.1557484929775565
1a276285-8b0e-4cc9-9f0a-a3a002978724,inf,150.0,518.3645828231037,693872.0,682268.0,0.2132329076357336,0.1591743960506409
1a276285-8b0e-4cc9-9f0a-a3a002978724,inf,150.0,599.9999999999997,693559.0,682268.0,0.2132329076357336,0.16211824117598686
1e104bf4-7a24-4624-a5b2-c2c8289c0de7,inf,150.0,2.0,4019022.0,699342.0,0.3815347500752587,0.00142270348407933
1e104bf4-7a24-4624-a5b2-c2c8289c0de7,inf,150.0,2.3149729741653853,3876735.0,699342.0,0.3815347500752587,0.001482276082183772
1e104bf4-7a24-4624-a5b2-c2c8289c0de7,inf,150.0,2.6795499355580645,3721304.0,699342.0,0.3815347500752587,0.0015680763172353839
1e104bf4-7a24-4624-a5b2-c2c8289c0de7,inf,150.0,3.1015428418717597,3554810.0,699342.0,0.3815347500752587,0.0016915538915922529
1e104bf4-7a24-4624-a5b2-c2c8289c0de7,inf,150.0,3.5899939285746147,3378725.0,699342.0,0.3815347500752587,0.0018648852406646186
1e104bf4-7a24-4624-a5b2-c2c8289c0de7,inf,150.0,4.1553694610340255,3193563.0,699342.0,0.3815347500752587,0.002104170008250595
1e104bf4-7a24-4624-a5b2-c2c8289c0de7,inf,150.0,4.809783999982975,3006806.0,699342.0,0.3815347500752587,0.0024293685989756186
1e104bf4-7a24-4624-a5b2-c2c8289c0de7,inf,150.0,5.567259985766836,2814613.0,699342.0,0.3815347500752587,0.002870608966460808
1e104bf4-7a24-4624-a5b2-c2c8289c0de7,inf,150.0,6.444028203601297,2624530.0,699342.0,0.3815347500752587,0.0034481940086501833
1e104bf4-7a24-4624-a5b2-c2c8289c0de7,inf,150.0,7.458875568048258,2435237.0,699342.0,0.3815347500752587,0.004206305524626795
1e104bf4-7a24-4624-a5b2-c2c8289c0de7,inf,150.0,8.633547678847101,2254139.0,699342.0,0.3815347500752587,0.0051870988232449
1e104bf4-7a24-4624-a5b2-c2c8289c0de7,inf,150.0,9.993214773849669,2080442.0,699342.0,0.3815347500752587,0.0064385173476706825
1e104bf4-7a24-4624-a5b2-c2c8289c0de7,inf,150.0,11.567011063246117,1918059.0,699342.0,0.3815347500752587,0.008026426110165895
1e104bf4-7a24-4624-a5b2-c2c8289c0de7,inf,150.0,13.388659001643386,1763825.0,699342.0,0.3815347500752587,0.010012500354433941
1e104bf4-7a24-4624-a5b2-c2c8289c0de7,inf,150.0,15.497191874560272,1620293.0,699342.0,0.3815347500752587,0.01250403863369941
1e104bf4-7a24-4624-a5b2-c2c8289c0de7,inf,150.0,17.937790182531224,1485624.0,699342.0,0.3815347500752587,0.015587640133027006
1e104bf4-7a24-4624-a5b2-c2c8289c0de7,inf,150.0,20.762749744404477,1363550.0,699342.0,0.3815347500752587,0.01932472488898689
1e104bf4-7a24-4624-a5b2-c2c8289c0de7,inf,150.0,24.03260226382781,1255856.0,699342.0,0.3815347500752587,0.02372492847444651
1e104bf4-7a24-4624-a5b2-c2c8289c0de7,inf,150.0,27.81741236981361,1159056.0,699342.0,0.3815347500752587,0.028900828964963758
1e104bf4-7a24-4624-a5b2-c2c8289c0de7,inf,150.0,32.19827892366621,1074202.0,699342.0,0.3815347500752587,0.03492052459314397
1e104bf4-7a24-4624-a5b2-c2c8289c0de7,inf,150.0,37.26907276146309,1000909.0,699342.0,0.3815347500752587,0.04176134419645368
1e104bf4-7a24-4624-a5b2-c2c8289c0de7,inf,150.0,43.13844810749518,942104.0,699342.0,0.3815347500752587,0.04933279822546117
1e104bf4-7a24-4624-a5b2-c2c8289c0de7,inf,150.0,49.93217075814364,892391.0,699342.0,0.3815347500752587,0.05771332056264322
1e104bf4-7a24-4624-a5b2-c2c8289c0de7,inf,150.0,57.795812923256825,853632.0,699342.0,0.3815347500752587,0.066622094514736
1e104bf4-7a24-4624-a5b2-c2c8289c0de7,inf,150.0,66.89787246862902,822653.0,699342.0,0.3815347500752587,0.07608997934160946
1e104bf4-7a24-4624-a5b2-c2c8289c0de7,inf,150.0,77.43338339701937,797751.0,699342.0,0.3815347500752587,0.08596152605857287
1e104bf4-7a24-4624-a5b2-c2c8289c0de7,inf,150.0,89.62809493114324,778130.0,699342.0,0.3815347500752587,0.09647906334609425
1e104bf4-7a24-4624-a5b2-c2c8289c0de7,inf,150.0,103.74330874576306,762839.0,699342.0,0.3815347500752587,0.10755657026489039
1e104bf4-7a24-4624-a5b2-c2c8289c0de7,inf,150.0,120.08147799846844,750313.0,699342.0,0.3815347500752587,0.11931440456913396
1e104bf4-7a24-4624-a5b2-c2c8289c0de7,inf,150.0,138.99268813214488,739996.0,699342.0,0.3815347500752587,0.1323395292016388
1e104bf4-7a24-4624-a5b2-c2c8289c0de7,inf,150.0,160.88215831625678,731177.0,699342.0,0.3815347500752587,0.14684213420855302
1e104bf4-7a24-4624-a5b2-c2c8289c0de7,inf,150.0,186.21892426376562,724964.0,699342.0,0.3815347500752587,0.16118925625878067
1e104bf4-7a24-4624-a5b2-c2c8289c0de7,inf,150.0,215.54588847438404,719923.0,699342.0,0.3815347500752587,0.17808881220318412
1e104bf4-7a24-4624-a5b2-c2c8289c0de7,inf,150.0,249.49145325533257,715433.0,699342.0,0.3815347500752587,0.19666371308990227
1e104bf4-7a24-4624-a5b2-c2c8289c0de7,inf,150.0,288.7829857856707,712185.0,699342.0,0.3815347500752587,0.21488666430114797
1e104bf4-7a24-4624-a5b2-c2c8289c0de7,inf,150.0,334.2624037463071,710941.0,699342.0,0.3815347500752587,0.22393737922292406
1e104bf4-7a24-4624-a5b2-c2c8289c0de7,inf,150.0,386.9042154761296,710598.0,699342.0,0.3815347500752587,0.22630074357413965
1e104bf4-7a24-4624-a5b2-c2c8289c0de7,inf,150.0,447.8364012089508,710402.0,699342.0,0.3815347500752587,0.22816139173187605
1e104bf4-7a24-4624-a5b2-c2c8289c0de7,inf,150.0,518.3645828231037,710249.0,699342.0,0.3815347500752587,0.2294840175247985
1e104bf4-7a24-4624-a5b2-c2c8289c0de7,inf,150.0,599.9999999999997,710146.0,699342.0,0.3815347500752587,0.2305053812876176
6638cfb3-3831-4fc2-9327-194b76cf22e1,inf,150.0,2.0,3377722.0,598295.0,1.0724413988312285,0.004608325318307689
6638cfb3-3831-4fc2-9327-194b76cf22e1,inf,150.0,2.3149729741653853,3243052.0,598295.0,1.0724413988312285,0.004791780756507556
6638cfb3-3831-4fc2-9327-194b76cf22e1,inf,150.0,2.6795499355580645,3096288.0,598295.0,1.0724413988312285,0.005057713045284824
6638cfb3-3831-4fc2-9327-194b76cf22e1,inf,150.0,3.1015428418717597,2937341.0,598295.0,1.0724413988312285,0.00543943552473968
6638cfb3-3831-4fc2-9327-194b76cf22e1,inf,150.0,3.5899939285746147,2768530.0,598295.0,1.0724413988312285,0.0059775788766614655
6638cfb3-3831-4fc2-9327-194b76cf22e1,inf,150.0,4.1553694610340255,2589537.0,598295.0,1.0724413988312285,0.006729196964167363
6638cfb3-3831-4fc2-9327-194b76cf22e1,inf,150.0,4.809783999982975,2409060.0,598295.0,1.0724413988312285,0.007740406437125955
6638cfb3-3831-4fc2-9327-194b76cf22e1,inf,150.0,5.567259985766836,2225518.0,598295.0,1.0724413988312285,0.00910070240613783
6638cfb3-3831-4fc2-9327-194b76cf22e1,inf,150.0,6.444028203601297,2045546.0,598295.0,1.0724413988312285,0.010873707899877684
6638cfb3-3831-4fc2-9327-194b76cf22e1,inf,150.0,7.458875568048258,1874573.0,598295.0,1.0724413988312285,0.013127063205871342
6638cfb3-3831-4fc2-9327-194b76cf22e1,inf,150.0,8.633547678847101,1711701.0,598295.0,1.0724413988312285,0.015942671950416338
6638cfb3-3831-4fc2-9327-194b76cf22e1,inf,150.0,9.993214773849669,1563138.0,598295.0,1.0724413988312285,0.0193890185304621
6638cfb3-3831-4fc2-9327-194b76cf22e1,inf,150.0,11.567011063246117,1430341.0,598295.0,1.0724413988312285,0.023530175834447997
6638cfb3-3831-4fc2-9327-194b76cf22e1,inf,150.0,13.388659001643386,1311559.0,598295.0,1.0724413988312285,0.028444533293243486
6638cfb3-3831-4fc2-9327-194b76cf22e1,inf,150.0,15.497191874560272,1204466.0,598295.0,1.0724413988312285,0.034306648406687616
6638cfb3-3831-4fc2-9327-194b76cf22e1,inf,150.0,17.937790182531224,1108410.0,598295.0,1.0724413988312285,0.04125860508605374
6638cfb3-3831-4fc2-9327-194b76cf22e1,inf,150.0,20.762749744404477,1026797.0,598295.0,1.0724413988312285,0.04935350660135521
6638cfb3-3831-4fc2-9327-194b76cf22e1,inf,150.0,24.03260226382781,953038.0,598295.0,1.0724413988312285,0.05904194017809951
6638cfb3-3831-4fc2-9327-194b76cf22e1,inf,150.0,27.81741236981361,890851.0,598295.0,1.0724413988312285,0.07006905041840479
6638cfb3-3831-4fc2-9327-194b76cf22e1,inf,150.0,32.19827892366621,835207.0,598295.0,1.0724413988312285,0.08293361638936099
6638cfb3-3831-4fc2-9327-194b76cf22e1,inf,150.0,37.26907276146309,786788.0,598295.0,1.0724413988312285,0.09759157925195348
6638cfb3-3831-4fc2-9327-194b76cf22e1,inf,150.0,43.13844810749518,747884.0,598295.0,1.0724413988312285,0.11395049413361089
6638cfb3-3831-4fc2-9327-194b76cf22e1,inf,150.0,49.93217075814364,716474.0,598295.0,1.0724413988312285,0.13184289762641474
6638cfb3-3831-4fc2-9327-194b76cf22e1,inf,150.0,57.795812923256825,690828.0,598295.0,1.0724413988312285,0.15046828346580457
6638cfb3-3831-4fc2-9327-194b76cf22e1,inf,150.0,66.89787246862902,669958.0,598295.0,1.0724413988312285,0.17006520713821305
6638cfb3-3831-4fc2-9327-194b76cf22e1,inf,150.0,77.43338339701937,654726.0,598295.0,1.0724413988312285,0.190133582779582
6638cfb3-3831-4fc2-9327-194b76cf22e1,inf,150.0,89.62809493114324,643437.0,598295.0,1.0724413988312285,0.2085832650478472
6638cfb3-3831-4fc2-9327-194b76cf22e1,inf,150.0,103.74330874576306,636007.0,598295.0,1.0724413988312285,0.22700001621077942
6638cfb3-3831-4fc2-9327-194b76cf22e1,inf,150.0,120.08147799846844,629664.0,598295.0,1.0724413988312285,0.24571853688852943
6638cfb3-3831-4fc2-9327-194b76cf22e1,inf,150.0,138.99268813214488,624439.0,598295.0,1.0724413988312285,0.26616703671426767
6638cfb3-3831-4fc2-9327-194b76cf22e1,inf,150.0,160.88215831625678,620388.0,598295.0,1.0724413988312285,0.28747206723739704
6638cfb3-3831-4fc2-9327-194b76cf22e1,inf,150.0,186.21892426376562,617790.0,598295.0,1.0724413988312285,0.31168031796172707
6638cfb3-3831-4fc2-9327-194b76cf22e1,inf,150.0,215.54588847438404,615125.0,598295.0,1.0724413988312285,0.3403276550741083
6638cfb3-3831-4fc2-9327-194b76cf22e1,inf,150.0,249.49145325533257,612659.0,598295.0,1.0724413988312285,0.3740301051436108
6638cfb3-3831-4fc2-9327-194b76cf22e1,inf,150.0,288.7829857856707,610585.0,598295.0,1.0724413988312285,0.4119665442875984
6638cfb3-3831-4fc2-9327-194b76cf22e1,inf,150.0,334.2624037463071,609524.0,598295.0,1.0724413988312285,0.4354586000966886
6638cfb3-3831-4fc2-9327-194b76cf22e1,inf,150.0,386.9042154761296,609154.0,598295.0,1.0724413988312285,0.44453126591842207
6638cfb3-3831-4fc2-9327-194b76cf22e1,inf,150.0,447.8364012089508,609016.0,598295.0,1.0724413988312285,0.4473807755428076
6638cfb3-3831-4fc2-9327-194b76cf22e1,inf,150.0,518.3645828231037,608959.0,598295.0,1.0724413988312285,0.4480868975570441
6638cfb3-3831-4fc2-9327-194b76cf22e1,inf,150.0,599.9999999999997,608935.0,598295.0,1.0724413988312285,0.4480868947373365
749cb2b7-e57e-4453-a794-f6230e4d0226,inf,150.0,2.0,3845708.0,683398.0,0.07777137462104397,0.0002518831025329533
749cb2b7-e57e-4453-a794-f6230e4d0226,inf,150.0,2.3149729741653853,3695948.0,683398.0,0.07777137462104397,0.00026071197098204727
749cb2b7-e57e-4453-a794-f6230e4d0226,inf,150.0,2.6795499355580645,3532151.0,683398.0,0.07777137462104397,0.00027348625963884886
749cb2b7-e57e-4453-a794-f6230e4d0226,inf,150.0,3.1015428418717597,3360088.0,683398.0,0.07777137462104397,0.00029150410330933477
749cb2b7-e57e-4453-a794-f6230e4d0226,inf,150.0,3.5899939285746147,3178753.0,683398.0,0.07777137462104397,0.0003165527138296577
749cb2b7-e57e-4453-a794-f6230e4d0226,inf,150.0,4.1553694610340255,2993435.0,683398.0,0.07777137462104397,0.0003504761859298016
749cb2b7-e57e-4453-a794-f6230e4d0226,inf,150.0,4.809783999982975,2804421.0,683398.0,0.07777137462104397,0.0003957969777740534
749cb2b7-e57e-4453-a794-f6230e4d0226,inf,150.0,5.567259985766836,2616200.0,683398.0,0.07777137462104397,0.00045562164595556933
749cb2b7-e57e-4453-a794-f6230e4d0226,inf,150.0,6.444028203601297,2434569.0,683398.0,0.07777137462104397,0.0005326710016596771
749cb2b7-e57e-4453-a794-f6230e4d0226,inf,150.0,7.458875568048258,2260648.0,683398.0,0.07777137462104397,0.0006300573982758827
749cb2b7-e57e-4453-a794-f6230e4d0226,inf,150.0,8.633547678847101,2094785.0,683398.0,0.07777137462104397,0.0007534514946664956
749cb2b7-e57e-4453-a794-f6230e4d0226,inf,150.0,9.993214773849669,1939323.0,683398.0,0.07777137462104397,0.0009083179846561241
749cb2b7-e57e-4453-a794-f6230e4d0226,inf,150.0,11.567011063246117,1796286.0,683398.0,0.07777137462104397,0.001098831802118319
749cb2b7-e57e-4453-a794-f6230e4d0226,inf,150.0,13.388659001643386,1666679.0,683398.0,0.07777137462104397,0.001333128082980135
749cb2b7-e57e-4453-a794-f6230e4d0226,inf,150.0,15.497191874560272,1548130.0,683398.0,0.07777137462104397,0.0016203282886940657
749cb2b7-e57e-4453-a794-f6230e4d0226,inf,150.0,17.937790182531224,1441724.0,683398.0,0.07777137462104397,0.001966791161234348
749cb2b7-e57e-4453-a794-f6230e4d0226,inf,150.0,20.762749744404477,1341420.0,683398.0,0.07777137462104397,0.002395022861027113
749cb2b7-e57e-4453-a794-f6230e4d0226,inf,150.0,24.03260226382781,1252737.0,683398.0,0.07777137462104397,0.002904447743153432
749cb2b7-e57e-4453-a794-f6230e4d0226,inf,150.0,27.81741236981361,1173196.0,683398.0,0.07777137462104397,0.0035176300013126352
749cb2b7-e57e-4453-a794-f6230e4d0226,inf,150.0,32.19827892366621,1101226.0,683398.0,0.07777137462104397,0.00424381701883773
749cb2b7-e57e-4453-a794-f6230e4d0226,inf,150.0,37.26907276146309,1038599.0,683398.0,0.07777137462104397,0.005080459605758733
749cb2b7-e57e-4453-a794-f6230e4d0226,inf,150.0,43.13844810749518,982256.0,683398.0,0.07777137462104397,0.0060747580292337035
749cb2b7-e57e-4453-a794-f6230e4d0226,inf,150.0,49.93217075814364,934825.0,683398.0,0.07777137462104397,0.007216775351824104
749cb2b7-e57e-4453-a794-f6230e4d0226,inf,150.0,57.795812923256825,894243.0,683398.0,0.07777137462104397,0.008570694460259157
749cb2b7-e57e-4453-a794-f6230e4d0226,inf,150.0,66.89787246862902,860223.0,683398.0,0.07777137462104397,0.010105734160999027
749cb2b7-e57e-4453-a794-f6230e4d0226,inf,150.0,77.43338339701937,829378.0,683398.0,0.07777137462104397,0.011884902755839791
749cb2b7-e57e-4453-a794-f6230e4d0226,inf,150.0,89.62809493114324,804171.0,683398.0,0.07777137462104397,0.013891030351711697
749cb2b7-e57e-4453-a794-f6230e4d0226,inf,150.0,103.74330874576306,781899.0,683398.0,0.07777137462104397,0.016222883208141428
749cb2b7-e57e-4453-a794-f6230e4d0226,inf,150.0,120.08147799846844,762842.0,683398.0,0.07777137462104397,0.018828895410572265
749cb2b7-e57e-4453-a794-f6230e4d0226,inf,150.0,138.99268813214488,747184.0,683398.0,0.07777137462104397,0.021744575141874275
749cb2b7-e57e-4453-a794-f6230e4d0226,inf,150.0,160.88215831625678,733701.0,683398.0,0.07777137462104397,0.02493159764576271
749cb2b7-e57e-4453-a794-f6230e4d0226,inf,150.0,186.21892426376562,722729.0,683398.0,0.07777137462104397,0.028480018576118517
749cb2b7-e57e-4453-a794-f6230e4d0226,inf,150.0,215.54588847438404,713868.0,683398.0,0.07777137462104397,0.032369961814034065
749cb2b7-e57e-4453-a794-f6230e4d0226,inf,150.0,249.49145325533257,706474.0,683398.0,0.07777137462104397,0.036451682077468586
749cb2b7-e57e-4453-a794-f6230e4d0226,inf,150.0,288.7829857856707,701309.0,683398.0,0.07777137462104397,0.04088279646322414
749cb2b7-e57e-4453-a794-f6230e4d0226,inf,150.0,334.2624037463071,697304.0,683398.0,0.07777137462104397,0.044926968262652196
749cb2b7-e57e-4453-a794-f6230e4d0226,inf,150.0,386.9042154761296,695857.0,683398.0,0.07777137462104397,0.046746053587260465
749cb2b7-e57e-4453-a794-f6230e4d0226,inf,150.0,447.8364012089508,695222.0,683398.0,0.07777137462104397,0.047754933074319626
749cb2b7-e57e-4453-a794-f6230e4d0226,inf,150.0,518.3645828231037,694865.0,683398.0,0.07777137462104397,0.048519699043484424
749cb2b7-e57e-4453-a794-f6230e4d0226,inf,150.0,599.9999999999997,694599.0,683398.0,0.07777137462104397,0.049178220778693126
d7ec0892-0a6c-4f4f-9d8f-72083692af5c,inf,150.0,2.0,5704039.0,951803.0,0.021733636411931396,0.00021979966777533903
d7ec0892-0a6c-4f4f-9d8f-72083692af5c,inf,150.0,2.3149729741653853,5526296.0,951803.0,0.021733636411931396,0.00022616923608769063
d7ec0892-0a6c-4f4f-9d8f-72083692af5c,inf,150.0,2.6795499355580645,5322760.0,951803.0,0.021733636411931396,0.00023580471101635137
d7ec0892-0a6c-4f4f-9d8f-72083692af5c,inf,150.0,3.1015428418717597,5097441.0,951803.0,0.021733636411931396,0.00025008018081081637
d7ec0892-0a6c-4f4f-9d8f-72083692af5c,inf,150.0,3.5899939285746147,4848068.0,951803.0,0.021733636411931396,0.0002710279876338973
d7ec0892-0a6c-4f4f-9d8f-72083692af5c,inf,150.0,4.1553694610340255,4578286.0,951803.0,0.021733636411931396,0.0003009541206672536
d7ec0892-0a6c-4f4f-9d8f-72083692af5c,inf,150.0,4.809783999982975,4291219.0,951803.0,0.021733636411931396,0.0003432140176983364
d7ec0892-0a6c-4f4f-9d8f-72083692af5c,inf,150.0,5.567259985766836,3990727.0,951803.0,0.021733636411931396,0.0004016494622243864
d7ec0892-0a6c-4f4f-9d8f-72083692af5c,inf,150.0,6.444028203601297,3682339.0,951803.0,0.021733636411931396,0.0004809174507031244
d7ec0892-0a6c-4f4f-9d8f-72083692af5c,inf,150.0,7.458875568048258,3378932.0,951803.0,0.021733636411931396,0.0005852705027950516
d7ec0892-0a6c-4f4f-9d8f-72083692af5c,inf,150.0,8.633547678847101,3081260.0,951803.0,0.021733636411931396,0.0007198613495005765
d7ec0892-0a6c-4f4f-9d8f-72083692af5c,inf,150.0,9.993214773849669,2797490.0,951803.0,0.021733636411931396,0.00089006343848981
d7ec0892-0a6c-4f4f-9d8f-72083692af5c,inf,150.0,11.567011063246117,2533835.0,951803.0,0.021733636411931396,0.0011006239826196285
d7ec0892-0a6c-4f4f-9d8f-72083692af5c,inf,150.0,13.388659001643386,2291127.0,951803.0,0.021733636411931396,0.001359630540551896
d7ec0892-0a6c-4f4f-9d8f-72083692af5c,inf,150.0,15.497191874560272,2071947.0,951803.0,0.021733636411931396,0.0016672034018855582
d7ec0892-0a6c-4f4f-9d8f-72083692af5c,inf,150.0,17.937790182531224,1877257.0,951803.0,0.021733636411931396,0.0020344699964424126
d7ec0892-0a6c-4f4f-9d8f-72083692af5c,inf,150.0,20.762749744404477,1704800.0,951803.0,0.021733636411931396,0.002459292232031538
d7ec0892-0a6c-4f4f-9d8f-72083692af5c,inf,150.0,24.03260226382781,1558957.0,951803.0,0.021733636411931396,0.002944186398316012
d7ec0892-0a6c-4f4f-9d8f-72083692af5c,inf,150.0,27.81741236981361,1434761.0,951803.0,0.021733636411931396,0.0034856030436572266
d7ec0892-0a6c-4f4f-9d8f-72083692af5c,inf,150.0,32.19827892366621,1331742.0,951803.0,0.021733636411931396,0.004083432632722892
d7ec0892-0a6c-4f4f-9d8f-72083692af5c,inf,150.0,37.26907276146309,1249352.0,951803.0,0.021733636411931396,0.004721199180948332
d7ec0892-0a6c-4f4f-9d8f-72083692af5c,inf,150.0,43.13844810749518,1184736.0,951803.0,0.021733636411931396,0.00539007086348226
d7ec0892-0a6c-4f4f-9d8f-72083692af5c,inf,150.0,49.93217075814364,1132776.0,951803.0,0.021733636411931396,0.006099269067472593
d7ec0892-0a6c-4f4f-9d8f-72083692af5c,inf,150.0,57.795812923256825,1092177.0,951803.0,0.021733636411931396,0.006840359669312674
d7ec0892-0a6c-4f4f-9d8f-72083692af5c,inf,150.0,66.89787246862902,1060651.0,951803.0,0.021733636411931396,0.007623028275287014
d7ec0892-0a6c-4f4f-9d8f-72083692af5c,inf,150.0,77.43338339701937,1036080.0,951803.0,0.021733636411931396,0.008420153001152213
d7ec0892-0a6c-4f4f-9d8f-72083692af5c,inf,150.0,89.62809493114324,1016912.0,951803.0,0.021733636411931396,0.009254322541688658
d7ec0892-0a6c-4f4f-9d8f-72083692af5c,inf,150.0,103.74330874576306,1000859.0,951803.0,0.021733636411931396,0.01013800366282148
d7ec0892-0a6c-4f4f-9d8f-72083692af5c,inf,150.0,120.08147799846844,989392.0,951803.0,0.021733636411931396,0.011009693780490094
d7ec0892-0a6c-4f4f-9d8f-72083692af5c,inf,150.0,138.99268813214488,980777.0,951803.0,0.021733636411931396,0.011847819481401461
d7ec0892-0a6c-4f4f-9d8f-72083692af5c,inf,150.0,160.88215831625678,974887.0,951803.0,0.021733636411931396,0.012669811952977082
d7ec0892-0a6c-4f4f-9d8f-72083692af5c,inf,150.0,186.21892426376562,970246.0,951803.0,0.021733636411931396,0.01347250260845128
d7ec0892-0a6c-4f4f-9d8f-72083692af5c,inf,150.0,215.54588847438404,967178.0,951803.0,0.021733636411931396,0.014174111126783831
d7ec0892-0a6c-4f4f-9d8f-72083692af5c,inf,150.0,249.49145325533257,965380.0,951803.0,0.021733636411931396,0.014696467063113018
d7ec0892-0a6c-4f4f-9d8f-72083692af5c,inf,150.0,288.7829857856707,964394.0,951803.0,0.021733636411931396,0.015066381949085165
d7ec0892-0a6c-4f4f-9d8f-72083692af5c,inf,150.0,334.2624037463071,963705.0,951803.0,0.021733636411931396,0.015371306693382485
d7ec0892-0a6c-4f4f-9d8f-72083692af5c,inf,150.0,386.9042154761296,963365.0,951803.0,0.021733636411931396,0.015566365927390854
d7ec0892-0a6c-4f4f-9d8f-72083692af5c,inf,150.0,447.8364012089508,963189.0,951803.0,0.021733636411931396,0.0156778304061988
d7ec0892-0a6c-4f4f-9d8f-72083692af5c,inf,150.0,518.3645828231037,963094.0,951803.0,0.021733636411931396,0.015754111447563834
d7ec0892-0a6c-4f4f-9d8f-72083692af5c,inf,150.0,599.9999999999997,963052.0,951803.0,0.021733636411931396,0.015795114918113844
da8dfec1-d265-44e8-84ce-6ae9c109b8bd,inf,150.0,2.0,5099736.0,880089.0,0.010072155320928967,0.00015700755959650376
da8dfec1-d265-44e8-84ce-6ae9c109b8bd,inf,150.0,2.3149729741653853,4912045.0,880089.0,0.010072155320928967,0.000161102725995191
da8dfec1-d265-44e8-84ce-6ae9c109b8bd,inf,150.0,2.6795499355580645,4700181.0,880089.0,0.010072155320928967,0.00016716545128534266
da8dfec1-d265-44e8-84ce-6ae9c109b8bd,inf,150.0,3.1015428418717597,4465314.0,880089.0,0.010072155320928967,0.00017611896550022213
da8dfec1-d265-44e8-84ce-6ae9c109b8bd,inf,150.0,3.5899939285746147,4210323.0,880089.0,0.010072155320928967,0.00018911653618041194
da8dfec1-d265-44e8-84ce-6ae9c109b8bd,inf,150.0,4.1553694610340255,3941073.0,880089.0,0.010072155320928967,0.0002074715651502955
da8dfec1-d265-44e8-84ce-6ae9c109b8bd,inf,150.0,4.809783999982975,3655485.0,880089.0,0.010072155320928967,0.00023300505876783527
da8dfec1-d265-44e8-84ce-6ae9c109b8bd,inf,150.0,5.567259985766836,3360003.0,880089.0,0.010072155320928967,0.0002676648956728187
da8dfec1-d265-44e8-84ce-6ae9c109b8bd,inf,150.0,6.444028203601297,3067527.0,880089.0,0.010072155320928967,0.00031365311322247095
da8dfec1-d265-44e8-84ce-6ae9c109b8bd,inf,150.0,7.458875568048258,2787084.0,880089.0,0.010072155320928967,0.00037206879134709834
da8dfec1-d265-44e8-84ce-6ae9c109b8bd,inf,150.0,8.633547678847101,2522127.0,880089.0,0.010072155320928967,0.00044549061822366485
da8dfec1-d265-44e8-84ce-6ae9c109b8bd,inf,150.0,9.993214773849669,2275672.0,880089.0,0.010072155320928967,0.0005358736076762355
da8dfec1-d265-44e8-84ce-6ae9c109b8bd,inf,150.0,11.567011063246117,2051465.0,880089.0,0.010072155320928967,0.0006443868784207924
da8dfec1-d265-44e8-84ce-6ae9c109b8bd,inf,150.0,13.388659001643386,1852880.0,880089.0,0.010072155320928967,0.000771698120441582
da8dfec1-d265-44e8-84ce-6ae9c109b8bd,inf,150.0,15.497191874560272,1683154.0,880089.0,0.010072155320928967,0.0009202102739120313
da8dfec1-d265-44e8-84ce-6ae9c109b8bd,inf,150.0,17.937790182531224,1537853.0,880089.0,0.010072155320928967,0.0010883039618102572
da8dfec1-d265-44e8-84ce-6ae9c109b8bd,inf,150.0,20.762749744404477,1412534.0,880089.0,0.010072155320928967,0.0012786708742635532
da8dfec1-d265-44e8-84ce-6ae9c109b8bd,inf,150.0,24.03260226382781,1308445.0,880089.0,0.010072155320928967,0.0014893960343252911
da8dfec1-d265-44e8-84ce-6ae9c109b8bd,inf,150.0,27.81741236981361,1224391.0,880089.0,0.010072155320928967,0.001721407307430593
da8dfec1-d265-44e8-84ce-6ae9c109b8bd,inf,150.0,32.19827892366621,1155290.0,880089.0,0.010072155320928967,0.0019759508584493153
da8dfec1-d265-44e8-84ce-6ae9c109b8bd,inf,150.0,37.26907276146309,1100728.0,880089.0,0.010072155320928967,0.0022457618938203157
da8dfec1-d265-44e8-84ce-6ae9c109b8bd,inf,150.0,43.13844810749518,1053636.0,880089.0,0.010072155320928967,0.0025511104245441985
da8dfec1-d265-44e8-84ce-6ae9c109b8bd,inf,150.0,49.93217075814364,1015685.0,880089.0,0.010072155320928967,0.0028764955077658703
da8dfec1-d265-44e8-84ce-6ae9c109b8bd,inf,150.0,57.795812923256825,986417.0,880089.0,0.010072155320928967,0.0032248017176424327
da8dfec1-d265-44e8-84ce-6ae9c109b8bd,inf,150.0,66.89787246862902,963079.0,880089.0,0.010072155320928967,0.0035880914269140036
da8dfec1-d265-44e8-84ce-6ae9c109b8bd,inf,150.0,77.43338339701937,943931.0,880089.0,0.010072155320928967,0.003985670104463629
da8dfec1-d265-44e8-84ce-6ae9c109b8bd,inf,150.0,89.62809493114324,929365.0,880089.0,0.010072155320928967,0.004371615074420279
da8dfec1-d265-44e8-84ce-6ae9c109b8bd,inf,150.0,103.74330874576306,918368.0,880089.0,0.010072155320928967,0.004782100067931845
da8dfec1-d265-44e8-84ce-6ae9c109b8bd,inf,150.0,120.08147799846844,909355.0,880089.0,0.010072155320928967,0.005221680334072538
da8dfec1-d265-44e8-84ce-6ae9c109b8bd,inf,150.0,138.99268813214488,902733.0,880089.0,0.010072155320928967,0.005666929633756792
da8dfec1-d265-44e8-84ce-6ae9c109b8bd,inf,150.0,160.88215831625678,897583.0,880089.0,0.010072155320928967,0.0061348126124210495
da8dfec1-d265-44e8-84ce-6ae9c109b8bd,inf,150.0,186.21892426376562,894086.0,880089.0,0.010072155320928967,0.0065311815906067515
da8dfec1-d265-44e8-84ce-6ae9c109b8bd,inf,150.0,215.54588847438404,892445.0,880089.0,0.010072155320928967,0.006763009362922716
da8dfec1-d265-44e8-84ce-6ae9c109b8bd,inf,150.0,249.49145325533257,891667.0,880089.0,0.010072155320928967,0.006896817299599498
da8dfec1-d265-44e8-84ce-6ae9c109b8bd,inf,150.0,288.7829857856707,891278.0,880089.0,0.010072155320928967,0.006973875015691154
da8dfec1-d265-44e8-84ce-6ae9c109b8bd,inf,150.0,334.2624037463071,891036.0,880089.0,0.010072155320928967,0.0070276136875135715
da8dfec1-d265-44e8-84ce-6ae9c109b8bd,inf,150.0,386.9042154761296,890944.0,880089.0,0.010072155320928967,0.0070461839156072525
da8dfec1-d265-44e8-84ce-6ae9c109b8bd,inf,150.0,447.8364012089508,890944.0,880089.0,0.010072155320928967,0.0070461839369402625
da8dfec1-d265-44e8-84ce-6ae9c109b8bd,inf,150.0,518.3645828231037,890913.0,880089.0,0.010072155320928967,0.0070503247563321264
da8dfec1-d265-44e8-84ce-6ae9c109b8bd,inf,150.0,599.9999999999997,890913.0,880089.0,0.010072155320928967,0.0070503247563321264
dab512bd-a02d-4c1f-8dbc-9155a163efc0,inf,150.0,2.0,3711204.0,703711.0,0.3536081111700137,0.0012307555662145685
dab512bd-a02d-4c1f-8dbc-9155a163efc0,inf,150.0,2.3149729741653853,3532807.0,703711.0,0.3536081111700137,0.0012909451955631082
dab512bd-a02d-4c1f-8dbc-9155a163efc0,inf,150.0,2.6795499355580645,3346377.0,703711.0,0.3536081111700137,0.001374558905882732
dab512bd-a02d-4c1f-8dbc-9155a163efc0,inf,150.0,3.1015428418717597,3153229.0,703711.0,0.3536081111700137,0.00149020809582991
dab512bd-a02d-4c1f-8dbc-9155a163efc0,inf,150.0,3.5899939285746147,2957780.0,703711.0,0.3536081111700137,0.00164349303358844
dab512bd-a02d-4c1f-8dbc-9155a163efc0,inf,150.0,4.1553694610340255,2762692.0,703711.0,0.3536081111700137,0.0018460000409361325
dab512bd-a02d-4c1f-8dbc-9155a163efc0,inf,150.0,4.809783999982975,2573806.0,703711.0,0.3536081111700137,0.002107184132459217
dab512bd-a02d-4c1f-8dbc-9155a163efc0,inf,150.0,5.567259985766836,2393341.0,703711.0,0.3536081111700137,0.002437296738454105
dab512bd-a02d-4c1f-8dbc-9155a163efc0,inf,150.0,6.444028203601297,2222818.0,703711.0,0.3536081111700137,0.00285101817549592
dab512bd-a02d-4c1f-8dbc-9155a163efc0,inf,150.0,7.458875568048258,2065030.0,703711.0,0.3536081111700137,0.003370794412768266
dab512bd-a02d-4c1f-8dbc-9155a163efc0,inf,150.0,8.633547678847101,1919471.0,703711.0,0.3536081111700137,0.0040166864574857864
dab512bd-a02d-4c1f-8dbc-9155a163efc0,inf,150.0,9.993214773849669,1782524.0,703711.0,0.3536081111700137,0.004816525243435018
dab512bd-a02d-4c1f-8dbc-9155a163efc0,inf,150.0,11.567011063246117,1658632.0,703711.0,0.3536081111700137,0.005806877461557392
dab512bd-a02d-4c1f-8dbc-9155a163efc0,inf,150.0,13.388659001643386,1543199.0,703711.0,0.3536081111700137,0.007024288370542156
dab512bd-a02d-4c1f-8dbc-9155a163efc0,inf,150.0,15.497191874560272,1439259.0,703711.0,0.3536081111700137,0.00849228331848123
dab512bd-a02d-4c1f-8dbc-9155a163efc0,inf,150.0,17.937790182531224,1342266.0,703711.0,0.3536081111700137,0.010293809415904671
dab512bd-a02d-4c1f-8dbc-9155a163efc0,inf,150.0,20.762749744404477,1256765.0,703711.0,0.3536081111700137,0.012432181873761628
dab512bd-a02d-4c1f-8dbc-9155a163efc0,inf,150.0,24.03260226382781,1179028.0,703711.0,0.3536081111700137,0.014976138371970808
dab512bd-a02d-4c1f-8dbc-9155a163efc0,inf,150.0,27.81741236981361,1113082.0,703711.0,0.3536081111700137,0.017962839543611824
dab512bd-a02d-4c1f-8dbc-9155a163efc0,inf,150.0,32.19827892366621,1052974.0,703711.0,0.3536081111700137,0.0215666608065944
dab512bd-a02d-4c1f-8dbc-9155a163efc0,inf,150.0,37.26907276146309,999322.0,703711.0,0.3536081111700137,0.02573963044906233
dab512bd-a02d-4c1f-8dbc-9155a163efc0,inf,150.0,43.13844810749518,953147.0,703711.0,0.3536081111700137,0.03070224107663129
dab512bd-a02d-4c1f-8dbc-9155a163efc0,inf,150.0,49.93217075814364,913352.0,703711.0,0.3536081111700137,0.03652086474803059
dab512bd-a02d-4c1f-8dbc-9155a163efc0,inf,150.0,57.795812923256825,877092.0,703711.0,0.3536081111700137,0.043438032317554554
dab512bd-a02d-4c1f-8dbc-9155a163efc0,inf,150.0,66.89787246862902,846307.0,703711.0,0.3536081111700137,0.05136104729121228
dab512bd-a02d-4c1f-8dbc-9155a163efc0,inf,150.0,77.43338339701937,819649.0,703711.0,0.3536081111700137,0.060384829680163135
dab512bd-a02d-4c1f-8dbc-9155a163efc0,inf,150.0,89.62809493114324,797341.0,703711.0,0.3536081111700137,0.07032176467337718
dab512bd-a02d-4c1f-8dbc-9155a163efc0,inf,150.0,103.74330874576306,779309.0,703711.0,0.3536081111700137,0.08110909006626207
dab512bd-a02d-4c1f-8dbc-9155a163efc0,inf,150.0,120.08147799846844,764470.0,703711.0,0.3536081111700137,0.09340016962835984
dab512bd-a02d-4c1f-8dbc-9155a163efc0,inf,150.0,138.99268813214488,751530.0,703711.0,0.3536081111700137,0.10645141111586374
dab512bd-a02d-4c1f-8dbc-9155a163efc0,inf,150.0,160.88215831625678,741341.0,703711.0,0.3536081111700137,0.12085231689463247
dab512bd-a02d-4c1f-8dbc-9155a163efc0,inf,150.0,186.21892426376562,733417.0,703711.0,0.3536081111700137,0.13598518203412283
dab512bd-a02d-4c1f-8dbc-9155a163efc0,inf,150.0,215.54588847438404,726983.0,703711.0,0.3536081111700137,0.1515415975898605
dab512bd-a02d-4c1f-8dbc-9155a163efc0,inf,150.0,249.49145325533257,722620.0,703711.0,0.3536081111700137,0.16836941456104326
dab512bd-a02d-4c1f-8dbc-9155a163efc0,inf,150.0,288.7829857856707,718548.0,703711.0,0.3536081111700137,0.1867607342908871
dab512bd-a02d-4c1f-8dbc-9155a163efc0,inf,150.0,334.2624037463071,715987.0,703711.0,0.3536081111700137,0.20172574359759352
dab512bd-a02d-4c1f-8dbc-9155a163efc0,inf,150.0,386.9042154761296,715286.0,703711.0,0.3536081111700137,0.20621572451590384
dab512bd-a02d-4c1f-8dbc-9155a163efc0,inf,150.0,447.8364012089508,715004.0,703711.0,0.3536081111700137,0.2084612475414534
dab512bd-a02d-4c1f-8dbc-9155a163efc0,inf,150.0,518.3645828231037,714739.0,703711.0,0.3536081111700137,0.21070143029423483
dab512bd-a02d-4c1f-8dbc-9155a163efc0,inf,150.0,599.9999999999997,714662.0,703711.0,0.3536081111700137,0.2110632761152602
dc7e9403-19f7-409f-9240-05ee57cb7aea,inf,150.0,2.0,5365781.0,906627.0,0.034939112495703,0.00023229548205566466
dc7e9403-19f7-409f-9240-05ee57cb7aea,inf,150.0,2.3149729741653853,5184629.0,906627.0,0.034939112495703,0.00023875286043052894
dc7e9403-19f7-409f-9240-05ee57cb7aea,inf,150.0,2.6795499355580645,4981320.0,906627.0,0.034939112495703,0.0002482879173944991
dc7e9403-19f7-409f-9240-05ee57cb7aea,inf,150.0,3.1015428418717597,4756494.0,906627.0,0.034939112495703,0.00026232587621823745
dc7e9403-19f7-409f-9240-05ee57cb7aea,inf,150.0,3.5899939285746147,4510959.0,906627.0,0.034939112495703,0.00028257101486218637
dc7e9403-19f7-409f-9240-05ee57cb7aea,inf,150.0,4.1553694610340255,4249614.0,906627.0,0.034939112495703,0.00031106557306540206
dc7e9403-19f7-409f-9240-05ee57cb7aea,inf,150.0,4.809783999982975,3972944.0,906627.0,0.034939112495703,0.00035086030792584176
dc7e9403-19f7-409f-9240-05ee57cb7aea,inf,150.0,5.567259985766836,3689928.0,906627.0,0.034939112495703,0.0004044698586962661
dc7e9403-19f7-409f-9240-05ee57cb7aea,inf,150.0,6.444028203601297,3404907.0,906627.0,0.034939112495703,0.00047553694405888107
dc7e9403-19f7-409f-9240-05ee57cb7aea,inf,150.0,7.458875568048258,3130044.0,906627.0,0.034939112495703,0.000566403758729733
dc7e9403-19f7-409f-9240-05ee57cb7aea,inf,150.0,8.633547678847101,2866918.0,906627.0,0.034939112495703,0.0006812224430552642
dc7e9403-19f7-409f-9240-05ee57cb7aea,inf,150.0,9.993214773849669,2621328.0,906627.0,0.034939112495703,0.0008248853574777992
dc7e9403-19f7-409f-9240-05ee57cb7aea,inf,150.0,11.567011063246117,2393878.0,906627.0,0.034939112495703,0.0010017808225718486
dc7e9403-19f7-409f-9240-05ee57cb7aea,inf,150.0,13.388659001643386,2186448.0,906627.0,0.034939112495703,0.0012155013655715699
dc7e9403-19f7-409f-9240-05ee57cb7aea,inf,150.0,15.497191874560272,1999568.0,906627.0,0.034939112495703,0.0014736453937034052
dc7e9403-19f7-409f-9240-05ee57cb7aea,inf,150.0,17.937790182531224,1835524.0,906627.0,0.034939112495703,0.001775144753226367
dc7e9403-19f7-409f-9240-05ee57cb7aea,inf,150.0,20.762749744404477,1689905.0,906627.0,0.034939112495703,0.0021367433556059813
dc7e9403-19f7-409f-9240-05ee57cb7aea,inf,150.0,24.03260226382781,1561260.0,906627.0,0.034939112495703,0.002556552541124553
dc7e9403-19f7-409f-9240-05ee57cb7aea,inf,150.0,27.81741236981361,1450057.0,906627.0,0.034939112495703,0.0030426233658888205
dc7e9403-19f7-409f-9240-05ee57cb7aea,inf,150.0,32.19827892366621,1354191.0,906627.0,0.034939112495703,0.003602351189301972
dc7e9403-19f7-409f-9240-05ee57cb7aea,inf,150.0,37.26907276146309,1272878.0,906627.0,0.034939112495703,0.004236636072481007
dc7e9403-19f7-409f-9240-05ee57cb7aea,inf,150.0,43.13844810749518,1205229.0,906627.0,0.034939112495703,0.0049484211280567325
dc7e9403-19f7-409f-9240-05ee57cb7aea,inf,150.0,49.93217075814364,1149470.0,906627.0,0.034939112495703,0.005736536454588152
dc7e9403-19f7-409f-9240-05ee57cb7aea,inf,150.0,57.795812923256825,1101387.0,906627.0,0.034939112495703,0.006621870250171738
dc7e9403-19f7-409f-9240-05ee57cb7aea,inf,150.0,66.89787246862902,1063427.0,906627.0,0.034939112495703,0.007596618967304886
dc7e9403-19f7-409f-9240-05ee57cb7aea,inf,150.0,77.43338339701937,1033368.0,906627.0,0.034939112495703,0.008630510391048578
dc7e9403-19f7-409f-9240-05ee57cb7aea,inf,150.0,89.62809493114324,1007865.0,906627.0,0.034939112495703,0.009795308941987565
dc7e9403-19f7-409f-9240-05ee57cb7aea,inf,150.0,103.74330874576306,985854.0,906627.0,0.034939112495703,0.011095650936136108
dc7e9403-19f7-409f-9240-05ee57cb7aea,inf,150.0,120.08147799846844,968499.0,906627.0,0.034939112495703,0.012497849192796995
dc7e9403-19f7-409f-9240-05ee57cb7aea,inf,150.0,138.99268813214488,952609.0,906627.0,0.034939112495703,0.01404288926081689
dc7e9403-19f7-409f-9240-05ee57cb7aea,inf,150.0,160.88215831625678,941525.0,906627.0,0.034939112495703,0.015633119830649245
dc7e9403-19f7-409f-9240-05ee57cb7aea,inf,150.0,186.21892426376562,932642.0,906627.0,0.034939112495703,0.01731354727715176
dc7e9403-19f7-409f-9240-05ee57cb7aea,inf,150.0,215.54588847438404,926227.0,906627.0,0.034939112495703,0.01900653720515613
dc7e9403-19f7-409f-9240-05ee57cb7aea,inf,150.0,249.49145325533257,921318.0,906627.0,0.034939112495703,0.020704489500114786
dc7e9403-19f7-409f-9240-05ee57cb7aea,inf,150.0,288.7829857856707,919294.0,906627.0,0.034939112495703,0.021759736826605446
dc7e9403-19f7-409f-9240-05ee57cb7aea,inf,150.0,334.2624037463071,918481.0,906627.0,0.034939112495703,0.0223864016177099
dc7e9403-19f7-409f-9240-05ee57cb7aea,inf,150.0,386.9042154761296,918132.0,906627.0,0.034939112495703,0.022717780556489552
dc7e9403-19f7-409f-9240-05ee57cb7aea,inf,150.0,447.8364012089508,917886.0,906627.0,0.034939112495703,0.023006955039313964
dc7e9403-19f7-409f-9240-05ee57cb7aea,inf,150.0,518.3645828231037,917725.0,906627.0,0.034939112495703,0.02328818666565359
dc7e9403-19f7-409f-9240-05ee57cb7aea,inf,150.0,599.9999999999997,917588.0,906627.0,0.034939112495703,0.023531471073255636
e8f9fba4-d151-4b00-bee7-447f0f3e752c,inf,150.0,2.0,5233923.0,933345.0,0.03732115852789589,0.000481768559515643
e8f9fba4-d151-4b00-bee7-447f0f3e752c,inf,150.0,2.3149729741653853,5024101.0,933345.0,0.03732115852789589,0.0004984569171870691
e8f9fba4-d151-4b00-bee7-447f0f3e752c,inf,150.0,2.6795499355580645,4791059.0,933345.0,0.03732115852789589,0.000523176285947135
e8f9fba4-d151-4b00-bee7-447f0f3e752c,inf,150.0,3.1015428418717597,4540976.0,933345.0,0.03732115852789589,0.0005585470995319952
e8f9fba4-d151-4b00-bee7-447f0f3e752c,inf,150.0,3.5899939285746147,4271516.0,933345.0,0.03732115852789589,0.0006089836067200449
e8f9fba4-d151-4b00-bee7-447f0f3e752c,inf,150.0,4.1553694610340255,3987935.0,933345.0,0.03732115852789589,0.0006792525716202742
e8f9fba4-d151-4b00-bee7-447f0f3e752c,inf,150.0,4.809783999982975,3699533.0,933345.0,0.03732115852789589,0.0007736899527218435
e8f9fba4-d151-4b00-bee7-447f0f3e752c,inf,150.0,5.567259985766836,3413594.0,933345.0,0.03732115852789589,0.0008979117723803337
e8f9fba4-d151-4b00-bee7-447f0f3e752c,inf,150.0,6.444028203601297,3131841.0,933345.0,0.03732115852789589,0.00105952468735884
e8f9fba4-d151-4b00-bee7-447f0f3e752c,inf,150.0,7.458875568048258,2864714.0,933345.0,0.03732115852789589,0.001263132415342334
e8f9fba4-d151-4b00-bee7-447f0f3e752c,inf,150.0,8.633547678847101,2613512.0,933345.0,0.03732115852789589,0.0015166487358486132
e8f9fba4-d151-4b00-bee7-447f0f3e752c,inf,150.0,9.993214773849669,2385365.0,933345.0,0.03732115852789589,0.001823444524447182
e8f9fba4-d151-4b00-bee7-447f0f3e752c,inf,150.0,11.567011063246117,2177011.0,933345.0,0.03732115852789589,0.0021920405844668847
e8f9fba4-d151-4b00-bee7-447f0f3e752c,inf,150.0,13.388659001643386,1990273.0,933345.0,0.03732115852789589,0.0026327321207349984
e8f9fba4-d151-4b00-bee7-447f0f3e752c,inf,150.0,15.497191874560272,1828898.0,933345.0,0.03732115852789589,0.0031391089990377118
e8f9fba4-d151-4b00-bee7-447f0f3e752c,inf,150.0,17.937790182531224,1686525.0,933345.0,0.03732115852789589,0.0037289609515252647
e8f9fba4-d151-4b00-bee7-447f0f3e752c,inf,150.0,20.762749744404477,1563728.0,933345.0,0.03732115852789589,0.004414807113077899
e8f9fba4-d151-4b00-bee7-447f0f3e752c,inf,150.0,24.03260226382781,1457609.0,933345.0,0.03732115852789589,0.005205314281586871
e8f9fba4-d151-4b00-bee7-447f0f3e752c,inf,150.0,27.81741236981361,1368820.0,933345.0,0.03732115852789589,0.006102400234939086
e8f9fba4-d151-4b00-bee7-447f0f3e752c,inf,150.0,32.19827892366621,1290850.0,933345.0,0.03732115852789589,0.007134129809689033
e8f9fba4-d151-4b00-bee7-447f0f3e752c,inf,150.0,37.26907276146309,1226269.0,933345.0,0.03732115852789589,0.00829585814686447
e8f9fba4-d151-4b00-bee7-447f0f3e752c,inf,150.0,43.13844810749518,1169962.0,933345.0,0.03732115852789589,0.00961927033744102
e8f9fba4-d151-4b00-bee7-447f0f3e752c,inf,150.0,49.93217075814364,1123306.0,933345.0,0.03732115852789589,0.011107140125243557
e8f9fba4-d151-4b00-bee7-447f0f3e752c,inf,150.0,57.795812923256825,1083798.0,933345.0,0.03732115852789589,0.012735891112983807
e8f9fba4-d151-4b00-bee7-447f0f3e752c,inf,150.0,66.89787246862902,1051619.0,933345.0,0.03732115852789589,0.014577974310522808
e8f9fba4-d151-4b00-bee7-447f0f3e752c,inf,150.0,77.43338339701937,1024107.0,933345.0,0.03732115852789589,0.01658804408393477
e8f9fba4-d151-4b00-bee7-447f0f3e752c,inf,150.0,89.62809493114324,1001648.0,933345.0,0.03732115852789589,0.018734689230258467
e8f9fba4-d151-4b00-bee7-447f0f3e752c,inf,150.0,103.74330874576306,983607.0,933345.0,0.03732115852789589,0.02116438913877901
e8f9fba4-d151-4b00-bee7-447f0f3e752c,inf,150.0,120.08147799846844,969782.0,933345.0,0.03732115852789589,0.023606842838694606
e8f9fba4-d151-4b00-bee7-447f0f3e752c,inf,150.0,138.99268813214488,959861.0,933345.0,0.03732115852789589,0.02571681362667067
e8f9fba4-d151-4b00-bee7-447f0f3e752c,inf,150.0,160.88215831625678,953723.0,933345.0,0.03732115852789589,0.02749910154237247
e8f9fba4-d151-4b00-bee7-447f0f3e752c,inf,150.0,186.21892426376562,949964.0,933345.0,0.03732115852789589,0.028759338815294303
e8f9fba4-d151-4b00-bee7-447f0f3e752c,inf,150.0,215.54588847438404,947852.0,933345.0,0.03732115852789589,0.029692335996906696
e8f9fba4-d151-4b00-bee7-447f0f3e752c,inf,150.0,249.49145325533257,946403.0,933345.0,0.03732115852789589,0.030528215630544676
e8f9fba4-d151-4b00-bee7-447f0f3e752c,inf,150.0,288.7829857856707,945485.0,933345.0,0.03732115852789589,0.031168212597327223
e8f9fba4-d151-4b00-bee7-447f0f3e752c,inf,150.0,334.2624037463071,944860.0,933345.0,0.03732115852789589,0.03172106881740993
e8f9fba4-d151-4b00-bee7-447f0f3e752c,inf,150.0,386.9042154761296,944578.0,933345.0,0.03732115852789589,0.03201524458219042
e8f9fba4-d151-4b00-bee7-447f0f3e752c,inf,150.0,447.8364012089508,944448.0,933345.0,0.03732115852789589,0.032161364869148244
e8f9fba4-d151-4b00-bee7-447f0f3e752c,inf,150.0,518.3645828231037,944397.0,933345.0,0.03732115852789589,0.032237560028222666
e8f9fba4-d151-4b00-bee7-447f0f3e752c,inf,150.0,599.9999999999997,944367.0,933345.0,0.03732115852789589,0.03226164042597904
eebcaf65-7fa4-4118-869d-a084e84530e2,inf,150.0,2.0,3611059.0,662579.0,0.12305946166862808,0.0012457383175127562
eebcaf65-7fa4-4118-869d-a084e84530e2,inf,150.0,2.3149729741653853,3447063.0,662579.0,0.12305946166862808,0.0012881517493253166
eebcaf65-7fa4-4118-869d-a084e84530e2,inf,150.0,2.6795499355580645,3266979.0,662579.0,0.12305946166862808,0.0013491471720551362
eebcaf65-7fa4-4118-869d-a084e84530e2,inf,150.0,3.1015428418717597,3073240.0,662579.0,0.12305946166862808,0.0014357858975550567
eebcaf65-7fa4-4118-869d-a084e84530e2,inf,150.0,3.5899939285746147,2870773.0,662579.0,0.12305946166862808,0.0015549670025205072
eebcaf65-7fa4-4118-869d-a084e84530e2,inf,150.0,4.1553694610340255,2661136.0,662579.0,0.12305946166862808,0.001715509509541739
eebcaf65-7fa4-4118-869d-a084e84530e2,inf,150.0,4.809783999982975,2454219.0,662579.0,0.12305946166862808,0.001924515087690842
eebcaf65-7fa4-4118-869d-a084e84530e2,inf,150.0,5.567259985766836,2249252.0,662579.0,0.12305946166862808,0.0021941661852822353
eebcaf65-7fa4-4118-869d-a084e84530e2,inf,150.0,6.444028203601297,2055253.0,662579.0,0.12305946166862808,0.0025314327575082685
eebcaf65-7fa4-4118-869d-a084e84530e2,inf,150.0,7.458875568048258,1873902.0,662579.0,0.12305946166862808,0.002944709688206097
eebcaf65-7fa4-4118-869d-a084e84530e2,inf,150.0,8.633547678847101,1709271.0,662579.0,0.12305946166862808,0.0034398485990510754
eebcaf65-7fa4-4118-869d-a084e84530e2,inf,150.0,9.993214773849669,1563432.0,662579.0,0.12305946166862808,0.00402573307003973
eebcaf65-7fa4-4118-869d-a084e84530e2,inf,150.0,11.567011063246117,1432800.0,662579.0,0.12305946166862808,0.004720122908369502
eebcaf65-7fa4-4118-869d-a084e84530e2,inf,150.0,13.388659001643386,1320320.0,662579.0,0.12305946166862808,0.005519740862860949
eebcaf65-7fa4-4118-869d-a084e84530e2,inf,150.0,15.497191874560272,1220674.0,662579.0,0.12305946166862808,0.006449048437834904
eebcaf65-7fa4-4118-869d-a084e84530e2,inf,150.0,17.937790182531224,1135479.0,662579.0,0.12305946166862808,0.007527039275447601
eebcaf65-7fa4-4118-869d-a084e84530e2,inf,150.0,20.762749744404477,1061256.0,662579.0,0.12305946166862808,0.00875824787991864
eebcaf65-7fa4-4118-869d-a084e84530e2,inf,150.0,24.03260226382781,997233.0,662579.0,0.12305946166862808,0.010160962527958074
eebcaf65-7fa4-4118-869d-a084e84530e2,inf,150.0,27.81741236981361,944085.0,662579.0,0.12305946166862808,0.011744432747943727
eebcaf65-7fa4-4118-869d-a084e84530e2,inf,150.0,32.19827892366621,898941.0,662579.0,0.12305946166862808,0.013546648494300529
eebcaf65-7fa4-4118-869d-a084e84530e2,inf,150.0,37.26907276146309,860302.0,662579.0,0.12305946166862808,0.015587801193770056
eebcaf65-7fa4-4118-869d-a084e84530e2,inf,150.0,43.13844810749518,828064.0,662579.0,0.12305946166862808,0.01792382840675434
eebcaf65-7fa4-4118-869d-a084e84530e2,inf,150.0,49.93217075814364,799901.0,662579.0,0.12305946166862808,0.020578435037660575
eebcaf65-7fa4-4118-869d-a084e84530e2,inf,150.0,57.795812923256825,775808.0,662579.0,0.12305946166862808,0.02370814067649608
eebcaf65-7fa4-4118-869d-a084e84530e2,inf,150.0,66.89787246862902,755407.0,662579.0,0.12305946166862808,0.027139265587326083
eebcaf65-7fa4-4118-869d-a084e84530e2,inf,150.0,77.43338339701937,738018.0,662579.0,0.12305946166862808,0.031002876616064674
eebcaf65-7fa4-4118-869d-a084e84530e2,inf,150.0,89.62809493114324,724263.0,662579.0,0.12305946166862808,0.0353397651009065
eebcaf65-7fa4-4118-869d-a084e84530e2,inf,150.0,103.74330874576306,711658.0,662579.0,0.12305946166862808,0.04010018121398005
eebcaf65-7fa4-4118-869d-a084e84530e2,inf,150.0,120.08147799846844,702129.0,662579.0,0.12305946166862808,0.04530269878592335
eebcaf65-7fa4-4118-869d-a084e84530e2,inf,150.0,138.99268813214488,693498.0,662579.0,0.12305946166862808,0.0512418835394346
eebcaf65-7fa4-4118-869d-a084e84530e2,inf,150.0,160.88215831625678,686758.0,662579.0,0.12305946166862808,0.05726274115451151
eebcaf65-7fa4-4118-869d-a084e84530e2,inf,150.0,186.21892426376562,682436.0,662579.0,0.12305946166862808,0.06275725147552492
eebcaf65-7fa4-4118-869d-a084e84530e2,inf,150.0,215.54588847438404,679024.0,662579.0,0.12305946166862808,0.0675566357179483
eebcaf65-7fa4-4118-869d-a084e84530e2,inf,150.0,249.49145325533257,676921.0,662579.0,0.12305946166862808,0.07112363750787895
eebcaf65-7fa4-4118-869d-a084e84530e2,inf,150.0,288.7829857856707,675546.0,662579.0,0.12305946166862808,0.07402700257450329
eebcaf65-7fa4-4118-869d-a084e84530e2,inf,150.0,334.2624037463071,674787.0,662579.0,0.12305946166862808,0.07613893959789614
eebcaf65-7fa4-4118-869d-a084e84530e2,inf,150.0,386.9042154761296,674197.0,662579.0,0.12305946166862808,0.07809918614138006
eebcaf65-7fa4-4118-869d-a084e84530e2,inf,150.0,447.8364012089508,673930.0,662579.0,0.12305946166862808,0.07918420072033797
eebcaf65-7fa4-4118-869d-a084e84530e2,inf,150.0,518.3645828231037,673724.0,662579.0,0.12305946166862808,0.08004317450023984
eebcaf65-7fa4-4118-869d-a084e84530e2,inf,150.0,599.9999999999997,673639.0,662579.0,0.12305946166862808,0.08046399806068649
fe380793-8035-414e-b000-09bfe5ece92a,inf,150.0,2.0,4785845.0,844842.0,0.18287343951025295,0.0007579869187268799
fe380793-8035-414e-b000-09bfe5ece92a,inf,150.0,2.3149729741653853,4603525.0,844842.0,0.18287343951025295,0.0007885959439712372
fe380793-8035-414e-b000-09bfe5ece92a,inf,150.0,2.6795499355580645,4405107.0,844842.0,0.18287343951025295,0.0008330132664657783
fe380793-8035-414e-b000-09bfe5ece92a,inf,150.0,3.1015428418717597,4190109.0,844842.0,0.18287343951025295,0.0008961943258307094
fe380793-8035-414e-b000-09bfe5ece92a,inf,150.0,3.5899939285746147,3963284.0,844842.0,0.18287343951025295,0.0009846575943140573
fe380793-8035-414e-b000-09bfe5ece92a,inf,150.0,4.1553694610340255,3726027.0,844842.0,0.18287343951025295,0.0011068250458729969
fe380793-8035-414e-b000-09bfe5ece92a,inf,150.0,4.809783999982975,3485056.0,844842.0,0.18287343951025295,0.0012723518168196051
fe380793-8035-414e-b000-09bfe5ece92a,inf,150.0,5.567259985766836,3244412.0,844842.0,0.18287343951025295,0.00149101714876532
fe380793-8035-414e-b000-09bfe5ece92a,inf,150.0,6.444028203601297,3007779.0,844842.0,0.18287343951025295,0.001778983128721062
fe380793-8035-414e-b000-09bfe5ece92a,inf,150.0,7.458875568048258,2779286.0,844842.0,0.18287343951025295,0.002149620602903855
fe380793-8035-414e-b000-09bfe5ece92a,inf,150.0,8.633547678847101,2560208.0,844842.0,0.18287343951025295,0.0026200565220871677
fe380793-8035-414e-b000-09bfe5ece92a,inf,150.0,9.993214773849669,2353394.0,844842.0,0.18287343951025295,0.003215041574693124
fe380793-8035-414e-b000-09bfe5ece92a,inf,150.0,11.567011063246117,2162410.0,844842.0,0.18287343951025295,0.003950165561370516
fe380793-8035-414e-b000-09bfe5ece92a,inf,150.0,13.388659001643386,1987985.0,844842.0,0.18287343951025295,0.0048417606521226056
fe380793-8035-414e-b000-09bfe5ece92a,inf,150.0,15.497191874560272,1830275.0,844842.0,0.18287343951025295,0.005906826699050219
fe380793-8035-414e-b000-09bfe5ece92a,inf,150.0,17.937790182531224,1690464.0,844842.0,0.18287343951025295,0.007159166516558682
fe380793-8035-414e-b000-09bfe5ece92a,inf,150.0,20.762749744404477,1570251.0,844842.0,0.18287343951025295,0.008600350213431592
fe380793-8035-414e-b000-09bfe5ece92a,inf,150.0,24.03260226382781,1467541.0,844842.0,0.18287343951025295,0.010247357154312325
fe380793-8035-414e-b000-09bfe5ece92a,inf,150.0,27.81741236981361,1379718.0,844842.0,0.18287343951025295,0.012133789563110422
fe380793-8035-414e-b000-09bfe5ece92a,inf,150.0,32.19827892366621,1303080.0,844842.0,0.18287343951025295,0.01431336735392548
fe380793-8035-414e-b000-09bfe5ece92a,inf,150.0,37.26907276146309,1236740.0,844842.0,0.18287343951025295,0.01685256670617436
fe380793-8035-414e-b000-09bfe5ece92a,inf,150.0,43.13844810749518,1181213.0,844842.0,0.18287343951025295,0.019821392852473092
fe380793-8035-414e-b000-09bfe5ece92a,inf,150.0,49.93217075814364,1131784.0,844842.0,0.18287343951025295,0.023392156189935683
fe380793-8035-414e-b000-09bfe5ece92a,inf,150.0,57.795812923256825,1087462.0,844842.0,0.18287343951025295,0.027585577446582587
fe380793-8035-414e-b000-09bfe5ece92a,inf,150.0,66.89787246862902,1047331.0,844842.0,0.18287343951025295,0.03256644044321077
fe380793-8035-414e-b000-09bfe5ece92a,inf,150.0,77.43338339701937,1012249.0,844842.0,0.18287343951025295,0.03855861509089828
fe380793-8035-414e-b000-09bfe5ece92a,inf,150.0,89.62809493114324,979758.0,844842.0,0.18287343951025295,0.0456868804257481
fe380793-8035-414e-b000-09bfe5ece92a,inf,150.0,103.74330874576306,952290.0,844842.0,0.18287343951025295,0.053922097445348253
fe380793-8035-414e-b000-09bfe5ece92a,inf,150.0,120.08147799846844,928557.0,844842.0,0.18287343951025295,0.06317445464744512
fe380793-8035-414e-b000-09bfe5ece92a,inf,150.0,138.99268813214488,908186.0,844842.0,0.18287343951025295,0.07338707530427493
fe380793-8035-414e-b000-09bfe5ece92a,inf,150.0,160.88215831625678,891853.0,844842.0,0.18287343951025295,0.08466431116949878
fe380793-8035-414e-b000-09bfe5ece92a,inf,150.0,186.21892426376562,879881.0,844842.0,0.18287343951025295,0.0960215239782348
fe380793-8035-414e-b000-09bfe5ece92a,inf,150.0,215.54588847438404,870330.0,844842.0,0.18287343951025295,0.10747741199963762
fe380793-8035-414e-b000-09bfe5ece92a,inf,150.0,249.49145325533257,864255.0,844842.0,0.18287343951025295,0.1176729148522885
fe380793-8035-414e-b000-09bfe5ece92a,inf,150.0,288.7829857856707,861682.0,844842.0,0.18287343951025295,0.12307512906698195
fe380793-8035-414e-b000-09bfe5ece92a,inf,150.0,334.2624037463071,859937.0,844842.0,0.18287343951025295,0.128007075982341
fe380793-8035-414e-b000-09bfe5ece92a,inf,150.0,386.9042154761296,858581.0,844842.0,0.18287343951025295,0.13283780463158026
fe380793-8035-414e-b000-09bfe5ece92a,inf,150.0,447.8364012089508,857553.0,844842.0,0.18287343951025295,0.1377385012486975
fe380793-8035-414e-b000-09bfe5ece92a,inf,150.0,518.3645828231037,856945.0,844842.0,0.18287343951025295,0.14139352827877055
fe380793-8035-414e-b000-09bfe5ece92a,inf,150.0,599.9999999999997,856520.0,844842.0,0.18287343951025295,0.1450013083841127
1a276285-8b0e-4cc9-9f0a-a3a002978724,inf-f16,150.0,2.0,3702449.0,328808.0,0.2132329076357336,0.0007881667115048623
1a276285-8b0e-4cc9-9f0a-a3a002978724,inf-f16,150.0,2.3149729741653853,3565696.0,328808.0,0.2132329076357336,0.000815594944847961
1a276285-8b0e-4cc9-9f0a-a3a002978724,inf-f16,150.0,2.6795499355580645,3415388.0,328808.0,0.2132329076357336,0.0008558421900950735
1a276285-8b0e-4cc9-9f0a-a3a002978724,inf-f16,150.0,3.1015428418717597,3250806.0,328808.0,0.2132329076357336,0.0009142681182834239
1a276285-8b0e-4cc9-9f0a-a3a002978724,inf-f16,150.0,3.5899939285746147,3073736.0,328808.0,0.2132329076357336,0.0009975661495060936
1a276285-8b0e-4cc9-9f0a-a3a002978724,inf-f16,150.0,4.1553694610340255,2886546.0,328808.0,0.2132329076357336,0.0011144280461960418
1a276285-8b0e-4cc9-9f0a-a3a002978724,inf-f16,150.0,4.809783999982975,2690136.0,328808.0,0.2132329076357336,0.0012774950980526355
1a276285-8b0e-4cc9-9f0a-a3a002978724,inf-f16,150.0,5.567259985766836,2488948.0,328808.0,0.2132329076357336,0.0014985361908317896
1a276285-8b0e-4cc9-9f0a-a3a002978724,inf-f16,150.0,6.444028203601297,2288089.0,328808.0,0.2132329076357336,0.0017930053650021902
1a276285-8b0e-4cc9-9f0a-a3a002978724,inf-f16,150.0,7.458875568048258,2087679.0,328808.0,0.2132329076357336,0.0021853780798521596
1a276285-8b0e-4cc9-9f0a-a3a002978724,inf-f16,150.0,8.633547678847101,1891455.0,328808.0,0.2132329076357336,0.002693897114532807
1a276285-8b0e-4cc9-9f0a-a3a002978724,inf-f16,150.0,9.993214773849669,1704715.0,328808.0,0.2132329076357336,0.003338133414636486
1a276285-8b0e-4cc9-9f0a-a3a002978724,inf-f16,150.0,11.567011063246117,1529573.0,328808.0,0.2132329076357336,0.004141976483065774
1a276285-8b0e-4cc9-9f0a-a3a002978724,inf-f16,150.0,13.388659001643386,1368973.0,328808.0,0.2132329076357336,0.005123605821408061
1a276285-8b0e-4cc9-9f0a-a3a002978724,inf-f16,150.0,15.497191874560272,1224998.0,328808.0,0.2132329076357336,0.006278991240972132
1a276285-8b0e-4cc9-9f0a-a3a002978724,inf-f16,150.0,17.937790182531224,1096713.0,328808.0,0.2132329076357336,0.00764445402787438
1a276285-8b0e-4cc9-9f0a-a3a002978724,inf-f16,150.0,20.762749744404477,987169.0,328808.0,0.2132329076357336,0.00920326848284754
1a276285-8b0e-4cc9-9f0a-a3a002978724,inf-f16,150.0,24.03260226382781,892973.0,328808.0,0.2132329076357336,0.010974323068323322
1a276285-8b0e-4cc9-9f0a-a3a002978724,inf-f16,150.0,27.81741236981361,814903.0,328808.0,0.2132329076357336,0.01296965129520859
1a276285-8b0e-4cc9-9f0a-a3a002978724,inf-f16,150.0,32.19827892366621,745604.0,328808.0,0.2132329076357336,0.015269357164878414
1a276285-8b0e-4cc9-9f0a-a3a002978724,inf-f16,150.0,37.26907276146309,686523.0,328808.0,0.2132329076357336,0.017948506491089773
1a276285-8b0e-4cc9-9f0a-a3a002978724,inf-f16,150.0,43.13844810749518,637241.0,328808.0,0.2132329076357336,0.021050490988706677
1a276285-8b0e-4cc9-9f0a-a3a002978724,inf-f16,150.0,49.93217075814364,594003.0,328808.0,0.2132329076357336,0.02474510499262575
1a276285-8b0e-4cc9-9f0a-a3a002978724,inf-f16,150.0,57.795812923256825,555256.0,328808.0,0.2132329076357336,0.02917105966923187
1a276285-8b0e-4cc9-9f0a-a3a002978724,inf-f16,150.0,66.89787246862902,518499.0,328808.0,0.2132329076357336,0.0345202956461399
1a276285-8b0e-4cc9-9f0a-a3a002978724,inf-f16,150.0,77.43338339701937,487559.0,328808.0,0.2132329076357336,0.04097247922462682
1a276285-8b0e-4cc9-9f0a-a3a002978724,inf-f16,150.0,89.62809493114324,458251.0,328808.0,0.2132329076357336,0.048665863438544274
1a276285-8b0e-4cc9-9f0a-a3a002978724,inf-f16,150.0,103.74330874576306,434340.0,328808.0,0.2132329076357336,0.05765702916571699
1a276285-8b0e-4cc9-9f0a-a3a002978724,inf-f16,150.0,120.08147799846844,411293.0,328808.0,0.2132329076357336,0.06824852720040844
1a276285-8b0e-4cc9-9f0a-a3a002978724,inf-f16,150.0,138.99268813214488,391934.0,328808.0,0.2132329076357336,0.08002723687927818
1a276285-8b0e-4cc9-9f0a-a3a002978724,inf-f16,150.0,160.88215831625678,375389.0,328808.0,0.2132329076357336,0.09341425044443441
1a276285-8b0e-4cc9-9f0a-a3a002978724,inf-f16,150.0,186.21892426376562,363250.0,328808.0,0.2132329076357336,0.10756511166830052
1a276285-8b0e-4cc9-9f0a-a3a002978724,inf-f16,150.0,215.54588847438404,353488.0,328808.0,0.2132329076357336,0.12154247824747434
1a276285-8b0e-4cc9-9f0a-a3a002978724,inf-f16,150.0,249.49145325533257,347055.0,328808.0,0.2132329076357336,0.13488983711366478
1a276285-8b0e-4cc9-9f0a-a3a002978724,inf-f16,150.0,288.7829857856707,344242.0,328808.0,0.2132329076357336,0.14211227913462185
1a276285-8b0e-4cc9-9f0a-a3a002978724,inf-f16,150.0,334.2624037463071,342617.0,328808.0,0.2132329076357336,0.1475281852945289
1a276285-8b0e-4cc9-9f0a-a3a002978724,inf-f16,150.0,386.9042154761296,341625.0,328808.0,0.2132329076357336,0.15173574982573698
1a276285-8b0e-4cc9-9f0a-a3a002978724,inf-f16,150.0,447.8364012089508,340893.0,328808.0,0.2132329076357336,0.15574844919728484
1a276285-8b0e-4cc9-9f0a-a3a002978724,inf-f16,150.0,518.3645828231037,340412.0,328808.0,0.2132329076357336,0.1591743551801796
1a276285-8b0e-4cc9-9f0a-a3a002978724,inf-f16,150.0,599.9999999999997,340099.0,328808.0,0.2132329076357336,0.16211819658848364
1e104bf4-7a24-4624-a5b2-c2c8289c0de7,inf-f16,150.0,2.0,3669313.0,349633.0,0.3815347500752587,0.0014227186676651082
1e104bf4-7a24-4624-a5b2-c2c8289c0de7,inf-f16,150.0,2.3149729741653853,3527026.0,349633.0,0.3815347500752587,0.001482291251625166
1e104bf4-7a24-4624-a5b2-c2c8289c0de7,inf-f16,150.0,2.6795499355580645,3371595.0,349633.0,0.3815347500752587,0.0015680923576584435
1e104bf4-7a24-4624-a5b2-c2c8289c0de7,inf-f16,150.0,3.1015428418717597,3205101.0,349633.0,0.3815347500752587,0.0016915698175257521
1e104bf4-7a24-4624-a5b2-c2c8289c0de7,inf-f16,150.0,3.5899939285746147,3029016.0,349633.0,0.3815347500752587,0.0018649010841050625
1e104bf4-7a24-4624-a5b2-c2c8289c0de7,inf-f16,150.0,4.1553694610340255,2843854.0,349633.0,0.3815347500752587,0.0021041862769879
1e104bf4-7a24-4624-a5b2-c2c8289c0de7,inf-f16,150.0,4.809783999982975,2657097.0,349633.0,0.3815347500752587,0.0024293842379027797
1e104bf4-7a24-4624-a5b2-c2c8289c0de7,inf-f16,150.0,5.567259985766836,2464904.0,349633.0,0.3815347500752587,0.0028706231065123416
1e104bf4-7a24-4624-a5b2-c2c8289c0de7,inf-f16,150.0,6.444028203601297,2274821.0,349633.0,0.3815347500752587,0.0034482085186171548
1e104bf4-7a24-4624-a5b2-c2c8289c0de7,inf-f16,150.0,7.458875568048258,2085528.0,349633.0,0.3815347500752587,0.004206318330321853
1e104bf4-7a24-4624-a5b2-c2c8289c0de7,inf-f16,150.0,8.633547678847101,1904430.0,349633.0,0.3815347500752587,0.005187110138984275
1e104bf4-7a24-4624-a5b2-c2c8289c0de7,inf-f16,150.0,9.993214773849669,1730733.0,349633.0,0.3815347500752587,0.006438526704469322
1e104bf4-7a24-4624-a5b2-c2c8289c0de7,inf-f16,150.0,11.567011063246117,1568350.0,349633.0,0.3815347500752587,0.008026432590645022
1e104bf4-7a24-4624-a5b2-c2c8289c0de7,inf-f16,150.0,13.388659001643386,1414116.0,349633.0,0.3815347500752587,0.010012505656132795
1e104bf4-7a24-4624-a5b2-c2c8289c0de7,inf-f16,150.0,15.497191874560272,1270584.0,349633.0,0.3815347500752587,0.012504043282377017
1e104bf4-7a24-4624-a5b2-c2c8289c0de7,inf-f16,150.0,17.937790182531224,1135915.0,349633.0,0.3815347500752587,0.015587646592709161
1e104bf4-7a24-4624-a5b2-c2c8289c0de7,inf-f16,150.0,20.762749744404477,1013841.0,349633.0,0.3815347500752587,0.019324726616578324
1e104bf4-7a24-4624-a5b2-c2c8289c0de7,inf-f16,150.0,24.03260226382781,906147.0,349633.0,0.3815347500752587,0.023724928080198868
1e104bf4-7a24-4624-a5b2-c2c8289c0de7,inf-f16,150.0,27.81741236981361,809347.0,349633.0,0.3815347500752587,0.02890083375741343
1e104bf4-7a24-4624-a5b2-c2c8289c0de7,inf-f16,150.0,32.19827892366621,724493.0,349633.0,0.3815347500752587,0.03492052727531667
1e104bf4-7a24-4624-a5b2-c2c8289c0de7,inf-f16,150.0,37.26907276146309,651200.0,349633.0,0.3815347500752587,0.04176135339794462
1e104bf4-7a24-4624-a5b2-c2c8289c0de7,inf-f16,150.0,43.13844810749518,592395.0,349633.0,0.3815347500752587,0.04933280605480145
1e104bf4-7a24-4624-a5b2-c2c8289c0de7,inf-f16,150.0,49.93217075814364,542682.0,349633.0,0.3815347500752587,0.05771333310175498
1e104bf4-7a24-4624-a5b2-c2c8289c0de7,inf-f16,150.0,57.795812923256825,503923.0,349633.0,0.3815347500752587,0.06662210665403236
1e104bf4-7a24-4624-a5b2-c2c8289c0de7,inf-f16,150.0,66.89787246862902,472944.0,349633.0,0.3815347500752587,0.0760899906817849
1e104bf4-7a24-4624-a5b2-c2c8289c0de7,inf-f16,150.0,77.43338339701937,448042.0,349633.0,0.3815347500752587,0.08596153401833685
1e104bf4-7a24-4624-a5b2-c2c8289c0de7,inf-f16,150.0,89.62809493114324,428421.0,349633.0,0.3815347500752587,0.09647907912465982
1e104bf4-7a24-4624-a5b2-c2c8289c0de7,inf-f16,150.0,103.74330874576306,413130.0,349633.0,0.3815347500752587,0.10755658049870734
1e104bf4-7a24-4624-a5b2-c2c8289c0de7,inf-f16,150.0,120.08147799846844,400604.0,349633.0,0.3815347500752587,0.11931443369239171
1e104bf4-7a24-4624-a5b2-c2c8289c0de7,inf-f16,150.0,138.99268813214488,390287.0,349633.0,0.3815347500752587,0.1323395651206145
1e104bf4-7a24-4624-a5b2-c2c8289c0de7,inf-f16,150.0,160.88215831625678,381468.0,349633.0,0.3815347500752587,0.14684219535878026
1e104bf4-7a24-4624-a5b2-c2c8289c0de7,inf-f16,150.0,186.21892426376562,375255.0,349633.0,0.3815347500752587,0.16118931483734042
1e104bf4-7a24-4624-a5b2-c2c8289c0de7,inf-f16,150.0,215.54588847438404,370214.0,349633.0,0.3815347500752587,0.17808885332440835
1e104bf4-7a24-4624-a5b2-c2c8289c0de7,inf-f16,150.0,249.49145325533257,365724.0,349633.0,0.3815347500752587,0.1966637543662551
1e104bf4-7a24-4624-a5b2-c2c8289c0de7,inf-f16,150.0,288.7829857856707,362476.0,349633.0,0.3815347500752587,0.21488671937495632
1e104bf4-7a24-4624-a5b2-c2c8289c0de7,inf-f16,150.0,334.2624037463071,361232.0,349633.0,0.3815347500752587,0.22393742944042414
1e104bf4-7a24-4624-a5b2-c2c8289c0de7,inf-f16,150.0,386.9042154761296,360889.0,349633.0,0.3815347500752587,0.22630078529818853
1e104bf4-7a24-4624-a5b2-c2c8289c0de7,inf-f16,150.0,447.8364012089508,360693.0,349633.0,0.3815347500752587,0.22816142865386185
1e104bf4-7a24-4624-a5b2-c2c8289c0de7,inf-f16,150.0,518.3645828231037,360540.0,349633.0,0.3815347500752587,0.2294840519056356
1e104bf4-7a24-4624-a5b2-c2c8289c0de7,inf-f16,150.0,599.9999999999997,360437.0,349633.0,0.3815347500752587,0.23050541361091276
6638cfb3-3831-4fc2-9327-194b76cf22e1,inf-f16,150.0,2.0,3076961.0,297534.0,1.0724413988312285,0.004608358626618933
6638cfb3-3831-4fc2-9327-194b76cf22e1,inf-f16,150.0,2.3149729741653853,2942291.0,297534.0,1.0724413988312285,0.004791814186380606
6638cfb3-3831-4fc2-9327-194b76cf22e1,inf-f16,150.0,2.6795499355580645,2795527.0,297534.0,1.0724413988312285,0.00505774617889789
6638cfb3-3831-4fc2-9327-194b76cf22e1,inf-f16,150.0,3.1015428418717597,2636580.0,297534.0,1.0724413988312285,0.005439467617733237
6638cfb3-3831-4fc2-9327-194b76cf22e1,inf-f16,150.0,3.5899939285746147,2467769.0,297534.0,1.0724413988312285,0.005977610313802959
6638cfb3-3831-4fc2-9327-194b76cf22e1,inf-f16,150.0,4.1553694610340255,2288776.0,297534.0,1.0724413988312285,0.006729228103374813
6638cfb3-3831-4fc2-9327-194b76cf22e1,inf-f16,150.0,4.809783999982975,2108299.0,297534.0,1.0724413988312285,0.007740438313634064
6638cfb3-3831-4fc2-9327-194b76cf22e1,inf-f16,150.0,5.567259985766836,1924757.0,297534.0,1.0724413988312285,0.009100736925104196
6638cfb3-3831-4fc2-9327-194b76cf22e1,inf-f16,150.0,6.444028203601297,1744785.0,297534.0,1.0724413988312285,0.010873739695086914
6638cfb3-3831-4fc2-9327-194b76cf22e1,inf-f16,150.0,7.458875568048258,1573812.0,297534.0,1.0724413988312285,0.013127095304030518
6638cfb3-3831-4fc2-9327-194b76cf22e1,inf-f16,150.0,8.633547678847101,1410940.0,297534.0,1.0724413988312285,0.01594271128433269
6638cfb3-3831-4fc2-9327-194b76cf22e1,inf-f16,150.0,9.993214773849669,1262377.0,297534.0,1.0724413988312285,0.019389052004195856
6638cfb3-3831-4fc2-9327-194b76cf22e1,inf-f16,150.0,11.567011063246117,1129580.0,297534.0,1.0724413988312285,0.023530200723700254
6638cfb3-3831-4fc2-9327-194b76cf22e1,inf-f16,150.0,13.388659001643386,1010798.0,297534.0,1.0724413988312285,0.028444551551500906
6638cfb3-3831-4fc2-9327-194b76cf22e1,inf-f16,150.0,15.497191874560272,903705.0,297534.0,1.0724413988312285,0.03430666711030003
6638cfb3-3831-4fc2-9327-194b76cf22e1,inf-f16,150.0,17.937790182531224,807649.0,297534.0,1.0724413988312285,0.041258621521873526
6638cfb3-3831-4fc2-9327-194b76cf22e1,inf-f16,150.0,20.762749744404477,726036.0,297534.0,1.0724413988312285,0.04935353514998692
6638cfb3-3831-4fc2-9327-194b76cf22e1,inf-f16,150.0,24.03260226382781,652277.0,297534.0,1.0724413988312285,0.059041970483888845
6638cfb3-3831-4fc2-9327-194b76cf22e1,inf-f16,150.0,27.81741236981361,590090.0,297534.0,1.0724413988312285,0.07006907514325163
6638cfb3-3831-4fc2-9327-194b76cf22e1,inf-f16,150.0,32.19827892366621,534446.0,297534.0,1.0724413988312285,0.08293363766230201
6638cfb3-3831-4fc2-9327-194b76cf22e1,inf-f16,150.0,37.26907276146309,486027.0,297534.0,1.0724413988312285,0.09759159334892445
6638cfb3-3831-4fc2-9327-194b76cf22e1,inf-f16,150.0,43.13844810749518,447123.0,297534.0,1.0724413988312285,0.1139505192436668
6638cfb3-3831-4fc2-9327-194b76cf22e1,inf-f16,150.0,49.93217075814364,415713.0,297534.0,1.0724413988312285,0.13184293866933972
6638cfb3-3831-4fc2-9327-194b76cf22e1,inf-f16,150.0,57.795812923256825,390067.0,297534.0,1.0724413988312285,0.15046833248558025
6638cfb3-3831-4fc2-9327-194b76cf22e1,inf-f16,150.0,66.89787246862902,369197.0,297534.0,1.0724413988312285,0.1700652612190588
6638cfb3-3831-4fc2-9327-194b76cf22e1,inf-f16,150.0,77.43338339701937,353965.0,297534.0,1.0724413988312285,0.1901336342202761
6638cfb3-3831-4fc2-9327-194b76cf22e1,inf-f16,150.0,89.62809493114324,342676.0,297534.0,1.0724413988312285,0.2085833142263583
6638cfb3-3831-4fc2-9327-194b76cf22e1,inf-f16,150.0,103.74330874576306,335246.0,297534.0,1.0724413988312285,0.22700006412503765
6638cfb3-3831-4fc2-9327-194b76cf22e1,inf-f16,150.0,120.08147799846844,328903.0,297534.0,1.0724413988312285,0.24571858720729778
6638cfb3-3831-4fc2-9327-194b76cf22e1,inf-f16,150.0,138.99268813214488,323678.0,297534.0,1.0724413988312285,0.26616708903644726
6638cfb3-3831-4fc2-9327-194b76cf22e1,inf-f16,150.0,160.88215831625678,319627.0,297534.0,1.0724413988312285,0.2874721266864576
6638cfb3-3831-4fc2-9327-194b76cf22e1,inf-f16,150.0,186.21892426376562,317029.0,297534.0,1.0724413988312285,0.3116803689482108
6638cfb3-3831-4fc2-9327-194b76cf22e1,inf-f16,150.0,215.54588847438404,314364.0,297534.0,1.0724413988312285,0.3403277295905662
6638cfb3-3831-4fc2-9327-194b76cf22e1,inf-f16,150.0,249.49145325533257,311898.0,297534.0,1.0724413988312285,0.374030150528622
6638cfb3-3831-4fc2-9327-194b76cf22e1,inf-f16,150.0,288.7829857856707,309824.0,297534.0,1.0724413988312285,0.41196655032712104
6638cfb3-3831-4fc2-9327-194b76cf22e1,inf-f16,150.0,334.2624037463071,308763.0,297534.0,1.0724413988312285,0.4354586158419802
6638cfb3-3831-4fc2-9327-194b76cf22e1,inf-f16,150.0,386.9042154761296,308393.0,297534.0,1.0724413988312285,0.4445312596687152
6638cfb3-3831-4fc2-9327-194b76cf22e1,inf-f16,150.0,447.8364012089508,308255.0,297534.0,1.0724413988312285,0.4473807732276061
6638cfb3-3831-4fc2-9327-194b76cf22e1,inf-f16,150.0,518.3645828231037,308198.0,297534.0,1.0724413988312285,0.44808689759221343
6638cfb3-3831-4fc2-9327-194b76cf22e1,inf-f16,150.0,599.9999999999997,308174.0,297534.0,1.0724413988312285,0.4480868947724589
749cb2b7-e57e-4453-a794-f6230e4d0226,inf-f16,150.0,2.0,3502924.0,340614.0,0.07777137462104397,0.00025188672148472927
749cb2b7-e57e-4453-a794-f6230e4d0226,inf-f16,150.0,2.3149729741653853,3353164.0,340614.0,0.07777137462104397,0.00026071556323668344
749cb2b7-e57e-4453-a794-f6230e4d0226,inf-f16,150.0,2.6795499355580645,3189367.0,340614.0,0.07777137462104397,0.00027348990852323795
749cb2b7-e57e-4453-a794-f6230e4d0226,inf-f16,150.0,3.1015428418717597,3017304.0,340614.0,0.07777137462104397,0.0002915078666815706
749cb2b7-e57e-4453-a794-f6230e4d0226,inf-f16,150.0,3.5899939285746147,2835969.0,340614.0,0.07777137462104397,0.0003165564374966463
749cb2b7-e57e-4453-a794-f6230e4d0226,inf-f16,150.0,4.1553694610340255,2650651.0,340614.0,0.07777137462104397,0.0003504797170222866
749cb2b7-e57e-4453-a794-f6230e4d0226,inf-f16,150.0,4.809783999982975,2461637.0,340614.0,0.07777137462104397,0.00039580051408571955
749cb2b7-e57e-4453-a794-f6230e4d0226,inf-f16,150.0,5.567259985766836,2273416.0,340614.0,0.07777137462104397,0.00045562521784783133
749cb2b7-e57e-4453-a794-f6230e4d0226,inf-f16,150.0,6.444028203601297,2091785.0,340614.0,0.07777137462104397,0.0005326749377038249
749cb2b7-e57e-4453-a794-f6230e4d0226,inf-f16,150.0,7.458875568048258,1917864.0,340614.0,0.07777137462104397,0.0006300616212700739
749cb2b7-e57e-4453-a794-f6230e4d0226,inf-f16,150.0,8.633547678847101,1752001.0,340614.0,0.07777137462104397,0.0007534553784158656
749cb2b7-e57e-4453-a794-f6230e4d0226,inf-f16,150.0,9.993214773849669,1596539.0,340614.0,0.07777137462104397,0.0009083224088304991
749cb2b7-e57e-4453-a794-f6230e4d0226,inf-f16,150.0,11.567011063246117,1453502.0,340614.0,0.07777137462104397,0.0010988365781491203
749cb2b7-e57e-4453-a794-f6230e4d0226,inf-f16,150.0,13.388659001643386,1323895.0,340614.0,0.07777137462104397,0.0013331327562847407
749cb2b7-e57e-4453-a794-f6230e4d0226,inf-f16,150.0,15.497191874560272,1205346.0,340614.0,0.07777137462104397,0.0016203322848057818
749cb2b7-e57e-4453-a794-f6230e4d0226,inf-f16,150.0,17.937790182531224,1098940.0,340614.0,0.07777137462104397,0.00196679424830788
749cb2b7-e57e-4453-a794-f6230e4d0226,inf-f16,150.0,20.762749744404477,998636.0,340614.0,0.07777137462104397,0.0023950245932413032
749cb2b7-e57e-4453-a794-f6230e4d0226,inf-f16,150.0,24.03260226382781,909953.0,340614.0,0.07777137462104397,0.002904448779548391
749cb2b7-e57e-4453-a794-f6230e4d0226,inf-f16,150.0,27.81741236981361,830412.0,340614.0,0.07777137462104397,0.0035176291358838766
749cb2b7-e57e-4453-a794-f6230e4d0226,inf-f16,150.0,32.19827892366621,758442.0,340614.0,0.07777137462104397,0.004243814554328726
749cb2b7-e57e-4453-a794-f6230e4d0226,inf-f16,150.0,37.26907276146309,695815.0,340614.0,0.07777137462104397,0.005080455558006067
749cb2b7-e57e-4453-a794-f6230e4d0226,inf-f16,150.0,43.13844810749518,639472.0,340614.0,0.07777137462104397,0.006074753739235038
749cb2b7-e57e-4453-a794-f6230e4d0226,inf-f16,150.0,49.93217075814364,592041.0,340614.0,0.07777137462104397,0.007216767927844404
749cb2b7-e57e-4453-a794-f6230e4d0226,inf-f16,150.0,57.795812923256825,551459.0,340614.0,0.07777137462104397,0.008570687859699996
749cb2b7-e57e-4453-a794-f6230e4d0226,inf-f16,150.0,66.89787246862902,517439.0,340614.0,0.07777137462104397,0.010105725558735974
749cb2b7-e57e-4453-a794-f6230e4d0226,inf-f16,150.0,77.43338339701937,486594.0,340614.0,0.07777137462104397,0.011884894934293793
749cb2b7-e57e-4453-a794-f6230e4d0226,inf-f16,150.0,89.62809493114324,461387.0,340614.0,0.07777137462104397,0.01389102666196291
749cb2b7-e57e-4453-a794-f6230e4d0226,inf-f16,150.0,103.74330874576306,439115.0,340614.0,0.07777137462104397,0.016222881274099835
749cb2b7-e57e-4453-a794-f6230e4d0226,inf-f16,150.0,120.08147799846844,420058.0,340614.0,0.07777137462104397,0.018828895228892806
749cb2b7-e57e-4453-a794-f6230e4d0226,inf-f16,150.0,138.99268813214488,404400.0,340614.0,0.07777137462104397,0.021744574918517445
749cb2b7-e57e-4453-a794-f6230e4d0226,inf-f16,150.0,160.88215831625678,390917.0,340614.0,0.07777137462104397,0.024931599273821922
749cb2b7-e57e-4453-a794-f6230e4d0226,inf-f16,150.0,186.21892426376562,379945.0,340614.0,0.07777137462104397,0.028480018642017244
749cb2b7-e57e-4453-a794-f6230e4d0226,inf-f16,150.0,215.54588847438404,371084.0,340614.0,0.07777137462104397,0.03236996685868215
749cb2b7-e57e-4453-a794-f6230e4d0226,inf-f16,150.0,249.49145325533257,363690.0,340614.0,0.07777137462104397,0.036451688468656714
749cb2b7-e57e-4453-a794-f6230e4d0226,inf-f16,150.0,288.7829857856707,358525.0,340614.0,0.07777137462104397,0.0408828068804678
749cb2b7-e57e-4453-a794-f6230e4d0226,inf-f16,150.0,334.2624037463071,354520.0,340614.0,0.07777137462104397,0.04492698158118551
749cb2b7-e57e-4453-a794-f6230e4d0226,inf-f16,150.0,386.9042154761296,353073.0,340614.0,0.07777137462104397,0.046746065252397544
749cb2b7-e57e-4453-a794-f6230e4d0226,inf-f16,150.0,447.8364012089508,352438.0,340614.0,0.07777137462104397,0.047754949109414996
749cb2b7-e57e-4453-a794-f6230e4d0226,inf-f16,150.0,518.3645828231037,352081.0,340614.0,0.07777137462104397,0.04851971891421148
749cb2b7-e57e-4453-a794-f6230e4d0226,inf-f16,150.0,599.9999999999997,351815.0,340614.0,0.07777137462104397,0.04917824231051214
d7ec0892-0a6c-4f4f-9d8f-72083692af5c,inf-f16,150.0,2.0,5225198.0,472962.0,0.021733636411931396,0.00021980062289846355
d7ec0892-0a6c-4f4f-9d8f-72083692af5c,inf-f16,150.0,2.3149729741653853,5047455.0,472962.0,0.021733636411931396,0.00022617017638164173
d7ec0892-0a6c-4f4f-9d8f-72083692af5c,inf-f16,150.0,2.6795499355580645,4843919.0,472962.0,0.021733636411931396,0.00023580562831926422
d7ec0892-0a6c-4f4f-9d8f-72083692af5c,inf-f16,150.0,3.1015428418717597,4618600.0,472962.0,0.021733636411931396,0.0002500811000183863
d7ec0892-0a6c-4f4f-9d8f-72083692af5c,inf-f16,150.0,3.5899939285746147,4369227.0,472962.0,0.021733636411931396,0.00027102891420031217
d7ec0892-0a6c-4f4f-9d8f-72083692af5c,inf-f16,150.0,4.1553694610340255,4099445.0,472962.0,0.021733636411931396,0.00030095502367730507
d7ec0892-0a6c-4f4f-9d8f-72083692af5c,inf-f16,150.0,4.809783999982975,3812378.0,472962.0,0.021733636411931396,0.00034321501642165257
d7ec0892-0a6c-4f4f-9d8f-72083692af5c,inf-f16,150.0,5.567259985766836,3511886.0,472962.0,0.021733636411931396,0.0004016504177086078
d7ec0892-0a6c-4f4f-9d8f-72083692af5c,inf-f16,150.0,6.444028203601297,3203498.0,472962.0,0.021733636411931396,0.00048091842057056567
d7ec0892-0a6c-4f4f-9d8f-72083692af5c,inf-f16,150.0,7.458875568048258,2900091.0,472962.0,0.021733636411931396,0.0005852713303447652
d7ec0892-0a6c-4f4f-9d8f-72083692af5c,inf-f16,150.0,8.633547678847101,2602419.0,472962.0,0.021733636411931396,0.0007198620340647127
d7ec0892-0a6c-4f4f-9d8f-72083692af5c,inf-f16,150.0,9.993214773849669,2318649.0,472962.0,0.021733636411931396,0.0008900640106322563
d7ec0892-0a6c-4f4f-9d8f-72083692af5c,inf-f16,150.0,11.567011063246117,2054994.0,472962.0,0.021733636411931396,0.0011006247005865884
d7ec0892-0a6c-4f4f-9d8f-72083692af5c,inf-f16,150.0,13.388659001643386,1812286.0,472962.0,0.021733636411931396,0.0013596309433411067
d7ec0892-0a6c-4f4f-9d8f-72083692af5c,inf-f16,150.0,15.497191874560272,1593106.0,472962.0,0.021733636411931396,0.001667203607758555
d7ec0892-0a6c-4f4f-9d8f-72083692af5c,inf-f16,150.0,17.937790182531224,1398416.0,472962.0,0.021733636411931396,0.002034470174607865
d7ec0892-0a6c-4f4f-9d8f-72083692af5c,inf-f16,150.0,20.762749744404477,1225959.0,472962.0,0.021733636411931396,0.002459292110570288
d7ec0892-0a6c-4f4f-9d8f-72083692af5c,inf-f16,150.0,24.03260226382781,1080116.0,472962.0,0.021733636411931396,0.0029441862594570957
d7ec0892-0a6c-4f4f-9d8f-72083692af5c,inf-f16,150.0,27.81741236981361,955920.0,472962.0,0.021733636411931396,0.0034856026244937345
d7ec0892-0a6c-4f4f-9d8f-72083692af5c,inf-f16,150.0,32.19827892366621,852901.0,472962.0,0.021733636411931396,0.004083431899455112
d7ec0892-0a6c-4f4f-9d8f-72083692af5c,inf-f16,150.0,37.26907276146309,770511.0,472962.0,0.021733636411931396,0.004721198165573534
d7ec0892-0a6c-4f4f-9d8f-72083692af5c,inf-f16,150.0,43.13844810749518,705895.0,472962.0,0.021733636411931396,0.0053900694704704846
d7ec0892-0a6c-4f4f-9d8f-72083692af5c,inf-f16,150.0,49.93217075814364,653935.0,472962.0,0.021733636411931396,0.006099266986593204
d7ec0892-0a6c-4f4f-9d8f-72083692af5c,inf-f16,150.0,57.795812923256825,613336.0,472962.0,0.021733636411931396,0.006840357527600211
d7ec0892-0a6c-4f4f-9d8f-72083692af5c,inf-f16,150.0,66.89787246862902,581810.0,472962.0,0.021733636411931396,0.00762302696366141
d7ec0892-0a6c-4f4f-9d8f-72083692af5c,inf-f16,150.0,77.43338339701937,557239.0,472962.0,0.021733636411931396,0.008420150844727275
d7ec0892-0a6c-4f4f-9d8f-72083692af5c,inf-f16,150.0,89.62809493114324,538071.0,472962.0,0.021733636411931396,0.009254321127546873
d7ec0892-0a6c-4f4f-9d8f-72083692af5c,inf-f16,150.0,103.74330874576306,522018.0,472962.0,0.021733636411931396,0.010138002886588875
d7ec0892-0a6c-4f4f-9d8f-72083692af5c,inf-f16,150.0,120.08147799846844,510551.0,472962.0,0.021733636411931396,0.011009692711479734
d7ec0892-0a6c-4f4f-9d8f-72083692af5c,inf-f16,150.0,138.99268813214488,501936.0,472962.0,0.021733636411931396,0.011847819581869631
d7ec0892-0a6c-4f4f-9d8f-72083692af5c,inf-f16,150.0,160.88215831625678,496046.0,472962.0,0.021733636411931396,0.01266981254473012
d7ec0892-0a6c-4f4f-9d8f-72083692af5c,inf-f16,150.0,186.21892426376562,491405.0,472962.0,0.021733636411931396,0.013472503835692345
d7ec0892-0a6c-4f4f-9d8f-72083692af5c,inf-f16,150.0,215.54588847438404,488337.0,472962.0,0.021733636411931396,0.014174112480066415
d7ec0892-0a6c-4f4f-9d8f-72083692af5c,inf-f16,150.0,249.49145325533257,486539.0,472962.0,0.021733636411931396,0.014696467855831742
d7ec0892-0a6c-4f4f-9d8f-72083692af5c,inf-f16,150.0,288.7829857856707,485553.0,472962.0,0.021733636411931396,0.015066382407321652
d7ec0892-0a6c-4f4f-9d8f-72083692af5c,inf-f16,150.0,334.2624037463071,484864.0,472962.0,0.021733636411931396,0.015371308551492211
d7ec0892-0a6c-4f4f-9d8f-72083692af5c,inf-f16,150.0,386.9042154761296,484524.0,472962.0,0.021733636411931396,0.015566367619477946
d7ec0892-0a6c-4f4f-9d8f-72083692af5c,inf-f16,150.0,447.8364012089508,484348.0,472962.0,0.021733636411931396,0.0156778328421445
d7ec0892-0a6c-4f4f-9d8f-72083692af5c,inf-f16,150.0,518.3645828231037,484253.0,472962.0,0.021733636411931396,0.015754114299379576
d7ec0892-0a6c-4f4f-9d8f-72083692af5c,inf-f16,150.0,599.9999999999997,484211.0,472962.0,0.021733636411931396,0.01579511831127033
da8dfec1-d265-44e8-84ce-6ae9c109b8bd,inf-f16,150.0,2.0,4660568.0,440921.0,0.010072155320928967,0.000157008034046529
da8dfec1-d265-44e8-84ce-6ae9c109b8bd,inf-f16,150.0,2.3149729741653853,4472877.0,440921.0,0.010072155320928967,0.00016110318926829852
da8dfec1-d265-44e8-84ce-6ae9c109b8bd,inf-f16,150.0,2.6795499355580645,4261013.0,440921.0,0.010072155320928967,0.00016716590109840226
da8dfec1-d265-44e8-84ce-6ae9c109b8bd,inf-f16,150.0,3.1015428418717597,4026146.0,440921.0,0.010072155320928967,0.00017611941693915968
da8dfec1-d265-44e8-84ce-6ae9c109b8bd,inf-f16,150.0,3.5899939285746147,3771155.0,440921.0,0.010072155320928967,0.00018911696370520537
da8dfec1-d265-44e8-84ce-6ae9c109b8bd,inf-f16,150.0,4.1553694610340255,3501905.0,440921.0,0.010072155320928967,0.0002074720468484512
da8dfec1-d265-44e8-84ce-6ae9c109b8bd,inf-f16,150.0,4.809783999982975,3216317.0,440921.0,0.010072155320928967,0.00023300552600178339
da8dfec1-d265-44e8-84ce-6ae9c109b8bd,inf-f16,150.0,5.567259985766836,2920835.0,440921.0,0.010072155320928967,0.00026766534785847943
da8dfec1-d265-44e8-84ce-6ae9c109b8bd,inf-f16,150.0,6.444028203601297,2628359.0,440921.0,0.010072155320928967,0.00031365365496804914
da8dfec1-d265-44e8-84ce-6ae9c109b8bd,inf-f16,150.0,7.458875568048258,2347916.0,440921.0,0.010072155320928967,0.00037206934345035793
da8dfec1-d265-44e8-84ce-6ae9c109b8bd,inf-f16,150.0,8.633547678847101,2082959.0,440921.0,0.010072155320928967,0.0004454911249329449
da8dfec1-d265-44e8-84ce-6ae9c109b8bd,inf-f16,150.0,9.993214773849669,1836504.0,440921.0,0.010072155320928967,0.0005358740908007894
da8dfec1-d265-44e8-84ce-6ae9c109b8bd,inf-f16,150.0,11.567011063246117,1612297.0,440921.0,0.010072155320928967,0.0006443873204899919
da8dfec1-d265-44e8-84ce-6ae9c109b8bd,inf-f16,150.0,13.388659001643386,1413712.0,440921.0,0.010072155320928967,0.0007716985993120974
da8dfec1-d265-44e8-84ce-6ae9c109b8bd,inf-f16,150.0,15.497191874560272,1243986.0,440921.0,0.010072155320928967,0.0009202107505465793
da8dfec1-d265-44e8-84ce-6ae9c109b8bd,inf-f16,150.0,17.937790182531224,1098685.0,440921.0,0.010072155320928967,0.0010883046678257962
da8dfec1-d265-44e8-84ce-6ae9c109b8bd,inf-f16,150.0,20.762749744404477,973366.0,440921.0,0.010072155320928967,0.0012786712640213962
da8dfec1-d265-44e8-84ce-6ae9c109b8bd,inf-f16,150.0,24.03260226382781,869277.0,440921.0,0.010072155320928967,0.0014893963004633149
da8dfec1-d265-44e8-84ce-6ae9c109b8bd,inf-f16,150.0,27.81741236981361,785223.0,440921.0,0.010072155320928967,0.0017214075848951407
da8dfec1-d265-44e8-84ce-6ae9c109b8bd,inf-f16,150.0,32.19827892366621,716122.0,440921.0,0.010072155320928967,0.0019759513319636264
da8dfec1-d265-44e8-84ce-6ae9c109b8bd,inf-f16,150.0,37.26907276146309,661560.0,440921.0,0.010072155320928967,0.0022457624948583076
da8dfec1-d265-44e8-84ce-6ae9c109b8bd,inf-f16,150.0,43.13844810749518,614468.0,440921.0,0.010072155320928967,0.0025511108432825823
da8dfec1-d265-44e8-84ce-6ae9c109b8bd,inf-f16,150.0,49.93217075814364,576517.0,440921.0,0.010072155320928967,0.002876495989418139
da8dfec1-d265-44e8-84ce-6ae9c109b8bd,inf-f16,150.0,57.795812923256825,547249.0,440921.0,0.010072155320928967,0.0032248020850441017
da8dfec1-d265-44e8-84ce-6ae9c109b8bd,inf-f16,150.0,66.89787246862902,523911.0,440921.0,0.010072155320928967,0.0035880916704470506
da8dfec1-d265-44e8-84ce-6ae9c109b8bd,inf-f16,150.0,77.43338339701937,504763.0,440921.0,0.010072155320928967,0.0039856701415204735
da8dfec1-d265-44e8-84ce-6ae9c109b8bd,inf-f16,150.0,89.62809493114324,490197.0,440921.0,0.010072155320928967,0.004371614475353552
da8dfec1-d265-44e8-84ce-6ae9c109b8bd,inf-f16,150.0,103.74330874576306,479200.0,440921.0,0.010072155320928967,0.0047820994744886165
da8dfec1-d265-44e8-84ce-6ae9c109b8bd,inf-f16,150.0,120.08147799846844,470187.0,440921.0,0.010072155320928967,0.00522168003915386
da8dfec1-d265-44e8-84ce-6ae9c109b8bd,inf-f16,150.0,138.99268813214488,463565.0,440921.0,0.010072155320928967,0.005666929667981528
da8dfec1-d265-44e8-84ce-6ae9c109b8bd,inf-f16,150.0,160.88215831625678,458415.0,440921.0,0.010072155320928967,0.006134812560407644
da8dfec1-d265-44e8-84ce-6ae9c109b8bd,inf-f16,150.0,186.21892426376562,454918.0,440921.0,0.010072155320928967,0.006531181976209036
da8dfec1-d265-44e8-84ce-6ae9c109b8bd,inf-f16,150.0,215.54588847438404,453277.0,440921.0,0.010072155320928967,0.0067630097535003285
da8dfec1-d265-44e8-84ce-6ae9c109b8bd,inf-f16,150.0,249.49145325533257,452499.0,440921.0,0.010072155320928967,0.006896817601878977
da8dfec1-d265-44e8-84ce-6ae9c109b8bd,inf-f16,150.0,288.7829857856707,452110.0,440921.0,0.010072155320928967,0.006973875347754924
da8dfec1-d265-44e8-84ce-6ae9c109b8bd,inf-f16,150.0,334.2624037463071,451868.0,440921.0,0.010072155320928967,0.007027613823260846
da8dfec1-d265-44e8-84ce-6ae9c109b8bd,inf-f16,150.0,386.9042154761296,451776.0,440921.0,0.010072155320928967,0.0070461840685413606
da8dfec1-d265-44e8-84ce-6ae9c109b8bd,inf-f16,150.0,447.8364012089508,451776.0,440921.0,0.010072155320928967,0.007046184089872939
da8dfec1-d265-44e8-84ce-6ae9c109b8bd,inf-f16,150.0,518.3645828231037,451745.0,440921.0,0.010072155320928967,0.007050324868112996
da8dfec1-d265-44e8-84ce-6ae9c109b8bd,inf-f16,150.0,599.9999999999997,451745.0,440921.0,0.010072155320928967,0.007050324868112996
dab512bd-a02d-4c1f-8dbc-9155a163efc0,inf-f16,150.0,2.0,3358784.0,351291.0,0.3536081111700137,0.0012307690782027178
dab512bd-a02d-4c1f-8dbc-9155a163efc0,inf-f16,150.0,2.3149729741653853,3180387.0,351291.0,0.3536081111700137,0.0012909586871693057
dab512bd-a02d-4c1f-8dbc-9155a163efc0,inf-f16,150.0,2.6795499355580645,2993957.0,351291.0,0.3536081111700137,0.0013745727225731765
dab512bd-a02d-4c1f-8dbc-9155a163efc0,inf-f16,150.0,3.1015428418717597,2800809.0,351291.0,0.3536081111700137,0.0014902223675385949
dab512bd-a02d-4c1f-8dbc-9155a163efc0,inf-f16,150.0,3.5899939285746147,2605360.0,351291.0,0.3536081111700137,0.0016435061661853449
dab512bd-a02d-4c1f-8dbc-9155a163efc0,inf-f16,150.0,4.1553694610340255,2410272.0,351291.0,0.3536081111700137,0.001846013639569252
dab512bd-a02d-4c1f-8dbc-9155a163efc0,inf-f16,150.0,4.809783999982975,2221386.0,351291.0,0.3536081111700137,0.0021071961637939515
dab512bd-a02d-4c1f-8dbc-9155a163efc0,inf-f16,150.0,5.567259985766836,2040921.0,351291.0,0.3536081111700137,0.002437306502489348
dab512bd-a02d-4c1f-8dbc-9155a163efc0,inf-f16,150.0,6.444028203601297,1870398.0,351291.0,0.3536081111700137,0.0028510273484308097
dab512bd-a02d-4c1f-8dbc-9155a163efc0,inf-f16,150.0,7.458875568048258,1712610.0,351291.0,0.3536081111700137,0.0033708043075593077
dab512bd-a02d-4c1f-8dbc-9155a163efc0,inf-f16,150.0,8.633547678847101,1567051.0,351291.0,0.3536081111700137,0.0040166975161853935
dab512bd-a02d-4c1f-8dbc-9155a163efc0,inf-f16,150.0,9.993214773849669,1430104.0,351291.0,0.3536081111700137,0.004816534777377185
dab512bd-a02d-4c1f-8dbc-9155a163efc0,inf-f16,150.0,11.567011063246117,1306212.0,351291.0,0.3536081111700137,0.005806887532385437
dab512bd-a02d-4c1f-8dbc-9155a163efc0,inf-f16,150.0,13.388659001643386,1190779.0,351291.0,0.3536081111700137,0.007024294075930084
dab512bd-a02d-4c1f-8dbc-9155a163efc0,inf-f16,150.0,15.497191874560272,1086839.0,351291.0,0.3536081111700137,0.008492287086878587
dab512bd-a02d-4c1f-8dbc-9155a163efc0,inf-f16,150.0,17.937790182531224,989846.0,351291.0,0.3536081111700137,0.010293809417964194
dab512bd-a02d-4c1f-8dbc-9155a163efc0,inf-f16,150.0,20.762749744404477,904345.0,351291.0,0.3536081111700137,0.012432187124778595
dab512bd-a02d-4c1f-8dbc-9155a163efc0,inf-f16,150.0,24.03260226382781,826608.0,351291.0,0.3536081111700137,0.014976141609762312
dab512bd-a02d-4c1f-8dbc-9155a163efc0,inf-f16,150.0,27.81741236981361,760662.0,351291.0,0.3536081111700137,0.017962833868537757
dab512bd-a02d-4c1f-8dbc-9155a163efc0,inf-f16,150.0,32.19827892366621,700554.0,351291.0,0.3536081111700137,0.021566659605534503
dab512bd-a02d-4c1f-8dbc-9155a163efc0,inf-f16,150.0,37.26907276146309,646902.0,351291.0,0.3536081111700137,0.025739641999572228
dab512bd-a02d-4c1f-8dbc-9155a163efc0,inf-f16,150.0,43.13844810749518,600727.0,351291.0,0.3536081111700137,0.03070226441480738
dab512bd-a02d-4c1f-8dbc-9155a163efc0,inf-f16,150.0,49.93217075814364,560932.0,351291.0,0.3536081111700137,0.03652088534308007
dab512bd-a02d-4c1f-8dbc-9155a163efc0,inf-f16,150.0,57.795812923256825,524672.0,351291.0,0.3536081111700137,0.0434380583178299
dab512bd-a02d-4c1f-8dbc-9155a163efc0,inf-f16,150.0,66.89787246862902,493887.0,351291.0,0.3536081111700137,0.05136108459122762
dab512bd-a02d-4c1f-8dbc-9155a163efc0,inf-f16,150.0,77.43338339701937,467229.0,351291.0,0.3536081111700137,0.06038487225232255
dab512bd-a02d-4c1f-8dbc-9155a163efc0,inf-f16,150.0,89.62809493114324,444921.0,351291.0,0.3536081111700137,0.07032180802869997
dab512bd-a02d-4c1f-8dbc-9155a163efc0,inf-f16,150.0,103.74330874576306,426889.0,351291.0,0.3536081111700137,0.08110911421358573
dab512bd-a02d-4c1f-8dbc-9155a163efc0,inf-f16,150.0,120.08147799846844,412050.0,351291.0,0.3536081111700137,0.09340020296785215
dab512bd-a02d-4c1f-8dbc-9155a163efc0,inf-f16,150.0,138.99268813214488,399110.0,351291.0,0.3536081111700137,0.1064514301350254
dab512bd-a02d-4c1f-8dbc-9155a163efc0,inf-f16,150.0,160.88215831625678,388921.0,351291.0,0.3536081111700137,0.12085232568797258
dab512bd-a02d-4c1f-8dbc-9155a163efc0,inf-f16,150.0,186.21892426376562,380997.0,351291.0,0.3536081111700137,0.13598522563799598
dab512bd-a02d-4c1f-8dbc-9155a163efc0,inf-f16,150.0,215.54588847438404,374563.0,351291.0,0.3536081111700137,0.1515416385489484
dab512bd-a02d-4c1f-8dbc-9155a163efc0,inf-f16,150.0,249.49145325533257,370200.0,351291.0,0.3536081111700137,0.16836945942087733
dab512bd-a02d-4c1f-8dbc-9155a163efc0,inf-f16,150.0,288.7829857856707,366128.0,351291.0,0.3536081111700137,0.18676079923273647
dab512bd-a02d-4c1f-8dbc-9155a163efc0,inf-f16,150.0,334.2624037463071,363567.0,351291.0,0.3536081111700137,0.20172581596062575
dab512bd-a02d-4c1f-8dbc-9155a163efc0,inf-f16,150.0,386.9042154761296,362866.0,351291.0,0.3536081111700137,0.20621580163294684
dab512bd-a02d-4c1f-8dbc-9155a163efc0,inf-f16,150.0,447.8364012089508,362584.0,351291.0,0.3536081111700137,0.20846134360658686
dab512bd-a02d-4c1f-8dbc-9155a163efc0,inf-f16,150.0,518.3645828231037,362319.0,351291.0,0.3536081111700137,0.21070154187358553
dab512bd-a02d-4c1f-8dbc-9155a163efc0,inf-f16,150.0,599.9999999999997,362242.0,351291.0,0.3536081111700137,0.21106338632813396
dc7e9403-19f7-409f-9240-05ee57cb7aea,inf-f16,150.0,2.0,4909318.0,450164.0,0.034939112495703,0.00023229687165447226
dc7e9403-19f7-409f-9240-05ee57cb7aea,inf-f16,150.0,2.3149729741653853,4728166.0,450164.0,0.034939112495703,0.00023875425449036987
dc7e9403-19f7-409f-9240-05ee57cb7aea,inf-f16,150.0,2.6795499355580645,4524857.0,450164.0,0.034939112495703,0.00024828931906047477
dc7e9403-19f7-409f-9240-05ee57cb7aea,inf-f16,150.0,3.1015428418717597,4300031.0,450164.0,0.034939112495703,0.0002623273422936955
dc7e9403-19f7-409f-9240-05ee57cb7aea,inf-f16,150.0,3.5899939285746147,4054496.0,450164.0,0.034939112495703,0.0002825724408729597
dc7e9403-19f7-409f-9240-05ee57cb7aea,inf-f16,150.0,4.1553694610340255,3793151.0,450164.0,0.034939112495703,0.00031106696326594534
dc7e9403-19f7-409f-9240-05ee57cb7aea,inf-f16,150.0,4.809783999982975,3516481.0,450164.0,0.034939112495703,0.0003508616635533915
dc7e9403-19f7-409f-9240-05ee57cb7aea,inf-f16,150.0,5.567259985766836,3233465.0,450164.0,0.034939112495703,0.00040447137372635937
dc7e9403-19f7-409f-9240-05ee57cb7aea,inf-f16,150.0,6.444028203601297,2948444.0,450164.0,0.034939112495703,0.00047553857769042806
dc7e9403-19f7-409f-9240-05ee57cb7aea,inf-f16,150.0,7.458875568048258,2673581.0,450164.0,0.034939112495703,0.0005664053419610886
dc7e9403-19f7-409f-9240-05ee57cb7aea,inf-f16,150.0,8.633547678847101,2410455.0,450164.0,0.034939112495703,0.0006812239741369917
dc7e9403-19f7-409f-9240-05ee57cb7aea,inf-f16,150.0,9.993214773849669,2164865.0,450164.0,0.034939112495703,0.0008248868671607768
dc7e9403-19f7-409f-9240-05ee57cb7aea,inf-f16,150.0,11.567011063246117,1937415.0,450164.0,0.034939112495703,0.0010017821029161846
dc7e9403-19f7-409f-9240-05ee57cb7aea,inf-f16,150.0,13.388659001643386,1729985.0,450164.0,0.034939112495703,0.00121550247807161
dc7e9403-19f7-409f-9240-05ee57cb7aea,inf-f16,150.0,15.497191874560272,1543105.0,450164.0,0.034939112495703,0.0014736460041195024
dc7e9403-19f7-409f-9240-05ee57cb7aea,inf-f16,150.0,17.937790182531224,1379061.0,450164.0,0.034939112495703,0.0017751447159602208
dc7e9403-19f7-409f-9240-05ee57cb7aea,inf-f16,150.0,20.762749744404477,1233442.0,450164.0,0.034939112495703,0.002136742863567256
dc7e9403-19f7-409f-9240-05ee57cb7aea,inf-f16,150.0,24.03260226382781,1104797.0,450164.0,0.034939112495703,0.002556551759109677
dc7e9403-19f7-409f-9240-05ee57cb7aea,inf-f16,150.0,27.81741236981361,993594.0,450164.0,0.034939112495703,0.00304262242261465
dc7e9403-19f7-409f-9240-05ee57cb7aea,inf-f16,150.0,32.19827892366621,897728.0,450164.0,0.034939112495703,0.0036023492895512163
dc7e9403-19f7-409f-9240-05ee57cb7aea,inf-f16,150.0,37.26907276146309,816415.0,450164.0,0.034939112495703,0.004236633979018025
dc7e9403-19f7-409f-9240-05ee57cb7aea,inf-f16,150.0,43.13844810749518,748766.0,450164.0,0.034939112495703,0.004948418690718507
dc7e9403-19f7-409f-9240-05ee57cb7aea,inf-f16,150.0,49.93217075814364,693007.0,450164.0,0.034939112495703,0.00573653384115389
dc7e9403-19f7-409f-9240-05ee57cb7aea,inf-f16,150.0,57.795812923256825,644924.0,450164.0,0.034939112495703,0.006621867750678551
dc7e9403-19f7-409f-9240-05ee57cb7aea,inf-f16,150.0,66.89787246862902,606964.0,450164.0,0.034939112495703,0.007596615837512331
dc7e9403-19f7-409f-9240-05ee57cb7aea,inf-f16,150.0,77.43338339701937,576905.0,450164.0,0.034939112495703,0.008630506648848223
dc7e9403-19f7-409f-9240-05ee57cb7aea,inf-f16,150.0,89.62809493114324,551402.0,450164.0,0.034939112495703,0.009795304730810733
dc7e9403-19f7-409f-9240-05ee57cb7aea,inf-f16,150.0,103.74330874576306,529391.0,450164.0,0.034939112495703,0.011095648139079092
dc7e9403-19f7-409f-9240-05ee57cb7aea,inf-f16,150.0,120.08147799846844,512036.0,450164.0,0.034939112495703,0.012497846968092648
dc7e9403-19f7-409f-9240-05ee57cb7aea,inf-f16,150.0,138.99268813214488,496146.0,450164.0,0.034939112495703,0.014042888940354612
dc7e9403-19f7-409f-9240-05ee57cb7aea,inf-f16,150.0,160.88215831625678,485062.0,450164.0,0.034939112495703,0.015633117324141674
dc7e9403-19f7-409f-9240-05ee57cb7aea,inf-f16,150.0,186.21892426376562,476179.0,450164.0,0.034939112495703,0.01731354461941716
dc7e9403-19f7-409f-9240-05ee57cb7aea,inf-f16,150.0,215.54588847438404,469764.0,450164.0,0.034939112495703,0.019006538955381555
dc7e9403-19f7-409f-9240-05ee57cb7aea,inf-f16,150.0,249.49145325533257,464855.0,450164.0,0.034939112495703,0.02070449306716287
dc7e9403-19f7-409f-9240-05ee57cb7aea,inf-f16,150.0,288.7829857856707,462831.0,450164.0,0.034939112495703,0.0217597430721559
dc7e9403-19f7-409f-9240-05ee57cb7aea,inf-f16,150.0,334.2624037463071,462018.0,450164.0,0.034939112495703,0.02238640804235441
dc7e9403-19f7-409f-9240-05ee57cb7aea,inf-f16,150.0,386.9042154761296,461669.0,450164.0,0.034939112495703,0.022717787258023207
dc7e9403-19f7-409f-9240-05ee57cb7aea,inf-f16,150.0,447.8364012089508,461423.0,450164.0,0.034939112495703,0.02300696109225793
dc7e9403-19f7-409f-9240-05ee57cb7aea,inf-f16,150.0,518.3645828231037,461262.0,450164.0,0.034939112495703,0.023288193958465795
dc7e9403-19f7-409f-9240-05ee57cb7aea,inf-f16,150.0,599.9999999999997,461125.0,450164.0,0.034939112495703,0.023531478553472807
e8f9fba4-d151-4b00-bee7-447f0f3e752c,inf-f16,150.0,2.0,4772648.0,472070.0,0.03732115852789589,0.00048177014594933407
e8f9fba4-d151-4b00-bee7-447f0f3e752c,inf-f16,150.0,2.3149729741653853,4562826.0,472070.0,0.03732115852789589,0.0004984584874129118
e8f9fba4-d151-4b00-bee7-447f0f3e752c,inf-f16,150.0,2.6795499355580645,4329784.0,472070.0,0.03732115852789589,0.0005231777830798115
e8f9fba4-d151-4b00-bee7-447f0f3e752c,inf-f16,150.0,3.1015428418717597,4079701.0,472070.0,0.03732115852789589,0.0005585485073403252
e8f9fba4-d151-4b00-bee7-447f0f3e752c,inf-f16,150.0,3.5899939285746147,3810241.0,472070.0,0.03732115852789589,0.0006089850386919907
e8f9fba4-d151-4b00-bee7-447f0f3e752c,inf-f16,150.0,4.1553694610340255,3526660.0,472070.0,0.03732115852789589,0.0006792540401366694
e8f9fba4-d151-4b00-bee7-447f0f3e752c,inf-f16,150.0,4.809783999982975,3238258.0,472070.0,0.03732115852789589,0.0007736915432994375
e8f9fba4-d151-4b00-bee7-447f0f3e752c,inf-f16,150.0,5.567259985766836,2952319.0,472070.0,0.03732115852789589,0.0008979134159897106
e8f9fba4-d151-4b00-bee7-447f0f3e752c,inf-f16,150.0,6.444028203601297,2670566.0,472070.0,0.03732115852789589,0.001059525990137708
e8f9fba4-d151-4b00-bee7-447f0f3e752c,inf-f16,150.0,7.458875568048258,2403439.0,472070.0,0.03732115852789589,0.001263133800204631
e8f9fba4-d151-4b00-bee7-447f0f3e752c,inf-f16,150.0,8.633547678847101,2152237.0,472070.0,0.03732115852789589,0.001516649990007564
e8f9fba4-d151-4b00-bee7-447f0f3e752c,inf-f16,150.0,9.993214773849669,1924090.0,472070.0,0.03732115852789589,0.0018234460210889117
e8f9fba4-d151-4b00-bee7-447f0f3e752c,inf-f16,150.0,11.567011063246117,1715736.0,472070.0,0.03732115852789589,0.0021920425146752715
e8f9fba4-d151-4b00-bee7-447f0f3e752c,inf-f16,150.0,13.388659001643386,1528998.0,472070.0,0.03732115852789589,0.0026327338322647527
e8f9fba4-d151-4b00-bee7-447f0f3e752c,inf-f16,150.0,15.497191874560272,1367623.0,472070.0,0.03732115852789589,0.003139111256558339
e8f9fba4-d151-4b00-bee7-447f0f3e752c,inf-f16,150.0,17.937790182531224,1225250.0,472070.0,0.03732115852789589,0.0037289640577138606
e8f9fba4-d151-4b00-bee7-447f0f3e752c,inf-f16,150.0,20.762749744404477,1102453.0,472070.0,0.03732115852789589,0.0044148103648294365
e8f9fba4-d151-4b00-bee7-447f0f3e752c,inf-f16,150.0,24.03260226382781,996334.0,472070.0,0.03732115852789589,0.005205318168600094
e8f9fba4-d151-4b00-bee7-447f0f3e752c,inf-f16,150.0,27.81741236981361,907545.0,472070.0,0.03732115852789589,0.0061024043748928196
e8f9fba4-d151-4b00-bee7-447f0f3e752c,inf-f16,150.0,32.19827892366621,829575.0,472070.0,0.03732115852789589,0.007134134411296952
e8f9fba4-d151-4b00-bee7-447f0f3e752c,inf-f16,150.0,37.26907276146309,764994.0,472070.0,0.03732115852789589,0.00829586306211984
e8f9fba4-d151-4b00-bee7-447f0f3e752c,inf-f16,150.0,43.13844810749518,708687.0,472070.0,0.03732115852789589,0.009619275677688553
e8f9fba4-d151-4b00-bee7-447f0f3e752c,inf-f16,150.0,49.93217075814364,662031.0,472070.0,0.03732115852789589,0.011107146613550004
e8f9fba4-d151-4b00-bee7-447f0f3e752c,inf-f16,150.0,57.795812923256825,622523.0,472070.0,0.03732115852789589,0.012735897853878261
e8f9fba4-d151-4b00-bee7-447f0f3e752c,inf-f16,150.0,66.89787246862902,590344.0,472070.0,0.03732115852789589,0.014577981167796239
e8f9fba4-d151-4b00-bee7-447f0f3e752c,inf-f16,150.0,77.43338339701937,562832.0,472070.0,0.03732115852789589,0.016588052010492703
e8f9fba4-d151-4b00-bee7-447f0f3e752c,inf-f16,150.0,89.62809493114324,540373.0,472070.0,0.03732115852789589,0.01873469590464398
e8f9fba4-d151-4b00-bee7-447f0f3e752c,inf-f16,150.0,103.74330874576306,522332.0,472070.0,0.03732115852789589,0.02116439404987827
e8f9fba4-d151-4b00-bee7-447f0f3e752c,inf-f16,150.0,120.08147799846844,508507.0,472070.0,0.03732115852789589,0.023606846298811435
e8f9fba4-d151-4b00-bee7-447f0f3e752c,inf-f16,150.0,138.99268813214488,498586.0,472070.0,0.03732115852789589,0.025716814631795905
e8f9fba4-d151-4b00-bee7-447f0f3e752c,inf-f16,150.0,160.88215831625678,492448.0,472070.0,0.03732115852789589,0.027499102514298625
e8f9fba4-d151-4b00-bee7-447f0f3e752c,inf-f16,150.0,186.21892426376562,488689.0,472070.0,0.03732115852789589,0.028759337446811372
e8f9fba4-d151-4b00-bee7-447f0f3e752c,inf-f16,150.0,215.54588847438404,486577.0,472070.0,0.03732115852789589,0.029692335210933007
e8f9fba4-d151-4b00-bee7-447f0f3e752c,inf-f16,150.0,249.49145325533257,485128.0,472070.0,0.03732115852789589,0.03052821495374165
e8f9fba4-d151-4b00-bee7-447f0f3e752c,inf-f16,150.0,288.7829857856707,484210.0,472070.0,0.03732115852789589,0.03116821194382391
e8f9fba4-d151-4b00-bee7-447f0f3e752c,inf-f16,150.0,334.2624037463071,483585.0,472070.0,0.03732115852789589,0.03172106881748267
e8f9fba4-d151-4b00-bee7-447f0f3e752c,inf-f16,150.0,386.9042154761296,483303.0,472070.0,0.03732115852789589,0.03201524381859596
e8f9fba4-d151-4b00-bee7-447f0f3e752c,inf-f16,150.0,447.8364012089508,483173.0,472070.0,0.03732115852789589,0.03216136444473579
e8f9fba4-d151-4b00-bee7-447f0f3e752c,inf-f16,150.0,518.3645828231037,483122.0,472070.0,0.03732115852789589,0.032237559304606894
e8f9fba4-d151-4b00-bee7-447f0f3e752c,inf-f16,150.0,599.9999999999997,483092.0,472070.0,0.03732115852789589,0.03226163954236937
eebcaf65-7fa4-4118-869d-a084e84530e2,inf-f16,150.0,2.0,3277812.0,329332.0,0.12305946166862808,0.0012457430960249715
eebcaf65-7fa4-4118-869d-a084e84530e2,inf-f16,150.0,2.3149729741653853,3113816.0,329332.0,0.12305946166862808,0.0012881563220249381
eebcaf65-7fa4-4118-869d-a084e84530e2,inf-f16,150.0,2.6795499355580645,2933732.0,329332.0,0.12305946166862808,0.001349151534108527
eebcaf65-7fa4-4118-869d-a084e84530e2,inf-f16,150.0,3.1015428418717597,2739993.0,329332.0,0.12305946166862808,0.0014357903370376076
eebcaf65-7fa4-4118-869d-a084e84530e2,inf-f16,150.0,3.5899939285746147,2537526.0,329332.0,0.12305946166862808,0.0015549712845529162
eebcaf65-7fa4-4118-869d-a084e84530e2,inf-f16,150.0,4.1553694610340255,2327889.0,329332.0,0.12305946166862808,0.0017155140172218446
eebcaf65-7fa4-4118-869d-a084e84530e2,inf-f16,150.0,4.809783999982975,2120972.0,329332.0,0.12305946166862808,0.001924519348347784
eebcaf65-7fa4-4118-869d-a084e84530e2,inf-f16,150.0,5.567259985766836,1916005.0,329332.0,0.12305946166862808,0.002194170130897736
eebcaf65-7fa4-4118-869d-a084e84530e2,inf-f16,150.0,6.444028203601297,1722006.0,329332.0,0.12305946166862808,0.002531436761388951
eebcaf65-7fa4-4118-869d-a084e84530e2,inf-f16,150.0,7.458875568048258,1540655.0,329332.0,0.12305946166862808,0.0029447128917451885
eebcaf65-7fa4-4118-869d-a084e84530e2,inf-f16,150.0,8.633547678847101,1376024.0,329332.0,0.12305946166862808,0.0034398507136532397
eebcaf65-7fa4-4118-869d-a084e84530e2,inf-f16,150.0,9.993214773849669,1230185.0,329332.0,0.12305946166862808,0.004025734506425206
eebcaf65-7fa4-4118-869d-a084e84530e2,inf-f16,150.0,11.567011063246117,1099553.0,329332.0,0.12305946166862808,0.004720123868971283
eebcaf65-7fa4-4118-869d-a084e84530e2,inf-f16,150.0,13.388659001643386,987073.0,329332.0,0.12305946166862808,0.00551974202148932
eebcaf65-7fa4-4118-869d-a084e84530e2,inf-f16,150.0,15.497191874560272,887427.0,329332.0,0.12305946166862808,0.006449047939188183
eebcaf65-7fa4-4118-869d-a084e84530e2,inf-f16,150.0,17.937790182531224,802232.0,329332.0,0.12305946166862808,0.0075270374771797535
eebcaf65-7fa4-4118-869d-a084e84530e2,inf-f16,150.0,20.762749744404477,728009.0,329332.0,0.12305946166862808,0.008758247086291103
eebcaf65-7fa4-4118-869d-a084e84530e2,inf-f16,150.0,24.03260226382781,663986.0,329332.0,0.12305946166862808,0.010160961845442216
eebcaf65-7fa4-4118-869d-a084e84530e2,inf-f16,150.0,27.81741236981361,610838.0,329332.0,0.12305946166862808,0.011744430213637462
eebcaf65-7fa4-4118-869d-a084e84530e2,inf-f16,150.0,32.19827892366621,565694.0,329332.0,0.12305946166862808,0.013546647445010652
eebcaf65-7fa4-4118-869d-a084e84530e2,inf-f16,150.0,37.26907276146309,527055.0,329332.0,0.12305946166862808,0.015587798404650778
eebcaf65-7fa4-4118-869d-a084e84530e2,inf-f16,150.0,43.13844810749518,494817.0,329332.0,0.12305946166862808,0.017923826069698803
eebcaf65-7fa4-4118-869d-a084e84530e2,inf-f16,150.0,49.93217075814364,466654.0,329332.0,0.12305946166862808,0.020578433405776496
eebcaf65-7fa4-4118-869d-a084e84530e2,inf-f16,150.0,57.795812923256825,442561.0,329332.0,0.12305946166862808,0.02370813571333195
eebcaf65-7fa4-4118-869d-a084e84530e2,inf-f16,150.0,66.89787246862902,422160.0,329332.0,0.12305946166862808,0.02713926802110195
eebcaf65-7fa4-4118-869d-a084e84530e2,inf-f16,150.0,77.43338339701937,404771.0,329332.0,0.12305946166862808,0.03100288421686081
eebcaf65-7fa4-4118-869d-a084e84530e2,inf-f16,150.0,89.62809493114324,391016.0,329332.0,0.12305946166862808,0.03533977288761106
eebcaf65-7fa4-4118-869d-a084e84530e2,inf-f16,150.0,103.74330874576306,378411.0,329332.0,0.12305946166862808,0.04010019202462071
eebcaf65-7fa4-4118-869d-a084e84530e2,inf-f16,150.0,120.08147799846844,368882.0,329332.0,0.12305946166862808,0.04530271653580843
eebcaf65-7fa4-4118-869d-a084e84530e2,inf-f16,150.0,138.99268813214488,360251.0,329332.0,0.12305946166862808,0.051241906687064166
eebcaf65-7fa4-4118-869d-a084e84530e2,inf-f16,150.0,160.88215831625678,353511.0,329332.0,0.12305946166862808,0.0572627697316652
eebcaf65-7fa4-4118-869d-a084e84530e2,inf-f16,150.0,186.21892426376562,349189.0,329332.0,0.12305946166862808,0.062757276374208
eebcaf65-7fa4-4118-869d-a084e84530e2,inf-f16,150.0,215.54588847438404,345777.0,329332.0,0.12305946166862808,0.06755666500696506
eebcaf65-7fa4-4118-869d-a084e84530e2,inf-f16,150.0,249.49145325533257,343674.0,329332.0,0.12305946166862808,0.07112366676496591
eebcaf65-7fa4-4118-869d-a084e84530e2,inf-f16,150.0,288.7829857856707,342299.0,329332.0,0.12305946166862808,0.07402702585355614
eebcaf65-7fa4-4118-869d-a084e84530e2,inf-f16,150.0,334.2624037463071,341540.0,329332.0,0.12305946166862808,0.0761389643049693
eebcaf65-7fa4-4118-869d-a084e84530e2,inf-f16,150.0,386.9042154761296,340950.0,329332.0,0.12305946166862808,0.07809921033116601
eebcaf65-7fa4-4118-869d-a084e84530e2,inf-f16,150.0,447.8364012089508,340683.0,329332.0,0.12305946166862808,0.07918422259761071
eebcaf65-7fa4-4118-869d-a084e84530e2,inf-f16,150.0,518.3645828231037,340477.0,329332.0,0.12305946166862808,0.08004319639400669
eebcaf65-7fa4-4118-869d-a084e84530e2,inf-f16,150.0,599.9999999999997,340392.0,329332.0,0.12305946166862808,0.08046401810209544
fe380793-8035-414e-b000-09bfe5ece92a,inf-f16,150.0,2.0,4362133.0,421130.0,0.18287343951025295,0.0007579950722327983
fe380793-8035-414e-b000-09bfe5ece92a,inf-f16,150.0,2.3149729741653853,4179813.0,421130.0,0.18287343951025295,0.0007886042929036413
fe380793-8035-414e-b000-09bfe5ece92a,inf-f16,150.0,2.6795499355580645,3981395.0,421130.0,0.18287343951025295,0.0008330215993224197
fe380793-8035-414e-b000-09bfe5ece92a,inf-f16,150.0,3.1015428418717597,3766397.0,421130.0,0.18287343951025295,0.0008962028259650106
fe380793-8035-414e-b000-09bfe5ece92a,inf-f16,150.0,3.5899939285746147,3539572.0,421130.0,0.18287343951025295,0.0009846656150881757
fe380793-8035-414e-b000-09bfe5ece92a,inf-f16,150.0,4.1553694610340255,3302315.0,421130.0,0.18287343951025295,0.0011068326949987886
fe380793-8035-414e-b000-09bfe5ece92a,inf-f16,150.0,4.809783999982975,3061344.0,421130.0,0.18287343951025295,0.001272358945665438
fe380793-8035-414e-b000-09bfe5ece92a,inf-f16,150.0,5.567259985766836,2820700.0,421130.0,0.18287343951025295,0.0014910238447204663
fe380793-8035-414e-b000-09bfe5ece92a,inf-f16,150.0,6.444028203601297,2584067.0,421130.0,0.18287343951025295,0.001778989281585161
fe380793-8035-414e-b000-09bfe5ece92a,inf-f16,150.0,7.458875568048258,2355574.0,421130.0,0.18287343951025295,0.0021496265065917737
fe380793-8035-414e-b000-09bfe5ece92a,inf-f16,150.0,8.633547678847101,2136496.0,421130.0,0.18287343951025295,0.0026200623642398803
fe380793-8035-414e-b000-09bfe5ece92a,inf-f16,150.0,9.993214773849669,1929682.0,421130.0,0.18287343951025295,0.0032150462675449303
fe380793-8035-414e-b000-09bfe5ece92a,inf-f16,150.0,11.567011063246117,1738698.0,421130.0,0.18287343951025295,0.003950170769105068
fe380793-8035-414e-b000-09bfe5ece92a,inf-f16,150.0,13.388659001643386,1564273.0,421130.0,0.18287343951025295,0.004841765778735989
fe380793-8035-414e-b000-09bfe5ece92a,inf-f16,150.0,15.497191874560272,1406563.0,421130.0,0.18287343951025295,0.005906831358286753
fe380793-8035-414e-b000-09bfe5ece92a,inf-f16,150.0,17.937790182531224,1266752.0,421130.0,0.18287343951025295,0.007159171263610527
fe380793-8035-414e-b000-09bfe5ece92a,inf-f16,150.0,20.762749744404477,1146539.0,421130.0,0.18287343951025295,0.008600355330775931
fe380793-8035-414e-b000-09bfe5ece92a,inf-f16,150.0,24.03260226382781,1043829.0,421130.0,0.18287343951025295,0.010247363672309363
fe380793-8035-414e-b000-09bfe5ece92a,inf-f16,150.0,27.81741236981361,956006.0,421130.0,0.18287343951025295,0.012133798235877354
fe380793-8035-414e-b000-09bfe5ece92a,inf-f16,150.0,32.19827892366621,879368.0,421130.0,0.18287343951025295,0.01431337387737941
fe380793-8035-414e-b000-09bfe5ece92a,inf-f16,150.0,37.26907276146309,813028.0,421130.0,0.18287343951025295,0.016852575158952998
fe380793-8035-414e-b000-09bfe5ece92a,inf-f16,150.0,43.13844810749518,757501.0,421130.0,0.18287343951025295,0.01982139787256083
fe380793-8035-414e-b000-09bfe5ece92a,inf-f16,150.0,49.93217075814364,708072.0,421130.0,0.18287343951025295,0.02339215714480616
fe380793-8035-414e-b000-09bfe5ece92a,inf-f16,150.0,57.795812923256825,663750.0,421130.0,0.18287343951025295,0.027585578505037327
fe380793-8035-414e-b000-09bfe5ece92a,inf-f16,150.0,66.89787246862902,623619.0,421130.0,0.18287343951025295,0.03256644405870778
fe380793-8035-414e-b000-09bfe5ece92a,inf-f16,150.0,77.43338339701937,588537.0,421130.0,0.18287343951025295,0.03855862257673242
fe380793-8035-414e-b000-09bfe5ece92a,inf-f16,150.0,89.62809493114324,556046.0,421130.0,0.18287343951025295,0.04568689000309101
fe380793-8035-414e-b000-09bfe5ece92a,inf-f16,150.0,103.74330874576306,528578.0,421130.0,0.18287343951025295,0.05392209753506913
fe380793-8035-414e-b000-09bfe5ece92a,inf-f16,150.0,120.08147799846844,504845.0,421130.0,0.18287343951025295,0.06317443985421757
fe380793-8035-414e-b000-09bfe5ece92a,inf-f16,150.0,138.99268813214488,484474.0,421130.0,0.18287343951025295,0.07338706089723585
fe380793-8035-414e-b000-09bfe5ece92a,inf-f16,150.0,160.88215831625678,468141.0,421130.0,0.18287343951025295,0.08466430591594573
fe380793-8035-414e-b000-09bfe5ece92a,inf-f16,150.0,186.21892426376562,456169.0,421130.0,0.18287343951025295,0.09602152194770763
fe380793-8035-414e-b000-09bfe5ece92a,inf-f16,150.0,215.54588847438404,446618.0,421130.0,0.18287343951025295,0.10747739803973183
fe380793-8035-414e-b000-09bfe5ece92a,inf-f16,150.0,249.49145325533257,440543.0,421130.0,0.18287343951025295,0.11767289286064439
fe380793-8035-414e-b000-09bfe5ece92a,inf-f16,150.0,288.7829857856707,437970.0,421130.0,0.18287343951025295,0.12307510903063451
fe380793-8035-414e-b000-09bfe5ece92a,inf-f16,150.0,334.2624037463071,436225.0,421130.0,0.18287343951025295,0.12800706411563786
fe380793-8035-414e-b000-09bfe5ece92a,inf-f16,150.0,386.9042154761296,434869.0,421130.0,0.18287343951025295,0.13283778834965013
fe380793-8035-414e-b000-09bfe5ece92a,inf-f16,150.0,447.8364012089508,433841.0,421130.0,0.18287343951025295,0.13773847194847064
fe380793-8035-414e-b000-09bfe5ece92a,inf-f16,150.0,518.3645828231037,433233.0,421130.0,0.18287343951025295,0.1413934925773985
fe380793-8035-414e-b000-09bfe5ece92a,inf-f16,150.0,599.9999999999997,432808.0,421130.0,0.18287343951025295,0.1450012660295295
1a276285-8b0e-4cc9-9f0a-a3a002978724,48,150.0,2.0,3428988.89785832,55307.89785831961,0.2132329076357336,0.0007890254182733953
1a276285-8b0e-4cc9-9f0a-a3a002978724,48,150.0,2.3149729741653853,3292360.89785832,55307.89785831961,0.2132329076357336,0.0008164379670586506
1a276285-8b0e-4cc9-9f0a-a3a002978724,48,150.0,2.6795499355580645,3141726.89785832,55307.89785831961,0.2132329076357336,0.0008567007075244729
1a276285-8b0e-4cc9-9f0a-a3a002978724,48,150.0,3.1015428418717597,2977322.89785832,55307.89785831961,0.2132329076357336,0.0009151158259737406
1a276285-8b0e-4cc9-9f0a-a3a002978724,48,150.0,3.5899939285746147,2800195.89785832,55307.89785831961,0.2132329076357336,0.0009983928689920889
1a276285-8b0e-4cc9-9f0a-a3a002978724,48,150.0,4.1553694610340255,2613060.89785832,55307.89785831961,0.2132329076357336,0.0011152807315358679
1a276285-8b0e-4cc9-9f0a-a3a002978724,48,150.0,4.809783999982975,2416688.89785832,55307.89785831961,0.2132329076357336,0.0012784691064933508
1a276285-8b0e-4cc9-9f0a-a3a002978724,48,150.0,5.567259985766836,2215482.89785832,55307.89785831961,0.2132329076357336,0.0014995188944709208
1a276285-8b0e-4cc9-9f0a-a3a002978724,48,150.0,6.444028203601297,2014705.8978583196,55307.89785831961,0.2132329076357336,0.0017939112527894734
1a276285-8b0e-4cc9-9f0a-a3a002978724,48,150.0,7.458875568048258,1814243.8978583196,55307.89785831961,0.2132329076357336,0.002186311748755755
1a276285-8b0e-4cc9-9f0a-a3a002978724,48,150.0,8.633547678847101,1618023.8978583196,55307.89785831961,0.2132329076357336,0.0026947419918918036
1a276285-8b0e-4cc9-9f0a-a3a002978724,48,150.0,9.993214773849669,1431276.8978583196,55307.89785831961,0.2132329076357336,0.0033390658448024663
1a276285-8b0e-4cc9-9f0a-a3a002978724,48,150.0,11.567011063246117,1256057.8978583196,55307.89785831961,0.2132329076357336,0.004142767768951369
1a276285-8b0e-4cc9-9f0a-a3a002978724,48,150.0,13.388659001643386,1095453.8978583196,55307.89785831961,0.2132329076357336,0.005124623453339017
1a276285-8b0e-4cc9-9f0a-a3a002978724,48,150.0,15.497191874560272,951508.8978583196,55307.89785831961,0.2132329076357336,0.006279755371269972
1a276285-8b0e-4cc9-9f0a-a3a002978724,48,150.0,17.937790182531224,823225.8978583196,55307.89785831961,0.2132329076357336,0.007645213124806406
1a276285-8b0e-4cc9-9f0a-a3a002978724,48,150.0,20.762749744404477,713728.8978583196,55307.89785831961,0.2132329076357336,0.009203728601314352
1a276285-8b0e-4cc9-9f0a-a3a002978724,48,150.0,24.03260226382781,619474.8978583196,55307.89785831961,0.2132329076357336,0.010974740833329139
1a276285-8b0e-4cc9-9f0a-a3a002978724,48,150.0,27.81741236981361,541440.8978583196,55307.89785831961,0.2132329076357336,0.01297076103355635
1a276285-8b0e-4cc9-9f0a-a3a002978724,48,150.0,32.19827892366621,472121.89785831963,55307.89785831961,0.2132329076357336,0.015270173626496606
1a276285-8b0e-4cc9-9f0a-a3a002978724,48,150.0,37.26907276146309,412957.89785831963,55307.89785831961,0.2132329076357336,0.017949422046086273
1a276285-8b0e-4cc9-9f0a-a3a002978724,48,150.0,43.13844810749518,363755.89785831963,55307.89785831961,0.2132329076357336,0.021051042447991622
1a276285-8b0e-4cc9-9f0a-a3a002978724,48,150.0,49.93217075814364,320526.89785831963,55307.89785831961,0.2132329076357336,0.024745251439489503
1a276285-8b0e-4cc9-9f0a-a3a002978724,48,150.0,57.795812923256825,281741.89785831963,55307.89785831961,0.2132329076357336,0.029172085788226457
1a276285-8b0e-4cc9-9f0a-a3a002978724,48,150.0,66.89787246862902,245026.8978583196,55307.89785831961,0.2132329076357336,0.03452078510054424
1a276285-8b0e-4cc9-9f0a-a3a002978724,48,150.0,77.43338339701937,214026.8978583196,55307.89785831961,0.2132329076357336,0.040972573254069215
1a276285-8b0e-4cc9-9f0a-a3a002978724,48,150.0,89.62809493114324,184746.8978583196,55307.89785831961,0.2132329076357336,0.048666302878525365
1a276285-8b0e-4cc9-9f0a-a3a002978724,48,150.0,103.74330874576306,160831.8978583196,55307.89785831961,0.2132329076357336,0.0576574674791678
1a276285-8b0e-4cc9-9f0a-a3a002978724,48,150.0,120.08147799846844,137795.8978583196,55307.89785831961,0.2132329076357336,0.0682489218704583
1a276285-8b0e-4cc9-9f0a-a3a002978724,48,150.0,138.99268813214488,118433.8978583196,55307.89785831961,0.2132329076357336,0.08002761736383676
1a276285-8b0e-4cc9-9f0a-a3a002978724,48,150.0,160.88215831625678,101882.8978583196,55307.89785831961,0.2132329076357336,0.09341457670080186
1a276285-8b0e-4cc9-9f0a-a3a002978724,48,150.0,186.21892426376562,89776.8978583196,55307.89785831961,0.2132329076357336,0.10756545673932853
1a276285-8b0e-4cc9-9f0a-a3a002978724,48,150.0,215.54588847438404,79979.8978583196,55307.89785831961,0.2132329076357336,0.12154279162394903
1a276285-8b0e-4cc9-9f0a-a3a002978724,48,150.0,249.49145325533257,73570.8978583196,55307.89785831961,0.2132329076357336,0.13489014685757345
1a276285-8b0e-4cc9-9f0a-a3a002978724,48,150.0,288.7829857856707,70743.8978583196,55307.89785831961,0.2132329076357336,0.14211257328272872
1a276285-8b0e-4cc9-9f0a-a3a002978724,48,150.0,334.2624037463071,69107.8978583196,55307.89785831961,0.2132329076357336,0.14752850897186778
1a276285-8b0e-4cc9-9f0a-a3a002978724,48,150.0,386.9042154761296,68125.8978583196,55307.89785831961,0.2132329076357336,0.15173605928727005
1a276285-8b0e-4cc9-9f0a-a3a002978724,48,150.0,447.8364012089508,67400.8978583196,55307.89785831961,0.2132329076357336,0.15574873824446497
1a276285-8b0e-4cc9-9f0a-a3a002978724,48,150.0,518.3645828231037,66901.8978583196,55307.89785831961,0.2132329076357336,0.15917462877660946
1a276285-8b0e-4cc9-9f0a-a3a002978724,48,150.0,599.9999999999997,66599.8978583196,55307.89785831961,0.2132329076357336,0.1621184837138989
1e104bf4-7a24-4624-a5b2-c2c8289c0de7,48,150.0,2.0,3375018.534161491,55154.53416149069,0.3815347500752587,0.0014246619042319034
1e104bf4-7a24-4624-a5b2-c2c8289c0de7,48,150.0,2.3149729741653853,3232483.534161491,55154.53416149069,0.3815347500752587,0.0014842335689169673
1e104bf4-7a24-4624-a5b2-c2c8289c0de7,48,150.0,2.6795499355580645,3077297.534161491,55154.53416149069,0.3815347500752587,0.0015700424176193558
1e104bf4-7a24-4624-a5b2-c2c8289c0de7,48,150.0,3.1015428418717597,2910592.534161491,55154.53416149069,0.3815347500752587,0.001693605347100503
1e104bf4-7a24-4624-a5b2-c2c8289c0de7,48,150.0,3.5899939285746147,2734689.534161491,55154.53416149069,0.3815347500752587,0.0018667812298754551
1e104bf4-7a24-4624-a5b2-c2c8289c0de7,48,150.0,4.1553694610340255,2549332.534161491,55154.53416149069,0.3815347500752587,0.002106192807296198
1e104bf4-7a24-4624-a5b2-c2c8289c0de7,48,150.0,4.809783999982975,2362567.534161491,55154.53416149069,0.3815347500752587,0.0024313408809755006
1e104bf4-7a24-4624-a5b2-c2c8289c0de7,48,150.0,5.567259985766836,2170354.534161491,55154.53416149069,0.3815347500752587,0.0028726323544004295
1e104bf4-7a24-4624-a5b2-c2c8289c0de7,48,150.0,6.444028203601297,1980355.5341614906,55154.53416149069,0.3815347500752587,0.003450101928373347
1e104bf4-7a24-4624-a5b2-c2c8289c0de7,48,150.0,7.458875568048258,1791115.5341614906,55154.53416149069,0.3815347500752587,0.004208358024197204
1e104bf4-7a24-4624-a5b2-c2c8289c0de7,48,150.0,8.633547678847101,1610076.5341614906,55154.53416149069,0.3815347500752587,0.005188966616033734
1e104bf4-7a24-4624-a5b2-c2c8289c0de7,48,150.0,9.993214773849669,1436351.5341614906,55154.53416149069,0.3815347500752587,0.006439951305864634
1e104bf4-7a24-4624-a5b2-c2c8289c0de7,48,150.0,11.567011063246117,1273708.5341614906,55154.53416149069,0.3815347500752587,0.008028326879980145
1e104bf4-7a24-4624-a5b2-c2c8289c0de7,48,150.0,13.388659001643386,1119628.5341614906,55154.53416149069,0.3815347500752587,0.01001449382526695
1e104bf4-7a24-4624-a5b2-c2c8289c0de7,48,150.0,15.497191874560272,976163.5341614907,55154.53416149069,0.3815347500752587,0.012506155676012931
1e104bf4-7a24-4624-a5b2-c2c8289c0de7,48,150.0,17.937790182531224,841499.5341614907,55154.53416149069,0.3815347500752587,0.015589480869599761
1e104bf4-7a24-4624-a5b2-c2c8289c0de7,48,150.0,20.762749744404477,719348.5341614907,55154.53416149069,0.3815347500752587,0.01932654058881979
1e104bf4-7a24-4624-a5b2-c2c8289c0de7,48,150.0,24.03260226382781,611680.5341614907,55154.53416149069,0.3815347500752587,0.023726946244994912
1e104bf4-7a24-4624-a5b2-c2c8289c0de7,48,150.0,27.81741236981361,514895.5341614907,55154.53416149069,0.3815347500752587,0.02890298122145459
1e104bf4-7a24-4624-a5b2-c2c8289c0de7,48,150.0,32.19827892366621,430098.5341614907,55154.53416149069,0.3815347500752587,0.034920982641874355
1e104bf4-7a24-4624-a5b2-c2c8289c0de7,48,150.0,37.26907276146309,356712.5341614907,55154.53416149069,0.3815347500752587,0.041762286568274645
1e104bf4-7a24-4624-a5b2-c2c8289c0de7,48,150.0,43.13844810749518,297846.5341614907,55154.53416149069,0.3815347500752587,0.04933720270863137
1e104bf4-7a24-4624-a5b2-c2c8289c0de7,48,150.0,49.93217075814364,248179.53416149068,55154.53416149069,0.3815347500752587,0.05771547696742692
1e104bf4-7a24-4624-a5b2-c2c8289c0de7,48,150.0,57.795812923256825,209482.53416149068,55154.53416149069,0.3815347500752587,0.0666230150592758
1e104bf4-7a24-4624-a5b2-c2c8289c0de7,48,150.0,66.89787246862902,178449.53416149068,55154.53416149069,0.3815347500752587,0.07609083986920395
1e104bf4-7a24-4624-a5b2-c2c8289c0de7,48,150.0,77.43338339701937,153528.53416149068,55154.53416149069,0.3815347500752587,0.08596247433362363
1e104bf4-7a24-4624-a5b2-c2c8289c0de7,48,150.0,89.62809493114324,133967.53416149068,55154.53416149069,0.3815347500752587,0.09647975859520265
1e104bf4-7a24-4624-a5b2-c2c8289c0de7,48,150.0,103.74330874576306,118658.53416149068,55154.53416149069,0.3815347500752587,0.10755722226503407
1e104bf4-7a24-4624-a5b2-c2c8289c0de7,48,150.0,120.08147799846844,106127.53416149068,55154.53416149069,0.3815347500752587,0.1193149855791207
1e104bf4-7a24-4624-a5b2-c2c8289c0de7,48,150.0,138.99268813214488,95824.53416149068,55154.53416149069,0.3815347500752587,0.1323400023582934
1e104bf4-7a24-4624-a5b2-c2c8289c0de7,48,150.0,160.88215831625678,86994.53416149068,55154.53416149069,0.3815347500752587,0.14683510133915423
1e104bf4-7a24-4624-a5b2-c2c8289c0de7,48,150.0,186.21892426376562,80770.53416149068,55154.53416149069,0.3815347500752587,0.1611895785552031
1e104bf4-7a24-4624-a5b2-c2c8289c0de7,48,150.0,215.54588847438404,75726.53416149068,55154.53416149069,0.3815347500752587,0.17808910623737037
1e104bf4-7a24-4624-a5b2-c2c8289c0de7,48,150.0,249.49145325533257,71231.53416149068,55154.53416149069,0.3815347500752587,0.1966639767462685
1e104bf4-7a24-4624-a5b2-c2c8289c0de7,48,150.0,288.7829857856707,68012.53416149068,55154.53416149069,0.3815347500752587,0.21488687462622424
1e104bf4-7a24-4624-a5b2-c2c8289c0de7,48,150.0,334.2624037463071,66757.53416149068,55154.53416149069,0.3815347500752587,0.2239375579204202
1e104bf4-7a24-4624-a5b2-c2c8289c0de7,48,150.0,386.9042154761296,66420.53416149068,55154.53416149069,0.3815347500752587,0.22630092201677354
1e104bf4-7a24-4624-a5b2-c2c8289c0de7,48,150.0,447.8364012089508,66219.53416149068,55154.53416149069,0.3815347500752587,0.2281615775154468
1e104bf4-7a24-4624-a5b2-c2c8289c0de7,48,150.0,518.3645828231037,66072.53416149068,55154.53416149069,0.3815347500752587,0.2294842066744156
1e104bf4-7a24-4624-a5b2-c2c8289c0de7,48,150.0,599.9999999999997,65961.53416149068,55154.53416149069,0.3815347500752587,0.23050554331665518
6638cfb3-3831-4fc2-9327-194b76cf22e1,48,150.0,2.0,2827905.8095238097,48609.80952380953,1.0724413988312285,0.004609278638012352
6638cfb3-3831-4fc2-9327-194b76cf22e1,48,150.0,2.3149729741653853,2693262.8095238097,48609.80952380953,1.0724413988312285,0.004792690440380182
6638cfb3-3831-4fc2-9327-194b76cf22e1,48,150.0,2.6795499355580645,2546369.8095238097,48609.80952380953,1.0724413988312285,0.005058532555143267
6638cfb3-3831-4fc2-9327-194b76cf22e1,48,150.0,3.1015428418717597,2387660.8095238097,48609.80952380953,1.0724413988312285,0.005440251837882397
6638cfb3-3831-4fc2-9327-194b76cf22e1,48,150.0,3.5899939285746147,2218684.8095238097,48609.80952380953,1.0724413988312285,0.005978547527029137
6638cfb3-3831-4fc2-9327-194b76cf22e1,48,150.0,4.1553694610340255,2039788.8095238095,48609.80952380953,1.0724413988312285,0.006730102462675633
6638cfb3-3831-4fc2-9327-194b76cf22e1,48,150.0,4.809783999982975,1859387.8095238095,48609.80952380953,1.0724413988312285,0.007741151403186059
6638cfb3-3831-4fc2-9327-194b76cf22e1,48,150.0,5.567259985766836,1675773.8095238095,48609.80952380953,1.0724413988312285,0.009101499233972611
6638cfb3-3831-4fc2-9327-194b76cf22e1,48,150.0,6.444028203601297,1496031.8095238095,48609.80952380953,1.0724413988312285,0.01087429357875924
6638cfb3-3831-4fc2-9327-194b76cf22e1,48,150.0,7.458875568048258,1324856.8095238095,48609.80952380953,1.0724413988312285,0.013127922778966761
6638cfb3-3831-4fc2-9327-194b76cf22e1,48,150.0,8.633547678847101,1161954.8095238095,48609.80952380953,1.0724413988312285,0.01594342506401378
6638cfb3-3831-4fc2-9327-194b76cf22e1,48,150.0,9.993214773849669,1013416.8095238095,48609.80952380953,1.0724413988312285,0.019389811986500773
6638cfb3-3831-4fc2-9327-194b76cf22e1,48,150.0,11.567011063246117,880704.8095238095,48609.80952380953,1.0724413988312285,0.02353150439145566
6638cfb3-3831-4fc2-9327-194b76cf22e1,48,150.0,13.388659001643386,761921.8095238095,48609.80952380953,1.0724413988312285,0.02844533305298122
6638cfb3-3831-4fc2-9327-194b76cf22e1,48,150.0,15.497191874560272,654682.8095238095,48609.80952380953,1.0724413988312285,0.034307907357033034
6638cfb3-3831-4fc2-9327-194b76cf22e1,48,150.0,17.937790182531224,558748.8095238095,48609.80952380953,1.0724413988312285,0.04126004363606227
6638cfb3-3831-4fc2-9327-194b76cf22e1,48,150.0,20.762749744404477,477086.8095238095,48609.80952380953,1.0724413988312285,0.04935548538267275
6638cfb3-3831-4fc2-9327-194b76cf22e1,48,150.0,24.03260226382781,403330.8095238095,48609.80952380953,1.0724413988312285,0.05904244923524485
6638cfb3-3831-4fc2-9327-194b76cf22e1,48,150.0,27.81741236981361,341167.8095238095,48609.80952380953,1.0724413988312285,0.0700695236368071
6638cfb3-3831-4fc2-9327-194b76cf22e1,48,150.0,32.19827892366621,285538.8095238095,48609.80952380953,1.0724413988312285,0.08293404708984747
6638cfb3-3831-4fc2-9327-194b76cf22e1,48,150.0,37.26907276146309,237072.80952380953,48609.80952380953,1.0724413988312285,0.09759179760417744
6638cfb3-3831-4fc2-9327-194b76cf22e1,48,150.0,43.13844810749518,198174.80952380953,48609.80952380953,1.0724413988312285,0.113950854611382
6638cfb3-3831-4fc2-9327-194b76cf22e1,48,150.0,49.93217075814364,166799.80952380953,48609.80952380953,1.0724413988312285,0.13184323211415297
6638cfb3-3831-4fc2-9327-194b76cf22e1,48,150.0,57.795812923256825,141137.80952380953,48609.80952380953,1.0724413988312285,0.15046861830920666
6638cfb3-3831-4fc2-9327-194b76cf22e1,48,150.0,66.89787246862902,120255.80952380953,48609.80952380953,1.0724413988312285,0.17006553659076581
6638cfb3-3831-4fc2-9327-194b76cf22e1,48,150.0,77.43338339701937,105031.80952380953,48609.80952380953,1.0724413988312285,0.19013389517382426
6638cfb3-3831-4fc2-9327-194b76cf22e1,48,150.0,89.62809493114324,93744.80952380953,48609.80952380953,1.0724413988312285,0.20858357640596675
6638cfb3-3831-4fc2-9327-194b76cf22e1,48,150.0,103.74330874576306,86334.80952380953,48609.80952380953,1.0724413988312285,0.22700031454069225
6638cfb3-3831-4fc2-9327-194b76cf22e1,48,150.0,120.08147799846844,79976.80952380953,48609.80952380953,1.0724413988312285,0.24571883863170593
6638cfb3-3831-4fc2-9327-194b76cf22e1,48,150.0,138.99268813214488,74761.80952380953,48609.80952380953,1.0724413988312285,0.26616731014863326
6638cfb3-3831-4fc2-9327-194b76cf22e1,48,150.0,160.88215831625678,70697.80952380953,48609.80952380953,1.0724413988312285,0.2874723238541532
6638cfb3-3831-4fc2-9327-194b76cf22e1,48,150.0,186.21892426376562,68106.80952380953,48609.80952380953,1.0724413988312285,0.31168054016775143
6638cfb3-3831-4fc2-9327-194b76cf22e1,48,150.0,215.54588847438404,65428.80952380953,48609.80952380953,1.0724413988312285,0.34032786793758285
6638cfb3-3831-4fc2-9327-194b76cf22e1,48,150.0,249.49145325533257,62984.80952380953,48609.80952380953,1.0724413988312285,0.374030319547182
6638cfb3-3831-4fc2-9327-194b76cf22e1,48,150.0,288.7829857856707,60894.80952380953,48609.80952380953,1.0724413988312285,0.4119666147759188
6638cfb3-3831-4fc2-9327-194b76cf22e1,48,150.0,334.2624037463071,59854.80952380953,48609.80952380953,1.0724413988312285,0.4354586576634766
6638cfb3-3831-4fc2-9327-194b76cf22e1,48,150.0,386.9042154761296,59474.80952380953,48609.80952380953,1.0724413988312285,0.44453128914774725
6638cfb3-3831-4fc2-9327-194b76cf22e1,48,150.0,447.8364012089508,59330.80952380953,48609.80952380953,1.0724413988312285,0.4473808055632565
6638cfb3-3831-4fc2-9327-194b76cf22e1,48,150.0,518.3645828231037,59275.80952380953,48609.80952380953,1.0724413988312285,0.44808693256417836
6638cfb3-3831-4fc2-9327-194b76cf22e1,48,150.0,599.9999999999997,59251.80952380953,48609.80952380953,1.0724413988312285,0.4480869297449676
749cb2b7-e57e-4453-a794-f6230e4d0226,48,150.0,2.0,3215990.711790393,53873.71179039301,0.07777137462104397,0.00025203360235869507
749cb2b7-e57e-4453-a794-f6230e4d0226,48,150.0,2.3149729741653853,3066182.711790393,53873.71179039301,0.07777137462104397,0.0002608647128265909
749cb2b7-e57e-4453-a794-f6230e4d0226,48,150.0,2.6795499355580645,2902794.711790393,53873.71179039301,0.07777137462104397,0.0002736379953179762
749cb2b7-e57e-4453-a794-f6230e4d0226,48,150.0,3.1015428418717597,2730714.711790393,53873.71179039301,0.07777137462104397,0.0002916508284204892
749cb2b7-e57e-4453-a794-f6230e4d0226,48,150.0,3.5899939285746147,2549280.711790393,53873.71179039301,0.07777137462104397,0.00031671021849666607
749cb2b7-e57e-4453-a794-f6230e4d0226,48,150.0,4.1553694610340255,2363779.711790393,53873.71179039301,0.07777137462104397,0.0003506358660000384
749cb2b7-e57e-4453-a794-f6230e4d0226,48,150.0,4.809783999982975,2174786.711790393,53873.71179039301,0.07777137462104397,0.0003959386584416792
749cb2b7-e57e-4453-a794-f6230e4d0226,48,150.0,5.567259985766836,1986711.711790393,53873.71179039301,0.07777137462104397,0.00045574373711462063
749cb2b7-e57e-4453-a794-f6230e4d0226,48,150.0,6.444028203601297,1804983.711790393,53873.71179039301,0.07777137462104397,0.0005327814670780543
749cb2b7-e57e-4453-a794-f6230e4d0226,48,150.0,7.458875568048258,1630963.711790393,53873.71179039301,0.07777137462104397,0.0006301975957259261
749cb2b7-e57e-4453-a794-f6230e4d0226,48,150.0,8.633547678847101,1465116.711790393,53873.71179039301,0.07777137462104397,0.0007535645415574586
749cb2b7-e57e-4453-a794-f6230e4d0226,48,150.0,9.993214773849669,1309608.711790393,53873.71179039301,0.07777137462104397,0.0009084701294688105
749cb2b7-e57e-4453-a794-f6230e4d0226,48,150.0,11.567011063246117,1166809.711790393,53873.71179039301,0.07777137462104397,0.0010989826027530084
749cb2b7-e57e-4453-a794-f6230e4d0226,48,150.0,13.388659001643386,1037018.711790393,53873.71179039301,0.07777137462104397,0.001333248050047471
749cb2b7-e57e-4453-a794-f6230e4d0226,48,150.0,15.497191874560272,918629.711790393,53873.71179039301,0.07777137462104397,0.0016205038261323933
749cb2b7-e57e-4453-a794-f6230e4d0226,48,150.0,17.937790182531224,812063.711790393,53873.71179039301,0.07777137462104397,0.0019669335034628397
749cb2b7-e57e-4453-a794-f6230e4d0226,48,150.0,20.762749744404477,711858.711790393,53873.71179039301,0.07777137462104397,0.002395112000261009
749cb2b7-e57e-4453-a794-f6230e4d0226,48,150.0,24.03260226382781,623139.711790393,53873.71179039301,0.07777137462104397,0.0029047227576826326
749cb2b7-e57e-4453-a794-f6230e4d0226,48,150.0,27.81741236981361,543656.711790393,53873.71179039301,0.07777137462104397,0.003517669648373497
749cb2b7-e57e-4453-a794-f6230e4d0226,48,150.0,32.19827892366621,471596.711790393,53873.71179039301,0.07777137462104397,0.004243961494398874
749cb2b7-e57e-4453-a794-f6230e4d0226,48,150.0,37.26907276146309,409007.711790393,53873.71179039301,0.07777137462104397,0.0050806202987884064
749cb2b7-e57e-4453-a794-f6230e4d0226,48,150.0,43.13844810749518,352691.711790393,53873.71179039301,0.07777137462104397,0.006074780583388711
749cb2b7-e57e-4453-a794-f6230e4d0226,48,150.0,49.93217075814364,305296.711790393,53873.71179039301,0.07777137462104397,0.007216861464542335
749cb2b7-e57e-4453-a794-f6230e4d0226,48,150.0,57.795812923256825,264687.711790393,53873.71179039301,0.07777137462104397,0.008570779141362771
749cb2b7-e57e-4453-a794-f6230e4d0226,48,150.0,66.89787246862902,230623.71179039302,53873.71179039301,0.07777137462104397,0.010105816522060062
749cb2b7-e57e-4453-a794-f6230e4d0226,48,150.0,77.43338339701937,199870.71179039302,53873.71179039301,0.07777137462104397,0.011885569801652457
749cb2b7-e57e-4453-a794-f6230e4d0226,48,150.0,89.62809493114324,174630.71179039302,53873.71179039301,0.07777137462104397,0.01389109977166114
749cb2b7-e57e-4453-a794-f6230e4d0226,48,150.0,103.74330874576306,152373.71179039302,53873.71179039301,0.07777137462104397,0.01622294552414805
749cb2b7-e57e-4453-a794-f6230e4d0226,48,150.0,120.08147799846844,133290.71179039302,53873.71179039301,0.07777137462104397,0.01882895461797214
749cb2b7-e57e-4453-a794-f6230e4d0226,48,150.0,138.99268813214488,117663.71179039302,53873.71179039301,0.07777137462104397,0.02174462697145535
749cb2b7-e57e-4453-a794-f6230e4d0226,48,150.0,160.88215831625678,104208.71179039302,53873.71179039301,0.07777137462104397,0.024931644508238707
749cb2b7-e57e-4453-a794-f6230e4d0226,48,150.0,186.21892426376562,93196.71179039302,53873.71179039301,0.07777137462104397,0.028480058980634885
749cb2b7-e57e-4453-a794-f6230e4d0226,48,150.0,215.54588847438404,84362.71179039302,53873.71179039301,0.07777137462104397,0.032370012651665656
749cb2b7-e57e-4453-a794-f6230e4d0226,48,150.0,249.49145325533257,76927.71179039302,53873.71179039301,0.07777137462104397,0.0364517248757571
749cb2b7-e57e-4453-a794-f6230e4d0226,48,150.0,288.7829857856707,71786.71179039302,53873.71179039301,0.07777137462104397,0.04088284514142479
749cb2b7-e57e-4453-a794-f6230e4d0226,48,150.0,334.2624037463071,67785.71179039302,53873.71179039301,0.07777137462104397,0.044927006184622635
749cb2b7-e57e-4453-a794-f6230e4d0226,48,150.0,386.9042154761296,66324.71179039302,53873.71179039301,0.07777137462104397,0.04674607966416873
749cb2b7-e57e-4453-a794-f6230e4d0226,48,150.0,447.8364012089508,65691.71179039302,53873.71179039301,0.07777137462104397,0.04775495622586701
749cb2b7-e57e-4453-a794-f6230e4d0226,48,150.0,518.3645828231037,65334.71179039301,53873.71179039301,0.07777137462104397,0.048519713402918614
749cb2b7-e57e-4453-a794-f6230e4d0226,48,150.0,599.9999999999997,65058.71179039301,53873.71179039301,0.07777137462104397,0.04917822731039473
d7ec0892-0a6c-4f4f-9d8f-72083692af5c,48,150.0,2.0,4825509.455026455,73399.45502645502,0.021733636411931396,0.00022044538924401413
d7ec0892-0a6c-4f4f-9d8f-72083692af5c,48,150.0,2.3149729741653853,4648331.455026455,73399.45502645502,0.021733636411931396,0.00022680904781280186
d7ec0892-0a6c-4f4f-9d8f-72083692af5c,48,150.0,2.6795499355580645,4444487.455026455,73399.45502645502,0.021733636411931396,0.00023645062067091942
d7ec0892-0a6c-4f4f-9d8f-72083692af5c,48,150.0,3.1015428418717597,4219175.455026455,73399.45502645502,0.021733636411931396,0.00025073729879409386
d7ec0892-0a6c-4f4f-9d8f-72083692af5c,48,150.0,3.5899939285746147,3969938.455026455,73399.45502645502,0.021733636411931396,0.00027167948266552765
d7ec0892-0a6c-4f4f-9d8f-72083692af5c,48,150.0,4.1553694610340255,3699811.455026455,73399.45502645502,0.021733636411931396,0.0003016096757249999
d7ec0892-0a6c-4f4f-9d8f-72083692af5c,48,150.0,4.809783999982975,3412736.455026455,73399.45502645502,0.021733636411931396,0.00034390473387607484
d7ec0892-0a6c-4f4f-9d8f-72083692af5c,48,150.0,5.567259985766836,3112039.455026455,73399.45502645502,0.021733636411931396,0.00040229195810163404
d7ec0892-0a6c-4f4f-9d8f-72083692af5c,48,150.0,6.444028203601297,2804072.455026455,73399.45502645502,0.021733636411931396,0.00048153334734064407
d7ec0892-0a6c-4f4f-9d8f-72083692af5c,48,150.0,7.458875568048258,2500589.455026455,73399.45502645502,0.021733636411931396,0.000585955778439364
d7ec0892-0a6c-4f4f-9d8f-72083692af5c,48,150.0,8.633547678847101,2202822.455026455,73399.45502645502,0.021733636411931396,0.000720537286068862
d7ec0892-0a6c-4f4f-9d8f-72083692af5c,48,150.0,9.993214773849669,1919058.455026455,73399.45502645502,0.021733636411931396,0.000890660618337936
d7ec0892-0a6c-4f4f-9d8f-72083692af5c,48,150.0,11.567011063246117,1655426.455026455,73399.45502645502,0.021733636411931396,0.001101173751337231
d7ec0892-0a6c-4f4f-9d8f-72083692af5c,48,150.0,13.388659001643386,1412639.455026455,73399.45502645502,0.021733636411931396,0.0013602449718081726
d7ec0892-0a6c-4f4f-9d8f-72083692af5c,48,150.0,15.497191874560272,1193430.455026455,73399.45502645502,0.021733636411931396,0.001667818147308176
d7ec0892-0a6c-4f4f-9d8f-72083692af5c,48,150.0,17.937790182531224,998785.455026455,73399.45502645502,0.021733636411931396,0.002035115955027662
d7ec0892-0a6c-4f4f-9d8f-72083692af5c,48,150.0,20.762749744404477,826382.455026455,73399.45502645502,0.021733636411931396,0.002459703605673751
d7ec0892-0a6c-4f4f-9d8f-72083692af5c,48,150.0,24.03260226382781,680567.455026455,73399.45502645502,0.021733636411931396,0.0029446944876381086
d7ec0892-0a6c-4f4f-9d8f-72083692af5c,48,150.0,27.81741236981361,556447.455026455,73399.45502645502,0.021733636411931396,0.0034859901795308147
d7ec0892-0a6c-4f4f-9d8f-72083692af5c,48,150.0,32.19827892366621,453221.455026455,73399.45502645502,0.021733636411931396,0.004083973965421043
d7ec0892-0a6c-4f4f-9d8f-72083692af5c,48,150.0,37.26907276146309,370965.455026455,73399.45502645502,0.021733636411931396,0.00472142323747692
d7ec0892-0a6c-4f4f-9d8f-72083692af5c,48,150.0,43.13844810749518,306308.455026455,73399.45502645502,0.021733636411931396,0.0053905166522229065
d7ec0892-0a6c-4f4f-9d8f-72083692af5c,48,150.0,49.93217075814364,254331.45502645502,73399.45502645502,0.021733636411931396,0.006099510898603938
d7ec0892-0a6c-4f4f-9d8f-72083692af5c,48,150.0,57.795812923256825,213798.45502645502,73399.45502645502,0.021733636411931396,0.0068401470545879
d7ec0892-0a6c-4f4f-9d8f-72083692af5c,48,150.0,66.89787246862902,182247.45502645502,73399.45502645502,0.021733636411931396,0.007623530466240905
d7ec0892-0a6c-4f4f-9d8f-72083692af5c,48,150.0,77.43338339701937,157684.45502645502,73399.45502645502,0.021733636411931396,0.008420358989581093
d7ec0892-0a6c-4f4f-9d8f-72083692af5c,48,150.0,89.62809493114324,138513.45502645502,73399.45502645502,0.021733636411931396,0.009254508437835424
d7ec0892-0a6c-4f4f-9d8f-72083692af5c,48,150.0,103.74330874576306,122465.45502645502,73399.45502645502,0.021733636411931396,0.010138163832255364
d7ec0892-0a6c-4f4f-9d8f-72083692af5c,48,150.0,120.08147799846844,110990.45502645502,73399.45502645502,0.021733636411931396,0.011010833310093974
d7ec0892-0a6c-4f4f-9d8f-72083692af5c,48,150.0,138.99268813214488,102383.45502645502,73399.45502645502,0.021733636411931396,0.011847936452309929
d7ec0892-0a6c-4f4f-9d8f-72083692af5c,48,150.0,160.88215831625678,96479.45502645502,73399.45502645502,0.021733636411931396,0.01267057641420093
d7ec0892-0a6c-4f4f-9d8f-72083692af5c,48,150.0,186.21892426376562,91830.45502645502,73399.45502645502,0.021733636411931396,0.013472593491705155
d7ec0892-0a6c-4f4f-9d8f-72083692af5c,48,150.0,215.54588847438404,88768.45502645502,73399.45502645502,0.021733636411931396,0.014174187338619514
d7ec0892-0a6c-4f4f-9d8f-72083692af5c,48,150.0,249.49145325533257,86987.45502645502,73399.45502645502,0.021733636411931396,0.014696530265141545
d7ec0892-0a6c-4f4f-9d8f-72083692af5c,48,150.0,288.7829857856707,85991.45502645502,73399.45502645502,0.021733636411931396,0.015066438885234746
d7ec0892-0a6c-4f4f-9d8f-72083692af5c,48,150.0,334.2624037463071,85301.45502645502,73399.45502645502,0.021733636411931396,0.015371359599281913
d7ec0892-0a6c-4f4f-9d8f-72083692af5c,48,150.0,386.9042154761296,84963.45502645502,73399.45502645502,0.021733636411931396,0.015566415540444708
d7ec0892-0a6c-4f4f-9d8f-72083692af5c,48,150.0,447.8364012089508,84778.45502645502,73399.45502645502,0.021733636411931396,0.015677878959763664
d7ec0892-0a6c-4f4f-9d8f-72083692af5c,48,150.0,518.3645828231037,84683.45502645502,73399.45502645502,0.021733636411931396,0.0157541604002487
d7ec0892-0a6c-4f4f-9d8f-72083692af5c,48,150.0,599.9999999999997,84643.45502645502,73399.45502645502,0.021733636411931396,0.01579516410905425
da8dfec1-d265-44e8-84ce-6ae9c109b8bd,48,150.0,2.0,4287487.8,67752.8,0.010072155320928967,0.00015729847665489792
da8dfec1-d265-44e8-84ce-6ae9c109b8bd,48,150.0,2.3149729741653853,4099759.8,67752.8,0.010072155320928967,0.0001613918976878109
da8dfec1-d265-44e8-84ce-6ae9c109b8bd,48,150.0,2.6795499355580645,3887712.8,67752.8,0.010072155320928967,0.00016745942264436648
da8dfec1-d265-44e8-84ce-6ae9c109b8bd,48,150.0,3.1015428418717597,3652702.8,67752.8,0.010072155320928967,0.00017642661389215375
da8dfec1-d265-44e8-84ce-6ae9c109b8bd,48,150.0,3.5899939285746147,3397844.8,67752.8,0.010072155320928967,0.0001894104107257787
da8dfec1-d265-44e8-84ce-6ae9c109b8bd,48,150.0,4.1553694610340255,3128647.8,67752.8,0.010072155320928967,0.00020777205777051792
da8dfec1-d265-44e8-84ce-6ae9c109b8bd,48,150.0,4.809783999982975,2843060.8,67752.8,0.010072155320928967,0.00023329619591313884
da8dfec1-d265-44e8-84ce-6ae9c109b8bd,48,150.0,5.567259985766836,2547536.8,67752.8,0.010072155320928967,0.0002679617200673253
da8dfec1-d265-44e8-84ce-6ae9c109b8bd,48,150.0,6.444028203601297,2255039.8,67752.8,0.010072155320928967,0.00031394198208763575
da8dfec1-d265-44e8-84ce-6ae9c109b8bd,48,150.0,7.458875568048258,1974529.8,67752.8,0.010072155320928967,0.0003723235859281962
da8dfec1-d265-44e8-84ce-6ae9c109b8bd,48,150.0,8.633547678847101,1709460.8,67752.8,0.010072155320928967,0.00044578995466459833
da8dfec1-d265-44e8-84ce-6ae9c109b8bd,48,150.0,9.993214773849669,1462996.8,67752.8,0.010072155320928967,0.0005361732784477562
da8dfec1-d265-44e8-84ce-6ae9c109b8bd,48,150.0,11.567011063246117,1239116.8,67752.8,0.010072155320928967,0.0006446057362042487
da8dfec1-d265-44e8-84ce-6ae9c109b8bd,48,150.0,13.388659001643386,1040405.8,67752.8,0.010072155320928967,0.0007719974062231892
da8dfec1-d265-44e8-84ce-6ae9c109b8bd,48,150.0,15.497191874560272,870729.8,67752.8,0.010072155320928967,0.0009204437067977084
da8dfec1-d265-44e8-84ce-6ae9c109b8bd,48,150.0,17.937790182531224,725459.8,67752.8,0.010072155320928967,0.0010885321854328328
da8dfec1-d265-44e8-84ce-6ae9c109b8bd,48,150.0,20.762749744404477,600190.8,67752.8,0.010072155320928967,0.0012788982091446802
da8dfec1-d265-44e8-84ce-6ae9c109b8bd,48,150.0,24.03260226382781,496053.8,67752.8,0.010072155320928967,0.0014895221692914052
da8dfec1-d265-44e8-84ce-6ae9c109b8bd,48,150.0,27.81741236981361,412055.8,67752.8,0.010072155320928967,0.0017214892991370462
da8dfec1-d265-44e8-84ce-6ae9c109b8bd,48,150.0,32.19827892366621,342939.8,67752.8,0.010072155320928967,0.0019760765631255893
da8dfec1-d265-44e8-84ce-6ae9c109b8bd,48,150.0,37.26907276146309,288439.8,67752.8,0.010072155320928967,0.002245892571817095
da8dfec1-d265-44e8-84ce-6ae9c109b8bd,48,150.0,43.13844810749518,241344.8,67752.8,0.010072155320928967,0.0025512423181494226
da8dfec1-d265-44e8-84ce-6ae9c109b8bd,48,150.0,49.93217075814364,203351.8,67752.8,0.010072155320928967,0.002876503072540902
da8dfec1-d265-44e8-84ce-6ae9c109b8bd,48,150.0,57.795812923256825,174076.8,67752.8,0.010072155320928967,0.0032249416659645026
da8dfec1-d265-44e8-84ce-6ae9c109b8bd,48,150.0,66.89787246862902,150754.8,67752.8,0.010072155320928967,0.003588168689418516
da8dfec1-d265-44e8-84ce-6ae9c109b8bd,48,150.0,77.43338339701937,131573.8,67752.8,0.010072155320928967,0.003985740680077033
da8dfec1-d265-44e8-84ce-6ae9c109b8bd,48,150.0,89.62809493114324,117019.8,67752.8,0.010072155320928967,0.004371680845720919
da8dfec1-d265-44e8-84ce-6ae9c109b8bd,48,150.0,103.74330874576306,106034.8,67752.8,0.010072155320928967,0.004782160342486678
da8dfec1-d265-44e8-84ce-6ae9c109b8bd,48,150.0,120.08147799846844,97024.8,67752.8,0.010072155320928967,0.005221505738257704
da8dfec1-d265-44e8-84ce-6ae9c109b8bd,48,150.0,138.99268813214488,90394.8,67752.8,0.010072155320928967,0.00566731535868498
da8dfec1-d265-44e8-84ce-6ae9c109b8bd,48,150.0,160.88215831625678,85236.8,67752.8,0.010072155320928967,0.006134850674673516
da8dfec1-d265-44e8-84ce-6ae9c109b8bd,48,150.0,186.21892426376562,81758.8,67752.8,0.010072155320928967,0.006531214036548137
da8dfec1-d265-44e8-84ce-6ae9c109b8bd,48,150.0,215.54588847438404,80104.8,67752.8,0.010072155320928967,0.0067630392780939986
da8dfec1-d265-44e8-84ce-6ae9c109b8bd,48,150.0,249.49145325533257,79330.8,67752.8,0.010072155320928967,0.0068968448091975805
da8dfec1-d265-44e8-84ce-6ae9c109b8bd,48,150.0,288.7829857856707,78941.8,67752.8,0.010072155320928967,0.006973900730048853
da8dfec1-d265-44e8-84ce-6ae9c109b8bd,48,150.0,334.2624037463071,78700.8,67752.8,0.010072155320928967,0.007027637463808649
da8dfec1-d265-44e8-84ce-6ae9c109b8bd,48,150.0,386.9042154761296,78608.8,67752.8,0.010072155320928967,0.0070462076346422325
da8dfec1-d265-44e8-84ce-6ae9c109b8bd,48,150.0,447.8364012089508,78605.8,67752.8,0.010072155320928967,0.007046207655982157
da8dfec1-d265-44e8-84ce-6ae9c109b8bd,48,150.0,518.3645828231037,78575.8,67752.8,0.010072155320928967,0.007050348962831893
da8dfec1-d265-44e8-84ce-6ae9c109b8bd,48,150.0,599.9999999999997,78575.8,67752.8,0.010072155320928967,0.007050348962831893
dab512bd-a02d-4c1f-8dbc-9155a163efc0,48,150.0,2.0,3065217.7678571427,57901.767857142855,0.3536081111700137,0.0012313905603483233
dab512bd-a02d-4c1f-8dbc-9155a163efc0,48,150.0,2.3149729741653853,2886922.7678571427,57901.767857142855,0.3536081111700137,0.0012915626608006792
dab512bd-a02d-4c1f-8dbc-9155a163efc0,48,150.0,2.6795499355580645,2700522.7678571427,57901.767857142855,0.3536081111700137,0.0013752190729477143
dab512bd-a02d-4c1f-8dbc-9155a163efc0,48,150.0,3.1015428418717597,2507382.7678571427,57901.767857142855,0.3536081111700137,0.0014909133554147998
dab512bd-a02d-4c1f-8dbc-9155a163efc0,48,150.0,3.5899939285746147,2312037.7678571427,57901.767857142855,0.3536081111700137,0.0016441515673861285
dab512bd-a02d-4c1f-8dbc-9155a163efc0,48,150.0,4.1553694610340255,2116809.7678571427,57901.767857142855,0.3536081111700137,0.001846771766881547
dab512bd-a02d-4c1f-8dbc-9155a163efc0,48,150.0,4.809783999982975,1927968.767857143,57901.767857142855,0.3536081111700137,0.002107735917968793
dab512bd-a02d-4c1f-8dbc-9155a163efc0,48,150.0,5.567259985766836,1747511.767857143,57901.767857142855,0.3536081111700137,0.0024379307041441593
dab512bd-a02d-4c1f-8dbc-9155a163efc0,48,150.0,6.444028203601297,1576891.767857143,57901.767857142855,0.3536081111700137,0.0028516178337863974
dab512bd-a02d-4c1f-8dbc-9155a163efc0,48,150.0,7.458875568048258,1419225.767857143,57901.767857142855,0.3536081111700137,0.003371465726825465
dab512bd-a02d-4c1f-8dbc-9155a163efc0,48,150.0,8.633547678847101,1273749.767857143,57901.767857142855,0.3536081111700137,0.004017253676020723
dab512bd-a02d-4c1f-8dbc-9155a163efc0,48,150.0,9.993214773849669,1136612.767857143,57901.767857142855,0.3536081111700137,0.004817085880621483
dab512bd-a02d-4c1f-8dbc-9155a163efc0,48,150.0,11.567011063246117,1012645.7678571428,57901.767857142855,0.3536081111700137,0.005807565837877343
dab512bd-a02d-4c1f-8dbc-9155a163efc0,48,150.0,13.388659001643386,897292.7678571428,57901.767857142855,0.3536081111700137,0.0070248887327107185
dab512bd-a02d-4c1f-8dbc-9155a163efc0,48,150.0,15.497191874560272,793463.7678571428,57901.767857142855,0.3536081111700137,0.008492977235625525
dab512bd-a02d-4c1f-8dbc-9155a163efc0,48,150.0,17.937790182531224,696470.7678571428,57901.767857142855,0.3536081111700137,0.010294475242549485
dab512bd-a02d-4c1f-8dbc-9155a163efc0,48,150.0,20.762749744404477,610930.7678571428,57901.767857142855,0.3536081111700137,0.012432964241931842
dab512bd-a02d-4c1f-8dbc-9155a163efc0,48,150.0,24.03260226382781,533135.7678571428,57901.767857142855,0.3536081111700137,0.014976884534981784
dab512bd-a02d-4c1f-8dbc-9155a163efc0,48,150.0,27.81741236981361,467244.76785714284,57901.767857142855,0.3536081111700137,0.017963421762335587
dab512bd-a02d-4c1f-8dbc-9155a163efc0,48,150.0,32.19827892366621,407129.76785714284,57901.767857142855,0.3536081111700137,0.021567601286832747
dab512bd-a02d-4c1f-8dbc-9155a163efc0,48,150.0,37.26907276146309,353527.76785714284,57901.767857142855,0.3536081111700137,0.025739931997568133
dab512bd-a02d-4c1f-8dbc-9155a163efc0,48,150.0,43.13844810749518,307291.76785714284,57901.767857142855,0.3536081111700137,0.030702116669271185
dab512bd-a02d-4c1f-8dbc-9155a163efc0,48,150.0,49.93217075814364,267555.76785714284,57901.767857142855,0.3536081111700137,0.03652047346527163
dab512bd-a02d-4c1f-8dbc-9155a163efc0,48,150.0,57.795812923256825,231294.76785714284,57901.767857142855,0.3536081111700137,0.043437477292145636
dab512bd-a02d-4c1f-8dbc-9155a163efc0,48,150.0,66.89787246862902,200498.76785714284,57901.767857142855,0.3536081111700137,0.05136127193478945
dab512bd-a02d-4c1f-8dbc-9155a163efc0,48,150.0,77.43338339701937,173853.76785714284,57901.767857142855,0.3536081111700137,0.06038503272471449
dab512bd-a02d-4c1f-8dbc-9155a163efc0,48,150.0,89.62809493114324,151521.76785714284,57901.767857142855,0.3536081111700137,0.07032196994302845
dab512bd-a02d-4c1f-8dbc-9155a163efc0,48,150.0,103.74330874576306,133530.76785714284,57901.767857142855,0.3536081111700137,0.08110928608897616
dab512bd-a02d-4c1f-8dbc-9155a163efc0,48,150.0,120.08147799846844,118644.76785714286,57901.767857142855,0.3536081111700137,0.09340037261753711
dab512bd-a02d-4c1f-8dbc-9155a163efc0,48,150.0,138.99268813214488,105714.76785714286,57901.767857142855,0.3536081111700137,0.10645159362861134
dab512bd-a02d-4c1f-8dbc-9155a163efc0,48,150.0,160.88215831625678,95518.76785714286,57901.767857142855,0.3536081111700137,0.12085246427944776
dab512bd-a02d-4c1f-8dbc-9155a163efc0,48,150.0,186.21892426376562,87604.76785714286,57901.767857142855,0.3536081111700137,0.13598535635333434
dab512bd-a02d-4c1f-8dbc-9155a163efc0,48,150.0,215.54588847438404,81165.76785714286,57901.767857142855,0.3536081111700137,0.1515417821857786
dab512bd-a02d-4c1f-8dbc-9155a163efc0,48,150.0,249.49145325533257,76847.76785714286,57901.767857142855,0.3536081111700137,0.16836957612016715
dab512bd-a02d-4c1f-8dbc-9155a163efc0,48,150.0,288.7829857856707,72736.76785714286,57901.767857142855,0.3536081111700137,0.18676089831996295
dab512bd-a02d-4c1f-8dbc-9155a163efc0,48,150.0,334.2624037463071,70174.76785714286,57901.767857142855,0.3536081111700137,0.20172589971607885
dab512bd-a02d-4c1f-8dbc-9155a163efc0,48,150.0,386.9042154761296,69460.76785714286,57901.767857142855,0.3536081111700137,0.2062158500223441
dab512bd-a02d-4c1f-8dbc-9155a163efc0,48,150.0,447.8364012089508,69191.76785714286,57901.767857142855,0.3536081111700137,0.20846136416129468
dab512bd-a02d-4c1f-8dbc-9155a163efc0,48,150.0,518.3645828231037,68934.76785714286,57901.767857142855,0.3536081111700137,0.21070155740073152
dab512bd-a02d-4c1f-8dbc-9155a163efc0,48,150.0,599.9999999999997,68855.76785714286,57901.767857142855,0.3536081111700137,0.21106340458388592
dc7e9403-19f7-409f-9240-05ee57cb7aea,48,150.0,2.0,4529256.610561056,70147.6105610561,0.034939112495703,0.0002325576610709069
dc7e9403-19f7-409f-9240-05ee57cb7aea,48,150.0,2.3149729741653853,4348133.610561056,70147.6105610561,0.034939112495703,0.00023901425277258386
dc7e9403-19f7-409f-9240-05ee57cb7aea,48,150.0,2.6795499355580645,4144809.610561056,70147.6105610561,0.034939112495703,0.0002485496766854268
dc7e9403-19f7-409f-9240-05ee57cb7aea,48,150.0,3.1015428418717597,3919875.610561056,70147.6105610561,0.034939112495703,0.0002625843073441645
dc7e9403-19f7-409f-9240-05ee57cb7aea,48,150.0,3.5899939285746147,3674441.610561056,70147.6105610561,0.034939112495703,0.00028282939555037545
dc7e9403-19f7-409f-9240-05ee57cb7aea,48,150.0,4.1553694610340255,3413268.610561056,70147.6105610561,0.034939112495703,0.00031131578457366845
dc7e9403-19f7-409f-9240-05ee57cb7aea,48,150.0,4.809783999982975,3136105.610561056,70147.6105610561,0.034939112495703,0.0003511181617887592
dc7e9403-19f7-409f-9240-05ee57cb7aea,48,150.0,5.567259985766836,2853183.610561056,70147.6105610561,0.034939112495703,0.0004047451917620588
dc7e9403-19f7-409f-9240-05ee57cb7aea,48,150.0,6.444028203601297,2568301.610561056,70147.6105610561,0.034939112495703,0.00047577994317450894
dc7e9403-19f7-409f-9240-05ee57cb7aea,48,150.0,7.458875568048258,2293651.610561056,70147.6105610561,0.034939112495703,0.0005666292206896288
dc7e9403-19f7-409f-9240-05ee57cb7aea,48,150.0,8.633547678847101,2030346.610561056,70147.6105610561,0.034939112495703,0.0006814640409523544
dc7e9403-19f7-409f-9240-05ee57cb7aea,48,150.0,9.993214773849669,1784899.610561056,70147.6105610561,0.034939112495703,0.0008251251260885346
dc7e9403-19f7-409f-9240-05ee57cb7aea,48,150.0,11.567011063246117,1557434.610561056,70147.6105610561,0.034939112495703,0.0010019854241680823
dc7e9403-19f7-409f-9240-05ee57cb7aea,48,150.0,13.388659001643386,1350044.610561056,70147.6105610561,0.034939112495703,0.0012156878953350028
dc7e9403-19f7-409f-9240-05ee57cb7aea,48,150.0,15.497191874560272,1163042.610561056,70147.6105610561,0.034939112495703,0.001473858580624062
dc7e9403-19f7-409f-9240-05ee57cb7aea,48,150.0,17.937790182531224,999139.6105610561,70147.6105610561,0.034939112495703,0.001775334023517517
dc7e9403-19f7-409f-9240-05ee57cb7aea,48,150.0,20.762749744404477,853488.6105610561,70147.6105610561,0.034939112495703,0.002136951623655148
dc7e9403-19f7-409f-9240-05ee57cb7aea,48,150.0,24.03260226382781,724816.6105610561,70147.6105610561,0.034939112495703,0.002556641175673953
dc7e9403-19f7-409f-9240-05ee57cb7aea,48,150.0,27.81741236981361,613624.6105610561,70147.6105610561,0.034939112495703,0.0030427443195150997
dc7e9403-19f7-409f-9240-05ee57cb7aea,48,150.0,32.19827892366621,517693.6105610561,70147.6105610561,0.034939112495703,0.003602530246974953
dc7e9403-19f7-409f-9240-05ee57cb7aea,48,150.0,37.26907276146309,436374.6105610561,70147.6105610561,0.034939112495703,0.00423690373710475
dc7e9403-19f7-409f-9240-05ee57cb7aea,48,150.0,43.13844810749518,368771.6105610561,70147.6105610561,0.034939112495703,0.004948508150548115
dc7e9403-19f7-409f-9240-05ee57cb7aea,48,150.0,49.93217075814364,313000.6105610561,70147.6105610561,0.034939112495703,0.005736915231170439
dc7e9403-19f7-409f-9240-05ee57cb7aea,48,150.0,57.795812923256825,264906.6105610561,70147.6105610561,0.034939112495703,0.006621998846569247
dc7e9403-19f7-409f-9240-05ee57cb7aea,48,150.0,66.89787246862902,226980.61056105612,70147.6105610561,0.034939112495703,0.007596647391863794
dc7e9403-19f7-409f-9240-05ee57cb7aea,48,150.0,77.43338339701937,196869.61056105612,70147.6105610561,0.034939112495703,0.00863069240186144
dc7e9403-19f7-409f-9240-05ee57cb7aea,48,150.0,89.62809493114324,171366.61056105612,70147.6105610561,0.034939112495703,0.009795152010941513
dc7e9403-19f7-409f-9240-05ee57cb7aea,48,150.0,103.74330874576306,149371.61056105612,70147.6105610561,0.034939112495703,0.011095677043203092
dc7e9403-19f7-409f-9240-05ee57cb7aea,48,150.0,120.08147799846844,132012.61056105612,70147.6105610561,0.034939112495703,0.012497873344136629
dc7e9403-19f7-409f-9240-05ee57cb7aea,48,150.0,138.99268813214488,116137.6105610561,70147.6105610561,0.034939112495703,0.014043379921587888
dc7e9403-19f7-409f-9240-05ee57cb7aea,48,150.0,160.88215831625678,105040.6105610561,70147.6105610561,0.034939112495703,0.015633131383354093
dc7e9403-19f7-409f-9240-05ee57cb7aea,48,150.0,186.21892426376562,96160.6105610561,70147.6105610561,0.034939112495703,0.01731355529671127
dc7e9403-19f7-409f-9240-05ee57cb7aea,48,150.0,215.54588847438404,89751.6105610561,70147.6105610561,0.034939112495703,0.019006545702537254
dc7e9403-19f7-409f-9240-05ee57cb7aea,48,150.0,249.49145325533257,84851.6105610561,70147.6105610561,0.034939112495703,0.020704497755693614
dc7e9403-19f7-409f-9240-05ee57cb7aea,48,150.0,288.7829857856707,82815.6105610561,70147.6105610561,0.034939112495703,0.021759763856503973
dc7e9403-19f7-409f-9240-05ee57cb7aea,48,150.0,334.2624037463071,81994.6105610561,70147.6105610561,0.034939112495703,0.022386433960918717
dc7e9403-19f7-409f-9240-05ee57cb7aea,48,150.0,386.9042154761296,81651.6105610561,70147.6105610561,0.034939112495703,0.02271782779659816
dc7e9403-19f7-409f-9240-05ee57cb7aea,48,150.0,447.8364012089508,81407.6105610561,70147.6105610561,0.034939112495703,0.02300700206831396
dc7e9403-19f7-409f-9240-05ee57cb7aea,48,150.0,518.3645828231037,81241.6105610561,70147.6105610561,0.034939112495703,0.023288244899673738
dc7e9403-19f7-409f-9240-05ee57cb7aea,48,150.0,599.9999999999997,81109.6105610561,70147.6105610561,0.034939112495703,0.023531531017248492
e8f9fba4-d151-4b00-bee7-447f0f3e752c,48,150.0,2.0,4371274.853420195,70689.85342019545,0.03732115852789589,0.0004841258711707082
e8f9fba4-d151-4b00-bee7-447f0f3e752c,48,150.0,2.3149729741653853,4161780.8534201956,70689.85342019545,0.03732115852789589,0.0005007896022194403
e8f9fba4-d151-4b00-bee7-447f0f3e752c,48,150.0,2.6795499355580645,3928535.8534201956,70689.85342019545,0.03732115852789589,0.0005254916160807297
e8f9fba4-d151-4b00-bee7-447f0f3e752c,48,150.0,3.1015428418717597,3678202.8534201956,70689.85342019545,0.03732115852789589,0.0005609250797303665
e8f9fba4-d151-4b00-bee7-447f0f3e752c,48,150.0,3.5899939285746147,3409103.8534201956,70689.85342019545,0.03732115852789589,0.000611238795607978
e8f9fba4-d151-4b00-bee7-447f0f3e752c,48,150.0,4.1553694610340255,3125443.8534201956,70689.85342019545,0.03732115852789589,0.0006816186730162434
e8f9fba4-d151-4b00-bee7-447f0f3e752c,48,150.0,4.809783999982975,2836962.8534201956,70689.85342019545,0.03732115852789589,0.0007760322576529711
e8f9fba4-d151-4b00-bee7-447f0f3e752c,48,150.0,5.567259985766836,2550708.8534201956,70689.85342019545,0.03732115852789589,0.0009002832811709792
e8f9fba4-d151-4b00-bee7-447f0f3e752c,48,150.0,6.444028203601297,2268781.8534201956,70689.85342019545,0.03732115852789589,0.0010619482388512858
e8f9fba4-d151-4b00-bee7-447f0f3e752c,48,150.0,7.458875568048258,2001789.8534201954,70689.85342019545,0.03732115852789589,0.0012656632525223327
e8f9fba4-d151-4b00-bee7-447f0f3e752c,48,150.0,8.633547678847101,1750877.8534201954,70689.85342019545,0.03732115852789589,0.0015189872815574432
e8f9fba4-d151-4b00-bee7-447f0f3e752c,48,150.0,9.993214773849669,1522669.8534201954,70689.85342019545,0.03732115852789589,0.0018258269662282834
e8f9fba4-d151-4b00-bee7-447f0f3e752c,48,150.0,11.567011063246117,1314304.8534201954,70689.85342019545,0.03732115852789589,0.0021943477881806424
e8f9fba4-d151-4b00-bee7-447f0f3e752c,48,150.0,13.388659001643386,1127567.8534201954,70689.85342019545,0.03732115852789589,0.002635161575346232
e8f9fba4-d151-4b00-bee7-447f0f3e752c,48,150.0,15.497191874560272,966286.8534201954,70689.85342019545,0.03732115852789589,0.0031411941378022383
e8f9fba4-d151-4b00-bee7-447f0f3e752c,48,150.0,17.937790182531224,823823.8534201954,70689.85342019545,0.03732115852789589,0.003731442436476425
e8f9fba4-d151-4b00-bee7-447f0f3e752c,48,150.0,20.762749744404477,701047.8534201954,70689.85342019545,0.03732115852789589,0.004416841048832338
e8f9fba4-d151-4b00-bee7-447f0f3e752c,48,150.0,24.03260226382781,594865.8534201954,70689.85342019545,0.03732115852789589,0.005207507991208415
e8f9fba4-d151-4b00-bee7-447f0f3e752c,48,150.0,27.81741236981361,506126.85342019546,70689.85342019545,0.03732115852789589,0.006104409990765398
e8f9fba4-d151-4b00-bee7-447f0f3e752c,48,150.0,32.19827892366621,428189.85342019546,70689.85342019545,0.03732115852789589,0.0071355873159399475
e8f9fba4-d151-4b00-bee7-447f0f3e752c,48,150.0,37.26907276146309,363624.85342019546,70689.85342019545,0.03732115852789589,0.008297614975921724
e8f9fba4-d151-4b00-bee7-447f0f3e752c,48,150.0,43.13844810749518,307326.85342019546,70689.85342019545,0.03732115852789589,0.009620421666762188
e8f9fba4-d151-4b00-bee7-447f0f3e752c,48,150.0,49.93217075814364,260614.85342019546,70689.85342019545,0.03732115852789589,0.011108490682419727
e8f9fba4-d151-4b00-bee7-447f0f3e752c,48,150.0,57.795812923256825,221123.85342019546,70689.85342019545,0.03732115852789589,0.012737350315304815
e8f9fba4-d151-4b00-bee7-447f0f3e752c,48,150.0,66.89787246862902,188956.85342019546,70689.85342019545,0.03732115852789589,0.01457925555598802
e8f9fba4-d151-4b00-bee7-447f0f3e752c,48,150.0,77.43338339701937,161453.85342019546,70689.85342019545,0.03732115852789589,0.016589935711221457
e8f9fba4-d151-4b00-bee7-447f0f3e752c,48,150.0,89.62809493114324,138999.85342019546,70689.85342019545,0.03732115852789589,0.018735552242300526
e8f9fba4-d151-4b00-bee7-447f0f3e752c,48,150.0,103.74330874576306,120950.85342019545,70689.85342019545,0.03732115852789589,0.02116575425519097
e8f9fba4-d151-4b00-bee7-447f0f3e752c,48,150.0,120.08147799846844,107153.85342019545,70689.85342019545,0.03732115852789589,0.023606586162868468
e8f9fba4-d151-4b00-bee7-447f0f3e752c,48,150.0,138.99268813214488,97215.85342019545,70689.85342019545,0.03732115852789589,0.025717088181831143
e8f9fba4-d151-4b00-bee7-447f0f3e752c,48,150.0,160.88215831625678,91056.85342019545,70689.85342019545,0.03732115852789589,0.02749933865713229
e8f9fba4-d151-4b00-bee7-447f0f3e752c,48,150.0,186.21892426376562,87292.85342019545,70689.85342019545,0.03732115852789589,0.028761248381954912
e8f9fba4-d151-4b00-bee7-447f0f3e752c,48,150.0,215.54588847438404,85202.85342019545,70689.85342019545,0.03732115852789589,0.029692490406834186
e8f9fba4-d151-4b00-bee7-447f0f3e752c,48,150.0,249.49145325533257,83741.85342019545,70689.85342019545,0.03732115852789589,0.030528348661989405
e8f9fba4-d151-4b00-bee7-447f0f3e752c,48,150.0,288.7829857856707,82830.85342019545,70689.85342019545,0.03732115852789589,0.03116832470358256
e8f9fba4-d151-4b00-bee7-447f0f3e752c,48,150.0,334.2624037463071,82202.85342019545,70689.85342019545,0.03732115852789589,0.031721166572620696
e8f9fba4-d151-4b00-bee7-447f0f3e752c,48,150.0,386.9042154761296,81920.85342019545,70689.85342019545,0.03732115852789589,0.032015335498379795
e8f9fba4-d151-4b00-bee7-447f0f3e752c,48,150.0,447.8364012089508,81795.85342019545,70689.85342019545,0.03732115852789589,0.03216145506124586
e8f9fba4-d151-4b00-bee7-447f0f3e752c,48,150.0,518.3645828231037,81743.85342019545,70689.85342019545,0.03732115852789589,0.03223765088920405
e8f9fba4-d151-4b00-bee7-447f0f3e752c,48,150.0,599.9999999999997,81711.85342019545,70689.85342019545,0.03732115852789589,0.03226173056497794
eebcaf65-7fa4-4118-869d-a084e84530e2,48,150.0,2.0,3002130.816399287,53275.81639928699,0.12305946166862808,0.0012544592374166374
eebcaf65-7fa4-4118-869d-a084e84530e2,48,150.0,2.3149729741653853,2838126.816399287,53275.81639928699,0.12305946166862808,0.001296940439927942
eebcaf65-7fa4-4118-869d-a084e84530e2,48,150.0,2.6795499355580645,2658589.816399287,53275.81639928699,0.12305946166862808,0.0013577201762774492
eebcaf65-7fa4-4118-869d-a084e84530e2,48,150.0,3.1015428418717597,2464346.816399287,53275.81639928699,0.12305946166862808,0.0014445678590979645
eebcaf65-7fa4-4118-869d-a084e84530e2,48,150.0,3.5899939285746147,2261663.816399287,53275.81639928699,0.12305946166862808,0.0015637819962372316
eebcaf65-7fa4-4118-869d-a084e84530e2,48,150.0,4.1553694610340255,2052193.816399287,53275.81639928699,0.12305946166862808,0.0017240920720837485
eebcaf65-7fa4-4118-869d-a084e84530e2,48,150.0,4.809783999982975,1844513.816399287,53275.81639928699,0.12305946166862808,0.0019339104091165439
eebcaf65-7fa4-4118-869d-a084e84530e2,48,150.0,5.567259985766836,1640056.816399287,53275.81639928699,0.12305946166862808,0.0022033592560082994
eebcaf65-7fa4-4118-869d-a084e84530e2,48,150.0,6.444028203601297,1445779.816399287,53275.81639928699,0.12305946166862808,0.0025410164090670403
eebcaf65-7fa4-4118-869d-a084e84530e2,48,150.0,7.458875568048258,1264388.816399287,53275.81639928699,0.12305946166862808,0.0029543437420701197
eebcaf65-7fa4-4118-869d-a084e84530e2,48,150.0,8.633547678847101,1099877.816399287,53275.81639928699,0.12305946166862808,0.003449869871933245
eebcaf65-7fa4-4118-869d-a084e84530e2,48,150.0,9.993214773849669,953963.816399287,53275.81639928699,0.12305946166862808,0.004035488635812382
eebcaf65-7fa4-4118-869d-a084e84530e2,48,150.0,11.567011063246117,823401.816399287,53275.81639928699,0.12305946166862808,0.004729419145127199
eebcaf65-7fa4-4118-869d-a084e84530e2,48,150.0,13.388659001643386,710586.816399287,53275.81639928699,0.12305946166862808,0.005531188871698873
eebcaf65-7fa4-4118-869d-a084e84530e2,48,150.0,15.497191874560272,611389.816399287,53275.81639928699,0.12305946166862808,0.0064595091613693645
eebcaf65-7fa4-4118-869d-a084e84530e2,48,150.0,17.937790182531224,526113.816399287,53275.81639928699,0.12305946166862808,0.0075362858215957595
eebcaf65-7fa4-4118-869d-a084e84530e2,48,150.0,20.762749744404477,451888.81639928697,53275.81639928699,0.12305946166862808,0.008766430485579407
eebcaf65-7fa4-4118-869d-a084e84530e2,48,150.0,24.03260226382781,387777.81639928697,53275.81639928699,0.12305946166862808,0.010170989272785064
eebcaf65-7fa4-4118-869d-a084e84530e2,48,150.0,27.81741236981361,334710.81639928697,53275.81639928699,0.12305946166862808,0.011753510179528776
eebcaf65-7fa4-4118-869d-a084e84530e2,48,150.0,32.19827892366621,289648.81639928697,53275.81639928699,0.12305946166862808,0.01355286339069039
eebcaf65-7fa4-4118-869d-a084e84530e2,48,150.0,37.26907276146309,250964.816399287,53275.81639928699,0.12305946166862808,0.015596906816763824
eebcaf65-7fa4-4118-869d-a084e84530e2,48,150.0,43.13844810749518,218781.816399287,53275.81639928699,0.12305946166862808,0.01793126979985941
eebcaf65-7fa4-4118-869d-a084e84530e2,48,150.0,49.93217075814364,190607.816399287,53275.81639928699,0.12305946166862808,0.020585983945273046
eebcaf65-7fa4-4118-869d-a084e84530e2,48,150.0,57.795812923256825,166499.816399287,53275.81639928699,0.12305946166862808,0.023711449176212734
eebcaf65-7fa4-4118-869d-a084e84530e2,48,150.0,66.89787246862902,146098.816399287,53275.81639928699,0.12305946166862808,0.027142221282646185
eebcaf65-7fa4-4118-869d-a084e84530e2,48,150.0,77.43338339701937,128730.816399287,53275.81639928699,0.12305946166862808,0.031004062807628567
eebcaf65-7fa4-4118-869d-a084e84530e2,48,150.0,89.62809493114324,114958.816399287,53275.81639928699,0.12305946166862808,0.035341469407881736
eebcaf65-7fa4-4118-869d-a084e84530e2,48,150.0,103.74330874576306,102383.816399287,53275.81639928699,0.12305946166862808,0.040099492477997614
eebcaf65-7fa4-4118-869d-a084e84530e2,48,150.0,120.08147799846844,92841.816399287,53275.81639928699,0.12305946166862808,0.04530374588283275
eebcaf65-7fa4-4118-869d-a084e84530e2,48,150.0,138.99268813214488,84194.816399287,53275.81639928699,0.12305946166862808,0.051242730984917224
eebcaf65-7fa4-4118-869d-a084e84530e2,48,150.0,160.88215831625678,77454.816399287,53275.81639928699,0.12305946166862808,0.05726347858446964
eebcaf65-7fa4-4118-869d-a084e84530e2,48,150.0,186.21892426376562,73128.816399287,53275.81639928699,0.12305946166862808,0.0627578964413482
eebcaf65-7fa4-4118-869d-a084e84530e2,48,150.0,215.54588847438404,69728.816399287,53275.81639928699,0.12305946166862808,0.06755722452700899
eebcaf65-7fa4-4118-869d-a084e84530e2,48,150.0,249.49145325533257,67617.816399287,53275.81639928699,0.12305946166862808,0.0711241419250871
eebcaf65-7fa4-4118-869d-a084e84530e2,48,150.0,288.7829857856707,66237.816399287,53275.81639928699,0.12305946166862808,0.07402748274691444
eebcaf65-7fa4-4118-869d-a084e84530e2,48,150.0,334.2624037463071,65477.81639928699,53275.81639928699,0.12305946166862808,0.0761393965861714
eebcaf65-7fa4-4118-869d-a084e84530e2,48,150.0,386.9042154761296,64903.81639928699,53275.81639928699,0.12305946166862808,0.07809963044003941
eebcaf65-7fa4-4118-869d-a084e84530e2,48,150.0,447.8364012089508,64646.81639928699,53275.81639928699,0.12305946166862808,0.0791846462308555
eebcaf65-7fa4-4118-869d-a084e84530e2,48,150.0,518.3645828231037,64433.81639928699,53275.81639928699,0.12305946166862808,0.08004361208482597
eebcaf65-7fa4-4118-869d-a084e84530e2,48,150.0,599.9999999999997,64346.81639928699,53275.81639928699,0.12305946166862808,0.08046443833261258
fe380793-8035-414e-b000-09bfe5ece92a,48,150.0,2.0,4005654.0155586987,64456.015558698724,0.18287343951025295,0.0007590168647998306
fe380793-8035-414e-b000-09bfe5ece92a,48,150.0,2.3149729741653853,3823152.0155586987,64456.015558698724,0.18287343951025295,0.0007896778293516426
fe380793-8035-414e-b000-09bfe5ece92a,48,150.0,2.6795499355580645,3624790.0155586987,64456.015558698724,0.18287343951025295,0.0008340709541042826
fe380793-8035-414e-b000-09bfe5ece92a,48,150.0,3.1015428418717597,3409802.0155586987,64456.015558698724,0.18287343951025295,0.000897213838857145
fe380793-8035-414e-b000-09bfe5ece92a,48,150.0,3.5899939285746147,3182973.0155586987,64456.015558698724,0.18287343951025295,0.0009856646868474039
fe380793-8035-414e-b000-09bfe5ece92a,48,150.0,4.1553694610340255,2945595.0155586987,64456.015558698724,0.18287343951025295,0.001107910067571309
fe380793-8035-414e-b000-09bfe5ece92a,48,150.0,4.809783999982975,2704613.0155586987,64456.015558698724,0.18287343951025295,0.0012733440939952294
fe380793-8035-414e-b000-09bfe5ece92a,48,150.0,5.567259985766836,2463871.0155586987,64456.015558698724,0.18287343951025295,0.0014921596492029373
fe380793-8035-414e-b000-09bfe5ece92a,48,150.0,6.444028203601297,2227359.0155586987,64456.015558698724,0.18287343951025295,0.0017800445683663335
fe380793-8035-414e-b000-09bfe5ece92a,48,150.0,7.458875568048258,1998706.0155586987,64456.015558698724,0.18287343951025295,0.002150812996672008
fe380793-8035-414e-b000-09bfe5ece92a,48,150.0,8.633547678847101,1779662.0155586987,64456.015558698724,0.18287343951025295,0.0026210898048743864
fe380793-8035-414e-b000-09bfe5ece92a,48,150.0,9.993214773849669,1573070.0155586987,64456.015558698724,0.18287343951025295,0.0032158403577140274
fe380793-8035-414e-b000-09bfe5ece92a,48,150.0,11.567011063246117,1382002.0155586987,64456.015558698724,0.18287343951025295,0.003951283031860576
fe380793-8035-414e-b000-09bfe5ece92a,48,150.0,13.388659001643386,1207631.0155586987,64456.015558698724,0.18287343951025295,0.004842974644214031
fe380793-8035-414e-b000-09bfe5ece92a,48,150.0,15.497191874560272,1049996.0155586987,64456.015558698724,0.18287343951025295,0.005907613120356789
fe380793-8035-414e-b000-09bfe5ece92a,48,150.0,17.937790182531224,909990.0155586987,64456.015558698724,0.18287343951025295,0.007160164275896419
fe380793-8035-414e-b000-09bfe5ece92a,48,150.0,20.762749744404477,789946.0155586987,64456.015558698724,0.18287343951025295,0.008601327863438302
fe380793-8035-414e-b000-09bfe5ece92a,48,150.0,24.03260226382781,687186.0155586987,64456.015558698724,0.18287343951025295,0.010248275624627563
fe380793-8035-414e-b000-09bfe5ece92a,48,150.0,27.81741236981361,599410.0155586987,64456.015558698724,0.18287343951025295,0.012135191519566916
fe380793-8035-414e-b000-09bfe5ece92a,48,150.0,32.19827892366621,522726.01555869874,64456.015558698724,0.18287343951025295,0.014313974123207708
fe380793-8035-414e-b000-09bfe5ece92a,48,150.0,37.26907276146309,456277.01555869874,64456.015558698724,0.18287343951025295,0.016853597428854745
fe380793-8035-414e-b000-09bfe5ece92a,48,150.0,43.13844810749518,400802.01555869874,64456.015558698724,0.18287343951025295,0.019822563427616395
fe380793-8035-414e-b000-09bfe5ece92a,48,150.0,49.93217075814364,351338.01555869874,64456.015558698724,0.18287343951025295,0.02339303657693548
fe380793-8035-414e-b000-09bfe5ece92a,48,150.0,57.795812923256825,307033.01555869874,64456.015558698724,0.18287343951025295,0.027586249496329856
fe380793-8035-414e-b000-09bfe5ece92a,48,150.0,66.89787246862902,266913.01555869874,64456.015558698724,0.18287343951025295,0.03256733417356619
fe380793-8035-414e-b000-09bfe5ece92a,48,150.0,77.43338339701937,231895.01555869874,64456.015558698724,0.18287343951025295,0.03855810067850569
fe380793-8035-414e-b000-09bfe5ece92a,48,150.0,89.62809493114324,199363.01555869874,64456.015558698724,0.18287343951025295,0.04568720097489665
fe380793-8035-414e-b000-09bfe5ece92a,48,150.0,103.74330874576306,171884.01555869874,64456.015558698724,0.18287343951025295,0.053922392300063765
fe380793-8035-414e-b000-09bfe5ece92a,48,150.0,120.08147799846844,148168.01555869874,64456.015558698724,0.18287343951025295,0.06317472878264307
fe380793-8035-414e-b000-09bfe5ece92a,48,150.0,138.99268813214488,127783.01555869872,64456.015558698724,0.18287343951025295,0.07338730810445927
fe380793-8035-414e-b000-09bfe5ece92a,48,150.0,160.88215831625678,111473.01555869872,64456.015558698724,0.18287343951025295,0.08466452882600504
fe380793-8035-414e-b000-09bfe5ece92a,48,150.0,186.21892426376562,99519.01555869872,64456.015558698724,0.18287343951025295,0.09602173261844199
fe380793-8035-414e-b000-09bfe5ece92a,48,150.0,215.54588847438404,89948.01555869872,64456.015558698724,0.18287343951025295,0.10747207632944464
fe380793-8035-414e-b000-09bfe5ece92a,48,150.0,249.49145325533257,83876.01555869872,64456.015558698724,0.18287343951025295,0.1176730973199721
fe380793-8035-414e-b000-09bfe5ece92a,48,150.0,288.7829857856707,81304.01555869872,64456.015558698724,0.18287343951025295,0.12307528816077878
fe380793-8035-414e-b000-09bfe5ece92a,48,150.0,334.2624037463071,79549.01555869872,64456.015558698724,0.18287343951025295,0.1280071975915984
fe380793-8035-414e-b000-09bfe5ece92a,48,150.0,386.9042154761296,78200.01555869872,64456.015558698724,0.18287343951025295,0.13283792060177083
fe380793-8035-414e-b000-09bfe5ece92a,48,150.0,447.8364012089508,77169.01555869872,64456.015558698724,0.18287343951025295,0.13773857223971817
fe380793-8035-414e-b000-09bfe5ece92a,48,150.0,518.3645828231037,76558.01555869872,64456.015558698724,0.18287343951025295,0.14139357198743455
fe380793-8035-414e-b000-09bfe5ece92a,48,150.0,599.9999999999997,76134.01555869872,64456.015558698724,0.18287343951025295,0.14500136833421787
1a276285-8b0e-4cc9-9f0a-a3a002978724,24,150.0,2.0,3402471.436573311,28588.436573311366,0.2132329076357336,0.0007950724776545723
1a276285-8b0e-4cc9-9f0a-a3a002978724,24,150.0,2.3149729741653853,3266266.436573311,28588.436573311366,0.2132329076357336,0.0008223886919910379
1a276285-8b0e-4cc9-9f0a-a3a002978724,24,150.0,2.6795499355580645,3115550.436573311,28588.436573311366,0.2132329076357336,0.0008627438519233338
1a276285-8b0e-4cc9-9f0a-a3a002978724,24,150.0,3.1015428418717597,2951125.436573311,28588.436573311366,0.2132329076357336,0.0009211427658972697
1a276285-8b0e-4cc9-9f0a-a3a002978724,24,150.0,3.5899939285746147,2773907.436573311,28588.436573311366,0.2132329076357336,0.0010043955661836656
1a276285-8b0e-4cc9-9f0a-a3a002978724,24,150.0,4.1553694610340255,2586350.436573311,28588.436573311366,0.2132329076357336,0.0011214791107014201
1a276285-8b0e-4cc9-9f0a-a3a002978724,24,150.0,4.809783999982975,2390141.436573311,28588.436573311366,0.2132329076357336,0.0012844590046521037
1a276285-8b0e-4cc9-9f0a-a3a002978724,24,150.0,5.567259985766836,2188528.436573311,28588.436573311366,0.2132329076357336,0.0015059990239632704
1a276285-8b0e-4cc9-9f0a-a3a002978724,24,150.0,6.444028203601297,1987717.4365733115,28588.436573311366,0.2132329076357336,0.0018003022375993622
1a276285-8b0e-4cc9-9f0a-a3a002978724,24,150.0,7.458875568048258,1787312.4365733115,28588.436573311366,0.2132329076357336,0.00219282125892738
1a276285-8b0e-4cc9-9f0a-a3a002978724,24,150.0,8.633547678847101,1591248.4365733115,28588.436573311366,0.2132329076357336,0.0027008656820502485
1a276285-8b0e-4cc9-9f0a-a3a002978724,24,150.0,9.993214773849669,1404203.4365733115,28588.436573311366,0.2132329076357336,0.0033463923027998196
1a276285-8b0e-4cc9-9f0a-a3a002978724,24,150.0,11.567011063246117,1229242.4365733115,28588.436573311366,0.2132329076357336,0.004149117803163782
1a276285-8b0e-4cc9-9f0a-a3a002978724,24,150.0,13.388659001643386,1068354.4365733115,28588.436573311366,0.2132329076357336,0.005131319828378404
1a276285-8b0e-4cc9-9f0a-a3a002978724,24,150.0,15.497191874560272,924645.4365733113,28588.436573311366,0.2132329076357336,0.006285823029332369
1a276285-8b0e-4cc9-9f0a-a3a002978724,24,150.0,17.937790182531224,796367.4365733113,28588.436573311366,0.2132329076357336,0.007651052597397134
1a276285-8b0e-4cc9-9f0a-a3a002978724,24,150.0,20.762749744404477,686955.4365733113,28588.436573311366,0.2132329076357336,0.00921059609319361
1a276285-8b0e-4cc9-9f0a-a3a002978724,24,150.0,24.03260226382781,592705.4365733113,28588.436573311366,0.2132329076357336,0.010980117855915083
1a276285-8b0e-4cc9-9f0a-a3a002978724,24,150.0,27.81741236981361,514636.43657331134,28588.436573311366,0.2132329076357336,0.012976060016538955
1a276285-8b0e-4cc9-9f0a-a3a002978724,24,150.0,32.19827892366621,445407.43657331134,28588.436573311366,0.2132329076357336,0.015273827739062183
1a276285-8b0e-4cc9-9f0a-a3a002978724,24,150.0,37.26907276146309,386191.43657331134,28588.436573311366,0.2132329076357336,0.01795439924147638
1a276285-8b0e-4cc9-9f0a-a3a002978724,24,150.0,43.13844810749518,336983.43657331134,28588.436573311366,0.2132329076357336,0.02105563395576559
1a276285-8b0e-4cc9-9f0a-a3a002978724,24,150.0,49.93217075814364,293763.43657331134,28588.436573311366,0.2132329076357336,0.024750640618209238
1a276285-8b0e-4cc9-9f0a-a3a002978724,24,150.0,57.795812923256825,255005.43657331137,28588.436573311366,0.2132329076357336,0.029174210060144787
1a276285-8b0e-4cc9-9f0a-a3a002978724,24,150.0,66.89787246862902,218315.43657331137,28588.436573311366,0.2132329076357336,0.03452117297448624
1a276285-8b0e-4cc9-9f0a-a3a002978724,24,150.0,77.43338339701937,187300.43657331137,28588.436573311366,0.2132329076357336,0.04097601709183758
1a276285-8b0e-4cc9-9f0a-a3a002978724,24,150.0,89.62809493114324,158049.43657331137,28588.436573311366,0.2132329076357336,0.04866806855189023
1a276285-8b0e-4cc9-9f0a-a3a002978724,24,150.0,103.74330874576306,134104.43657331137,28588.436573311366,0.2132329076357336,0.057660397973516755
1a276285-8b0e-4cc9-9f0a-a3a002978724,24,150.0,120.08147799846844,111087.43657331137,28588.436573311366,0.2132329076357336,0.06825035545555953
1a276285-8b0e-4cc9-9f0a-a3a002978724,24,150.0,138.99268813214488,91714.43657331137,28588.436573311366,0.2132329076357336,0.0800289012164767
1a276285-8b0e-4cc9-9f0a-a3a002978724,24,150.0,160.88215831625678,75156.43657331137,28588.436573311366,0.2132329076357336,0.09341893971696401
1a276285-8b0e-4cc9-9f0a-a3a002978724,24,150.0,186.21892426376562,63057.43657331137,28588.436573311366,0.2132329076357336,0.10756641360318284
1a276285-8b0e-4cc9-9f0a-a3a002978724,24,150.0,215.54588847438404,53260.43657331137,28588.436573311366,0.2132329076357336,0.12154363161071673
1a276285-8b0e-4cc9-9f0a-a3a002978724,24,150.0,249.49145325533257,46856.43657331137,28588.436573311366,0.2132329076357336,0.13489087502683228
1a276285-8b0e-4cc9-9f0a-a3a002978724,24,150.0,288.7829857856707,44023.43657331137,28588.436573311366,0.2132329076357336,0.1421132125102203
1a276285-8b0e-4cc9-9f0a-a3a002978724,24,150.0,334.2624037463071,42387.43657331137,28588.436573311366,0.2132329076357336,0.1475290307086016
1a276285-8b0e-4cc9-9f0a-a3a002978724,24,150.0,386.9042154761296,41405.43657331137,28588.436573311366,0.2132329076357336,0.15173653163707929
1a276285-8b0e-4cc9-9f0a-a3a002978724,24,150.0,447.8364012089508,40683.43657331137,28588.436573311366,0.2132329076357336,0.15574913910285607
1a276285-8b0e-4cc9-9f0a-a3a002978724,24,150.0,518.3645828231037,40180.43657331137,28588.436573311366,0.2132329076357336,0.15917498559266224
1a276285-8b0e-4cc9-9f0a-a3a002978724,24,150.0,599.9999999999997,39882.43657331137,28588.436573311366,0.2132329076357336,0.16211881103554082
1e104bf4-7a24-4624-a5b2-c2c8289c0de7,24,150.0,2.0,3347790.596273292,28381.596273291925,0.3815347500752587,0.0014569672852015336
1e104bf4-7a24-4624-a5b2-c2c8289c0de7,24,150.0,2.3149729741653853,3205586.596273292,28381.596273291925,0.3815347500752587,0.0015164390431344282
1e104bf4-7a24-4624-a5b2-c2c8289c0de7,24,150.0,2.6795499355580645,3050527.596273292,28381.596273291925,0.3815347500752587,0.0016020751378906725
1e104bf4-7a24-4624-a5b2-c2c8289c0de7,24,150.0,3.1015428418717597,2883922.596273292,28381.596273291925,0.3815347500752587,0.001725586665328582
1e104bf4-7a24-4624-a5b2-c2c8289c0de7,24,150.0,3.5899939285746147,2708155.596273292,28381.596273291925,0.3815347500752587,0.0018988119545877839
1e104bf4-7a24-4624-a5b2-c2c8289c0de7,24,150.0,4.1553694610340255,2522360.596273292,28381.596273291925,0.3815347500752587,0.0021385099422884953
1e104bf4-7a24-4624-a5b2-c2c8289c0de7,24,150.0,4.809783999982975,2335217.596273292,28381.596273291925,0.3815347500752587,0.002464546952572565
1e104bf4-7a24-4624-a5b2-c2c8289c0de7,24,150.0,5.567259985766836,2143520.596273292,28381.596273291925,0.3815347500752587,0.0029045673128213043
1e104bf4-7a24-4624-a5b2-c2c8289c0de7,24,150.0,6.444028203601297,1953539.5962732919,28381.596273291925,0.3815347500752587,0.003482225215270761
1e104bf4-7a24-4624-a5b2-c2c8289c0de7,24,150.0,7.458875568048258,1764174.5962732919,28381.596273291925,0.3815347500752587,0.004240717043741211
1e104bf4-7a24-4624-a5b2-c2c8289c0de7,24,150.0,8.633547678847101,1582984.5962732919,28381.596273291925,0.3815347500752587,0.005222251946667172
1e104bf4-7a24-4624-a5b2-c2c8289c0de7,24,150.0,9.993214773849669,1409290.5962732919,28381.596273291925,0.3815347500752587,0.006473924199616208
1e104bf4-7a24-4624-a5b2-c2c8289c0de7,24,150.0,11.567011063246117,1246639.5962732919,28381.596273291925,0.3815347500752587,0.00806220370234062
1e104bf4-7a24-4624-a5b2-c2c8289c0de7,24,150.0,13.388659001643386,1092336.5962732919,28381.596273291925,0.3815347500752587,0.010049341190730188
1e104bf4-7a24-4624-a5b2-c2c8289c0de7,24,150.0,15.497191874560272,948999.596273292,28381.596273291925,0.3815347500752587,0.012541082626724827
1e104bf4-7a24-4624-a5b2-c2c8289c0de7,24,150.0,17.937790182531224,814278.596273292,28381.596273291925,0.3815347500752587,0.01562287704245105
1e104bf4-7a24-4624-a5b2-c2c8289c0de7,24,150.0,20.762749744404477,692477.596273292,28381.596273291925,0.3815347500752587,0.019356610543712575
1e104bf4-7a24-4624-a5b2-c2c8289c0de7,24,150.0,24.03260226382781,584634.596273292,28381.596273291925,0.3815347500752587,0.023754805060077957
1e104bf4-7a24-4624-a5b2-c2c8289c0de7,24,150.0,27.81741236981361,488018.5962732919,28381.596273291925,0.3815347500752587,0.028928199308352547
1e104bf4-7a24-4624-a5b2-c2c8289c0de7,24,150.0,32.19827892366621,403173.5962732919,28381.596273291925,0.3815347500752587,0.03494341613652759
1e104bf4-7a24-4624-a5b2-c2c8289c0de7,24,150.0,37.26907276146309,329856.5962732919,28381.596273291925,0.3815347500752587,0.041784705781391256
1e104bf4-7a24-4624-a5b2-c2c8289c0de7,24,150.0,43.13844810749518,271067.5962732919,28381.596273291925,0.3815347500752587,0.049354321562428034
1e104bf4-7a24-4624-a5b2-c2c8289c0de7,24,150.0,49.93217075814364,221378.5962732919,28381.596273291925,0.3815347500752587,0.057727963591251104
1e104bf4-7a24-4624-a5b2-c2c8289c0de7,24,150.0,57.795812923256825,182710.5962732919,28381.596273291925,0.3815347500752587,0.06663249890481071
1e104bf4-7a24-4624-a5b2-c2c8289c0de7,24,150.0,66.89787246862902,151675.5962732919,28381.596273291925,0.3815347500752587,0.07609944376529988
1e104bf4-7a24-4624-a5b2-c2c8289c0de7,24,150.0,77.43338339701937,126763.59627329193,28381.596273291925,0.3815347500752587,0.08596762322770679
1e104bf4-7a24-4624-a5b2-c2c8289c0de7,24,150.0,89.62809493114324,107204.59627329193,28381.596273291925,0.3815347500752587,0.09648258700384273
1e104bf4-7a24-4624-a5b2-c2c8289c0de7,24,150.0,103.74330874576306,91884.59627329193,28381.596273291925,0.3815347500752587,0.10756063038363849
1e104bf4-7a24-4624-a5b2-c2c8289c0de7,24,150.0,120.08147799846844,79353.59627329193,28381.596273291925,0.3815347500752587,0.11932229045318073
1e104bf4-7a24-4624-a5b2-c2c8289c0de7,24,150.0,138.99268813214488,69054.59627329193,28381.596273291925,0.3815347500752587,0.1323463444218257
1e104bf4-7a24-4624-a5b2-c2c8289c0de7,24,150.0,160.88215831625678,60204.59627329193,28381.596273291925,0.3815347500752587,0.14687203254578557
1e104bf4-7a24-4624-a5b2-c2c8289c0de7,24,150.0,186.21892426376562,53990.59627329193,28381.596273291925,0.3815347500752587,0.16120641791078757
1e104bf4-7a24-4624-a5b2-c2c8289c0de7,24,150.0,215.54588847438404,48953.59627329193,28381.596273291925,0.3815347500752587,0.17809289224519737
1e104bf4-7a24-4624-a5b2-c2c8289c0de7,24,150.0,249.49145325533257,44462.59627329193,28381.596273291925,0.3815347500752587,0.19666716261699646
1e104bf4-7a24-4624-a5b2-c2c8289c0de7,24,150.0,288.7829857856707,41235.59627329193,28381.596273291925,0.3815347500752587,0.21488958804103103
1e104bf4-7a24-4624-a5b2-c2c8289c0de7,24,150.0,334.2624037463071,39982.59627329193,28381.596273291925,0.3815347500752587,0.22393993815476532
1e104bf4-7a24-4624-a5b2-c2c8289c0de7,24,150.0,386.9042154761296,39649.59627329193,28381.596273291925,0.3815347500752587,0.2263031692253079
1e104bf4-7a24-4624-a5b2-c2c8289c0de7,24,150.0,447.8364012089508,39447.59627329193,28381.596273291925,0.3815347500752587,0.22816365339386815
1e104bf4-7a24-4624-a5b2-c2c8289c0de7,24,150.0,518.3645828231037,39302.59627329193,28381.596273291925,0.3815347500752587,0.2294861774957457
1e104bf4-7a24-4624-a5b2-c2c8289c0de7,24,150.0,599.9999999999997,39192.59627329193,28381.596273291925,0.3815347500752587,0.23050747926797524
6638cfb3-3831-4fc2-9327-194b76cf22e1,24,150.0,2.0,2804222.3714285716,25272.37142857143,1.0724413988312285,0.004622353070279609
6638cfb3-3831-4fc2-9327-194b76cf22e1,24,150.0,2.3149729741653853,2669984.3714285716,25272.37142857143,1.0724413988312285,0.004805389099456209
6638cfb3-3831-4fc2-9327-194b76cf22e1,24,150.0,2.6795499355580645,2522843.3714285716,25272.37142857143,1.0724413988312285,0.005071400497786225
6638cfb3-3831-4fc2-9327-194b76cf22e1,24,150.0,3.1015428418717597,2364146.3714285716,25272.37142857143,1.0724413988312285,0.00545310638766803
6638cfb3-3831-4fc2-9327-194b76cf22e1,24,150.0,3.5899939285746147,2195373.3714285716,25272.37142857143,1.0724413988312285,0.005990785936391789
6638cfb3-3831-4fc2-9327-194b76cf22e1,24,150.0,4.1553694610340255,2016228.3714285714,25272.37142857143,1.0724413988312285,0.006743996007199609
6638cfb3-3831-4fc2-9327-194b76cf22e1,24,150.0,4.809783999982975,1835915.3714285714,25272.37142857143,1.0724413988312285,0.007754280539921122
6638cfb3-3831-4fc2-9327-194b76cf22e1,24,150.0,5.567259985766836,1652169.3714285714,25272.37142857143,1.0724413988312285,0.0091155327465212
6638cfb3-3831-4fc2-9327-194b76cf22e1,24,150.0,6.444028203601297,1472574.3714285714,25272.37142857143,1.0724413988312285,0.010887493049828051
6638cfb3-3831-4fc2-9327-194b76cf22e1,24,150.0,7.458875568048258,1301255.3714285714,25272.37142857143,1.0724413988312285,0.0131431445912001
6638cfb3-3831-4fc2-9327-194b76cf22e1,24,150.0,8.633547678847101,1138518.3714285714,25272.37142857143,1.0724413988312285,0.01595518053663076
6638cfb3-3831-4fc2-9327-194b76cf22e1,24,150.0,9.993214773849669,989962.3714285714,25272.37142857143,1.0724413988312285,0.01940210792560973
6638cfb3-3831-4fc2-9327-194b76cf22e1,24,150.0,11.567011063246117,857443.3714285714,25272.37142857143,1.0724413988312285,0.02353976854327956
6638cfb3-3831-4fc2-9327-194b76cf22e1,24,150.0,13.388659001643386,738434.3714285714,25272.37142857143,1.0724413988312285,0.028460262691241082
6638cfb3-3831-4fc2-9327-194b76cf22e1,24,150.0,15.497191874560272,631318.3714285714,25272.37142857143,1.0724413988312285,0.03432109260144658
6638cfb3-3831-4fc2-9327-194b76cf22e1,24,150.0,17.937790182531224,535353.3714285714,25272.37142857143,1.0724413988312285,0.04127218498686286
6638cfb3-3831-4fc2-9327-194b76cf22e1,24,150.0,20.762749744404477,453670.3714285714,25272.37142857143,1.0724413988312285,0.049374665843500434
6638cfb3-3831-4fc2-9327-194b76cf22e1,24,150.0,24.03260226382781,380005.3714285714,25272.37142857143,1.0724413988312285,0.05904942840119671
6638cfb3-3831-4fc2-9327-194b76cf22e1,24,150.0,27.81741236981361,317819.3714285714,25272.37142857143,1.0724413988312285,0.07007586665309408
6638cfb3-3831-4fc2-9327-194b76cf22e1,24,150.0,32.19827892366621,262214.3714285714,25272.37142857143,1.0724413988312285,0.08293976690711005
6638cfb3-3831-4fc2-9327-194b76cf22e1,24,150.0,37.26907276146309,213756.37142857144,25272.37142857143,1.0724413988312285,0.09760093266409983
6638cfb3-3831-4fc2-9327-194b76cf22e1,24,150.0,43.13844810749518,174840.37142857144,25272.37142857143,1.0724413988312285,0.11396546734388996
6638cfb3-3831-4fc2-9327-194b76cf22e1,24,150.0,49.93217075814364,143462.37142857144,25272.37142857143,1.0724413988312285,0.13184948699620394
6638cfb3-3831-4fc2-9327-194b76cf22e1,24,150.0,57.795812923256825,117792.37142857144,25272.37142857143,1.0724413988312285,0.15048133489352358
6638cfb3-3831-4fc2-9327-194b76cf22e1,24,150.0,66.89787246862902,96930.37142857144,25272.37142857143,1.0724413988312285,0.17006596492960532
6638cfb3-3831-4fc2-9327-194b76cf22e1,24,150.0,77.43338339701937,81691.37142857144,25272.37142857143,1.0724413988312285,0.1901383775732353
6638cfb3-3831-4fc2-9327-194b76cf22e1,24,150.0,89.62809493114324,70413.37142857144,25272.37142857143,1.0724413988312285,0.20858798946727636
6638cfb3-3831-4fc2-9327-194b76cf22e1,24,150.0,103.74330874576306,62999.37142857143,25272.37142857143,1.0724413988312285,0.2270046662993404
6638cfb3-3831-4fc2-9327-194b76cf22e1,24,150.0,120.08147799846844,56636.37142857143,25272.37142857143,1.0724413988312285,0.2457231202592953
6638cfb3-3831-4fc2-9327-194b76cf22e1,24,150.0,138.99268813214488,51426.37142857143,25272.37142857143,1.0724413988312285,0.2661714344965219
6638cfb3-3831-4fc2-9327-194b76cf22e1,24,150.0,160.88215831625678,47359.37142857143,25272.37142857143,1.0724413988312285,0.2874762588742083
6638cfb3-3831-4fc2-9327-194b76cf22e1,24,150.0,186.21892426376562,44774.37142857143,25272.37142857143,1.0724413988312285,0.31168425391444543
6638cfb3-3831-4fc2-9327-194b76cf22e1,24,150.0,215.54588847438404,42090.37142857143,25272.37142857143,1.0724413988312285,0.34033131841971914
6638cfb3-3831-4fc2-9327-194b76cf22e1,24,150.0,249.49145325533257,39649.37142857143,25272.37142857143,1.0724413988312285,0.3740335008889739
6638cfb3-3831-4fc2-9327-194b76cf22e1,24,150.0,288.7829857856707,37556.37142857143,25272.37142857143,1.0724413988312285,0.41196952961209965
6638cfb3-3831-4fc2-9327-194b76cf22e1,24,150.0,334.2624037463071,36510.37142857143,25272.37142857143,1.0724413988312285,0.4354613568731887
6638cfb3-3831-4fc2-9327-194b76cf22e1,24,150.0,386.9042154761296,36133.37142857143,25272.37142857143,1.0724413988312285,0.44453392268375574
6638cfb3-3831-4fc2-9327-194b76cf22e1,24,150.0,447.8364012089508,35986.37142857143,25272.37142857143,1.0724413988312285,0.44738340785517716
6638cfb3-3831-4fc2-9327-194b76cf22e1,24,150.0,518.3645828231037,35931.37142857143,25272.37142857143,1.0724413988312285,0.4480895092933023
6638cfb3-3831-4fc2-9327-194b76cf22e1,24,150.0,599.9999999999997,35907.37142857143,25272.37142857143,1.0724413988312285,0.44808950647409945
749cb2b7-e57e-4453-a794-f6230e4d0226,24,150.0,2.0,3189728.3915574965,27852.39155749636,0.07777137462104397,0.00025407170795475865
749cb2b7-e57e-4453-a794-f6230e4d0226,24,150.0,2.3149729741653853,3039859.3915574965,27852.39155749636,0.07777137462104397,0.000262902407487903
749cb2b7-e57e-4453-a794-f6230e4d0226,24,150.0,2.6795499355580645,2876563.3915574965,27852.39155749636,0.07777137462104397,0.00027568107112431776
749cb2b7-e57e-4453-a794-f6230e4d0226,24,150.0,3.1015428418717597,2704787.3915574965,27852.39155749636,0.07777137462104397,0.0002936624086441497
749cb2b7-e57e-4453-a794-f6230e4d0226,24,150.0,3.5899939285746147,2522961.3915574965,27852.39155749636,0.07777137462104397,0.00031878538423754703
749cb2b7-e57e-4453-a794-f6230e4d0226,24,150.0,4.1553694610340255,2337143.3915574965,27852.39155749636,0.07777137462104397,0.0003527351900332771
749cb2b7-e57e-4453-a794-f6230e4d0226,24,150.0,4.809783999982975,2148195.3915574965,27852.39155749636,0.07777137462104397,0.00039805646133954397
749cb2b7-e57e-4453-a794-f6230e4d0226,24,150.0,5.567259985766836,1960526.3915574963,27852.39155749636,0.07777137462104397,0.00045780901231473126
749cb2b7-e57e-4453-a794-f6230e4d0226,24,150.0,6.444028203601297,1778984.3915574963,27852.39155749636,0.07777137462104397,0.0005347755769488044
749cb2b7-e57e-4453-a794-f6230e4d0226,24,150.0,7.458875568048258,1604867.3915574963,27852.39155749636,0.07777137462104397,0.000632205727454088
749cb2b7-e57e-4453-a794-f6230e4d0226,24,150.0,8.633547678847101,1438971.3915574963,27852.39155749636,0.07777137462104397,0.000755587024569931
749cb2b7-e57e-4453-a794-f6230e4d0226,24,150.0,9.993214773849669,1283399.3915574963,27852.39155749636,0.07777137462104397,0.0009105464148637094
749cb2b7-e57e-4453-a794-f6230e4d0226,24,150.0,11.567011063246117,1140579.3915574963,27852.39155749636,0.07777137462104397,0.0011009154987490818
749cb2b7-e57e-4453-a794-f6230e4d0226,24,150.0,13.388659001643386,1010929.3915574964,27852.39155749636,0.07777137462104397,0.0013351441839941026
749cb2b7-e57e-4453-a794-f6230e4d0226,24,150.0,15.497191874560272,892428.3915574964,27852.39155749636,0.07777137462104397,0.0016225941893417853
749cb2b7-e57e-4453-a794-f6230e4d0226,24,150.0,17.937790182531224,785942.3915574964,27852.39155749636,0.07777137462104397,0.0019687429829981207
749cb2b7-e57e-4453-a794-f6230e4d0226,24,150.0,20.762749744404477,685880.3915574964,27852.39155749636,0.07777137462104397,0.0023967000335008396
749cb2b7-e57e-4453-a794-f6230e4d0226,24,150.0,24.03260226382781,597091.3915574964,27852.39155749636,0.07777137462104397,0.0029066587517691
749cb2b7-e57e-4453-a794-f6230e4d0226,24,150.0,27.81741236981361,517593.3915574964,27852.39155749636,0.07777137462104397,0.0035195197580879323
749cb2b7-e57e-4453-a794-f6230e4d0226,24,150.0,32.19827892366621,445644.3915574964,27852.39155749636,0.07777137462104397,0.004245006514291772
749cb2b7-e57e-4453-a794-f6230e4d0226,24,150.0,37.26907276146309,382950.3915574964,27852.39155749636,0.07777137462104397,0.005081996755487037
749cb2b7-e57e-4453-a794-f6230e4d0226,24,150.0,43.13844810749518,326666.3915574964,27852.39155749636,0.07777137462104397,0.00607591207773938
749cb2b7-e57e-4453-a794-f6230e4d0226,24,150.0,49.93217075814364,279309.3915574964,27852.39155749636,0.07777137462104397,0.007218104823490679
749cb2b7-e57e-4453-a794-f6230e4d0226,24,150.0,57.795812923256825,238665.39155749636,27852.39155749636,0.07777137462104397,0.008572947029767398
749cb2b7-e57e-4453-a794-f6230e4d0226,24,150.0,66.89787246862902,204631.39155749636,27852.39155749636,0.07777137462104397,0.010106781705835545
749cb2b7-e57e-4453-a794-f6230e4d0226,24,150.0,77.43338339701937,173875.39155749636,27852.39155749636,0.07777137462104397,0.01188599690685739
749cb2b7-e57e-4453-a794-f6230e4d0226,24,150.0,89.62809493114324,148600.39155749636,27852.39155749636,0.07777137462104397,0.013893145122080475
749cb2b7-e57e-4453-a794-f6230e4d0226,24,150.0,103.74330874576306,126340.39155749636,27852.39155749636,0.07777137462104397,0.01622529652505308
749cb2b7-e57e-4453-a794-f6230e4d0226,24,150.0,120.08147799846844,107264.39155749636,27852.39155749636,0.07777137462104397,0.01883109993083935
749cb2b7-e57e-4453-a794-f6230e4d0226,24,150.0,138.99268813214488,91643.39155749636,27852.39155749636,0.07777137462104397,0.02174620337868887
749cb2b7-e57e-4453-a794-f6230e4d0226,24,150.0,160.88215831625678,78191.39155749636,27852.39155749636,0.07777137462104397,0.024931023203292622
749cb2b7-e57e-4453-a794-f6230e4d0226,24,150.0,186.21892426376562,67169.39155749636,27852.39155749636,0.07777137462104397,0.028483025391355575
749cb2b7-e57e-4453-a794-f6230e4d0226,24,150.0,215.54588847438404,58349.39155749636,27852.39155749636,0.07777137462104397,0.03236856525604185
749cb2b7-e57e-4453-a794-f6230e4d0226,24,150.0,249.49145325533257,50906.39155749636,27852.39155749636,0.07777137462104397,0.036452142946503695
749cb2b7-e57e-4453-a794-f6230e4d0226,24,150.0,288.7829857856707,45764.39155749636,27852.39155749636,0.07777137462104397,0.040883202911479934
749cb2b7-e57e-4453-a794-f6230e4d0226,24,150.0,334.2624037463071,41766.39155749636,27852.39155749636,0.07777137462104397,0.04492732082213426
749cb2b7-e57e-4453-a794-f6230e4d0226,24,150.0,386.9042154761296,40315.39155749636,27852.39155749636,0.07777137462104397,0.04674635776885445
749cb2b7-e57e-4453-a794-f6230e4d0226,24,150.0,447.8364012089508,39678.39155749636,27852.39155749636,0.07777137462104397,0.047755201351262655
749cb2b7-e57e-4453-a794-f6230e4d0226,24,150.0,518.3645828231037,39317.39155749636,27852.39155749636,0.07777137462104397,0.048519942499551466
749cb2b7-e57e-4453-a794-f6230e4d0226,24,150.0,599.9999999999997,39046.39155749636,27852.39155749636,0.07777137462104397,0.04917843384058592
d7ec0892-0a6c-4f4f-9d8f-72083692af5c,24,150.0,2.0,4789591.668430335,37883.6684303351,0.021733636411931396,0.00022380262800532734
d7ec0892-0a6c-4f4f-9d8f-72083692af5c,24,150.0,2.3149729741653853,4611211.668430335,37883.6684303351,0.021733636411931396,0.00023020397623138323
d7ec0892-0a6c-4f4f-9d8f-72083692af5c,24,150.0,2.6795499355580645,4407693.668430335,37883.6684303351,0.021733636411931396,0.00023983010958385099
d7ec0892-0a6c-4f4f-9d8f-72083692af5c,24,150.0,3.1015428418717597,4183220.668430335,37883.6684303351,0.021733636411931396,0.00025411762176148637
d7ec0892-0a6c-4f4f-9d8f-72083692af5c,24,150.0,3.5899939285746147,3932717.668430335,37883.6684303351,0.021733636411931396,0.00027505889075574467
d7ec0892-0a6c-4f4f-9d8f-72083692af5c,24,150.0,4.1553694610340255,3662966.668430335,37883.6684303351,0.021733636411931396,0.0003049801576894115
d7ec0892-0a6c-4f4f-9d8f-72083692af5c,24,150.0,4.809783999982975,3376811.668430335,37883.6684303351,0.021733636411931396,0.0003471780065755766
d7ec0892-0a6c-4f4f-9d8f-72083692af5c,24,150.0,5.567259985766836,3074564.668430335,37883.6684303351,0.021733636411931396,0.0004057818336376425
d7ec0892-0a6c-4f4f-9d8f-72083692af5c,24,150.0,6.444028203601297,2767668.668430335,37883.6684303351,0.021733636411931396,0.00048479911921085907
d7ec0892-0a6c-4f4f-9d8f-72083692af5c,24,150.0,7.458875568048258,2463703.668430335,37883.6684303351,0.021733636411931396,0.0005892619187807143
d7ec0892-0a6c-4f4f-9d8f-72083692af5c,24,150.0,8.633547678847101,2166308.668430335,37883.6684303351,0.021733636411931396,0.0007237163754692381
d7ec0892-0a6c-4f4f-9d8f-72083692af5c,24,150.0,9.993214773849669,1882894.6684303351,37883.6684303351,0.021733636411931396,0.0008936930024615013
d7ec0892-0a6c-4f4f-9d8f-72083692af5c,24,150.0,11.567011063246117,1619279.6684303351,37883.6684303351,0.021733636411931396,0.0011042167031967232
d7ec0892-0a6c-4f4f-9d8f-72083692af5c,24,150.0,13.388659001643386,1376826.6684303351,37883.6684303351,0.021733636411931396,0.0013629972433432977
d7ec0892-0a6c-4f4f-9d8f-72083692af5c,24,150.0,15.497191874560272,1157636.6684303351,37883.6684303351,0.021733636411931396,0.0016702544395953717
d7ec0892-0a6c-4f4f-9d8f-72083692af5c,24,150.0,17.937790182531224,963215.6684303351,37883.6684303351,0.021733636411931396,0.0020372465764667484
d7ec0892-0a6c-4f4f-9d8f-72083692af5c,24,150.0,20.762749744404477,790826.6684303351,37883.6684303351,0.021733636411931396,0.002461746604924324
d7ec0892-0a6c-4f4f-9d8f-72083692af5c,24,150.0,24.03260226382781,644910.6684303351,37883.6684303351,0.021733636411931396,0.0029468385160621086
d7ec0892-0a6c-4f4f-9d8f-72083692af5c,24,150.0,27.81741236981361,520858.6684303351,37883.6684303351,0.021733636411931396,0.003487808825483313
d7ec0892-0a6c-4f4f-9d8f-72083692af5c,24,150.0,32.19827892366621,417714.6684303351,37883.6684303351,0.021733636411931396,0.004085705009665654
d7ec0892-0a6c-4f4f-9d8f-72083692af5c,24,150.0,37.26907276146309,335426.6684303351,37883.6684303351,0.021733636411931396,0.004723207303919197
d7ec0892-0a6c-4f4f-9d8f-72083692af5c,24,150.0,43.13844810749518,270773.6684303351,37883.6684303351,0.021733636411931396,0.005392156452098329
d7ec0892-0a6c-4f4f-9d8f-72083692af5c,24,150.0,49.93217075814364,218801.6684303351,37883.6684303351,0.021733636411931396,0.006101134033262638
d7ec0892-0a6c-4f4f-9d8f-72083692af5c,24,150.0,57.795812923256825,178260.6684303351,37883.6684303351,0.021733636411931396,0.006842187156877317
d7ec0892-0a6c-4f4f-9d8f-72083692af5c,24,150.0,66.89787246862902,146707.6684303351,37883.6684303351,0.021733636411931396,0.007625441035553626
d7ec0892-0a6c-4f4f-9d8f-72083692af5c,24,150.0,77.43338339701937,122145.66843033509,37883.6684303351,0.021733636411931396,0.008421542662152979
d7ec0892-0a6c-4f4f-9d8f-72083692af5c,24,150.0,89.62809493114324,102988.66843033509,37883.6684303351,0.021733636411931396,0.009256312528661855
d7ec0892-0a6c-4f4f-9d8f-72083692af5c,24,150.0,103.74330874576306,86941.66843033509,37883.6684303351,0.021733636411931396,0.010138973918572974
d7ec0892-0a6c-4f4f-9d8f-72083692af5c,24,150.0,120.08147799846844,75467.66843033509,37883.6684303351,0.021733636411931396,0.011010951679379863
d7ec0892-0a6c-4f4f-9d8f-72083692af5c,24,150.0,138.99268813214488,66858.66843033509,37883.6684303351,0.021733636411931396,0.011848969187417348
d7ec0892-0a6c-4f4f-9d8f-72083692af5c,24,150.0,160.88215831625678,60974.6684303351,37883.6684303351,0.021733636411931396,0.012669982079285859
d7ec0892-0a6c-4f4f-9d8f-72083692af5c,24,150.0,186.21892426376562,56315.6684303351,37883.6684303351,0.021733636411931396,0.013473829683304855
d7ec0892-0a6c-4f4f-9d8f-72083692af5c,24,150.0,215.54588847438404,53246.6684303351,37883.6684303351,0.021733636411931396,0.01417585309551057
d7ec0892-0a6c-4f4f-9d8f-72083692af5c,24,150.0,249.49145325533257,51471.6684303351,37883.6684303351,0.021733636411931396,0.014696883138835033
d7ec0892-0a6c-4f4f-9d8f-72083692af5c,24,150.0,288.7829857856707,50479.6684303351,37883.6684303351,0.021733636411931396,0.015066759403274788
d7ec0892-0a6c-4f4f-9d8f-72083692af5c,24,150.0,334.2624037463071,49789.6684303351,37883.6684303351,0.021733636411931396,0.01537165750509216
d7ec0892-0a6c-4f4f-9d8f-72083692af5c,24,150.0,386.9042154761296,49452.6684303351,37883.6684303351,0.021733636411931396,0.01556669521174165
d7ec0892-0a6c-4f4f-9d8f-72083692af5c,24,150.0,447.8364012089508,49268.6684303351,37883.6684303351,0.021733636411931396,0.015678148226070873
d7ec0892-0a6c-4f4f-9d8f-72083692af5c,24,150.0,518.3645828231037,49175.6684303351,37883.6684303351,0.021733636411931396,0.01575442614050194
d7ec0892-0a6c-4f4f-9d8f-72083692af5c,24,150.0,599.9999999999997,49132.6684303351,37883.6684303351,0.021733636411931396,0.015795425821392834
da8dfec1-d265-44e8-84ce-6ae9c109b8bd,24,150.0,2.0,4254776.876190476,35059.87619047619,0.010072155320928967,0.00015882799254026854
da8dfec1-d265-44e8-84ce-6ae9c109b8bd,24,150.0,2.3149729741653853,4066675.876190476,35059.87619047619,0.010072155320928967,0.00016293026746654735
da8dfec1-d265-44e8-84ce-6ae9c109b8bd,24,150.0,2.6795499355580645,3853864.876190476,35059.87619047619,0.010072155320928967,0.00016902275872486335
da8dfec1-d265-44e8-84ce-6ae9c109b8bd,24,150.0,3.1015428418717597,3619726.876190476,35059.87619047619,0.010072155320928967,0.000177972332500448
da8dfec1-d265-44e8-84ce-6ae9c109b8bd,24,150.0,3.5899939285746147,3364689.876190476,35059.87619047619,0.010072155320928967,0.00019096179635571452
da8dfec1-d265-44e8-84ce-6ae9c109b8bd,24,150.0,4.1553694610340255,3094263.876190476,35059.87619047619,0.010072155320928967,0.00020936516669761718
da8dfec1-d265-44e8-84ce-6ae9c109b8bd,24,150.0,4.809783999982975,2809679.876190476,35059.87619047619,0.010072155320928967,0.00023481904048679807
da8dfec1-d265-44e8-84ce-6ae9c109b8bd,24,150.0,5.567259985766836,2514071.876190476,35059.87619047619,0.010072155320928967,0.0002694716737472537
da8dfec1-d265-44e8-84ce-6ae9c109b8bd,24,150.0,6.444028203601297,2221160.876190476,35059.87619047619,0.010072155320928967,0.0003155488181408843
da8dfec1-d265-44e8-84ce-6ae9c109b8bd,24,150.0,7.458875568048258,1941078.8761904761,35059.87619047619,0.010072155320928967,0.0003738379038711654
da8dfec1-d265-44e8-84ce-6ae9c109b8bd,24,150.0,8.633547678847101,1675944.8761904761,35059.87619047619,0.010072155320928967,0.00044719525102501024
da8dfec1-d265-44e8-84ce-6ae9c109b8bd,24,150.0,9.993214773849669,1429760.8761904761,35059.87619047619,0.010072155320928967,0.0005376657460292114
da8dfec1-d265-44e8-84ce-6ae9c109b8bd,24,150.0,11.567011063246117,1206019.8761904761,35059.87619047619,0.010072155320928967,0.0006460097168254954
da8dfec1-d265-44e8-84ce-6ae9c109b8bd,24,150.0,13.388659001643386,1007370.8761904762,35059.87619047619,0.010072155320928967,0.000773356060511059
da8dfec1-d265-44e8-84ce-6ae9c109b8bd,24,150.0,15.497191874560272,837864.8761904762,35059.87619047619,0.010072155320928967,0.0009216353347778476
da8dfec1-d265-44e8-84ce-6ae9c109b8bd,24,150.0,17.937790182531224,692483.8761904762,35059.87619047619,0.010072155320928967,0.0010897353852437688
da8dfec1-d265-44e8-84ce-6ae9c109b8bd,24,150.0,20.762749744404477,567362.8761904762,35059.87619047619,0.010072155320928967,0.001279916952418251
da8dfec1-d265-44e8-84ce-6ae9c109b8bd,24,150.0,24.03260226382781,463174.8761904762,35059.87619047619,0.010072155320928967,0.0014907371407802603
da8dfec1-d265-44e8-84ce-6ae9c109b8bd,24,150.0,27.81741236981361,379308.8761904762,35059.87619047619,0.010072155320928967,0.0017223972914499467
da8dfec1-d265-44e8-84ce-6ae9c109b8bd,24,150.0,32.19827892366621,310217.8761904762,35059.87619047619,0.010072155320928967,0.0019768479713059626
da8dfec1-d265-44e8-84ce-6ae9c109b8bd,24,150.0,37.26907276146309,255751.87619047618,35059.87619047619,0.010072155320928967,0.002246343828614237
da8dfec1-d265-44e8-84ce-6ae9c109b8bd,24,150.0,43.13844810749518,208569.87619047618,35059.87619047619,0.010072155320928967,0.0025521107333848834
da8dfec1-d265-44e8-84ce-6ae9c109b8bd,24,150.0,49.93217075814364,170632.87619047618,35059.87619047619,0.010072155320928967,0.0028774611422638825
da8dfec1-d265-44e8-84ce-6ae9c109b8bd,24,150.0,57.795812923256825,141373.87619047618,35059.87619047619,0.010072155320928967,0.0032257575657812254
da8dfec1-d265-44e8-84ce-6ae9c109b8bd,24,150.0,66.89787246862902,118038.87619047619,35059.87619047619,0.010072155320928967,0.003588763329510396
da8dfec1-d265-44e8-84ce-6ae9c109b8bd,24,150.0,77.43338339701937,98871.87619047619,35059.87619047619,0.010072155320928967,0.0039861296308045064
da8dfec1-d265-44e8-84ce-6ae9c109b8bd,24,150.0,89.62809493114324,84312.87619047619,35059.87619047619,0.010072155320928967,0.004372184699012084
da8dfec1-d265-44e8-84ce-6ae9c109b8bd,24,150.0,103.74330874576306,73315.87619047619,35059.87619047619,0.010072155320928967,0.004783544309212099
da8dfec1-d265-44e8-84ce-6ae9c109b8bd,24,150.0,120.08147799846844,64327.87619047619,35059.87619047619,0.010072155320928967,0.0052220290215285745
da8dfec1-d265-44e8-84ce-6ae9c109b8bd,24,150.0,138.99268813214488,57707.87619047619,35059.87619047619,0.010072155320928967,0.005667236928337275
da8dfec1-d265-44e8-84ce-6ae9c109b8bd,24,150.0,160.88215831625678,52533.87619047619,35059.87619047619,0.010072155320928967,0.006135501411547855
da8dfec1-d265-44e8-84ce-6ae9c109b8bd,24,150.0,186.21892426376562,49058.87619047619,35059.87619047619,0.010072155320928967,0.006531895918386022
da8dfec1-d265-44e8-84ce-6ae9c109b8bd,24,150.0,215.54588847438404,47410.87619047619,35059.87619047619,0.010072155320928967,0.0067639320003595885
da8dfec1-d265-44e8-84ce-6ae9c109b8bd,24,150.0,249.49145325533257,46643.87619047619,35059.87619047619,0.010072155320928967,0.006896985437052769
da8dfec1-d265-44e8-84ce-6ae9c109b8bd,24,150.0,288.7829857856707,46255.87619047619,35059.87619047619,0.010072155320928967,0.006974025746274062
da8dfec1-d265-44e8-84ce-6ae9c109b8bd,24,150.0,334.2624037463071,46013.87619047619,35059.87619047619,0.010072155320928967,0.007027755005744441
da8dfec1-d265-44e8-84ce-6ae9c109b8bd,24,150.0,386.9042154761296,45920.87619047619,35059.87619047619,0.010072155320928967,0.007046323839795844
da8dfec1-d265-44e8-84ce-6ae9c109b8bd,24,150.0,447.8364012089508,45915.87619047619,35059.87619047619,0.010072155320928967,0.007046323861137017
da8dfec1-d265-44e8-84ce-6ae9c109b8bd,24,150.0,518.3645828231037,45885.87619047619,35059.87619047619,0.010072155320928967,0.007050463133805322
da8dfec1-d265-44e8-84ce-6ae9c109b8bd,24,150.0,599.9999999999997,45885.87619047619,35059.87619047619,0.010072155320928967,0.007050463133805322
dab512bd-a02d-4c1f-8dbc-9155a163efc0,24,150.0,2.0,3037179.1071428573,29777.10714285714,0.3536081111700137,0.0012368208026739768
dab512bd-a02d-4c1f-8dbc-9155a163efc0,24,150.0,2.3149729741653853,2859178.1071428573,29777.10714285714,0.3536081111700137,0.0012969383828457398
dab512bd-a02d-4c1f-8dbc-9155a163efc0,24,150.0,2.6795499355580645,2672509.1071428573,29777.10714285714,0.3536081111700137,0.0013806095709726152
dab512bd-a02d-4c1f-8dbc-9155a163efc0,24,150.0,3.1015428418717597,2479428.1071428573,29777.10714285714,0.3536081111700137,0.0014961759097882595
dab512bd-a02d-4c1f-8dbc-9155a163efc0,24,150.0,3.5899939285746147,2283963.1071428573,29777.10714285714,0.3536081111700137,0.0016494680153015056
dab512bd-a02d-4c1f-8dbc-9155a163efc0,24,150.0,4.1553694610340255,2088613.107142857,29777.10714285714,0.3536081111700137,0.0018521181262144643
dab512bd-a02d-4c1f-8dbc-9155a163efc0,24,150.0,4.809783999982975,1899870.107142857,29777.10714285714,0.3536081111700137,0.002113091478118891
dab512bd-a02d-4c1f-8dbc-9155a163efc0,24,150.0,5.567259985766836,1719209.107142857,29777.10714285714,0.3536081111700137,0.002443419042975118
dab512bd-a02d-4c1f-8dbc-9155a163efc0,24,150.0,6.444028203601297,1548549.107142857,29777.10714285714,0.3536081111700137,0.0028574112166419893
dab512bd-a02d-4c1f-8dbc-9155a163efc0,24,150.0,7.458875568048258,1391197.107142857,29777.10714285714,0.3536081111700137,0.0033767347159965816
dab512bd-a02d-4c1f-8dbc-9155a163efc0,24,150.0,8.633547678847101,1245554.107142857,29777.10714285714,0.3536081111700137,0.004023243758224012
dab512bd-a02d-4c1f-8dbc-9155a163efc0,24,150.0,9.993214773849669,1108503.107142857,29777.10714285714,0.3536081111700137,0.00482281115029423
dab512bd-a02d-4c1f-8dbc-9155a163efc0,24,150.0,11.567011063246117,984348.1071428572,29777.10714285714,0.3536081111700137,0.005814009149465709
dab512bd-a02d-4c1f-8dbc-9155a163efc0,24,150.0,13.388659001643386,869191.1071428572,29777.10714285714,0.3536081111700137,0.007030298655396052
dab512bd-a02d-4c1f-8dbc-9155a163efc0,24,150.0,15.497191874560272,765244.1071428572,29777.10714285714,0.3536081111700137,0.008499337629329301
dab512bd-a02d-4c1f-8dbc-9155a163efc0,24,150.0,17.937790182531224,668405.1071428572,29777.10714285714,0.3536081111700137,0.010297781130271038
dab512bd-a02d-4c1f-8dbc-9155a163efc0,24,150.0,20.762749744404477,582835.1071428572,29777.10714285714,0.3536081111700137,0.012437665722409622
dab512bd-a02d-4c1f-8dbc-9155a163efc0,24,150.0,24.03260226382781,505032.10714285716,29777.10714285714,0.3536081111700137,0.014982548054033078
dab512bd-a02d-4c1f-8dbc-9155a163efc0,24,150.0,27.81741236981361,439103.10714285716,29777.10714285714,0.3536081111700137,0.01796704325719217
dab512bd-a02d-4c1f-8dbc-9155a163efc0,24,150.0,32.19827892366621,379021.10714285716,29777.10714285714,0.3536081111700137,0.021571602187179167
dab512bd-a02d-4c1f-8dbc-9155a163efc0,24,150.0,37.26907276146309,325413.10714285716,29777.10714285714,0.3536081111700137,0.02574241593207703
dab512bd-a02d-4c1f-8dbc-9155a163efc0,24,150.0,43.13844810749518,279151.10714285716,29777.10714285714,0.3536081111700137,0.03070660251307157
dab512bd-a02d-4c1f-8dbc-9155a163efc0,24,150.0,49.93217075814364,239410.10714285713,29777.10714285714,0.3536081111700137,0.03652471384350007
dab512bd-a02d-4c1f-8dbc-9155a163efc0,24,150.0,57.795812923256825,203177.10714285713,29777.10714285714,0.3536081111700137,0.0434410534662777
dab512bd-a02d-4c1f-8dbc-9155a163efc0,24,150.0,66.89787246862902,172369.10714285713,29777.10714285714,0.3536081111700137,0.0513644134520051
dab512bd-a02d-4c1f-8dbc-9155a163efc0,24,150.0,77.43338339701937,145729.10714285713,29777.10714285714,0.3536081111700137,0.06038847316157402
dab512bd-a02d-4c1f-8dbc-9155a163efc0,24,150.0,89.62809493114324,123406.10714285714,29777.10714285714,0.3536081111700137,0.0703201887427205
dab512bd-a02d-4c1f-8dbc-9155a163efc0,24,150.0,103.74330874576306,105389.10714285714,29777.10714285714,0.3536081111700137,0.08111086366624401
dab512bd-a02d-4c1f-8dbc-9155a163efc0,24,150.0,120.08147799846844,90519.10714285714,29777.10714285714,0.3536081111700137,0.09339898934945699
dab512bd-a02d-4c1f-8dbc-9155a163efc0,24,150.0,138.99268813214488,77584.10714285714,29777.10714285714,0.3536081111700137,0.1064595871811074
dab512bd-a02d-4c1f-8dbc-9155a163efc0,24,150.0,160.88215831625678,67392.10714285714,29777.10714285714,0.3536081111700137,0.12085371404690043
dab512bd-a02d-4c1f-8dbc-9155a163efc0,24,150.0,186.21892426376562,59482.107142857145,29777.10714285714,0.3536081111700137,0.13598648220898157
dab512bd-a02d-4c1f-8dbc-9155a163efc0,24,150.0,215.54588847438404,53041.107142857145,29777.10714285714,0.3536081111700137,0.15154280775107118
dab512bd-a02d-4c1f-8dbc-9155a163efc0,24,150.0,249.49145325533257,48724.107142857145,29777.10714285714,0.3536081111700137,0.1683704635976095
dab512bd-a02d-4c1f-8dbc-9155a163efc0,24,150.0,288.7829857856707,44607.107142857145,29777.10714285714,0.3536081111700137,0.18676166854228524
dab512bd-a02d-4c1f-8dbc-9155a163efc0,24,150.0,334.2624037463071,42052.107142857145,29777.10714285714,0.3536081111700137,0.20172654533807202
dab512bd-a02d-4c1f-8dbc-9155a163efc0,24,150.0,386.9042154761296,41338.107142857145,29777.10714285714,0.3536081111700137,0.20621641417470746
dab512bd-a02d-4c1f-8dbc-9155a163efc0,24,150.0,447.8364012089508,41070.107142857145,29777.10714285714,0.3536081111700137,0.20846188138196564
dab512bd-a02d-4c1f-8dbc-9155a163efc0,24,150.0,518.3645828231037,40811.107142857145,29777.10714285714,0.3536081111700137,0.21070202696392706
dab512bd-a02d-4c1f-8dbc-9155a163efc0,24,150.0,599.9999999999997,40733.107142857145,29777.10714285714,0.3536081111700137,0.2110638660327888
dc7e9403-19f7-409f-9240-05ee57cb7aea,24,150.0,2.0,4494636.174917492,36221.17491749175,0.034939112495703,0.00023556181601733808
dc7e9403-19f7-409f-9240-05ee57cb7aea,24,150.0,2.3149729741653853,4313002.174917492,36221.17491749175,0.034939112495703,0.00024203294295225148
dc7e9403-19f7-409f-9240-05ee57cb7aea,24,150.0,2.6795499355580645,4110037.1749174916,36221.17491749175,0.034939112495703,0.0002515598564083863
dc7e9403-19f7-409f-9240-05ee57cb7aea,24,150.0,3.1015428418717597,3885065.1749174916,36221.17491749175,0.034939112495703,0.00026559164016473765
dc7e9403-19f7-409f-9240-05ee57cb7aea,24,150.0,3.5899939285746147,3639553.1749174916,36221.17491749175,0.034939112495703,0.0002858208205495067
dc7e9403-19f7-409f-9240-05ee57cb7aea,24,150.0,4.1553694610340255,3378451.1749174916,36221.17491749175,0.034939112495703,0.0003143531423439067
dc7e9403-19f7-409f-9240-05ee57cb7aea,24,150.0,4.809783999982975,3101514.1749174916,36221.17491749175,0.034939112495703,0.00035410476075538864
dc7e9403-19f7-409f-9240-05ee57cb7aea,24,150.0,5.567259985766836,2818368.1749174916,36221.17491749175,0.034939112495703,0.00040778550495785876
dc7e9403-19f7-409f-9240-05ee57cb7aea,24,150.0,6.444028203601297,2533388.1749174916,36221.17491749175,0.034939112495703,0.00047883258042632836
dc7e9403-19f7-409f-9240-05ee57cb7aea,24,150.0,7.458875568048258,2258908.1749174916,36221.17491749175,0.034939112495703,0.0005696725920794922
dc7e9403-19f7-409f-9240-05ee57cb7aea,24,150.0,8.633547678847101,1995906.1749174919,36221.17491749175,0.034939112495703,0.0006843955576863736
dc7e9403-19f7-409f-9240-05ee57cb7aea,24,150.0,9.993214773849669,1750198.1749174919,36221.17491749175,0.034939112495703,0.0008282046542933364
dc7e9403-19f7-409f-9240-05ee57cb7aea,24,150.0,11.567011063246117,1522926.1749174919,36221.17491749175,0.034939112495703,0.0010048240278611824
dc7e9403-19f7-409f-9240-05ee57cb7aea,24,150.0,13.388659001643386,1315567.1749174919,36221.17491749175,0.034939112495703,0.0012185054765778984
dc7e9403-19f7-409f-9240-05ee57cb7aea,24,150.0,15.497191874560272,1128934.1749174919,36221.17491749175,0.034939112495703,0.0014765658771782437
dc7e9403-19f7-409f-9240-05ee57cb7aea,24,150.0,17.937790182531224,964892.1749174917,36221.17491749175,0.034939112495703,0.0017778863397174946
dc7e9403-19f7-409f-9240-05ee57cb7aea,24,150.0,20.762749744404477,819440.1749174917,36221.17491749175,0.034939112495703,0.002139333435139651
dc7e9403-19f7-409f-9240-05ee57cb7aea,24,150.0,24.03260226382781,690765.1749174917,36221.17491749175,0.034939112495703,0.002559238138131859
dc7e9403-19f7-409f-9240-05ee57cb7aea,24,150.0,27.81741236981361,579474.1749174917,36221.17491749175,0.034939112495703,0.0030450718476837594
dc7e9403-19f7-409f-9240-05ee57cb7aea,24,150.0,32.19827892366621,483713.17491749173,36221.17491749175,0.034939112495703,0.003604923400116369
dc7e9403-19f7-409f-9240-05ee57cb7aea,24,150.0,37.26907276146309,402308.17491749173,36221.17491749175,0.034939112495703,0.004239058257633926
dc7e9403-19f7-409f-9240-05ee57cb7aea,24,150.0,43.13844810749518,334832.17491749173,36221.17491749175,0.034939112495703,0.00495045551728239
dc7e9403-19f7-409f-9240-05ee57cb7aea,24,150.0,49.93217075814364,279123.17491749173,36221.17491749175,0.034939112495703,0.005738348964329517
dc7e9403-19f7-409f-9240-05ee57cb7aea,24,150.0,57.795812923256825,230983.17491749173,36221.17491749175,0.034939112495703,0.006623507275254992
dc7e9403-19f7-409f-9240-05ee57cb7aea,24,150.0,66.89787246862902,193079.17491749173,36221.17491749175,0.034939112495703,0.0075969877370615285
dc7e9403-19f7-409f-9240-05ee57cb7aea,24,150.0,77.43338339701937,162947.17491749173,36221.17491749175,0.034939112495703,0.008631897724552536
dc7e9403-19f7-409f-9240-05ee57cb7aea,24,150.0,89.62809493114324,137457.17491749173,36221.17491749175,0.034939112495703,0.00979628549115235
dc7e9403-19f7-409f-9240-05ee57cb7aea,24,150.0,103.74330874576306,115446.17491749175,36221.17491749175,0.034939112495703,0.011096964874601371
dc7e9403-19f7-409f-9240-05ee57cb7aea,24,150.0,120.08147799846844,98077.17491749175,36221.17491749175,0.034939112495703,0.012499289281745927
dc7e9403-19f7-409f-9240-05ee57cb7aea,24,150.0,138.99268813214488,82219.17491749175,36221.17491749175,0.034939112495703,0.014043619737970704
dc7e9403-19f7-409f-9240-05ee57cb7aea,24,150.0,160.88215831625678,71116.17491749175,36221.17491749175,0.034939112495703,0.015633749443086053
dc7e9403-19f7-409f-9240-05ee57cb7aea,24,150.0,186.21892426376562,62232.17491749175,36221.17491749175,0.034939112495703,0.017314590559013337
dc7e9403-19f7-409f-9240-05ee57cb7aea,24,150.0,215.54588847438404,55829.17491749175,36221.17491749175,0.034939112495703,0.01900703864574821
dc7e9403-19f7-409f-9240-05ee57cb7aea,24,150.0,249.49145325533257,50923.17491749175,36221.17491749175,0.034939112495703,0.020704911485360394
dc7e9403-19f7-409f-9240-05ee57cb7aea,24,150.0,288.7829857856707,48884.17491749175,36221.17491749175,0.034939112495703,0.02176420781339729
dc7e9403-19f7-409f-9240-05ee57cb7aea,24,150.0,334.2624037463071,48073.17491749175,36221.17491749175,0.034939112495703,0.022386748109608667
dc7e9403-19f7-409f-9240-05ee57cb7aea,24,150.0,386.9042154761296,47726.17491749175,36221.17491749175,0.034939112495703,0.022718089600843754
dc7e9403-19f7-409f-9240-05ee57cb7aea,24,150.0,447.8364012089508,47485.17491749175,36221.17491749175,0.034939112495703,0.023007245618913572
dc7e9403-19f7-409f-9240-05ee57cb7aea,24,150.0,518.3645828231037,47321.17491749175,36221.17491749175,0.034939112495703,0.02328847411291013
dc7e9403-19f7-409f-9240-05ee57cb7aea,24,150.0,599.9999999999997,47191.17491749175,36221.17491749175,0.034939112495703,0.023531747140965144
e8f9fba4-d151-4b00-bee7-447f0f3e752c,24,150.0,2.0,4337705.306188925,36491.30618892508,0.03732115852789589,0.0004947374841615638
e8f9fba4-d151-4b00-bee7-447f0f3e752c,24,150.0,2.3149729741653853,4127491.306188925,36491.30618892508,0.03732115852789589,0.0005114632897015986
e8f9fba4-d151-4b00-bee7-447f0f3e752c,24,150.0,2.6795499355580645,3894896.306188925,36491.30618892508,0.03732115852789589,0.0005361179006737876
e8f9fba4-d151-4b00-bee7-447f0f3e752c,24,150.0,3.1015428418717597,3643844.306188925,36491.30618892508,0.03732115852789589,0.0005716276090890556
e8f9fba4-d151-4b00-bee7-447f0f3e752c,24,150.0,3.5899939285746147,3375229.306188925,36491.30618892508,0.03732115852789589,0.0006218992163714625
e8f9fba4-d151-4b00-bee7-447f0f3e752c,24,150.0,4.1553694610340255,3091183.306188925,36491.30618892508,0.03732115852789589,0.0006922669433922493
e8f9fba4-d151-4b00-bee7-447f0f3e752c,24,150.0,4.809783999982975,2802285.306188925,36491.30618892508,0.03732115852789589,0.0007868070657277707
e8f9fba4-d151-4b00-bee7-447f0f3e752c,24,150.0,5.567259985766836,2516736.306188925,36491.30618892508,0.03732115852789589,0.0009107693778629204
e8f9fba4-d151-4b00-bee7-447f0f3e752c,24,150.0,6.444028203601297,2233603.306188925,36491.30618892508,0.03732115852789589,0.0010731996968663365
e8f9fba4-d151-4b00-bee7-447f0f3e752c,24,150.0,7.458875568048258,1967251.3061889252,36491.30618892508,0.03732115852789589,0.0012765657756804213
e8f9fba4-d151-4b00-bee7-447f0f3e752c,24,150.0,8.633547678847101,1715814.3061889252,36491.30618892508,0.03732115852789589,0.0015302134188514634
e8f9fba4-d151-4b00-bee7-447f0f3e752c,24,150.0,9.993214773849669,1487597.3061889252,36491.30618892508,0.03732115852789589,0.0018368084614046722
e8f9fba4-d151-4b00-bee7-447f0f3e752c,24,150.0,11.567011063246117,1279471.3061889252,36491.30618892508,0.03732115852789589,0.0022051031118121896
e8f9fba4-d151-4b00-bee7-447f0f3e752c,24,150.0,13.388659001643386,1092919.3061889252,36491.30618892508,0.03732115852789589,0.0026452034871256155
e8f9fba4-d151-4b00-bee7-447f0f3e752c,24,150.0,15.497191874560272,931556.306188925,36491.30618892508,0.03732115852789589,0.0031514393847806763
e8f9fba4-d151-4b00-bee7-447f0f3e752c,24,150.0,17.937790182531224,789205.306188925,36491.30618892508,0.03732115852789589,0.0037415022391454186
e8f9fba4-d151-4b00-bee7-447f0f3e752c,24,150.0,20.762749744404477,666353.306188925,36491.30618892508,0.03732115852789589,0.0044266244189771955
e8f9fba4-d151-4b00-bee7-447f0f3e752c,24,150.0,24.03260226382781,560469.306188925,36491.30618892508,0.03732115852789589,0.0052153092706719705
e8f9fba4-d151-4b00-bee7-447f0f3e752c,24,150.0,27.81741236981361,471783.30618892505,36491.30618892508,0.03732115852789589,0.006112267776542291
e8f9fba4-d151-4b00-bee7-447f0f3e752c,24,150.0,32.19827892366621,393828.30618892505,36491.30618892508,0.03732115852789589,0.007142697767929642
e8f9fba4-d151-4b00-bee7-447f0f3e752c,24,150.0,37.26907276146309,329303.30618892505,36491.30618892508,0.03732115852789589,0.008304054324844408
e8f9fba4-d151-4b00-bee7-447f0f3e752c,24,150.0,43.13844810749518,273013.30618892505,36491.30618892508,0.03732115852789589,0.009627168944496875
e8f9fba4-d151-4b00-bee7-447f0f3e752c,24,150.0,49.93217075814364,226332.30618892508,36491.30618892508,0.03732115852789589,0.011115361203099899
e8f9fba4-d151-4b00-bee7-447f0f3e752c,24,150.0,57.795812923256825,186849.30618892508,36491.30618892508,0.03732115852789589,0.01274355085265522
e8f9fba4-d151-4b00-bee7-447f0f3e752c,24,150.0,66.89787246862902,154735.30618892508,36491.30618892508,0.03732115852789589,0.014585047733153516
e8f9fba4-d151-4b00-bee7-447f0f3e752c,24,150.0,77.43338339701937,127270.30618892508,36491.30618892508,0.03732115852789589,0.016594011761502023
e8f9fba4-d151-4b00-bee7-447f0f3e752c,24,150.0,89.62809493114324,104762.30618892508,36491.30618892508,0.03732115852789589,0.01873884157513561
e8f9fba4-d151-4b00-bee7-447f0f3e752c,24,150.0,103.74330874576306,86745.30618892508,36491.30618892508,0.03732115852789589,0.021169434176119724
e8f9fba4-d151-4b00-bee7-447f0f3e752c,24,150.0,120.08147799846844,72929.30618892508,36491.30618892508,0.03732115852789589,0.02361283384383719
e8f9fba4-d151-4b00-bee7-447f0f3e752c,24,150.0,138.99268813214488,63013.30618892508,36491.30618892508,0.03732115852789589,0.025718854198487528
e8f9fba4-d151-4b00-bee7-447f0f3e752c,24,150.0,160.88215831625678,56867.30618892508,36491.30618892508,0.03732115852789589,0.02750016636102709
e8f9fba4-d151-4b00-bee7-447f0f3e752c,24,150.0,186.21892426376562,53109.30618892508,36491.30618892508,0.03732115852789589,0.028760550853180928
e8f9fba4-d151-4b00-bee7-447f0f3e752c,24,150.0,215.54588847438404,51006.30618892508,36491.30618892508,0.03732115852789589,0.02969522615345195
e8f9fba4-d151-4b00-bee7-447f0f3e752c,24,150.0,249.49145325533257,49548.30618892508,36491.30618892508,0.03732115852789589,0.030528997386898966
e8f9fba4-d151-4b00-bee7-447f0f3e752c,24,150.0,288.7829857856707,48630.30618892508,36491.30618892508,0.03732115852789589,0.03116888671773008
e8f9fba4-d151-4b00-bee7-447f0f3e752c,24,150.0,334.2624037463071,48011.30618892508,36491.30618892508,0.03732115852789589,0.03171580335308891
e8f9fba4-d151-4b00-bee7-447f0f3e752c,24,150.0,386.9042154761296,47723.30618892508,36491.30618892508,0.03732115852789589,0.03201571987296393
e8f9fba4-d151-4b00-bee7-447f0f3e752c,24,150.0,447.8364012089508,47601.30618892508,36491.30618892508,0.03732115852789589,0.03216182397610743
e8f9fba4-d151-4b00-bee7-447f0f3e752c,24,150.0,518.3645828231037,47547.30618892508,36491.30618892508,0.03732115852789589,0.03223801169514807
e8f9fba4-d151-4b00-bee7-447f0f3e752c,24,150.0,599.9999999999997,47512.30618892508,36491.30618892508,0.03732115852789589,0.03226208505629097
eebcaf65-7fa4-4118-869d-a084e84530e2,24,150.0,2.0,2977117.6844919785,27710.68449197861,0.12305946166862808,0.0012794285968901586
eebcaf65-7fa4-4118-869d-a084e84530e2,24,150.0,2.3149729741653853,2812742.6844919785,27710.68449197861,0.12305946166862808,0.0013219071770514614
eebcaf65-7fa4-4118-869d-a084e84530e2,24,150.0,2.6795499355580645,2632690.6844919785,27710.68449197861,0.12305946166862808,0.001382807886575591
eebcaf65-7fa4-4118-869d-a084e84530e2,24,150.0,3.1015428418717597,2438718.6844919785,27710.68449197861,0.12305946166862808,0.00146965745627465
eebcaf65-7fa4-4118-869d-a084e84530e2,24,150.0,3.5899939285746147,2236398.6844919785,27710.68449197861,0.12305946166862808,0.0015885978307624694
eebcaf65-7fa4-4118-869d-a084e84530e2,24,150.0,4.1553694610340255,2026256.6844919785,27710.68449197861,0.12305946166862808,0.001749579050478793
eebcaf65-7fa4-4118-869d-a084e84530e2,24,150.0,4.809783999982975,1818759.6844919785,27710.68449197861,0.12305946166862808,0.001959022876685532
eebcaf65-7fa4-4118-869d-a084e84530e2,24,150.0,5.567259985766836,1614490.6844919785,27710.68449197861,0.12305946166862808,0.0022285118912267468
eebcaf65-7fa4-4118-869d-a084e84530e2,24,150.0,6.444028203601297,1419491.6844919785,27710.68449197861,0.12305946166862808,0.0025675319249932305
eebcaf65-7fa4-4118-869d-a084e84530e2,24,150.0,7.458875568048258,1238432.6844919785,27710.68449197861,0.12305946166862808,0.002980182933713025
eebcaf65-7fa4-4118-869d-a084e84530e2,24,150.0,8.633547678847101,1074012.6844919785,27710.68449197861,0.12305946166862808,0.0034766324450562574
eebcaf65-7fa4-4118-869d-a084e84530e2,24,150.0,9.993214773849669,927772.6844919786,27710.68449197861,0.12305946166862808,0.004062505182268545
eebcaf65-7fa4-4118-869d-a084e84530e2,24,150.0,11.567011063246117,797625.6844919786,27710.68449197861,0.12305946166862808,0.004754350335214942
eebcaf65-7fa4-4118-869d-a084e84530e2,24,150.0,13.388659001643386,684559.6844919786,27710.68449197861,0.12305946166862808,0.005557285885880062
eebcaf65-7fa4-4118-869d-a084e84530e2,24,150.0,15.497191874560272,585617.6844919786,27710.68449197861,0.12305946166862808,0.006484220160890441
eebcaf65-7fa4-4118-869d-a084e84530e2,24,150.0,17.937790182531224,500293.6844919786,27710.68449197861,0.12305946166862808,0.007561413909980153
eebcaf65-7fa4-4118-869d-a084e84530e2,24,150.0,20.762749744404477,426011.6844919786,27710.68449197861,0.12305946166862808,0.008791878648267823
eebcaf65-7fa4-4118-869d-a084e84530e2,24,150.0,24.03260226382781,361937.6844919786,27710.68449197861,0.12305946166862808,0.010192145839723962
eebcaf65-7fa4-4118-869d-a084e84530e2,24,150.0,27.81741236981361,308907.6844919786,27710.68449197861,0.12305946166862808,0.011775456020895475
eebcaf65-7fa4-4118-869d-a084e84530e2,24,150.0,32.19827892366621,263919.6844919786,27710.68449197861,0.12305946166862808,0.013573557085878953
eebcaf65-7fa4-4118-869d-a084e84530e2,24,150.0,37.26907276146309,225350.6844919786,27710.68449197861,0.12305946166862808,0.01561231558456757
eebcaf65-7fa4-4118-869d-a084e84530e2,24,150.0,43.13844810749518,193072.6844919786,27710.68449197861,0.12305946166862808,0.017953292921952475
eebcaf65-7fa4-4118-869d-a084e84530e2,24,150.0,49.93217075814364,164959.6844919786,27710.68449197861,0.12305946166862808,0.020604552257431845
eebcaf65-7fa4-4118-869d-a084e84530e2,24,150.0,57.795812923256825,140933.6844919786,27710.68449197861,0.12305946166862808,0.02372322588891992
eebcaf65-7fa4-4118-869d-a084e84530e2,24,150.0,66.89787246862902,120524.68449197861,27710.68449197861,0.12305946166862808,0.0271536600000763
eebcaf65-7fa4-4118-869d-a084e84530e2,24,150.0,77.43338339701937,103112.68449197861,27710.68449197861,0.12305946166862808,0.031013210185155442
eebcaf65-7fa4-4118-869d-a084e84530e2,24,150.0,89.62809493114324,89395.68449197861,27710.68449197861,0.12305946166862808,0.035346331319122355
eebcaf65-7fa4-4118-869d-a084e84530e2,24,150.0,103.74330874576306,76821.68449197861,27710.68449197861,0.12305946166862808,0.04010350173174882
eebcaf65-7fa4-4118-869d-a084e84530e2,24,150.0,120.08147799846844,67253.68449197861,27710.68449197861,0.12305946166862808,0.045318638421816805
eebcaf65-7fa4-4118-869d-a084e84530e2,24,150.0,138.99268813214488,58629.68449197861,27710.68449197861,0.12305946166862808,0.05124791904814332
eebcaf65-7fa4-4118-869d-a084e84530e2,24,150.0,160.88215831625678,51887.68449197861,27710.68449197861,0.12305946166862808,0.05726571974218395
eebcaf65-7fa4-4118-869d-a084e84530e2,24,150.0,186.21892426376562,47571.68449197861,27710.68449197861,0.12305946166862808,0.06275993861229223
eebcaf65-7fa4-4118-869d-a084e84530e2,24,150.0,215.54588847438404,44165.68449197861,27710.68449197861,0.12305946166862808,0.06755910479656752
eebcaf65-7fa4-4118-869d-a084e84530e2,24,150.0,249.49145325533257,42062.68449197861,27710.68449197861,0.12305946166862808,0.07112576842252565
eebcaf65-7fa4-4118-869d-a084e84530e2,24,150.0,288.7829857856707,40678.68449197861,27710.68449197861,0.12305946166862808,0.07402895554019115
eebcaf65-7fa4-4118-869d-a084e84530e2,24,150.0,334.2624037463071,39923.68449197861,27710.68449197861,0.12305946166862808,0.07614077646498364
eebcaf65-7fa4-4118-869d-a084e84530e2,24,150.0,386.9042154761296,39345.68449197861,27710.68449197861,0.12305946166862808,0.0781009511234723
eebcaf65-7fa4-4118-869d-a084e84530e2,24,150.0,447.8364012089508,39086.68449197861,27710.68449197861,0.12305946166862808,0.07918592825070389
eebcaf65-7fa4-4118-869d-a084e84530e2,24,150.0,518.3645828231037,38870.68449197861,27710.68449197861,0.12305946166862808,0.08004484484297003
eebcaf65-7fa4-4118-869d-a084e84530e2,24,150.0,599.9999999999997,38783.68449197861,27710.68449197861,0.12305946166862808,0.0804656572842709
fe380793-8035-414e-b000-09bfe5ece92a,24,150.0,2.0,3974199.424328147,33072.4243281471,0.18287343951025295,0.0007684619062445854
fe380793-8035-414e-b000-09bfe5ece92a,24,150.0,2.3149729741653853,3791975.424328147,33072.4243281471,0.18287343951025295,0.0007991248849056482
fe380793-8035-414e-b000-09bfe5ece92a,24,150.0,2.6795499355580645,3593129.424328147,33072.4243281471,0.18287343951025295,0.0008435527573423432
fe380793-8035-414e-b000-09bfe5ece92a,24,150.0,3.1015428418717597,3378318.424328147,33072.4243281471,0.18287343951025295,0.0009066799009482958
fe380793-8035-414e-b000-09bfe5ece92a,24,150.0,3.5899939285746147,3151338.424328147,33072.4243281471,0.18287343951025295,0.0009951451691245
fe380793-8035-414e-b000-09bfe5ece92a,24,150.0,4.1553694610340255,2914056.424328147,33072.4243281471,0.18287343951025295,0.0011173985192117796
fe380793-8035-414e-b000-09bfe5ece92a,24,150.0,4.809783999982975,2673043.424328147,33072.4243281471,0.18287343951025295,0.001282854830035191
fe380793-8035-414e-b000-09bfe5ece92a,24,150.0,5.567259985766836,2432324.424328147,33072.4243281471,0.18287343951025295,0.0015016141168258611
fe380793-8035-414e-b000-09bfe5ece92a,24,150.0,6.444028203601297,2195557.424328147,33072.4243281471,0.18287343951025295,0.001789280234283649
fe380793-8035-414e-b000-09bfe5ece92a,24,150.0,7.458875568048258,1967034.4243281472,33072.4243281471,0.18287343951025295,0.0021605697613081777
fe380793-8035-414e-b000-09bfe5ece92a,24,150.0,8.633547678847101,1748092.4243281472,33072.4243281471,0.18287343951025295,0.002630855555189243
fe380793-8035-414e-b000-09bfe5ece92a,24,150.0,9.993214773849669,1541644.4243281472,33072.4243281471,0.18287343951025295,0.0032251981845781825
fe380793-8035-414e-b000-09bfe5ece92a,24,150.0,11.567011063246117,1350381.4243281472,33072.4243281471,0.18287343951025295,0.00396059658222433
fe380793-8035-414e-b000-09bfe5ece92a,24,150.0,13.388659001643386,1175942.4243281472,33072.4243281471,0.18287343951025295,0.004852464994386397
fe380793-8035-414e-b000-09bfe5ece92a,24,150.0,15.497191874560272,1018435.4243281471,33072.4243281471,0.18287343951025295,0.005915964071232773
fe380793-8035-414e-b000-09bfe5ece92a,24,150.0,17.937790182531224,878177.4243281471,33072.4243281471,0.18287343951025295,0.00717007570434933
fe380793-8035-414e-b000-09bfe5ece92a,24,150.0,20.762749744404477,758382.4243281471,33072.4243281471,0.18287343951025295,0.008609371624335282
fe380793-8035-414e-b000-09bfe5ece92a,24,150.0,24.03260226382781,655767.4243281471,33072.4243281471,0.18287343951025295,0.010255431985157734
fe380793-8035-414e-b000-09bfe5ece92a,24,150.0,27.81741236981361,567992.4243281471,33072.4243281471,0.18287343951025295,0.01214365882667952
fe380793-8035-414e-b000-09bfe5ece92a,24,150.0,32.19827892366621,491333.4243281471,33072.4243281471,0.18287343951025295,0.01431785229480581
fe380793-8035-414e-b000-09bfe5ece92a,24,150.0,37.26907276146309,424852.4243281471,33072.4243281471,0.18287343951025295,0.016859220443272923
fe380793-8035-414e-b000-09bfe5ece92a,24,150.0,43.13844810749518,369395.4243281471,33072.4243281471,0.18287343951025295,0.019830183476746668
fe380793-8035-414e-b000-09bfe5ece92a,24,150.0,49.93217075814364,319977.4243281471,33072.4243281471,0.18287343951025295,0.0233981654923378
fe380793-8035-414e-b000-09bfe5ece92a,24,150.0,57.795812923256825,275666.4243281471,33072.4243281471,0.18287343951025295,0.027591621067026634
fe380793-8035-414e-b000-09bfe5ece92a,24,150.0,66.89787246862902,235493.42432814708,33072.4243281471,0.18287343951025295,0.032573413823354026
fe380793-8035-414e-b000-09bfe5ece92a,24,150.0,77.43338339701937,200494.42432814708,33072.4243281471,0.18287343951025295,0.03856726095255934
fe380793-8035-414e-b000-09bfe5ece92a,24,150.0,89.62809493114324,167999.42432814708,33072.4243281471,0.18287343951025295,0.04569073719542077
fe380793-8035-414e-b000-09bfe5ece92a,24,150.0,103.74330874576306,140508.42432814708,33072.4243281471,0.18287343951025295,0.05392722470863938
fe380793-8035-414e-b000-09bfe5ece92a,24,150.0,120.08147799846844,116788.4243281471,33072.4243281471,0.18287343951025295,0.06317592792784228
fe380793-8035-414e-b000-09bfe5ece92a,24,150.0,138.99268813214488,96396.4243281471,33072.4243281471,0.18287343951025295,0.07339320382188524
fe380793-8035-414e-b000-09bfe5ece92a,24,150.0,160.88215831625678,80100.4243281471,33072.4243281471,0.18287343951025295,0.08467073475518236
fe380793-8035-414e-b000-09bfe5ece92a,24,150.0,186.21892426376562,68133.4243281471,33072.4243281471,0.18287343951025295,0.09602353400783686
fe380793-8035-414e-b000-09bfe5ece92a,24,150.0,215.54588847438404,58568.4243281471,33072.4243281471,0.18287343951025295,0.1074736294112447
fe380793-8035-414e-b000-09bfe5ece92a,24,150.0,249.49145325533257,52489.4243281471,33072.4243281471,0.18287343951025295,0.11767442848423106
fe380793-8035-414e-b000-09bfe5ece92a,24,150.0,288.7829857856707,49914.4243281471,33072.4243281471,0.18287343951025295,0.12307649148466532
fe380793-8035-414e-b000-09bfe5ece92a,24,150.0,334.2624037463071,48166.4243281471,33072.4243281471,0.18287343951025295,0.1280082556410244
fe380793-8035-414e-b000-09bfe5ece92a,24,150.0,386.9042154761296,46818.4243281471,33072.4243281471,0.18287343951025295,0.13283884020094455
fe380793-8035-414e-b000-09bfe5ece92a,24,150.0,447.8364012089508,45788.4243281471,33072.4243281471,0.18287343951025295,0.13773936153369915
fe380793-8035-414e-b000-09bfe5ece92a,24,150.0,518.3645828231037,45184.4243281471,33072.4243281471,0.18287343951025295,0.1413942447733298
fe380793-8035-414e-b000-09bfe5ece92a,24,150.0,599.9999999999997,44758.4243281471,33072.4243281471,0.18287343951025295,0.1450020107266582
1a276285-8b0e-4cc9-9f0a-a3a002978724,96,150.0,2.0,3481009.141680395,107371.14168039539,0.2132329076357336,0.0007882210406281444
1a276285-8b0e-4cc9-9f0a-a3a002978724,96,150.0,2.3149729741653853,3344354.141680395,107371.14168039539,0.2132329076357336,0.0008156417162282476
1a276285-8b0e-4cc9-9f0a-a3a002978724,96,150.0,2.6795499355580645,3193851.141680395,107371.14168039539,0.2132329076357336,0.000855889485677564
1a276285-8b0e-4cc9-9f0a-a3a002978724,96,150.0,3.1015428418717597,3029236.141680395,107371.14168039539,0.2132329076357336,0.0009143275017906051
1a276285-8b0e-4cc9-9f0a-a3a002978724,96,150.0,3.5899939285746147,2852199.141680395,107371.14168039539,0.2132329076357336,0.0009976179707356027
1a276285-8b0e-4cc9-9f0a-a3a002978724,96,150.0,4.1553694610340255,2665046.141680395,107371.14168039539,0.2132329076357336,0.001114485012940814
1a276285-8b0e-4cc9-9f0a-a3a002978724,96,150.0,4.809783999982975,2468725.141680395,107371.14168039539,0.2132329076357336,0.001277566592790836
1a276285-8b0e-4cc9-9f0a-a3a002978724,96,150.0,5.567259985766836,2267547.141680395,107371.14168039539,0.2132329076357336,0.0014986175405697893
1a276285-8b0e-4cc9-9f0a-a3a002978724,96,150.0,6.444028203601297,2066753.1416803955,107371.14168039539,0.2132329076357336,0.0017930758008490335
1a276285-8b0e-4cc9-9f0a-a3a002978724,96,150.0,7.458875568048258,1866288.1416803955,107371.14168039539,0.2132329076357336,0.002185460543335252
1a276285-8b0e-4cc9-9f0a-a3a002978724,96,150.0,8.633547678847101,1670161.1416803955,107371.14168039539,0.2132329076357336,0.0026939504807591145
1a276285-8b0e-4cc9-9f0a-a3a002978724,96,150.0,9.993214773849669,1483365.1416803955,107371.14168039539,0.2132329076357336,0.0033382005788105923
1a276285-8b0e-4cc9-9f0a-a3a002978724,96,150.0,11.567011063246117,1308085.1416803955,107371.14168039539,0.2132329076357336,0.004142034593795996
1a276285-8b0e-4cc9-9f0a-a3a002978724,96,150.0,13.388659001643386,1147531.1416803955,107371.14168039539,0.2132329076357336,0.005123672954958304
1a276285-8b0e-4cc9-9f0a-a3a002978724,96,150.0,15.497191874560272,1003603.1416803953,107371.14168039539,0.2132329076357336,0.006279058308878973
1a276285-8b0e-4cc9-9f0a-a3a002978724,96,150.0,17.937790182531224,875302.1416803953,107371.14168039539,0.2132329076357336,0.007644486007726137
1a276285-8b0e-4cc9-9f0a-a3a002978724,96,150.0,20.762749744404477,765733.1416803953,107371.14168039539,0.2132329076357336,0.009203340687446633
1a276285-8b0e-4cc9-9f0a-a3a002978724,96,150.0,24.03260226382781,671546.1416803953,107371.14168039539,0.2132329076357336,0.010974403166811085
1a276285-8b0e-4cc9-9f0a-a3a002978724,96,150.0,27.81741236981361,593500.1416803953,107371.14168039539,0.2132329076357336,0.012969751144352643
1a276285-8b0e-4cc9-9f0a-a3a002978724,96,150.0,32.19827892366621,524162.1416803954,107371.14168039539,0.2132329076357336,0.015269331901304228
1a276285-8b0e-4cc9-9f0a-a3a002978724,96,150.0,37.26907276146309,465026.1416803954,107371.14168039539,0.2132329076357336,0.017948630805456035
1a276285-8b0e-4cc9-9f0a-a3a002978724,96,150.0,43.13844810749518,415818.1416803954,107371.14168039539,0.2132329076357336,0.021050632972311332
1a276285-8b0e-4cc9-9f0a-a3a002978724,96,150.0,49.93217075814364,372592.1416803954,107371.14168039539,0.2132329076357336,0.02474526207299021
1a276285-8b0e-4cc9-9f0a-a3a002978724,96,150.0,57.795812923256825,333821.1416803954,107371.14168039539,0.2132329076357336,0.02917124157137933
1a276285-8b0e-4cc9-9f0a-a3a002978724,96,150.0,66.89787246862902,297100.1416803954,107371.14168039539,0.2132329076357336,0.03452049508408432
1a276285-8b0e-4cc9-9f0a-a3a002978724,96,150.0,77.43338339701937,266099.1416803954,107371.14168039539,0.2132329076357336,0.040974074364890804
1a276285-8b0e-4cc9-9f0a-a3a002978724,96,150.0,89.62809493114324,236820.1416803954,107371.14168039539,0.2132329076357336,0.04866606823351128
1a276285-8b0e-4cc9-9f0a-a3a002978724,96,150.0,103.74330874576306,212899.1416803954,107371.14168039539,0.2132329076357336,0.057657261331905955
1a276285-8b0e-4cc9-9f0a-a3a002978724,96,150.0,120.08147799846844,189862.1416803954,107371.14168039539,0.2132329076357336,0.0682487545526509
1a276285-8b0e-4cc9-9f0a-a3a002978724,96,150.0,138.99268813214488,170499.1416803954,107371.14168039539,0.2132329076357336,0.0800274728266458
1a276285-8b0e-4cc9-9f0a-a3a002978724,96,150.0,160.88215831625678,153946.1416803954,107371.14168039539,0.2132329076357336,0.09341444912866727
1a276285-8b0e-4cc9-9f0a-a3a002978724,96,150.0,186.21892426376562,141840.1416803954,107371.14168039539,0.2132329076357336,0.10756534788454046
1a276285-8b0e-4cc9-9f0a-a3a002978724,96,150.0,215.54588847438404,132043.1416803954,107371.14168039539,0.2132329076357336,0.12154270510381421
1a276285-8b0e-4cc9-9f0a-a3a002978724,96,150.0,249.49145325533257,125635.14168039539,107371.14168039539,0.2132329076357336,0.13489008072968223
1a276285-8b0e-4cc9-9f0a-a3a002978724,96,150.0,288.7829857856707,122810.14168039539,107371.14168039539,0.2132329076357336,0.14211252088554166
1a276285-8b0e-4cc9-9f0a-a3a002978724,96,150.0,334.2624037463071,121172.14168039539,107371.14168039539,0.2132329076357336,0.14752846064021066
1a276285-8b0e-4cc9-9f0a-a3a002978724,96,150.0,386.9042154761296,120189.14168039539,107371.14168039539,0.2132329076357336,0.15173601730216685
1a276285-8b0e-4cc9-9f0a-a3a002978724,96,150.0,447.8364012089508,119466.14168039539,107371.14168039539,0.2132329076357336,0.15574870395428994
1a276285-8b0e-4cc9-9f0a-a3a002978724,96,150.0,518.3645828231037,118963.14168039539,107371.14168039539,0.2132329076357336,0.15917460021710178
1a276285-8b0e-4cc9-9f0a-a3a002978724,96,150.0,599.9999999999997,118661.14168039539,107371.14168039539,0.2132329076357336,0.16211845824182552
1e104bf4-7a24-4624-a5b2-c2c8289c0de7,96,150.0,2.0,3427231.049689441,107505.04968944099,0.3815347500752587,0.001422820112087152
1e104bf4-7a24-4624-a5b2-c2c8289c0de7,96,150.0,2.3149729741653853,3284800.049689441,107505.04968944099,0.3815347500752587,0.0014823983125278296
1e104bf4-7a24-4624-a5b2-c2c8289c0de7,96,150.0,2.6795499355580645,3129582.049689441,107505.04968944099,0.3815347500752587,0.001568190971808027
1e104bf4-7a24-4624-a5b2-c2c8289c0de7,96,150.0,3.1015428418717597,2963108.049689441,107505.04968944099,0.3815347500752587,0.001691676726086601
1e104bf4-7a24-4624-a5b2-c2c8289c0de7,96,150.0,3.5899939285746147,2786955.049689441,107505.04968944099,0.3815347500752587,0.0018649940074403767
1e104bf4-7a24-4624-a5b2-c2c8289c0de7,96,150.0,4.1553694610340255,2601699.049689441,107505.04968944099,0.3815347500752587,0.0021043092532783843
1e104bf4-7a24-4624-a5b2-c2c8289c0de7,96,150.0,4.809783999982975,2414938.049689441,107505.04968944099,0.3815347500752587,0.0024294751528119106
1e104bf4-7a24-4624-a5b2-c2c8289c0de7,96,150.0,5.567259985766836,2222631.049689441,107505.04968944099,0.3815347500752587,0.0028707273486342534
1e104bf4-7a24-4624-a5b2-c2c8289c0de7,96,150.0,6.444028203601297,2032571.049689441,107505.04968944099,0.3815347500752587,0.0034483329810555117
1e104bf4-7a24-4624-a5b2-c2c8289c0de7,96,150.0,7.458875568048258,1843457.049689441,107505.04968944099,0.3815347500752587,0.004206434866699432
1e104bf4-7a24-4624-a5b2-c2c8289c0de7,96,150.0,8.633547678847101,1662341.049689441,107505.04968944099,0.3815347500752587,0.005187208281752064
1e104bf4-7a24-4624-a5b2-c2c8289c0de7,96,150.0,9.993214773849669,1488706.049689441,107505.04968944099,0.3815347500752587,0.006438593605304829
1e104bf4-7a24-4624-a5b2-c2c8289c0de7,96,150.0,11.567011063246117,1326264.049689441,107505.04968944099,0.3815347500752587,0.008026441170283023
1e104bf4-7a24-4624-a5b2-c2c8289c0de7,96,150.0,13.388659001643386,1171959.049689441,107505.04968944099,0.3815347500752587,0.010012667744000728
1e104bf4-7a24-4624-a5b2-c2c8289c0de7,96,150.0,15.497191874560272,1028514.049689441,107505.04968944099,0.3815347500752587,0.01250413610746189
1e104bf4-7a24-4624-a5b2-c2c8289c0de7,96,150.0,17.937790182531224,893876.049689441,107505.04968944099,0.3815347500752587,0.015587749573180678
1e104bf4-7a24-4624-a5b2-c2c8289c0de7,96,150.0,20.762749744404477,771721.049689441,107505.04968944099,0.3815347500752587,0.019324792977793697
1e104bf4-7a24-4624-a5b2-c2c8289c0de7,96,150.0,24.03260226382781,664084.049689441,107505.04968944099,0.3815347500752587,0.023725018645010792
1e104bf4-7a24-4624-a5b2-c2c8289c0de7,96,150.0,27.81741236981361,567294.049689441,107505.04968944099,0.3815347500752587,0.028900914530806374
1e104bf4-7a24-4624-a5b2-c2c8289c0de7,96,150.0,32.19827892366621,482416.049689441,107505.04968944099,0.3815347500752587,0.03492060703786235
1e104bf4-7a24-4624-a5b2-c2c8289c0de7,96,150.0,37.26907276146309,409051.049689441,107505.04968944099,0.3815347500752587,0.04176175955945212
1e104bf4-7a24-4624-a5b2-c2c8289c0de7,96,150.0,43.13844810749518,350227.049689441,107505.04968944099,0.3815347500752587,0.04933288029545576
1e104bf4-7a24-4624-a5b2-c2c8289c0de7,96,150.0,49.93217075814364,300528.049689441,107505.04968944099,0.3815347500752587,0.057713407884734745
1e104bf4-7a24-4624-a5b2-c2c8289c0de7,96,150.0,57.795812923256825,261827.049689441,107505.04968944099,0.3815347500752587,0.06662218529402668
1e104bf4-7a24-4624-a5b2-c2c8289c0de7,96,150.0,66.89787246862902,230804.049689441,107505.04968944099,0.3815347500752587,0.07609004794488047
1e104bf4-7a24-4624-a5b2-c2c8289c0de7,96,150.0,77.43338339701937,205875.049689441,107505.04968944099,0.3815347500752587,0.0859615841924128
1e104bf4-7a24-4624-a5b2-c2c8289c0de7,96,150.0,89.62809493114324,186325.049689441,107505.04968944099,0.3815347500752587,0.09647911338284758
1e104bf4-7a24-4624-a5b2-c2c8289c0de7,96,150.0,103.74330874576306,171008.049689441,107505.04968944099,0.3815347500752587,0.10755662500159159
1e104bf4-7a24-4624-a5b2-c2c8289c0de7,96,150.0,120.08147799846844,158477.049689441,107505.04968944099,0.3815347500752587,0.1193144600876585
1e104bf4-7a24-4624-a5b2-c2c8289c0de7,96,150.0,138.99268813214488,148179.049689441,107505.04968944099,0.3815347500752587,0.13233955596431093
1e104bf4-7a24-4624-a5b2-c2c8289c0de7,96,150.0,160.88215831625678,139340.049689441,107505.04968944099,0.3815347500752587,0.14684214551158384
1e104bf4-7a24-4624-a5b2-c2c8289c0de7,96,150.0,186.21892426376562,133121.049689441,107505.04968944099,0.3815347500752587,0.16118924100585194
1e104bf4-7a24-4624-a5b2-c2c8289c0de7,96,150.0,215.54588847438404,128077.04968944099,107505.04968944099,0.3815347500752587,0.17808881659071263
1e104bf4-7a24-4624-a5b2-c2c8289c0de7,96,150.0,249.49145325533257,123586.04968944099,107505.04968944099,0.3815347500752587,0.19666372233760487
1e104bf4-7a24-4624-a5b2-c2c8289c0de7,96,150.0,288.7829857856707,120359.04968944099,107505.04968944099,0.3815347500752587,0.21488666527243133
1e104bf4-7a24-4624-a5b2-c2c8289c0de7,96,150.0,334.2624037463071,119107.04968944099,107505.04968944099,0.3815347500752587,0.2239373690795527
1e104bf4-7a24-4624-a5b2-c2c8289c0de7,96,150.0,386.9042154761296,118771.04968944099,107505.04968944099,0.3815347500752587,0.2263007442436952
1e104bf4-7a24-4624-a5b2-c2c8289c0de7,96,150.0,447.8364012089508,118568.04968944099,107505.04968944099,0.3815347500752587,0.22816140650627312
1e104bf4-7a24-4624-a5b2-c2c8289c0de7,96,150.0,518.3645828231037,118424.04968944099,107505.04968944099,0.3815347500752587,0.229484043243088
1e104bf4-7a24-4624-a5b2-c2c8289c0de7,96,150.0,599.9999999999997,118313.04968944099,107505.04968944099,0.3815347500752587,0.23050538602219947
6638cfb3-3831-4fc2-9327-194b76cf22e1,96,150.0,2.0,2873885.1333333333,94608.13333333333,1.0724413988312285,0.004608401461769177
6638cfb3-3831-4fc2-9327-194b76cf22e1,96,150.0,2.3149729741653853,2739354.1333333333,94608.13333333333,1.0724413988312285,0.0047918514500354505
6638cfb3-3831-4fc2-9327-194b76cf22e1,96,150.0,2.6795499355580645,2592307.1333333333,94608.13333333333,1.0724413988312285,0.005057770190108903
6638cfb3-3831-4fc2-9327-194b76cf22e1,96,150.0,3.1015428418717597,2433578.1333333333,94608.13333333333,1.0724413988312285,0.005439488920484693
6638cfb3-3831-4fc2-9327-194b76cf22e1,96,150.0,3.5899939285746147,2264740.1333333333,94608.13333333333,1.0724413988312285,0.0059776249025276385
6638cfb3-3831-4fc2-9327-194b76cf22e1,96,150.0,4.1553694610340255,2085828.1333333333,94608.13333333333,1.0724413988312285,0.006729262611007029
6638cfb3-3831-4fc2-9327-194b76cf22e1,96,150.0,4.809783999982975,1905366.1333333333,94608.13333333333,1.0724413988312285,0.007740471711982026
6638cfb3-3831-4fc2-9327-194b76cf22e1,96,150.0,5.567259985766836,1721739.1333333333,94608.13333333333,1.0724413988312285,0.00910073704689782
6638cfb3-3831-4fc2-9327-194b76cf22e1,96,150.0,6.444028203601297,1541990.1333333333,94608.13333333333,1.0724413988312285,0.0108737722338694
6638cfb3-3831-4fc2-9327-194b76cf22e1,96,150.0,7.458875568048258,1370896.1333333333,94608.13333333333,1.0724413988312285,0.0131271192563639
6638cfb3-3831-4fc2-9327-194b76cf22e1,96,150.0,8.633547678847101,1208016.1333333333,94608.13333333333,1.0724413988312285,0.015942802700395015
6638cfb3-3831-4fc2-9327-194b76cf22e1,96,150.0,9.993214773849669,1059451.1333333333,94608.13333333333,1.0724413988312285,0.019389068493238428
6638cfb3-3831-4fc2-9327-194b76cf22e1,96,150.0,11.567011063246117,926716.1333333333,94608.13333333333,1.0724413988312285,0.02353022095162406
6638cfb3-3831-4fc2-9327-194b76cf22e1,96,150.0,13.388659001643386,807934.1333333333,94608.13333333333,1.0724413988312285,0.028444574298519813
6638cfb3-3831-4fc2-9327-194b76cf22e1,96,150.0,15.497191874560272,700709.1333333333,94608.13333333333,1.0724413988312285,0.03430668673245398
6638cfb3-3831-4fc2-9327-194b76cf22e1,96,150.0,17.937790182531224,604760.1333333333,94608.13333333333,1.0724413988312285,0.041258637877430164
6638cfb3-3831-4fc2-9327-194b76cf22e1,96,150.0,20.762749744404477,523130.1333333333,94608.13333333333,1.0724413988312285,0.049353532480573475
6638cfb3-3831-4fc2-9327-194b76cf22e1,96,150.0,24.03260226382781,449331.1333333333,94608.13333333333,1.0724413988312285,0.05904197593927828
6638cfb3-3831-4fc2-9327-194b76cf22e1,96,150.0,27.81741236981361,387173.1333333333,94608.13333333333,1.0724413988312285,0.07006908147675085
6638cfb3-3831-4fc2-9327-194b76cf22e1,96,150.0,32.19827892366621,331540.1333333333,94608.13333333333,1.0724413988312285,0.08293365051261384
6638cfb3-3831-4fc2-9327-194b76cf22e1,96,150.0,37.26907276146309,283079.1333333333,94608.13333333333,1.0724413988312285,0.09759162029424275
6638cfb3-3831-4fc2-9327-194b76cf22e1,96,150.0,43.13844810749518,244181.13333333333,94608.13333333333,1.0724413988312285,0.11395052715628305
6638cfb3-3831-4fc2-9327-194b76cf22e1,96,150.0,49.93217075814364,212800.13333333333,94608.13333333333,1.0724413988312285,0.1318429333171159
6638cfb3-3831-4fc2-9327-194b76cf22e1,96,150.0,57.795812923256825,187135.13333333333,94608.13333333333,1.0724413988312285,0.15046833563781356
6638cfb3-3831-4fc2-9327-194b76cf22e1,96,150.0,66.89787246862902,166253.13333333333,94608.13333333333,1.0724413988312285,0.17006526650009682
6638cfb3-3831-4fc2-9327-194b76cf22e1,96,150.0,77.43338339701937,151031.13333333333,94608.13333333333,1.0724413988312285,0.19013363353751936
6638cfb3-3831-4fc2-9327-194b76cf22e1,96,150.0,89.62809493114324,139743.13333333333,94608.13333333333,1.0724413988312285,0.20858331942838262
6638cfb3-3831-4fc2-9327-194b76cf22e1,96,150.0,103.74330874576306,132332.13333333333,94608.13333333333,1.0724413988312285,0.22700006530165262
6638cfb3-3831-4fc2-9327-194b76cf22e1,96,150.0,120.08147799846844,125975.13333333333,94608.13333333333,1.0724413988312285,0.24571859799529702
6638cfb3-3831-4fc2-9327-194b76cf22e1,96,150.0,138.99268813214488,120760.13333333333,94608.13333333333,1.0724413988312285,0.26616707720439087
6638cfb3-3831-4fc2-9327-194b76cf22e1,96,150.0,160.88215831625678,116707.13333333333,94608.13333333333,1.0724413988312285,0.2874720960080513
6638cfb3-3831-4fc2-9327-194b76cf22e1,96,150.0,186.21892426376562,114106.13333333333,94608.13333333333,1.0724413988312285,0.3116803293198652
6638cfb3-3831-4fc2-9327-194b76cf22e1,96,150.0,215.54588847438404,111430.13333333333,94608.13333333333,1.0724413988312285,0.3403276681090364
6638cfb3-3831-4fc2-9327-194b76cf22e1,96,150.0,249.49145325533257,108986.13333333333,94608.13333333333,1.0724413988312285,0.37403013176402716
6638cfb3-3831-4fc2-9327-194b76cf22e1,96,150.0,288.7829857856707,106894.13333333333,94608.13333333333,1.0724413988312285,0.4119664434258494
6638cfb3-3831-4fc2-9327-194b76cf22e1,96,150.0,334.2624037463071,105854.13333333333,94608.13333333333,1.0724413988312285,0.4354585025087743
6638cfb3-3831-4fc2-9327-194b76cf22e1,96,150.0,386.9042154761296,105470.13333333333,94608.13333333333,1.0724413988312285,0.44453114157392243
6638cfb3-3831-4fc2-9327-194b76cf22e1,96,150.0,447.8364012089508,105327.13333333333,94608.13333333333,1.0724413988312285,0.44738065952518075
6638cfb3-3831-4fc2-9327-194b76cf22e1,96,150.0,518.3645828231037,105273.13333333333,94608.13333333333,1.0724413988312285,0.4480867871547857
6638cfb3-3831-4fc2-9327-194b76cf22e1,96,150.0,599.9999999999997,105247.13333333333,94608.13333333333,1.0724413988312285,0.4480867843355622
749cb2b7-e57e-4453-a794-f6230e4d0226,96,150.0,2.0,3266491.631732169,104306.63173216885,0.07777137462104397,0.00025189581117974043
749cb2b7-e57e-4453-a794-f6230e4d0226,96,150.0,2.3149729741653853,3116770.631732169,104306.63173216885,0.07777137462104397,0.000260723728722461
749cb2b7-e57e-4453-a794-f6230e4d0226,96,150.0,2.6795499355580645,2953218.631732169,104306.63173216885,0.07777137462104397,0.00027349925366076613
749cb2b7-e57e-4453-a794-f6230e4d0226,96,150.0,3.1015428418717597,2781059.631732169,104306.63173216885,0.07777137462104397,0.00029151572166662864
749cb2b7-e57e-4453-a794-f6230e4d0226,96,150.0,3.5899939285746147,2599638.631732169,104306.63173216885,0.07777137462104397,0.0003165664781290209
749cb2b7-e57e-4453-a794-f6230e4d0226,96,150.0,4.1553694610340255,2414242.631732169,104306.63173216885,0.07777137462104397,0.00035049231528812405
749cb2b7-e57e-4453-a794-f6230e4d0226,96,150.0,4.809783999982975,2225156.631732169,104306.63173216885,0.07777137462104397,0.00039581350812618323
749cb2b7-e57e-4453-a794-f6230e4d0226,96,150.0,5.567259985766836,2037142.6317321688,104306.63173216885,0.07777137462104397,0.0004556323476260596
749cb2b7-e57e-4453-a794-f6230e4d0226,96,150.0,6.444028203601297,1855362.6317321688,104306.63173216885,0.07777137462104397,0.0005326877656277936
749cb2b7-e57e-4453-a794-f6230e4d0226,96,150.0,7.458875568048258,1681435.6317321688,104306.63173216885,0.07777137462104397,0.000630071046621822
749cb2b7-e57e-4453-a794-f6230e4d0226,96,150.0,8.633547678847101,1515600.6317321688,104306.63173216885,0.07777137462104397,0.000753473629365583
749cb2b7-e57e-4453-a794-f6230e4d0226,96,150.0,9.993214773849669,1360053.6317321688,104306.63173216885,0.07777137462104397,0.0009083396986774037
749cb2b7-e57e-4453-a794-f6230e4d0226,96,150.0,11.567011063246117,1217227.6317321688,104306.63173216885,0.07777137462104397,0.0010988456301474232
749cb2b7-e57e-4453-a794-f6230e4d0226,96,150.0,13.388659001643386,1087534.6317321688,104306.63173216885,0.07777137462104397,0.0013331477911820214
749cb2b7-e57e-4453-a794-f6230e4d0226,96,150.0,15.497191874560272,969047.6317321688,104306.63173216885,0.07777137462104397,0.0016203525074197556
749cb2b7-e57e-4453-a794-f6230e4d0226,96,150.0,17.937790182531224,862489.6317321688,104306.63173216885,0.07777137462104397,0.0019668065804181066
749cb2b7-e57e-4453-a794-f6230e4d0226,96,150.0,20.762749744404477,762329.6317321688,104306.63173216885,0.07777137462104397,0.002395038939638917
749cb2b7-e57e-4453-a794-f6230e4d0226,96,150.0,24.03260226382781,673618.6317321688,104306.63173216885,0.07777137462104397,0.0029044651860818693
749cb2b7-e57e-4453-a794-f6230e4d0226,96,150.0,27.81741236981361,594091.6317321688,104306.63173216885,0.07777137462104397,0.003517648466169329
749cb2b7-e57e-4453-a794-f6230e4d0226,96,150.0,32.19827892366621,522060.63173216884,104306.63173216885,0.07777137462104397,0.004243833675314037
749cb2b7-e57e-4453-a794-f6230e4d0226,96,150.0,37.26907276146309,459415.63173216884,104306.63173216885,0.07777137462104397,0.005080474295226636
749cb2b7-e57e-4453-a794-f6230e4d0226,96,150.0,43.13844810749518,403133.63173216884,104306.63173216885,0.07777137462104397,0.006074772157978283
749cb2b7-e57e-4453-a794-f6230e4d0226,96,150.0,49.93217075814364,355780.63173216884,104306.63173216885,0.07777137462104397,0.007216785353589758
749cb2b7-e57e-4453-a794-f6230e4d0226,96,150.0,57.795812923256825,315144.63173216884,104306.63173216885,0.07777137462104397,0.008570707505229867
749cb2b7-e57e-4453-a794-f6230e4d0226,96,150.0,66.89787246862902,281074.63173216884,104306.63173216885,0.07777137462104397,0.010105748904907608
749cb2b7-e57e-4453-a794-f6230e4d0226,96,150.0,77.43338339701937,250314.63173216884,104306.63173216885,0.07777137462104397,0.011884912650621348
749cb2b7-e57e-4453-a794-f6230e4d0226,96,150.0,89.62809493114324,225074.63173216884,104306.63173216885,0.07777137462104397,0.013891042805718172
749cb2b7-e57e-4453-a794-f6230e4d0226,96,150.0,103.74330874576306,202810.63173216884,104306.63173216885,0.07777137462104397,0.01622289542756641
749cb2b7-e57e-4453-a794-f6230e4d0226,96,150.0,120.08147799846844,183723.63173216884,104306.63173216885,0.07777137462104397,0.018828909204005942
749cb2b7-e57e-4453-a794-f6230e4d0226,96,150.0,138.99268813214488,168096.63173216884,104306.63173216885,0.07777137462104397,0.02174458589668957
749cb2b7-e57e-4453-a794-f6230e4d0226,96,150.0,160.88215831625678,154641.63173216884,104306.63173216885,0.07777137462104397,0.024931606898855728
749cb2b7-e57e-4453-a794-f6230e4d0226,96,150.0,186.21892426376562,143628.63173216884,104306.63173216885,0.07777137462104397,0.028480025022178317
749cb2b7-e57e-4453-a794-f6230e4d0226,96,150.0,215.54588847438404,134795.63173216884,104306.63173216885,0.07777137462104397,0.032369981842356385
749cb2b7-e57e-4453-a794-f6230e4d0226,96,150.0,249.49145325533257,127350.63173216885,104306.63173216885,0.07777137462104397,0.036451697300014824
749cb2b7-e57e-4453-a794-f6230e4d0226,96,150.0,288.7829857856707,122217.63173216885,104306.63173216885,0.07777137462104397,0.0408828207813765
749cb2b7-e57e-4453-a794-f6230e4d0226,96,150.0,334.2624037463071,118222.63173216885,104306.63173216885,0.07777137462104397,0.04492698518904639
749cb2b7-e57e-4453-a794-f6230e4d0226,96,150.0,386.9042154761296,116765.63173216885,104306.63173216885,0.07777137462104397,0.0467460616598935
749cb2b7-e57e-4453-a794-f6230e4d0226,96,150.0,447.8364012089508,116131.63173216885,104306.63173216885,0.07777137462104397,0.047754939717367495
749cb2b7-e57e-4453-a794-f6230e4d0226,96,150.0,518.3645828231037,115769.63173216885,104306.63173216885,0.07777137462104397,0.048519698447932816
749cb2b7-e57e-4453-a794-f6230e4d0226,96,150.0,599.9999999999997,115496.63173216885,104306.63173216885,0.07777137462104397,0.04917821357255882
d7ec0892-0a6c-4f4f-9d8f-72083692af5c,96,150.0,2.0,4897045.843033509,144649.8430335097,0.021733636411931396,0.0002198774609281908
d7ec0892-0a6c-4f4f-9d8f-72083692af5c,96,150.0,2.3149729741653853,4719427.843033509,144649.8430335097,0.021733636411931396,0.00022624990380430194
d7ec0892-0a6c-4f4f-9d8f-72083692af5c,96,150.0,2.6795499355580645,4515754.843033509,144649.8430335097,0.021733636411931396,0.00023588735113441332
d7ec0892-0a6c-4f4f-9d8f-72083692af5c,96,150.0,3.1015428418717597,4290640.843033509,144649.8430335097,0.021733636411931396,0.00025016544447548035
d7ec0892-0a6c-4f4f-9d8f-72083692af5c,96,150.0,3.5899939285746147,4041316.84303351,144649.8430335097,0.021733636411931396,0.00027110409411407573
d7ec0892-0a6c-4f4f-9d8f-72083692af5c,96,150.0,4.1553694610340255,3771296.84303351,144649.8430335097,0.021733636411931396,0.0003010421569673548
d7ec0892-0a6c-4f4f-9d8f-72083692af5c,96,150.0,4.809783999982975,3484146.84303351,144649.8430335097,0.021733636411931396,0.00034330518658384085
d7ec0892-0a6c-4f4f-9d8f-72083692af5c,96,150.0,5.567259985766836,3183388.84303351,144649.8430335097,0.021733636411931396,0.00040173412448213684
d7ec0892-0a6c-4f4f-9d8f-72083692af5c,96,150.0,6.444028203601297,2875397.84303351,144649.8430335097,0.021733636411931396,0.000480988946069662
d7ec0892-0a6c-4f4f-9d8f-72083692af5c,96,150.0,7.458875568048258,2572098.84303351,144649.8430335097,0.021733636411931396,0.0005853394586253539
d7ec0892-0a6c-4f4f-9d8f-72083692af5c,96,150.0,8.633547678847101,2273987.84303351,144649.8430335097,0.021733636411931396,0.0007199631405030794
d7ec0892-0a6c-4f4f-9d8f-72083692af5c,96,150.0,9.993214773849669,1990277.8430335098,144649.8430335097,0.021733636411931396,0.0008901223837478101
d7ec0892-0a6c-4f4f-9d8f-72083692af5c,96,150.0,11.567011063246117,1726701.8430335098,144649.8430335097,0.021733636411931396,0.0011006878017571305
d7ec0892-0a6c-4f4f-9d8f-72083692af5c,96,150.0,13.388659001643386,1483906.8430335098,144649.8430335097,0.021733636411931396,0.0013597092357893685
d7ec0892-0a6c-4f4f-9d8f-72083692af5c,96,150.0,15.497191874560272,1264814.8430335098,144649.8430335097,0.021733636411931396,0.0016672801099940988
d7ec0892-0a6c-4f4f-9d8f-72083692af5c,96,150.0,17.937790182531224,1070093.8430335098,144649.8430335097,0.021733636411931396,0.002034497352134345
d7ec0892-0a6c-4f4f-9d8f-72083692af5c,96,150.0,20.762749744404477,897673.8430335097,144649.8430335097,0.021733636411931396,0.0024592951897214393
d7ec0892-0a6c-4f4f-9d8f-72083692af5c,96,150.0,24.03260226382781,751847.8430335097,144649.8430335097,0.021733636411931396,0.0029442403664347787
d7ec0892-0a6c-4f4f-9d8f-72083692af5c,96,150.0,27.81741236981361,627677.8430335097,144649.8430335097,0.021733636411931396,0.0034856499275415236
d7ec0892-0a6c-4f4f-9d8f-72083692af5c,96,150.0,32.19827892366621,524546.8430335097,144649.8430335097,0.021733636411931396,0.004083509339244994
d7ec0892-0a6c-4f4f-9d8f-72083692af5c,96,150.0,37.26907276146309,442230.8430335097,144649.8430335097,0.021733636411931396,0.004721241190206962
d7ec0892-0a6c-4f4f-9d8f-72083692af5c,96,150.0,43.13844810749518,377593.8430335097,144649.8430335097,0.021733636411931396,0.005390051524530262
d7ec0892-0a6c-4f4f-9d8f-72083692af5c,96,150.0,49.93217075814364,325592.8430335097,144649.8430335097,0.021733636411931396,0.006099189010667829
d7ec0892-0a6c-4f4f-9d8f-72083692af5c,96,150.0,57.795812923256825,285038.8430335097,144649.8430335097,0.021733636411931396,0.006840391759536284
d7ec0892-0a6c-4f4f-9d8f-72083692af5c,96,150.0,66.89787246862902,253507.8430335097,144649.8430335097,0.021733636411931396,0.007623186181183873
d7ec0892-0a6c-4f4f-9d8f-72083692af5c,96,150.0,77.43338339701937,228949.8430335097,144649.8430335097,0.021733636411931396,0.008420173144971746
d7ec0892-0a6c-4f4f-9d8f-72083692af5c,96,150.0,89.62809493114324,209767.8430335097,144649.8430335097,0.021733636411931396,0.009254340189537387
d7ec0892-0a6c-4f4f-9d8f-72083692af5c,96,150.0,103.74330874576306,193714.8430335097,144649.8430335097,0.021733636411931396,0.010138018181094872
d7ec0892-0a6c-4f4f-9d8f-72083692af5c,96,150.0,120.08147799846844,182251.8430335097,144649.8430335097,0.021733636411931396,0.01100970605780859
d7ec0892-0a6c-4f4f-9d8f-72083692af5c,96,150.0,138.99268813214488,173634.8430335097,144649.8430335097,0.021733636411931396,0.011847828887179293
d7ec0892-0a6c-4f4f-9d8f-72083692af5c,96,150.0,160.88215831625678,167737.8430335097,144649.8430335097,0.021733636411931396,0.012669823921477535
d7ec0892-0a6c-4f4f-9d8f-72083692af5c,96,150.0,186.21892426376562,163081.8430335097,144649.8430335097,0.021733636411931396,0.013472509698435485
d7ec0892-0a6c-4f4f-9d8f-72083692af5c,96,150.0,215.54588847438404,160011.8430335097,144649.8430335097,0.021733636411931396,0.01417411497840275
d7ec0892-0a6c-4f4f-9d8f-72083692af5c,96,150.0,249.49145325533257,158230.8430335097,144649.8430335097,0.021733636411931396,0.014696470510509376
d7ec0892-0a6c-4f4f-9d8f-72083692af5c,96,150.0,288.7829857856707,157236.8430335097,144649.8430335097,0.021733636411931396,0.015066384514444947
d7ec0892-0a6c-4f4f-9d8f-72083692af5c,96,150.0,334.2624037463071,156544.8430335097,144649.8430335097,0.021733636411931396,0.015371308340316952
d7ec0892-0a6c-4f4f-9d8f-72083692af5c,96,150.0,386.9042154761296,156210.8430335097,144649.8430335097,0.021733636411931396,0.015566366623269148
d7ec0892-0a6c-4f4f-9d8f-72083692af5c,96,150.0,447.8364012089508,156025.8430335097,144649.8430335097,0.021733636411931396,0.015677831073780974
d7ec0892-0a6c-4f4f-9d8f-72083692af5c,96,150.0,518.3645828231037,155931.8430335097,144649.8430335097,0.021733636411931396,0.015754114078142964
d7ec0892-0a6c-4f4f-9d8f-72083692af5c,96,150.0,599.9999999999997,155891.8430335097,144649.8430335097,0.021733636411931396,0.01579511837871518
da8dfec1-d265-44e8-84ce-6ae9c109b8bd,96,150.0,2.0,4353718.980952381,133877.98095238095,0.010072155320928967,0.00015703436986506532
da8dfec1-d265-44e8-84ce-6ae9c109b8bd,96,150.0,2.3149729741653853,4165937.980952381,133877.98095238095,0.010072155320928967,0.00016113072030268376
da8dfec1-d265-44e8-84ce-6ae9c109b8bd,96,150.0,2.6795499355580645,3954071.980952381,133877.98095238095,0.010072155320928967,0.00016719315666068244
da8dfec1-d265-44e8-84ce-6ae9c109b8bd,96,150.0,3.1015428418717597,3719202.980952381,133877.98095238095,0.010072155320928967,0.00017614528576364303
da8dfec1-d265-44e8-84ce-6ae9c109b8bd,96,150.0,3.5899939285746147,3464114.980952381,133877.98095238095,0.010072155320928967,0.00018914477355942838
da8dfec1-d265-44e8-84ce-6ae9c109b8bd,96,150.0,4.1553694610340255,3194894.980952381,133877.98095238095,0.010072155320928967,0.00020750225018134494
da8dfec1-d265-44e8-84ce-6ae9c109b8bd,96,150.0,4.809783999982975,2909318.980952381,133877.98095238095,0.010072155320928967,0.00023303552311010635
da8dfec1-d265-44e8-84ce-6ae9c109b8bd,96,150.0,5.567259985766836,2613694.980952381,133877.98095238095,0.010072155320928967,0.0002676919142772073
da8dfec1-d265-44e8-84ce-6ae9c109b8bd,96,150.0,6.444028203601297,2321164.980952381,133877.98095238095,0.010072155320928967,0.00031368905276677074
da8dfec1-d265-44e8-84ce-6ae9c109b8bd,96,150.0,7.458875568048258,2040619.980952381,133877.98095238095,0.010072155320928967,0.0003720922947170192
da8dfec1-d265-44e8-84ce-6ae9c109b8bd,96,150.0,8.633547678847101,1775760.980952381,133877.98095238095,0.010072155320928967,0.00044551541894651984
da8dfec1-d265-44e8-84ce-6ae9c109b8bd,96,150.0,9.993214773849669,1529276.980952381,133877.98095238095,0.010072155320928967,0.0005358945061796344
da8dfec1-d265-44e8-84ce-6ae9c109b8bd,96,150.0,11.567011063246117,1305281.980952381,133877.98095238095,0.010072155320928967,0.0006443987423039029
da8dfec1-d265-44e8-84ce-6ae9c109b8bd,96,150.0,13.388659001643386,1106608.980952381,133877.98095238095,0.010072155320928967,0.0007717356638748065
da8dfec1-d265-44e8-84ce-6ae9c109b8bd,96,150.0,15.497191874560272,936906.9809523809,133877.98095238095,0.010072155320928967,0.0009202160075811877
da8dfec1-d265-44e8-84ce-6ae9c109b8bd,96,150.0,17.937790182531224,791558.9809523809,133877.98095238095,0.010072155320928967,0.0010883027703489047
da8dfec1-d265-44e8-84ce-6ae9c109b8bd,96,150.0,20.762749744404477,666350.9809523809,133877.98095238095,0.010072155320928967,0.0012786861000446909
da8dfec1-d265-44e8-84ce-6ae9c109b8bd,96,150.0,24.03260226382781,562175.9809523809,133877.98095238095,0.010072155320928967,0.0014894174148156701
da8dfec1-d265-44e8-84ce-6ae9c109b8bd,96,150.0,27.81741236981361,478174.9809523809,133877.98095238095,0.010072155320928967,0.0017214064162043021
da8dfec1-d265-44e8-84ce-6ae9c109b8bd,96,150.0,32.19827892366621,409081.9809523809,133877.98095238095,0.010072155320928967,0.001975979575402325
da8dfec1-d265-44e8-84ce-6ae9c109b8bd,96,150.0,37.26907276146309,354560.9809523809,133877.98095238095,0.010072155320928967,0.0022457714579143806
da8dfec1-d265-44e8-84ce-6ae9c109b8bd,96,150.0,43.13844810749518,307443.9809523809,133877.98095238095,0.010072155320928967,0.002551119453714434
da8dfec1-d265-44e8-84ce-6ae9c109b8bd,96,150.0,49.93217075814364,269470.9809523809,133877.98095238095,0.010072155320928967,0.0028765038018601073
da8dfec1-d265-44e8-84ce-6ae9c109b8bd,96,150.0,57.795812923256825,240200.98095238095,133877.98095238095,0.010072155320928967,0.003224808673923294
da8dfec1-d265-44e8-84ce-6ae9c109b8bd,96,150.0,66.89787246862902,216869.98095238095,133877.98095238095,0.010072155320928967,0.003588097599462752
da8dfec1-d265-44e8-84ce-6ae9c109b8bd,96,150.0,77.43338339701937,197696.98095238095,133877.98095238095,0.010072155320928967,0.003985675759980056
da8dfec1-d265-44e8-84ce-6ae9c109b8bd,96,150.0,89.62809493114324,183144.98095238095,133877.98095238095,0.010072155320928967,0.004371621201936113
da8dfec1-d265-44e8-84ce-6ae9c109b8bd,96,150.0,103.74330874576306,172158.98095238095,133877.98095238095,0.010072155320928967,0.00478210619584212
da8dfec1-d265-44e8-84ce-6ae9c109b8bd,96,150.0,120.08147799846844,163144.98095238095,133877.98095238095,0.010072155320928967,0.005221685745843693
da8dfec1-d265-44e8-84ce-6ae9c109b8bd,96,150.0,138.99268813214488,156517.98095238095,133877.98095238095,0.010072155320928967,0.005666934124892297
da8dfec1-d265-44e8-84ce-6ae9c109b8bd,96,150.0,160.88215831625678,151360.98095238095,133877.98095238095,0.010072155320928967,0.006134816387376288
da8dfec1-d265-44e8-84ce-6ae9c109b8bd,96,150.0,186.21892426376562,147881.98095238095,133877.98095238095,0.010072155320928967,0.0065311859776794505
da8dfec1-d265-44e8-84ce-6ae9c109b8bd,96,150.0,215.54588847438404,146234.98095238095,133877.98095238095,0.010072155320928967,0.006763015116510057
da8dfec1-d265-44e8-84ce-6ae9c109b8bd,96,150.0,249.49145325533257,145462.98095238095,133877.98095238095,0.010072155320928967,0.006896822306119727
da8dfec1-d265-44e8-84ce-6ae9c109b8bd,96,150.0,288.7829857856707,145071.98095238095,133877.98095238095,0.010072155320928967,0.006973880345480842
da8dfec1-d265-44e8-84ce-6ae9c109b8bd,96,150.0,334.2624037463071,144827.98095238095,133877.98095238095,0.010072155320928967,0.0070276180523691865
da8dfec1-d265-44e8-84ce-6ae9c109b8bd,96,150.0,386.9042154761296,144734.98095238095,133877.98095238095,0.010072155320928967,0.007046188487703088
da8dfec1-d265-44e8-84ce-6ae9c109b8bd,96,150.0,447.8364012089508,144731.98095238095,133877.98095238095,0.010072155320928967,0.007046188509044137
da8dfec1-d265-44e8-84ce-6ae9c109b8bd,96,150.0,518.3645828231037,144700.98095238095,133877.98095238095,0.010072155320928967,0.007050329828986889
da8dfec1-d265-44e8-84ce-6ae9c109b8bd,96,150.0,599.9999999999997,144700.98095238095,133877.98095238095,0.010072155320928967,0.007050329828986889
dab512bd-a02d-4c1f-8dbc-9155a163efc0,96,150.0,2.0,3120149.6428571427,112785.64285714286,0.3536081111700137,0.0012308182993925917
dab512bd-a02d-4c1f-8dbc-9155a163efc0,96,150.0,2.3149729741653853,2941805.6428571427,112785.64285714286,0.3536081111700137,0.0012910055352734504
dab512bd-a02d-4c1f-8dbc-9155a163efc0,96,150.0,2.6795499355580645,2755472.6428571427,112785.64285714286,0.3536081111700137,0.001374629302865644
dab512bd-a02d-4c1f-8dbc-9155a163efc0,96,150.0,3.1015428418717597,2562340.6428571427,112785.64285714286,0.3536081111700137,0.0014902657300500273
dab512bd-a02d-4c1f-8dbc-9155a163efc0,96,150.0,3.5899939285746147,2366921.6428571427,112785.64285714286,0.3536081111700137,0.0016435556436756654
dab512bd-a02d-4c1f-8dbc-9155a163efc0,96,150.0,4.1553694610340255,2171827.6428571427,112785.64285714286,0.3536081111700137,0.0018460724000064477
dab512bd-a02d-4c1f-8dbc-9155a163efc0,96,150.0,4.809783999982975,1982849.642857143,112785.64285714286,0.3536081111700137,0.0021072473907271234
dab512bd-a02d-4c1f-8dbc-9155a163efc0,96,150.0,5.567259985766836,1802306.642857143,112785.64285714286,0.3536081111700137,0.0024373548098997762
dab512bd-a02d-4c1f-8dbc-9155a163efc0,96,150.0,6.444028203601297,1631725.642857143,112785.64285714286,0.3536081111700137,0.002851104976046842
dab512bd-a02d-4c1f-8dbc-9155a163efc0,96,150.0,7.458875568048258,1474042.642857143,112785.64285714286,0.3536081111700137,0.003370858571590829
dab512bd-a02d-4c1f-8dbc-9155a163efc0,96,150.0,8.633547678847101,1328566.642857143,112785.64285714286,0.3536081111700137,0.004016728921562801
dab512bd-a02d-4c1f-8dbc-9155a163efc0,96,150.0,9.993214773849669,1191528.642857143,112785.64285714286,0.3536081111700137,0.0048166379134074715
dab512bd-a02d-4c1f-8dbc-9155a163efc0,96,150.0,11.567011063246117,1067624.642857143,112785.64285714286,0.3536081111700137,0.005806860815239571
dab512bd-a02d-4c1f-8dbc-9155a163efc0,96,150.0,13.388659001643386,952180.6428571428,112785.64285714286,0.3536081111700137,0.007024342232000194
dab512bd-a02d-4c1f-8dbc-9155a163efc0,96,150.0,15.497191874560272,848420.6428571428,112785.64285714286,0.3536081111700137,0.008492470741828278
dab512bd-a02d-4c1f-8dbc-9155a163efc0,96,150.0,17.937790182531224,751381.6428571428,112785.64285714286,0.3536081111700137,0.01029385561573858
dab512bd-a02d-4c1f-8dbc-9155a163efc0,96,150.0,20.762749744404477,665801.6428571428,112785.64285714286,0.3536081111700137,0.012432310236231408
dab512bd-a02d-4c1f-8dbc-9155a163efc0,96,150.0,24.03260226382781,588084.6428571428,112785.64285714286,0.3536081111700137,0.014976181883839852
dab512bd-a02d-4c1f-8dbc-9155a163efc0,96,150.0,27.81741236981361,522077.64285714284,112785.64285714286,0.3536081111700137,0.01796310636149151
dab512bd-a02d-4c1f-8dbc-9155a163efc0,96,150.0,32.19827892366621,462037.64285714284,112785.64285714286,0.3536081111700137,0.021566697298733527
dab512bd-a02d-4c1f-8dbc-9155a163efc0,96,150.0,37.26907276146309,408404.64285714284,112785.64285714286,0.3536081111700137,0.025739664288928387
dab512bd-a02d-4c1f-8dbc-9155a163efc0,96,150.0,43.13844810749518,362167.64285714284,112785.64285714286,0.3536081111700137,0.030702276592045358
dab512bd-a02d-4c1f-8dbc-9155a163efc0,96,150.0,49.93217075814364,322431.64285714284,112785.64285714286,0.3536081111700137,0.036520890654803045
dab512bd-a02d-4c1f-8dbc-9155a163efc0,96,150.0,57.795812923256825,286178.64285714284,112785.64285714286,0.3536081111700137,0.04343806100045455
dab512bd-a02d-4c1f-8dbc-9155a163efc0,96,150.0,66.89787246862902,255381.64285714284,112785.64285714286,0.3536081111700137,0.05136107415557471
dab512bd-a02d-4c1f-8dbc-9155a163efc0,96,150.0,77.43338339701937,228740.64285714284,112785.64285714286,0.3536081111700137,0.06038484963212437
dab512bd-a02d-4c1f-8dbc-9155a163efc0,96,150.0,89.62809493114324,206401.64285714284,112785.64285714286,0.3536081111700137,0.07032180008964382
dab512bd-a02d-4c1f-8dbc-9155a163efc0,96,150.0,103.74330874576306,188395.64285714284,112785.64285714286,0.3536081111700137,0.08110912950671753
dab512bd-a02d-4c1f-8dbc-9155a163efc0,96,150.0,120.08147799846844,173528.64285714284,112785.64285714286,0.3536081111700137,0.09340023064578361
dab512bd-a02d-4c1f-8dbc-9155a163efc0,96,150.0,138.99268813214488,160596.64285714284,112785.64285714286,0.3536081111700137,0.10645146493541909
dab512bd-a02d-4c1f-8dbc-9155a163efc0,96,150.0,160.88215831625678,150404.64285714284,112785.64285714286,0.3536081111700137,0.12085234981547593
dab512bd-a02d-4c1f-8dbc-9155a163efc0,96,150.0,186.21892426376562,142488.64285714284,112785.64285714286,0.3536081111700137,0.1359852532875094
dab512bd-a02d-4c1f-8dbc-9155a163efc0,96,150.0,215.54588847438404,136050.64285714284,112785.64285714286,0.3536081111700137,0.1515416937243208
dab512bd-a02d-4c1f-8dbc-9155a163efc0,96,150.0,249.49145325533257,131730.64285714284,112785.64285714286,0.3536081111700137,0.16836949961478062
dab512bd-a02d-4c1f-8dbc-9155a163efc0,96,150.0,288.7829857856707,127619.64285714286,112785.64285714286,0.3536081111700137,0.18676083255008347
dab512bd-a02d-4c1f-8dbc-9155a163efc0,96,150.0,334.2624037463071,125058.64285714286,112785.64285714286,0.3536081111700137,0.2017258443856801
dab512bd-a02d-4c1f-8dbc-9155a163efc0,96,150.0,386.9042154761296,124342.64285714286,112785.64285714286,0.3536081111700137,0.20621579992226471
dab512bd-a02d-4c1f-8dbc-9155a163efc0,96,150.0,447.8364012089508,124076.64285714286,112785.64285714286,0.3536081111700137,0.20846131726227043
dab512bd-a02d-4c1f-8dbc-9155a163efc0,96,150.0,518.3645828231037,123818.64285714286,112785.64285714286,0.3536081111700137,0.21070151322225183
dab512bd-a02d-4c1f-8dbc-9155a163efc0,96,150.0,599.9999999999997,123739.64285714286,112785.64285714286,0.3536081111700137,0.21106336090979852
dc7e9403-19f7-409f-9240-05ee57cb7aea,96,150.0,2.0,4597341.04620462,138317.04620462045,0.034939112495703,0.0002323194537651845
dc7e9403-19f7-409f-9240-05ee57cb7aea,96,150.0,2.3149729741653853,4416251.04620462,138317.04620462045,0.034939112495703,0.00023877690421439632
dc7e9403-19f7-409f-9240-05ee57cb7aea,96,150.0,2.6795499355580645,4212962.04620462,138317.04620462045,0.034939112495703,0.0002483108237998034
dc7e9403-19f7-409f-9240-05ee57cb7aea,96,150.0,3.1015428418717597,3988170.0462046205,138317.04620462045,0.034939112495703,0.0002623492036500318
dc7e9403-19f7-409f-9240-05ee57cb7aea,96,150.0,3.5899939285746147,3742614.0462046205,138317.04620462045,0.034939112495703,0.0002825955672065101
dc7e9403-19f7-409f-9240-05ee57cb7aea,96,150.0,4.1553694610340255,3481374.0462046205,138317.04620462045,0.034939112495703,0.00031108689158181605
dc7e9403-19f7-409f-9240-05ee57cb7aea,96,150.0,4.809783999982975,3204366.0462046205,138317.04620462045,0.034939112495703,0.00035089216304552316
dc7e9403-19f7-409f-9240-05ee57cb7aea,96,150.0,5.567259985766836,2921578.0462046205,138317.04620462045,0.034939112495703,0.0004044932043013554
dc7e9403-19f7-409f-9240-05ee57cb7aea,96,150.0,6.444028203601297,2636529.0462046205,138317.04620462045,0.034939112495703,0.00047555457701143407
dc7e9403-19f7-409f-9240-05ee57cb7aea,96,150.0,7.458875568048258,2361837.0462046205,138317.04620462045,0.034939112495703,0.0005664280396986707
dc7e9403-19f7-409f-9240-05ee57cb7aea,96,150.0,8.633547678847101,2098649.0462046205,138317.04620462045,0.034939112495703,0.000681248560122314
dc7e9403-19f7-409f-9240-05ee57cb7aea,96,150.0,9.993214773849669,1852964.0462046205,138317.04620462045,0.034939112495703,0.0008249084445641217
dc7e9403-19f7-409f-9240-05ee57cb7aea,96,150.0,11.567011063246117,1625675.0462046205,138317.04620462045,0.034939112495703,0.001001777043476374
dc7e9403-19f7-409f-9240-05ee57cb7aea,96,150.0,13.388659001643386,1418182.0462046205,138317.04620462045,0.034939112495703,0.0012155105362474826
dc7e9403-19f7-409f-9240-05ee57cb7aea,96,150.0,15.497191874560272,1231246.0462046205,138317.04620462045,0.034939112495703,0.001473662939688426
dc7e9403-19f7-409f-9240-05ee57cb7aea,96,150.0,17.937790182531224,1067244.0462046205,138317.04620462045,0.034939112495703,0.0017751608982893008
dc7e9403-19f7-409f-9240-05ee57cb7aea,96,150.0,20.762749744404477,921663.0462046205,138317.04620462045,0.034939112495703,0.0021367586287863666
dc7e9403-19f7-409f-9240-05ee57cb7aea,96,150.0,24.03260226382781,792998.0462046205,138317.04620462045,0.034939112495703,0.0025565560900783707
dc7e9403-19f7-409f-9240-05ee57cb7aea,96,150.0,27.81741236981361,681752.0462046205,138317.04620462045,0.034939112495703,0.0030426241356946936
dc7e9403-19f7-409f-9240-05ee57cb7aea,96,150.0,32.19827892366621,585884.0462046205,138317.04620462045,0.034939112495703,0.0036023483368594175
dc7e9403-19f7-409f-9240-05ee57cb7aea,96,150.0,37.26907276146309,504564.04620462045,138317.04620462045,0.034939112495703,0.004236628758652128
dc7e9403-19f7-409f-9240-05ee57cb7aea,96,150.0,43.13844810749518,436930.04620462045,138317.04620462045,0.034939112495703,0.004948411334439033
dc7e9403-19f7-409f-9240-05ee57cb7aea,96,150.0,49.93217075814364,381193.04620462045,138317.04620462045,0.034939112495703,0.005736525728230111
dc7e9403-19f7-409f-9240-05ee57cb7aea,96,150.0,57.795812923256825,333034.04620462045,138317.04620462045,0.034939112495703,0.006621854884032849
dc7e9403-19f7-409f-9240-05ee57cb7aea,96,150.0,66.89787246862902,295140.04620462045,138317.04620462045,0.034939112495703,0.007596601563926029
dc7e9403-19f7-409f-9240-05ee57cb7aea,96,150.0,77.43338339701937,265046.04620462045,138317.04620462045,0.034939112495703,0.008630489118733793
dc7e9403-19f7-409f-9240-05ee57cb7aea,96,150.0,89.62809493114324,239537.04620462045,138317.04620462045,0.034939112495703,0.009795287090781864
dc7e9403-19f7-409f-9240-05ee57cb7aea,96,150.0,103.74330874576306,217534.04620462045,138317.04620462045,0.034939112495703,0.01109562625265401
dc7e9403-19f7-409f-9240-05ee57cb7aea,96,150.0,120.08147799846844,200181.04620462045,138317.04620462045,0.034939112495703,0.012497828528982905
dc7e9403-19f7-409f-9240-05ee57cb7aea,96,150.0,138.99268813214488,184314.04620462045,138317.04620462045,0.034939112495703,0.014042866651504433
dc7e9403-19f7-409f-9240-05ee57cb7aea,96,150.0,160.88215831625678,173210.04620462045,138317.04620462045,0.034939112495703,0.01563309850690559
dc7e9403-19f7-409f-9240-05ee57cb7aea,96,150.0,186.21892426376562,164333.04620462045,138317.04620462045,0.034939112495703,0.01731352806267946
dc7e9403-19f7-409f-9240-05ee57cb7aea,96,150.0,215.54588847438404,157924.04620462045,138317.04620462045,0.034939112495703,0.01900652306434038
dc7e9403-19f7-409f-9240-05ee57cb7aea,96,150.0,249.49145325533257,153020.04620462045,138317.04620462045,0.034939112495703,0.020704479026120808
dc7e9403-19f7-409f-9240-05ee57cb7aea,96,150.0,288.7829857856707,150982.04620462045,138317.04620462045,0.034939112495703,0.021759747576421375
dc7e9403-19f7-409f-9240-05ee57cb7aea,96,150.0,334.2624037463071,150164.04620462045,138317.04620462045,0.034939112495703,0.022386419489629446
dc7e9403-19f7-409f-9240-05ee57cb7aea,96,150.0,386.9042154761296,149819.04620462045,138317.04620462045,0.034939112495703,0.022717814450590634
dc7e9403-19f7-409f-9240-05ee57cb7aea,96,150.0,447.8364012089508,149576.04620462045,138317.04620462045,0.034939112495703,0.023006989213586328
dc7e9403-19f7-409f-9240-05ee57cb7aea,96,150.0,518.3645828231037,149412.04620462045,138317.04620462045,0.034939112495703,0.02328823254473269
dc7e9403-19f7-409f-9240-05ee57cb7aea,96,150.0,599.9999999999997,149281.04620462045,138317.04620462045,0.034939112495703,0.023531519353339123
e8f9fba4-d151-4b00-bee7-447f0f3e752c,96,150.0,2.0,4440114.211726384,139346.21172638435,0.03732115852789589,0.00048222998882484696
e8f9fba4-d151-4b00-bee7-447f0f3e752c,96,150.0,2.3149729741653853,4230166.211726384,139346.21172638435,0.03732115852789589,0.0004989260001898647
e8f9fba4-d151-4b00-bee7-447f0f3e752c,96,150.0,2.6795499355580645,3997016.2117263842,139346.21172638435,0.03732115852789589,0.0005236397482418349
e8f9fba4-d151-4b00-bee7-447f0f3e752c,96,150.0,3.1015428418717597,3746762.2117263842,139346.21172638435,0.03732115852789589,0.0005590161538801301
e8f9fba4-d151-4b00-bee7-447f0f3e752c,96,150.0,3.5899939285746147,3477425.2117263842,139346.21172638435,0.03732115852789589,0.0006094318787361828
e8f9fba4-d151-4b00-bee7-447f0f3e752c,96,150.0,4.1553694610340255,3193834.2117263842,139346.21172638435,0.03732115852789589,0.0006797276361077222
e8f9fba4-d151-4b00-bee7-447f0f3e752c,96,150.0,4.809783999982975,2905621.2117263842,139346.21172638435,0.03732115852789589,0.0007741476636394436
e8f9fba4-d151-4b00-bee7-447f0f3e752c,96,150.0,5.567259985766836,2619466.2117263842,139346.21172638435,0.03732115852789589,0.0008983476666572586
e8f9fba4-d151-4b00-bee7-447f0f3e752c,96,150.0,6.444028203601297,2337653.2117263842,139346.21172638435,0.03732115852789589,0.001059974917497291
e8f9fba4-d151-4b00-bee7-447f0f3e752c,96,150.0,7.458875568048258,2070516.2117263842,139346.21172638435,0.03732115852789589,0.0012636584850869628
e8f9fba4-d151-4b00-bee7-447f0f3e752c,96,150.0,8.633547678847101,1819525.2117263842,139346.21172638435,0.03732115852789589,0.0015171202802962563
e8f9fba4-d151-4b00-bee7-447f0f3e752c,96,150.0,9.993214773849669,1591394.2117263842,139346.21172638435,0.03732115852789589,0.0018238782189834574
e8f9fba4-d151-4b00-bee7-447f0f3e752c,96,150.0,11.567011063246117,1383123.2117263842,139346.21172638435,0.03732115852789589,0.002192473922413115
e8f9fba4-d151-4b00-bee7-447f0f3e752c,96,150.0,13.388659001643386,1196282.2117263842,139346.21172638435,0.03732115852789589,0.0026332817960812295
e8f9fba4-d151-4b00-bee7-447f0f3e752c,96,150.0,15.497191874560272,1035025.2117263844,139346.21172638435,0.03732115852789589,0.003139602477746949
e8f9fba4-d151-4b00-bee7-447f0f3e752c,96,150.0,17.937790182531224,892575.2117263844,139346.21172638435,0.03732115852789589,0.0037294125248862283
e8f9fba4-d151-4b00-bee7-447f0f3e752c,96,150.0,20.762749744404477,769786.2117263844,139346.21172638435,0.03732115852789589,0.004415262146779378
e8f9fba4-d151-4b00-bee7-447f0f3e752c,96,150.0,24.03260226382781,663557.2117263844,139346.21172638435,0.03732115852789589,0.005205632713679226
e8f9fba4-d151-4b00-bee7-447f0f3e752c,96,150.0,27.81741236981361,574853.2117263844,139346.21172638435,0.03732115852789589,0.00610275640132422
e8f9fba4-d151-4b00-bee7-447f0f3e752c,96,150.0,32.19827892366621,496856.21172638435,139346.21172638435,0.03732115852789589,0.007134582275627463
e8f9fba4-d151-4b00-bee7-447f0f3e752c,96,150.0,37.26907276146309,432289.21172638435,139346.21172638435,0.03732115852789589,0.008296413977574087
e8f9fba4-d151-4b00-bee7-447f0f3e752c,96,150.0,43.13844810749518,375964.21172638435,139346.21172638435,0.03732115852789589,0.00961985790205897
e8f9fba4-d151-4b00-bee7-447f0f3e752c,96,150.0,49.93217075814364,329260.21172638435,139346.21172638435,0.03732115852789589,0.011107310730703807
e8f9fba4-d151-4b00-bee7-447f0f3e752c,96,150.0,57.795812923256825,289791.21172638435,139346.21172638435,0.03732115852789589,0.012736040416563116
e8f9fba4-d151-4b00-bee7-447f0f3e752c,96,150.0,66.89787246862902,257623.21172638435,139346.21172638435,0.03732115852789589,0.014578105522413705
e8f9fba4-d151-4b00-bee7-447f0f3e752c,96,150.0,77.43338339701937,230135.21172638435,139346.21172638435,0.03732115852789589,0.016588314674105094
e8f9fba4-d151-4b00-bee7-447f0f3e752c,96,150.0,89.62809493114324,207647.21172638435,139346.21172638435,0.03732115852789589,0.0187347779437393
e8f9fba4-d151-4b00-bee7-447f0f3e752c,96,150.0,103.74330874576306,189608.21172638435,139346.21172638435,0.03732115852789589,0.02116540716055572
e8f9fba4-d151-4b00-bee7-447f0f3e752c,96,150.0,120.08147799846844,175807.21172638435,139346.21172638435,0.03732115852789589,0.023606899507230984
e8f9fba4-d151-4b00-bee7-447f0f3e752c,96,150.0,138.99268813214488,165871.21172638435,139346.21172638435,0.03732115852789589,0.02571685956234175
e8f9fba4-d151-4b00-bee7-447f0f3e752c,96,150.0,160.88215831625678,159715.21172638435,139346.21172638435,0.03732115852789589,0.027499141725704813
e8f9fba4-d151-4b00-bee7-447f0f3e752c,96,150.0,186.21892426376562,155960.21172638435,139346.21172638435,0.03732115852789589,0.028759370709432037
e8f9fba4-d151-4b00-bee7-447f0f3e752c,96,150.0,215.54588847438404,153861.21172638435,139346.21172638435,0.03732115852789589,0.029692361506522127
e8f9fba4-d151-4b00-bee7-447f0f3e752c,96,150.0,249.49145325533257,152397.21172638435,139346.21172638435,0.03732115852789589,0.030528242772889402
e8f9fba4-d151-4b00-bee7-447f0f3e752c,96,150.0,288.7829857856707,151479.21172638435,139346.21172638435,0.03732115852789589,0.031168234548777513
e8f9fba4-d151-4b00-bee7-447f0f3e752c,96,150.0,334.2624037463071,150854.21172638435,139346.21172638435,0.03732115852789589,0.0317210908480829
e8f9fba4-d151-4b00-bee7-447f0f3e752c,96,150.0,386.9042154761296,150573.21172638435,139346.21172638435,0.03732115852789589,0.032015267200677315
e8f9fba4-d151-4b00-bee7-447f0f3e752c,96,150.0,447.8364012089508,150449.21172638435,139346.21172638435,0.03732115852789589,0.032161389623630764
e8f9fba4-d151-4b00-bee7-447f0f3e752c,96,150.0,518.3645828231037,150397.21172638435,139346.21172638435,0.03732115852789589,0.032237586771948754
e8f9fba4-d151-4b00-bee7-447f0f3e752c,96,150.0,599.9999999999997,150363.21172638435,139346.21172638435,0.03732115852789589,0.0322616672145027
eebcaf65-7fa4-4118-869d-a084e84530e2,96,150.0,2.0,3051846.126559715,103296.1265597148,0.12305946166862808,0.0012473486123703063
eebcaf65-7fa4-4118-869d-a084e84530e2,96,150.0,2.3149729741653853,2887798.126559715,103296.1265597148,0.12305946166862808,0.0012897617045967127
eebcaf65-7fa4-4118-869d-a084e84530e2,96,150.0,2.6795499355580645,2707868.126559715,103296.1265597148,0.12305946166862808,0.0013506944888657365
eebcaf65-7fa4-4118-869d-a084e84530e2,96,150.0,3.1015428418717597,2514209.126559715,103296.1265597148,0.12305946166862808,0.001437414820539622
eebcaf65-7fa4-4118-869d-a084e84530e2,96,150.0,3.5899939285746147,2311447.126559715,103296.1265597148,0.12305946166862808,0.0015565638945572646
eebcaf65-7fa4-4118-869d-a084e84530e2,96,150.0,4.1553694610340255,2101569.126559715,103296.1265597148,0.12305946166862808,0.0017171397710083528
eebcaf65-7fa4-4118-869d-a084e84530e2,96,150.0,4.809783999982975,1894727.1265597148,103296.1265597148,0.12305946166862808,0.0019263305166610366
eebcaf65-7fa4-4118-869d-a084e84530e2,96,150.0,5.567259985766836,1690074.1265597148,103296.1265597148,0.12305946166862808,0.002195687669147203
eebcaf65-7fa4-4118-869d-a084e84530e2,96,150.0,6.444028203601297,1495949.1265597148,103296.1265597148,0.12305946166862808,0.002533245530243063
eebcaf65-7fa4-4118-869d-a084e84530e2,96,150.0,7.458875568048258,1314519.1265597148,103296.1265597148,0.12305946166862808,0.0029465867161956425
eebcaf65-7fa4-4118-869d-a084e84530e2,96,150.0,8.633547678847101,1150029.1265597148,103296.1265597148,0.12305946166862808,0.0034418179878673355
eebcaf65-7fa4-4118-869d-a084e84530e2,96,150.0,9.993214773849669,1004088.1265597148,103296.1265597148,0.12305946166862808,0.004027462335105582
eebcaf65-7fa4-4118-869d-a084e84530e2,96,150.0,11.567011063246117,873600.1265597148,103296.1265597148,0.12305946166862808,0.004721635103821267
eebcaf65-7fa4-4118-869d-a084e84530e2,96,150.0,13.388659001643386,760919.1265597148,103296.1265597148,0.12305946166862808,0.005522195747555421
eebcaf65-7fa4-4118-869d-a084e84530e2,96,150.0,15.497191874560272,661522.1265597148,103296.1265597148,0.12305946166862808,0.006450802009229344
eebcaf65-7fa4-4118-869d-a084e84530e2,96,150.0,17.937790182531224,576174.1265597148,103296.1265597148,0.12305946166862808,0.007528984307449867
eebcaf65-7fa4-4118-869d-a084e84530e2,96,150.0,20.762749744404477,501946.1265597148,103296.1265597148,0.12305946166862808,0.008759385377537447
eebcaf65-7fa4-4118-869d-a084e84530e2,96,150.0,24.03260226382781,437932.1265597148,103296.1265597148,0.12305946166862808,0.010162690291867088
eebcaf65-7fa4-4118-869d-a084e84530e2,96,150.0,27.81741236981361,384774.1265597148,103296.1265597148,0.12305946166862808,0.01174689839040352
eebcaf65-7fa4-4118-869d-a084e84530e2,96,150.0,32.19827892366621,339676.1265597148,103296.1265597148,0.12305946166862808,0.013548089160300956
eebcaf65-7fa4-4118-869d-a084e84530e2,96,150.0,37.26907276146309,301046.1265597148,103296.1265597148,0.12305946166862808,0.015588817476025156
eebcaf65-7fa4-4118-869d-a084e84530e2,96,150.0,43.13844810749518,268842.1265597148,103296.1265597148,0.12305946166862808,0.01792459244240012
eebcaf65-7fa4-4118-869d-a084e84530e2,96,150.0,49.93217075814364,240621.1265597148,103296.1265597148,0.12305946166862808,0.020580831371264166
eebcaf65-7fa4-4118-869d-a084e84530e2,96,150.0,57.795812923256825,216519.1265597148,103296.1265597148,0.12305946166862808,0.023707789317464822
eebcaf65-7fa4-4118-869d-a084e84530e2,96,150.0,66.89787246862902,196128.1265597148,103296.1265597148,0.12305946166862808,0.02713970709157814
eebcaf65-7fa4-4118-869d-a084e84530e2,96,150.0,77.43338339701937,178731.1265597148,103296.1265597148,0.12305946166862808,0.031003220508089208
eebcaf65-7fa4-4118-869d-a084e84530e2,96,150.0,89.62809493114324,164975.1265597148,103296.1265597148,0.12305946166862808,0.03534007300914029
eebcaf65-7fa4-4118-869d-a084e84530e2,96,150.0,103.74330874576306,152397.1265597148,103296.1265597148,0.12305946166862808,0.04010043660735424
eebcaf65-7fa4-4118-869d-a084e84530e2,96,150.0,120.08147799846844,142864.1265597148,103296.1265597148,0.12305946166862808,0.04530289979730769
eebcaf65-7fa4-4118-869d-a084e84530e2,96,150.0,138.99268813214488,134218.1265597148,103296.1265597148,0.12305946166862808,0.05124204686267735
eebcaf65-7fa4-4118-869d-a084e84530e2,96,150.0,160.88215831625678,127474.1265597148,103296.1265597148,0.12305946166862808,0.057262886895178236
eebcaf65-7fa4-4118-869d-a084e84530e2,96,150.0,186.21892426376562,123152.1265597148,103296.1265597148,0.12305946166862808,0.06275737803195643
eebcaf65-7fa4-4118-869d-a084e84530e2,96,150.0,215.54588847438404,119751.1265597148,103296.1265597148,0.12305946166862808,0.0675567567325601
eebcaf65-7fa4-4118-869d-a084e84530e2,96,150.0,249.49145325533257,117641.1265597148,103296.1265597148,0.12305946166862808,0.0711237524366336
eebcaf65-7fa4-4118-869d-a084e84530e2,96,150.0,288.7829857856707,116257.1265597148,103296.1265597148,0.12305946166862808,0.07402712457968286
eebcaf65-7fa4-4118-869d-a084e84530e2,96,150.0,334.2624037463071,115499.1265597148,103296.1265597148,0.12305946166862808,0.07613906190355321
eebcaf65-7fa4-4118-869d-a084e84530e2,96,150.0,386.9042154761296,114923.1265597148,103296.1265597148,0.12305946166862808,0.07809930935502933
eebcaf65-7fa4-4118-869d-a084e84530e2,96,150.0,447.8364012089508,114665.1265597148,103296.1265597148,0.12305946166862808,0.07918433387139891
eebcaf65-7fa4-4118-869d-a084e84530e2,96,150.0,518.3645828231037,114450.1265597148,103296.1265597148,0.12305946166862808,0.08004330928200014
eebcaf65-7fa4-4118-869d-a084e84530e2,96,150.0,599.9999999999997,114362.1265597148,103296.1265597148,0.12305946166862808,0.08046413795725059
fe380793-8035-414e-b000-09bfe5ece92a,96,150.0,2.0,4068248.090523338,127081.09052333805,0.18287343951025295,0.0007580810422050472
fe380793-8035-414e-b000-09bfe5ece92a,96,150.0,2.3149729741653853,3885963.090523338,127081.09052333805,0.18287343951025295,0.0007886873395658102
fe380793-8035-414e-b000-09bfe5ece92a,96,150.0,2.6795499355580645,3687482.090523338,127081.09052333805,0.18287343951025295,0.0008331108834536019
fe380793-8035-414e-b000-09bfe5ece92a,96,150.0,3.1015428418717597,3472449.090523338,127081.09052333805,0.18287343951025295,0.0008962848001206177
fe380793-8035-414e-b000-09bfe5ece92a,96,150.0,3.5899939285746147,3245495.090523338,127081.09052333805,0.18287343951025295,0.0009847351784535
fe380793-8035-414e-b000-09bfe5ece92a,96,150.0,4.1553694610340255,3008213.090523338,127081.09052333805,0.18287343951025295,0.0011069216518967064
fe380793-8035-414e-b000-09bfe5ece92a,96,150.0,4.809783999982975,2767217.090523338,127081.09052333805,0.18287343951025295,0.0012724174539336015
fe380793-8035-414e-b000-09bfe5ece92a,96,150.0,5.567259985766836,2526630.090523338,127081.09052333805,0.18287343951025295,0.001491124766813392
fe380793-8035-414e-b000-09bfe5ece92a,96,150.0,6.444028203601297,2289968.090523338,127081.09052333805,0.18287343951025295,0.0017790326157881792
fe380793-8035-414e-b000-09bfe5ece92a,96,150.0,7.458875568048258,2061522.090523338,127081.09052333805,0.18287343951025295,0.002149688073344385
fe380793-8035-414e-b000-09bfe5ece92a,96,150.0,8.633547678847101,1842381.090523338,127081.09052333805,0.18287343951025295,0.0026201603379931164
fe380793-8035-414e-b000-09bfe5ece92a,96,150.0,9.993214773849669,1635717.090523338,127081.09052333805,0.18287343951025295,0.0032150795266895483
fe380793-8035-414e-b000-09bfe5ece92a,96,150.0,11.567011063246117,1444683.090523338,127081.09052333805,0.18287343951025295,0.0039503418221847955
fe380793-8035-414e-b000-09bfe5ece92a,96,150.0,13.388659001643386,1270238.090523338,127081.09052333805,0.18287343951025295,0.0048419080232672065
fe380793-8035-414e-b000-09bfe5ece92a,96,150.0,15.497191874560272,1112578.090523338,127081.09052333805,0.18287343951025295,0.005906938953054455
fe380793-8035-414e-b000-09bfe5ece92a,96,150.0,17.937790182531224,972682.0905233381,127081.09052333805,0.18287343951025295,0.007159175534543077
fe380793-8035-414e-b000-09bfe5ece92a,96,150.0,20.762749744404477,852577.0905233381,127081.09052333805,0.18287343951025295,0.008600392884469111
fe380793-8035-414e-b000-09bfe5ece92a,96,150.0,24.03260226382781,749831.0905233381,127081.09052333805,0.18287343951025295,0.010247388312826396
fe380793-8035-414e-b000-09bfe5ece92a,96,150.0,27.81741236981361,662063.0905233381,127081.09052333805,0.18287343951025295,0.012133819465561961
fe380793-8035-414e-b000-09bfe5ece92a,96,150.0,32.19827892366621,585311.0905233381,127081.09052333805,0.18287343951025295,0.014313209542329742
fe380793-8035-414e-b000-09bfe5ece92a,96,150.0,37.26907276146309,518899.09052333806,127081.09052333805,0.18287343951025295,0.016852583550149035
fe380793-8035-414e-b000-09bfe5ece92a,96,150.0,43.13844810749518,463451.09052333806,127081.09052333805,0.18287343951025295,0.019821409173618583
fe380793-8035-414e-b000-09bfe5ece92a,96,150.0,49.93217075814364,413972.09052333806,127081.09052333805,0.18287343951025295,0.023392163769289136
fe380793-8035-414e-b000-09bfe5ece92a,96,150.0,57.795812923256825,369688.09052333806,127081.09052333805,0.18287343951025295,0.027585581085638026
fe380793-8035-414e-b000-09bfe5ece92a,96,150.0,66.89787246862902,329562.09052333806,127081.09052333805,0.18287343951025295,0.03256643919677179
fe380793-8035-414e-b000-09bfe5ece92a,96,150.0,77.43338339701937,294533.09052333806,127081.09052333805,0.18287343951025295,0.03855861819938887
fe380793-8035-414e-b000-09bfe5ece92a,96,150.0,89.62809493114324,261994.09052333806,127081.09052333805,0.18287343951025295,0.04568689880405169
fe380793-8035-414e-b000-09bfe5ece92a,96,150.0,103.74330874576306,234518.09052333806,127081.09052333805,0.18287343951025295,0.05392211202271843
fe380793-8035-414e-b000-09bfe5ece92a,96,150.0,120.08147799846844,210791.09052333806,127081.09052333805,0.18287343951025295,0.06317447001579082
fe380793-8035-414e-b000-09bfe5ece92a,96,150.0,138.99268813214488,190407.09052333806,127081.09052333805,0.18287343951025295,0.07338707807905659
fe380793-8035-414e-b000-09bfe5ece92a,96,150.0,160.88215831625678,174100.09052333806,127081.09052333805,0.18287343951025295,0.08466432957251845
fe380793-8035-414e-b000-09bfe5ece92a,96,150.0,186.21892426376562,162144.09052333806,127081.09052333805,0.18287343951025295,0.09602155730297673
fe380793-8035-414e-b000-09bfe5ece92a,96,150.0,215.54588847438404,152569.09052333806,127081.09052333805,0.18287343951025295,0.10747747034121174
fe380793-8035-414e-b000-09bfe5ece92a,96,150.0,249.49145325533257,146503.09052333806,127081.09052333805,0.18287343951025295,0.11767296794907596
fe380793-8035-414e-b000-09bfe5ece92a,96,150.0,288.7829857856707,143931.09052333806,127081.09052333805,0.18287343951025295,0.12307517575179691
fe380793-8035-414e-b000-09bfe5ece92a,96,150.0,334.2624037463071,142176.09052333806,127081.09052333805,0.18287343951025295,0.12800709891395523
fe380793-8035-414e-b000-09bfe5ece92a,96,150.0,386.9042154761296,140831.09052333806,127081.09052333805,0.18287343951025295,0.13283783610459332
fe380793-8035-414e-b000-09bfe5ece92a,96,150.0,447.8364012089508,139798.09052333806,127081.09052333805,0.18287343951025295,0.1377384996396615
fe380793-8035-414e-b000-09bfe5ece92a,96,150.0,518.3645828231037,139186.09052333806,127081.09052333805,0.18287343951025295,0.14139351383357446
fe380793-8035-414e-b000-09bfe5ece92a,96,150.0,599.9999999999997,138762.09052333806,127081.09052333805,0.18287343951025295,0.14500132350420672
1a276285-8b0e-4cc9-9f0a-a3a002978724,64,150.0,2.0,3446179.3574958816,72404.35749588138,0.2132329076357336,0.000788387615331613
1a276285-8b0e-4cc9-9f0a-a3a002978724,64,150.0,2.3149729741653853,3309397.3574958816,72404.35749588138,0.2132329076357336,0.0008158136766920561
1a276285-8b0e-4cc9-9f0a-a3a002978724,64,150.0,2.6795499355580645,3158839.3574958816,72404.35749588138,0.2132329076357336,0.0008560636288459495
1a276285-8b0e-4cc9-9f0a-a3a002978724,64,150.0,3.1015428418717597,2994153.3574958816,72404.35749588138,0.2132329076357336,0.0009145007355998045
1a276285-8b0e-4cc9-9f0a-a3a002978724,64,150.0,3.5899939285746147,2817179.3574958816,72404.35749588138,0.2132329076357336,0.0009977850967387842
1a276285-8b0e-4cc9-9f0a-a3a002978724,64,150.0,4.1553694610340255,2630136.3574958816,72404.35749588138,0.2132329076357336,0.0011146315662644733
1a276285-8b0e-4cc9-9f0a-a3a002978724,64,150.0,4.809783999982975,2433602.3574958816,72404.35749588138,0.2132329076357336,0.00127774728709688
1a276285-8b0e-4cc9-9f0a-a3a002978724,64,150.0,5.567259985766836,2232413.3574958816,72404.35749588138,0.2132329076357336,0.001498794694501611
1a276285-8b0e-4cc9-9f0a-a3a002978724,64,150.0,6.444028203601297,2031657.3574958814,72404.35749588138,0.2132329076357336,0.001793216990710082
1a276285-8b0e-4cc9-9f0a-a3a002978724,64,150.0,7.458875568048258,1831282.3574958814,72404.35749588138,0.2132329076357336,0.0021856413162260756
1a276285-8b0e-4cc9-9f0a-a3a002978724,64,150.0,8.633547678847101,1634996.3574958814,72404.35749588138,0.2132329076357336,0.002694147336075556
1a276285-8b0e-4cc9-9f0a-a3a002978724,64,150.0,9.993214773849669,1448383.3574958814,72404.35749588138,0.2132329076357336,0.003338425408290092
1a276285-8b0e-4cc9-9f0a-a3a002978724,64,150.0,11.567011063246117,1273045.3574958814,72404.35749588138,0.2132329076357336,0.00414215685052263
1a276285-8b0e-4cc9-9f0a-a3a002978724,64,150.0,13.388659001643386,1112573.3574958814,72404.35749588138,0.2132329076357336,0.005123798239719093
1a276285-8b0e-4cc9-9f0a-a3a002978724,64,150.0,15.497191874560272,968635.3574958814,72404.35749588138,0.2132329076357336,0.00627917143938218
1a276285-8b0e-4cc9-9f0a-a3a002978724,64,150.0,17.937790182531224,840294.3574958814,72404.35749588138,0.2132329076357336,0.007644750179229015
1a276285-8b0e-4cc9-9f0a-a3a002978724,64,150.0,20.762749744404477,730845.3574958814,72404.35749588138,0.2132329076357336,0.009203644978818872
1a276285-8b0e-4cc9-9f0a-a3a002978724,64,150.0,24.03260226382781,636589.3574958814,72404.35749588138,0.2132329076357336,0.010974526871326521
1a276285-8b0e-4cc9-9f0a-a3a002978724,64,150.0,27.81741236981361,558587.3574958814,72404.35749588138,0.2132329076357336,0.012969735280061468
1a276285-8b0e-4cc9-9f0a-a3a002978724,64,150.0,32.19827892366621,489251.3574958814,72404.35749588138,0.2132329076357336,0.015269359717535754
1a276285-8b0e-4cc9-9f0a-a3a002978724,64,150.0,37.26907276146309,430070.3574958814,72404.35749588138,0.2132329076357336,0.0179487286173726
1a276285-8b0e-4cc9-9f0a-a3a002978724,64,150.0,43.13844810749518,380841.3574958814,72404.35749588138,0.2132329076357336,0.021050720516593697
1a276285-8b0e-4cc9-9f0a-a3a002978724,64,150.0,49.93217075814364,337653.3574958814,72404.35749588138,0.2132329076357336,0.024745344952678865
1a276285-8b0e-4cc9-9f0a-a3a002978724,64,150.0,57.795812923256825,298823.3574958814,72404.35749588138,0.2132329076357336,0.02917131212746069
1a276285-8b0e-4cc9-9f0a-a3a002978724,64,150.0,66.89787246862902,262097.35749588138,72404.35749588138,0.2132329076357336,0.03452056064616497
1a276285-8b0e-4cc9-9f0a-a3a002978724,64,150.0,77.43338339701937,231131.35749588138,72404.35749588138,0.2132329076357336,0.04097275569277456
1a276285-8b0e-4cc9-9f0a-a3a002978724,64,150.0,89.62809493114324,201833.35749588138,72404.35749588138,0.2132329076357336,0.048666121492876475
1a276285-8b0e-4cc9-9f0a-a3a002978724,64,150.0,103.74330874576306,177934.35749588138,72404.35749588138,0.2132329076357336,0.05765730730919457
1a276285-8b0e-4cc9-9f0a-a3a002978724,64,150.0,120.08147799846844,154916.35749588138,72404.35749588138,0.2132329076357336,0.06824879307328639
1a276285-8b0e-4cc9-9f0a-a3a002978724,64,150.0,138.99268813214488,135536.35749588138,72404.35749588138,0.2132329076357336,0.08002750546224528
1a276285-8b0e-4cc9-9f0a-a3a002978724,64,150.0,160.88215831625678,118976.35749588138,72404.35749588138,0.2132329076357336,0.09341447606680181
1a276285-8b0e-4cc9-9f0a-a3a002978724,64,150.0,186.21892426376562,106872.35749588138,72404.35749588138,0.2132329076357336,0.10756537007800632
1a276285-8b0e-4cc9-9f0a-a3a002978724,64,150.0,215.54588847438404,97076.35749588138,72404.35749588138,0.2132329076357336,0.12154272447159457
1a276285-8b0e-4cc9-9f0a-a3a002978724,64,150.0,249.49145325533257,90671.35749588138,72404.35749588138,0.2132329076357336,0.1348900966699142
1a276285-8b0e-4cc9-9f0a-a3a002978724,64,150.0,288.7829857856707,87844.35749588138,72404.35749588138,0.2132329076357336,0.142112534221466
1a276285-8b0e-4cc9-9f0a-a3a002978724,64,150.0,334.2624037463071,86204.35749588138,72404.35749588138,0.2132329076357336,0.14752847199682362
1a276285-8b0e-4cc9-9f0a-a3a002978724,64,150.0,386.9042154761296,85222.35749588138,72404.35749588138,0.2132329076357336,0.15173602712810358
1a276285-8b0e-4cc9-9f0a-a3a002978724,64,150.0,447.8364012089508,84494.35749588138,72404.35749588138,0.2132329076357336,0.15574871210902616
1a276285-8b0e-4cc9-9f0a-a3a002978724,64,150.0,518.3645828231037,83992.35749588138,72404.35749588138,0.2132329076357336,0.1591746069532492
1a276285-8b0e-4cc9-9f0a-a3a002978724,64,150.0,599.9999999999997,83692.35749588138,72404.35749588138,0.2132329076357336,0.16211846461870016
1e104bf4-7a24-4624-a5b2-c2c8289c0de7,64,150.0,2.0,3392205.7080745343,72349.70807453417,0.3815347500752587,0.0014233043689973438
1e104bf4-7a24-4624-a5b2-c2c8289c0de7,64,150.0,2.3149729741653853,3249657.7080745343,72349.70807453417,0.3815347500752587,0.0014828683143502997
1e104bf4-7a24-4624-a5b2-c2c8289c0de7,64,150.0,2.6795499355580645,3094397.7080745343,72349.70807453417,0.3815347500752587,0.0015686795294203887
1e104bf4-7a24-4624-a5b2-c2c8289c0de7,64,150.0,3.1015428418717597,2927863.7080745343,72349.70807453417,0.3815347500752587,0.0016921886013716197
1e104bf4-7a24-4624-a5b2-c2c8289c0de7,64,150.0,3.5899939285746147,2751745.7080745343,72349.70807453417,0.3815347500752587,0.001865470662161783
1e104bf4-7a24-4624-a5b2-c2c8289c0de7,64,150.0,4.1553694610340255,2566593.7080745343,72349.70807453417,0.3815347500752587,0.0021047944244099023
1e104bf4-7a24-4624-a5b2-c2c8289c0de7,64,150.0,4.809783999982975,2379765.7080745343,72349.70807453417,0.3815347500752587,0.0024300057140130187
1e104bf4-7a24-4624-a5b2-c2c8289c0de7,64,150.0,5.567259985766836,2187544.7080745343,72349.70807453417,0.3815347500752587,0.0028713029391773046
1e104bf4-7a24-4624-a5b2-c2c8289c0de7,64,150.0,6.444028203601297,1997432.708074534,72349.70807453417,0.3815347500752587,0.0034487713090992226
1e104bf4-7a24-4624-a5b2-c2c8289c0de7,64,150.0,7.458875568048258,1808219.708074534,72349.70807453417,0.3815347500752587,0.004206911006272159
1e104bf4-7a24-4624-a5b2-c2c8289c0de7,64,150.0,8.633547678847101,1627170.708074534,72349.70807453417,0.3815347500752587,0.005187756191119934
1e104bf4-7a24-4624-a5b2-c2c8289c0de7,64,150.0,9.993214773849669,1453521.708074534,72349.70807453417,0.3815347500752587,0.00643891336391791
1e104bf4-7a24-4624-a5b2-c2c8289c0de7,64,150.0,11.567011063246117,1290979.708074534,72349.70807453417,0.3815347500752587,0.00802690825172618
1e104bf4-7a24-4624-a5b2-c2c8289c0de7,64,150.0,13.388659001643386,1136749.708074534,72349.70807453417,0.3815347500752587,0.010013085171396409
1e104bf4-7a24-4624-a5b2-c2c8289c0de7,64,150.0,15.497191874560272,993373.7080745342,72349.70807453417,0.3815347500752587,0.012504914585504514
1e104bf4-7a24-4624-a5b2-c2c8289c0de7,64,150.0,17.937790182531224,858657.7080745342,72349.70807453417,0.3815347500752587,0.01558816249252814
1e104bf4-7a24-4624-a5b2-c2c8289c0de7,64,150.0,20.762749744404477,736531.7080745342,72349.70807453417,0.3815347500752587,0.019325439580081902
1e104bf4-7a24-4624-a5b2-c2c8289c0de7,64,150.0,24.03260226382781,628900.7080745342,72349.70807453417,0.3815347500752587,0.02372523324525526
1e104bf4-7a24-4624-a5b2-c2c8289c0de7,64,150.0,27.81741236981361,532136.7080745342,72349.70807453417,0.3815347500752587,0.028901111460066235
1e104bf4-7a24-4624-a5b2-c2c8289c0de7,64,150.0,32.19827892366621,447241.7080745342,72349.70807453417,0.3815347500752587,0.03492118431532021
1e104bf4-7a24-4624-a5b2-c2c8289c0de7,64,150.0,37.26907276146309,373917.7080745342,72349.70807453417,0.3815347500752587,0.04176171401988058
1e104bf4-7a24-4624-a5b2-c2c8289c0de7,64,150.0,43.13844810749518,315042.7080745342,72349.70807453417,0.3815347500752587,0.049334335240816866
1e104bf4-7a24-4624-a5b2-c2c8289c0de7,64,150.0,49.93217075814364,265353.7080745342,72349.70807453417,0.3815347500752587,0.05771364663588719
1e104bf4-7a24-4624-a5b2-c2c8289c0de7,64,150.0,57.795812923256825,226639.70807453417,72349.70807453417,0.3815347500752587,0.06662240389466838
1e104bf4-7a24-4624-a5b2-c2c8289c0de7,64,150.0,66.89787246862902,195646.70807453417,72349.70807453417,0.3815347500752587,0.0760902400525367
1e104bf4-7a24-4624-a5b2-c2c8289c0de7,64,150.0,77.43338339701937,170725.70807453417,72349.70807453417,0.3815347500752587,0.08596193735117716
1e104bf4-7a24-4624-a5b2-c2c8289c0de7,64,150.0,89.62809493114324,151144.70807453417,72349.70807453417,0.3815347500752587,0.09647927129859757
1e104bf4-7a24-4624-a5b2-c2c8289c0de7,64,150.0,103.74330874576306,135856.70807453417,72349.70807453417,0.3815347500752587,0.10755677573213407
1e104bf4-7a24-4624-a5b2-c2c8289c0de7,64,150.0,120.08147799846844,123313.70807453417,72349.70807453417,0.3815347500752587,0.11931459328146511
1e104bf4-7a24-4624-a5b2-c2c8289c0de7,64,150.0,138.99268813214488,113020.70807453417,72349.70807453417,0.3815347500752587,0.1323396643120322
1e104bf4-7a24-4624-a5b2-c2c8289c0de7,64,150.0,160.88215831625678,104181.70807453417,72349.70807453417,0.3815347500752587,0.14684223841357166
1e104bf4-7a24-4624-a5b2-c2c8289c0de7,64,150.0,186.21892426376562,97962.70807453417,72349.70807453417,0.3815347500752587,0.16118932028572142
1e104bf4-7a24-4624-a5b2-c2c8289c0de7,64,150.0,215.54588847438404,92924.70807453417,72349.70807453417,0.3815347500752587,0.17808888654587204
1e104bf4-7a24-4624-a5b2-c2c8289c0de7,64,150.0,249.49145325533257,88428.70807453417,72349.70807453417,0.3815347500752587,0.19666378243638508
1e104bf4-7a24-4624-a5b2-c2c8289c0de7,64,150.0,288.7829857856707,85204.70807453417,72349.70807453417,0.3815347500752587,0.21488671285302705
1e104bf4-7a24-4624-a5b2-c2c8289c0de7,64,150.0,334.2624037463071,83953.70807453417,72349.70807453417,0.3815347500752587,0.22393741285010754
1e104bf4-7a24-4624-a5b2-c2c8289c0de7,64,150.0,386.9042154761296,83617.70807453417,72349.70807453417,0.3815347500752587,0.2263007860054874
1e104bf4-7a24-4624-a5b2-c2c8289c0de7,64,150.0,447.8364012089508,83414.70807453417,72349.70807453417,0.3815347500752587,0.22816144579777264
1e104bf4-7a24-4624-a5b2-c2c8289c0de7,64,150.0,518.3645828231037,83266.70807453417,72349.70807453417,0.3815347500752587,0.22948408195064043
1e104bf4-7a24-4624-a5b2-c2c8289c0de7,64,150.0,599.9999999999997,83156.70807453417,72349.70807453417,0.3815347500752587,0.23050542377320782
6638cfb3-3831-4fc2-9327-194b76cf22e1,64,150.0,2.0,2843243.5904761907,63897.590476190475,1.0724413988312285,0.004608605879654663
6638cfb3-3831-4fc2-9327-194b76cf22e1,64,150.0,2.3149729741653853,2708636.5904761907,63897.590476190475,1.0724413988312285,0.0047920530377735995
6638cfb3-3831-4fc2-9327-194b76cf22e1,64,150.0,2.6795499355580645,2561668.5904761907,63897.590476190475,1.0724413988312285,0.005057957809185295
6638cfb3-3831-4fc2-9327-194b76cf22e1,64,150.0,3.1015428418717597,2402807.5904761907,63897.590476190475,1.0724413988312285,0.005439744796873611
6638cfb3-3831-4fc2-9327-194b76cf22e1,64,150.0,3.5899939285746147,2233999.5904761907,63897.590476190475,1.0724413988312285,0.005977755614896146
6638cfb3-3831-4fc2-9327-194b76cf22e1,64,150.0,4.1553694610340255,2055138.5904761904,63897.590476190475,1.0724413988312285,0.006729407257107883
6638cfb3-3831-4fc2-9327-194b76cf22e1,64,150.0,4.809783999982975,1874715.5904761904,63897.590476190475,1.0724413988312285,0.007740633178706687
6638cfb3-3831-4fc2-9327-194b76cf22e1,64,150.0,5.567259985766836,1691065.5904761904,63897.590476190475,1.0724413988312285,0.009100894509914078
6638cfb3-3831-4fc2-9327-194b76cf22e1,64,150.0,6.444028203601297,1511236.5904761904,63897.590476190475,1.0724413988312285,0.010873929230841493
6638cfb3-3831-4fc2-9327-194b76cf22e1,64,150.0,7.458875568048258,1340192.5904761904,63897.590476190475,1.0724413988312285,0.013126969029550859
6638cfb3-3831-4fc2-9327-194b76cf22e1,64,150.0,8.633547678847101,1177257.5904761904,63897.590476190475,1.0724413988312285,0.015943078256559166
6638cfb3-3831-4fc2-9327-194b76cf22e1,64,150.0,9.993214773849669,1028730.5904761904,63897.590476190475,1.0724413988312285,0.019389046425976796
6638cfb3-3831-4fc2-9327-194b76cf22e1,64,150.0,11.567011063246117,896043.5904761904,63897.590476190475,1.0724413988312285,0.023530692776754587
6638cfb3-3831-4fc2-9327-194b76cf22e1,64,150.0,13.388659001643386,777193.5904761904,63897.590476190475,1.0724413988312285,0.02844451238221875
6638cfb3-3831-4fc2-9327-194b76cf22e1,64,150.0,15.497191874560272,670025.5904761904,63897.590476190475,1.0724413988312285,0.0343068175482146
6638cfb3-3831-4fc2-9327-194b76cf22e1,64,150.0,17.937790182531224,573999.5904761904,63897.590476190475,1.0724413988312285,0.04125875779445275
6638cfb3-3831-4fc2-9327-194b76cf22e1,64,150.0,20.762749744404477,492411.5904761905,63897.590476190475,1.0724413988312285,0.04935364228530642
6638cfb3-3831-4fc2-9327-194b76cf22e1,64,150.0,24.03260226382781,418619.5904761905,63897.590476190475,1.0724413988312285,0.059042076525904236
6638cfb3-3831-4fc2-9327-194b76cf22e1,64,150.0,27.81741236981361,356470.5904761905,63897.590476190475,1.0724413988312285,0.07006917520031819
6638cfb3-3831-4fc2-9327-194b76cf22e1,64,150.0,32.19827892366621,300821.5904761905,63897.590476190475,1.0724413988312285,0.08293494900280646
6638cfb3-3831-4fc2-9327-194b76cf22e1,64,150.0,37.26907276146309,252367.59047619047,63897.590476190475,1.0724413988312285,0.09759169736811739
6638cfb3-3831-4fc2-9327-194b76cf22e1,64,150.0,43.13844810749518,213481.59047619047,63897.590476190475,1.0724413988312285,0.11395059840500209
6638cfb3-3831-4fc2-9327-194b76cf22e1,64,150.0,49.93217075814364,182082.59047619047,63897.590476190475,1.0724413988312285,0.13184299848507297
6638cfb3-3831-4fc2-9327-194b76cf22e1,64,150.0,57.795812923256825,156421.59047619047,63897.590476190475,1.0724413988312285,0.15046839615834676
6638cfb3-3831-4fc2-9327-194b76cf22e1,64,150.0,66.89787246862902,135526.59047619047,63897.590476190475,1.0724413988312285,0.17006532356848855
6638cfb3-3831-4fc2-9327-194b76cf22e1,64,150.0,77.43338339701937,120325.59047619047,63897.590476190475,1.0724413988312285,0.19013368953865584
6638cfb3-3831-4fc2-9327-194b76cf22e1,64,150.0,89.62809493114324,109038.59047619047,63897.590476190475,1.0724413988312285,0.20858337456390572
6638cfb3-3831-4fc2-9327-194b76cf22e1,64,150.0,103.74330874576306,101625.59047619047,63897.590476190475,1.0724413988312285,0.22700012013245413
6638cfb3-3831-4fc2-9327-194b76cf22e1,64,150.0,120.08147799846844,95269.59047619047,63897.590476190475,1.0724413988312285,0.24571865113538685
6638cfb3-3831-4fc2-9327-194b76cf22e1,64,150.0,138.99268813214488,90047.59047619047,63897.590476190475,1.0724413988312285,0.2661671287797061
6638cfb3-3831-4fc2-9327-194b76cf22e1,64,150.0,160.88215831625678,85991.59047619047,63897.590476190475,1.0724413988312285,0.2874721460637447
6638cfb3-3831-4fc2-9327-194b76cf22e1,64,150.0,186.21892426376562,83396.59047619047,63897.590476190475,1.0724413988312285,0.31168037567972223
6638cfb3-3831-4fc2-9327-194b76cf22e1,64,150.0,215.54588847438404,80717.59047619047,63897.590476190475,1.0724413988312285,0.3403277118719954
6638cfb3-3831-4fc2-9327-194b76cf22e1,64,150.0,249.49145325533257,78272.59047619047,63897.590476190475,1.0724413988312285,0.37403017326832333
6638cfb3-3831-4fc2-9327-194b76cf22e1,64,150.0,288.7829857856707,76181.59047619047,63897.590476190475,1.0724413988312285,0.4119664815451931
6638cfb3-3831-4fc2-9327-194b76cf22e1,64,150.0,334.2624037463071,75139.59047619047,63897.590476190475,1.0724413988312285,0.4354585385809963
6638cfb3-3831-4fc2-9327-194b76cf22e1,64,150.0,386.9042154761296,74760.59047619047,63897.590476190475,1.0724413988312285,0.44453117653850555
6638cfb3-3831-4fc2-9327-194b76cf22e1,64,150.0,447.8364012089508,74613.59047619047,63897.590476190475,1.0724413988312285,0.44738069404018604
6638cfb3-3831-4fc2-9327-194b76cf22e1,64,150.0,518.3645828231037,74558.59047619047,63897.590476190475,1.0724413988312285,0.4480868216239783
6638cfb3-3831-4fc2-9327-194b76cf22e1,64,150.0,599.9999999999997,74534.59047619047,63897.590476190475,1.0724413988312285,0.44808681880475587
749cb2b7-e57e-4453-a794-f6230e4d0226,64,150.0,2.0,3232446.956331878,70438.95633187774,0.07777137462104397,0.00025193644971558294
749cb2b7-e57e-4453-a794-f6230e4d0226,64,150.0,2.3149729741653853,3082771.956331878,70438.95633187774,0.07777137462104397,0.0002607626093020015
749cb2b7-e57e-4453-a794-f6230e4d0226,64,150.0,2.6795499355580645,2919286.956331878,70438.95633187774,0.07777137462104397,0.0002735349892932953
749cb2b7-e57e-4453-a794-f6230e4d0226,64,150.0,3.1015428418717597,2747243.956331878,70438.95633187774,0.07777137462104397,0.00029155538384456744
749cb2b7-e57e-4453-a794-f6230e4d0226,64,150.0,3.5899939285746147,2565858.956331878,70438.95633187774,0.07777137462104397,0.00031660845074855465
749cb2b7-e57e-4453-a794-f6230e4d0226,64,150.0,4.1553694610340255,2380335.956331878,70438.95633187774,0.07777137462104397,0.0003505297493957794
749cb2b7-e57e-4453-a794-f6230e4d0226,64,150.0,4.809783999982975,2191303.956331878,70438.95633187774,0.07777137462104397,0.0003958510738700335
749cb2b7-e57e-4453-a794-f6230e4d0226,64,150.0,5.567259985766836,2003170.9563318777,70438.95633187774,0.07777137462104397,0.0004556753435676384
749cb2b7-e57e-4453-a794-f6230e4d0226,64,150.0,6.444028203601297,1821521.9563318777,70438.95633187774,0.07777137462104397,0.0005327209219416953
749cb2b7-e57e-4453-a794-f6230e4d0226,64,150.0,7.458875568048258,1647452.9563318777,70438.95633187774,0.07777137462104397,0.0006301102963835727
749cb2b7-e57e-4453-a794-f6230e4d0226,64,150.0,8.633547678847101,1481565.9563318777,70438.95633187774,0.07777137462104397,0.0007535127464183128
749cb2b7-e57e-4453-a794-f6230e4d0226,64,150.0,9.993214773849669,1326192.9563318777,70438.95633187774,0.07777137462104397,0.0009083719054111766
749cb2b7-e57e-4453-a794-f6230e4d0226,64,150.0,11.567011063246117,1183377.9563318777,70438.95633187774,0.07777137462104397,0.001098890229098254
749cb2b7-e57e-4453-a794-f6230e4d0226,64,150.0,13.388659001643386,1053707.9563318777,70438.95633187774,0.07777137462104397,0.0013331760780544218
749cb2b7-e57e-4453-a794-f6230e4d0226,64,150.0,15.497191874560272,935211.9563318777,70438.95633187774,0.07777137462104397,0.0016203953637018943
749cb2b7-e57e-4453-a794-f6230e4d0226,64,150.0,17.937790182531224,828557.9563318777,70438.95633187774,0.07777137462104397,0.0019668122127506783
749cb2b7-e57e-4453-a794-f6230e4d0226,64,150.0,20.762749744404477,728438.9563318777,70438.95633187774,0.07777137462104397,0.002395067809587145
749cb2b7-e57e-4453-a794-f6230e4d0226,64,150.0,24.03260226382781,639707.9563318777,70438.95633187774,0.07777137462104397,0.002904492830774652
749cb2b7-e57e-4453-a794-f6230e4d0226,64,150.0,27.81741236981361,560195.9563318777,70438.95633187774,0.07777137462104397,0.0035177005537645038
749cb2b7-e57e-4453-a794-f6230e4d0226,64,150.0,32.19827892366621,488203.95633187774,70438.95633187774,0.07777137462104397,0.004243858442504321
749cb2b7-e57e-4453-a794-f6230e4d0226,64,150.0,37.26907276146309,425532.95633187774,70438.95633187774,0.07777137462104397,0.005080559896645264
749cb2b7-e57e-4453-a794-f6230e4d0226,64,150.0,43.13844810749518,369241.95633187774,70438.95633187774,0.07777137462104397,0.006074794585644671
749cb2b7-e57e-4453-a794-f6230e4d0226,64,150.0,49.93217075814364,321875.95633187774,70438.95633187774,0.07777137462104397,0.007216806447323859
749cb2b7-e57e-4453-a794-f6230e4d0226,64,150.0,57.795812923256825,281283.95633187774,70438.95633187774,0.07777137462104397,0.008570727514189552
749cb2b7-e57e-4453-a794-f6230e4d0226,64,150.0,66.89787246862902,247223.95633187774,70438.95633187774,0.07777137462104397,0.010105767459897993
749cb2b7-e57e-4453-a794-f6230e4d0226,64,150.0,77.43338339701937,216446.95633187774,70438.95633187774,0.07777137462104397,0.011885289876142069
749cb2b7-e57e-4453-a794-f6230e4d0226,64,150.0,89.62809493114324,191194.95633187774,70438.95633187774,0.07777137462104397,0.013891058022898818
749cb2b7-e57e-4453-a794-f6230e4d0226,64,150.0,103.74330874576306,168939.95633187774,70438.95633187774,0.07777137462104397,0.016222909219832774
749cb2b7-e57e-4453-a794-f6230e4d0226,64,150.0,120.08147799846844,149863.95633187774,70438.95633187774,0.07777137462104397,0.01882892130515629
749cb2b7-e57e-4453-a794-f6230e4d0226,64,150.0,138.99268813214488,134224.95633187774,70438.95633187774,0.07777137462104397,0.021744596696886852
749cb2b7-e57e-4453-a794-f6230e4d0226,64,150.0,160.88215831625678,120771.95633187774,70438.95633187774,0.07777137462104397,0.02493161629660361
749cb2b7-e57e-4453-a794-f6230e4d0226,64,150.0,186.21892426376562,109763.95633187774,70438.95633187774,0.07777137462104397,0.028480033344929153
749cb2b7-e57e-4453-a794-f6230e4d0226,64,150.0,215.54588847438404,100927.95633187774,70438.95633187774,0.07777137462104397,0.03236998921730029
749cb2b7-e57e-4453-a794-f6230e4d0226,64,150.0,249.49145325533257,93490.95633187774,70438.95633187774,0.07777137462104397,0.03645170374183147
749cb2b7-e57e-4453-a794-f6230e4d0226,64,150.0,288.7829857856707,88351.95633187774,70438.95633187774,0.07777137462104397,0.04088282648453675
749cb2b7-e57e-4453-a794-f6230e4d0226,64,150.0,334.2624037463071,84351.95633187774,70438.95633187774,0.07777137462104397,0.044926989946509725
749cb2b7-e57e-4453-a794-f6230e4d0226,64,150.0,386.9042154761296,82895.95633187774,70438.95633187774,0.07777137462104397,0.046746065895495
749cb2b7-e57e-4453-a794-f6230e4d0226,64,150.0,447.8364012089508,82263.95633187774,70438.95633187774,0.07777137462104397,0.04775494362610999
749cb2b7-e57e-4453-a794-f6230e4d0226,64,150.0,518.3645828231037,81901.95633187774,70438.95633187774,0.07777137462104397,0.048519701995744936
749cb2b7-e57e-4453-a794-f6230e4d0226,64,150.0,599.9999999999997,81629.95633187774,70438.95633187774,0.07777137462104397,0.0491782167451048
d7ec0892-0a6c-4f4f-9d8f-72083692af5c,64,150.0,2.0,4849071.862433863,96624.86243386244,0.021733636411931396,0.0002200571357451777
d7ec0892-0a6c-4f4f-9d8f-72083692af5c,64,150.0,2.3149729741653853,4671485.862433863,96624.86243386244,0.021733636411931396,0.0002264254329480795
d7ec0892-0a6c-4f4f-9d8f-72083692af5c,64,150.0,2.6795499355580645,4467765.862433863,96624.86243386244,0.021733636411931396,0.00023606504098988394
d7ec0892-0a6c-4f4f-9d8f-72083692af5c,64,150.0,3.1015428418717597,4242465.862433863,96624.86243386244,0.021733636411931396,0.0002503515955979162
d7ec0892-0a6c-4f4f-9d8f-72083692af5c,64,150.0,3.5899939285746147,3993043.8624338624,96624.86243386244,0.021733636411931396,0.0002712897132514901
d7ec0892-0a6c-4f4f-9d8f-72083692af5c,64,150.0,4.1553694610340255,3723124.8624338624,96624.86243386244,0.021733636411931396,0.00030122860224600736
d7ec0892-0a6c-4f4f-9d8f-72083692af5c,64,150.0,4.809783999982975,3436141.8624338624,96624.86243386244,0.021733636411931396,0.00034349043679409266
d7ec0892-0a6c-4f4f-9d8f-72083692af5c,64,150.0,5.567259985766836,3135506.8624338624,96624.86243386244,0.021733636411931396,0.0004019218087945647
d7ec0892-0a6c-4f4f-9d8f-72083692af5c,64,150.0,6.444028203601297,2827140.8624338624,96624.86243386244,0.021733636411931396,0.0004812095243915199
d7ec0892-0a6c-4f4f-9d8f-72083692af5c,64,150.0,7.458875568048258,2523852.8624338624,96624.86243386244,0.021733636411931396,0.000585536110821864
d7ec0892-0a6c-4f4f-9d8f-72083692af5c,64,150.0,8.633547678847101,2226013.8624338624,96624.86243386244,0.021733636411931396,0.0007201421563454612
d7ec0892-0a6c-4f4f-9d8f-72083692af5c,64,150.0,9.993214773849669,1942323.8624338624,96624.86243386244,0.021733636411931396,0.0008902939586811268
d7ec0892-0a6c-4f4f-9d8f-72083692af5c,64,150.0,11.567011063246117,1678772.8624338624,96624.86243386244,0.021733636411931396,0.001100819265277648
d7ec0892-0a6c-4f4f-9d8f-72083692af5c,64,150.0,13.388659001643386,1435853.8624338624,96624.86243386244,0.021733636411931396,0.0013599085017085004
d7ec0892-0a6c-4f4f-9d8f-72083692af5c,64,150.0,15.497191874560272,1216717.8624338624,96624.86243386244,0.021733636411931396,0.0016674311586784938
d7ec0892-0a6c-4f4f-9d8f-72083692af5c,64,150.0,17.937790182531224,1022060.8624338624,96624.86243386244,0.021733636411931396,0.0020347126464575426
d7ec0892-0a6c-4f4f-9d8f-72083692af5c,64,150.0,20.762749744404477,849499.8624338624,96624.86243386244,0.021733636411931396,0.0024595462944527182
d7ec0892-0a6c-4f4f-9d8f-72083692af5c,64,150.0,24.03260226382781,703808.8624338624,96624.86243386244,0.021733636411931396,0.00294439303319439
d7ec0892-0a6c-4f4f-9d8f-72083692af5c,64,150.0,27.81741236981361,579648.8624338624,96624.86243386244,0.021733636411931396,0.0034857737359127554
d7ec0892-0a6c-4f4f-9d8f-72083692af5c,64,150.0,32.19827892366621,476529.8624338624,96624.86243386244,0.021733636411931396,0.004083721589581953
d7ec0892-0a6c-4f4f-9d8f-72083692af5c,64,150.0,37.26907276146309,394218.8624338624,96624.86243386244,0.021733636411931396,0.004721268158723581
d7ec0892-0a6c-4f4f-9d8f-72083692af5c,64,150.0,43.13844810749518,329520.8624338624,96624.86243386244,0.021733636411931396,0.0053902804734147994
d7ec0892-0a6c-4f4f-9d8f-72083692af5c,64,150.0,49.93217075814364,277557.8624338624,96624.86243386244,0.021733636411931396,0.006099277239045176
d7ec0892-0a6c-4f4f-9d8f-72083692af5c,64,150.0,57.795812923256825,237030.86243386244,96624.86243386244,0.021733636411931396,0.006840336015190929
d7ec0892-0a6c-4f4f-9d8f-72083692af5c,64,150.0,66.89787246862902,205493.86243386244,96624.86243386244,0.021733636411931396,0.0076230199837103866
d7ec0892-0a6c-4f4f-9d8f-72083692af5c,64,150.0,77.43338339701937,180915.86243386244,96624.86243386244,0.021733636411931396,0.008420233617121752
d7ec0892-0a6c-4f4f-9d8f-72083692af5c,64,150.0,89.62809493114324,161727.86243386244,96624.86243386244,0.021733636411931396,0.009254395534124398
d7ec0892-0a6c-4f4f-9d8f-72083692af5c,64,150.0,103.74330874576306,145661.86243386244,96624.86243386244,0.021733636411931396,0.010138066723104097
d7ec0892-0a6c-4f4f-9d8f-72083692af5c,64,150.0,120.08147799846844,134216.86243386244,96624.86243386244,0.021733636411931396,0.011009749054159978
d7ec0892-0a6c-4f4f-9d8f-72083692af5c,64,150.0,138.99268813214488,125605.86243386244,96624.86243386244,0.021733636411931396,0.011847864711595196
d7ec0892-0a6c-4f4f-9d8f-72083692af5c,64,150.0,160.88215831625678,119693.86243386244,96624.86243386244,0.021733636411931396,0.012670514031600636
d7ec0892-0a6c-4f4f-9d8f-72083692af5c,64,150.0,186.21892426376562,115058.86243386244,96624.86243386244,0.021733636411931396,0.013472538907324453
d7ec0892-0a6c-4f4f-9d8f-72083692af5c,64,150.0,215.54588847438404,111979.86243386244,96624.86243386244,0.021733636411931396,0.014174140780045101
d7ec0892-0a6c-4f4f-9d8f-72083692af5c,64,150.0,249.49145325533257,110212.86243386244,96624.86243386244,0.021733636411931396,0.01469649170232324
d7ec0892-0a6c-4f4f-9d8f-72083692af5c,64,150.0,288.7829857856707,109213.86243386244,96624.86243386244,0.021733636411931396,0.015066405140954132
d7ec0892-0a6c-4f4f-9d8f-72083692af5c,64,150.0,334.2624037463071,108523.86243386244,96624.86243386244,0.021733636411931396,0.015371328925604368
d7ec0892-0a6c-4f4f-9d8f-72083692af5c,64,150.0,386.9042154761296,108183.86243386244,96624.86243386244,0.021733636411931396,0.015566386874846735
d7ec0892-0a6c-4f4f-9d8f-72083692af5c,64,150.0,447.8364012089508,107998.86243386244,96624.86243386244,0.021733636411931396,0.01567785068858488
d7ec0892-0a6c-4f4f-9d8f-72083692af5c,64,150.0,518.3645828231037,107903.86243386244,96624.86243386244,0.021733636411931396,0.015754132635044844
d7ec0892-0a6c-4f4f-9d8f-72083692af5c,64,150.0,599.9999999999997,107864.86243386244,96624.86243386244,0.021733636411931396,0.01579513676725932
da8dfec1-d265-44e8-84ce-6ae9c109b8bd,64,150.0,2.0,4310028.028571429,90335.02857142857,0.010072155320928967,0.00015711006081762358
da8dfec1-d265-44e8-84ce-6ae9c109b8bd,64,150.0,2.3149729741653853,4122440.0285714287,90335.02857142857,0.010072155320928967,0.00016120015259645673
da8dfec1-d265-44e8-84ce-6ae9c109b8bd,64,150.0,2.6795499355580645,3910436.0285714287,90335.02857142857,0.010072155320928967,0.00016727049711896369
da8dfec1-d265-44e8-84ce-6ae9c109b8bd,64,150.0,3.1015428418717597,3675649.0285714287,90335.02857142857,0.010072155320928967,0.00017622356797489504
da8dfec1-d265-44e8-84ce-6ae9c109b8bd,64,150.0,3.5899939285746147,3420453.0285714287,90335.02857142857,0.010072155320928967,0.00018922407488586822
da8dfec1-d265-44e8-84ce-6ae9c109b8bd,64,150.0,4.1553694610340255,3151386.0285714287,90335.02857142857,0.010072155320928967,0.0002075730230157556
da8dfec1-d265-44e8-84ce-6ae9c109b8bd,64,150.0,4.809783999982975,2865773.0285714287,90335.02857142857,0.010072155320928967,0.00023310471845273145
da8dfec1-d265-44e8-84ce-6ae9c109b8bd,64,150.0,5.567259985766836,2570183.0285714287,90335.02857142857,0.010072155320928967,0.00026777260606643656
da8dfec1-d265-44e8-84ce-6ae9c109b8bd,64,150.0,6.444028203601297,2277647.0285714287,90335.02857142857,0.010072155320928967,0.00031376934673988326
da8dfec1-d265-44e8-84ce-6ae9c109b8bd,64,150.0,7.458875568048258,1997226.0285714285,90335.02857142857,0.010072155320928967,0.0003721546990091078
da8dfec1-d265-44e8-84ce-6ae9c109b8bd,64,150.0,8.633547678847101,1732195.0285714285,90335.02857142857,0.010072155320928967,0.0004455866505042798
da8dfec1-d265-44e8-84ce-6ae9c109b8bd,64,150.0,9.993214773849669,1485747.0285714285,90335.02857142857,0.010072155320928967,0.0005359662667146043
da8dfec1-d265-44e8-84ce-6ae9c109b8bd,64,150.0,11.567011063246117,1261728.0285714285,90335.02857142857,0.010072155320928967,0.0006444658914195021
da8dfec1-d265-44e8-84ce-6ae9c109b8bd,64,150.0,13.388659001643386,1062968.0285714285,90335.02857142857,0.010072155320928967,0.0007718031645184971
da8dfec1-d265-44e8-84ce-6ae9c109b8bd,64,150.0,15.497191874560272,893439.0285714286,90335.02857142857,0.010072155320928967,0.0009202946384088607
da8dfec1-d265-44e8-84ce-6ae9c109b8bd,64,150.0,17.937790182531224,748063.0285714286,90335.02857142857,0.010072155320928967,0.0010883892658624136
da8dfec1-d265-44e8-84ce-6ae9c109b8bd,64,150.0,20.762749744404477,622837.0285714286,90335.02857142857,0.010072155320928967,0.0012787428515834305
da8dfec1-d265-44e8-84ce-6ae9c109b8bd,64,150.0,24.03260226382781,518619.02857142856,90335.02857142857,0.010072155320928967,0.0014894549969021538
da8dfec1-d265-44e8-84ce-6ae9c109b8bd,64,150.0,27.81741236981361,434646.02857142856,90335.02857142857,0.010072155320928967,0.0017214275996460483
da8dfec1-d265-44e8-84ce-6ae9c109b8bd,64,150.0,32.19827892366621,365572.02857142856,90335.02857142857,0.010072155320928967,0.0019759048289115983
da8dfec1-d265-44e8-84ce-6ae9c109b8bd,64,150.0,37.26907276146309,311019.02857142856,90335.02857142857,0.010072155320928967,0.002245801275110066
da8dfec1-d265-44e8-84ce-6ae9c109b8bd,64,150.0,43.13844810749518,263901.02857142856,90335.02857142857,0.010072155320928967,0.0025511766160930707
da8dfec1-d265-44e8-84ce-6ae9c109b8bd,64,150.0,49.93217075814364,225962.02857142856,90335.02857142857,0.010072155320928967,0.0028764863944752707
da8dfec1-d265-44e8-84ce-6ae9c109b8bd,64,150.0,57.795812923256825,196655.02857142856,90335.02857142857,0.010072155320928967,0.0032249467128023976
da8dfec1-d265-44e8-84ce-6ae9c109b8bd,64,150.0,66.89787246862902,173304.02857142856,90335.02857142857,0.010072155320928967,0.003588197943942228
da8dfec1-d265-44e8-84ce-6ae9c109b8bd,64,150.0,77.43338339701937,154159.02857142856,90335.02857142857,0.010072155320928967,0.003985694577225718
da8dfec1-d265-44e8-84ce-6ae9c109b8bd,64,150.0,89.62809493114324,139591.02857142856,90335.02857142857,0.010072155320928967,0.004371638441290471
da8dfec1-d265-44e8-84ce-6ae9c109b8bd,64,150.0,103.74330874576306,128611.02857142857,90335.02857142857,0.010072155320928967,0.004782121739021807
da8dfec1-d265-44e8-84ce-6ae9c109b8bd,64,150.0,120.08147799846844,119601.02857142857,90335.02857142857,0.010072155320928967,0.00522169932175359
da8dfec1-d265-44e8-84ce-6ae9c109b8bd,64,150.0,138.99268813214488,112983.02857142857,90335.02857142857,0.010072155320928967,0.005666946007949705
da8dfec1-d265-44e8-84ce-6ae9c109b8bd,64,150.0,160.88215831625678,107813.02857142857,90335.02857142857,0.010072155320928967,0.006134826633104295
da8dfec1-d265-44e8-84ce-6ae9c109b8bd,64,150.0,186.21892426376562,104335.02857142857,90335.02857142857,0.010072155320928967,0.006531194363045029
da8dfec1-d265-44e8-84ce-6ae9c109b8bd,64,150.0,215.54588847438404,102697.02857142857,90335.02857142857,0.010072155320928967,0.006763022408944691
da8dfec1-d265-44e8-84ce-6ae9c109b8bd,64,150.0,249.49145325533257,101920.02857142857,90335.02857142857,0.010072155320928967,0.006896829141620827
da8dfec1-d265-44e8-84ce-6ae9c109b8bd,64,150.0,288.7829857856707,101531.02857142857,90335.02857142857,0.010072155320928967,0.006973886754685492
da8dfec1-d265-44e8-84ce-6ae9c109b8bd,64,150.0,334.2624037463071,101285.02857142857,90335.02857142857,0.010072155320928967,0.0070276242163778025
da8dfec1-d265-44e8-84ce-6ae9c109b8bd,64,150.0,386.9042154761296,101196.02857142857,90335.02857142857,0.010072155320928967,0.007046194561177488
da8dfec1-d265-44e8-84ce-6ae9c109b8bd,64,150.0,447.8364012089508,101192.02857142857,90335.02857142857,0.010072155320928967,0.007046194582518172
da8dfec1-d265-44e8-84ce-6ae9c109b8bd,64,150.0,518.3645828231037,101162.02857142857,90335.02857142857,0.010072155320928967,0.007050335870205701
da8dfec1-d265-44e8-84ce-6ae9c109b8bd,64,150.0,599.9999999999997,101162.02857142857,90335.02857142857,0.010072155320928967,0.007050335870205701
dab512bd-a02d-4c1f-8dbc-9155a163efc0,64,150.0,2.0,3083429.9821428573,76068.98214285714,0.3536081111700137,0.0012309848622815247
dab512bd-a02d-4c1f-8dbc-9155a163efc0,64,150.0,2.3149729741653853,2905043.9821428573,76068.98214285714,0.3536081111700137,0.001291163211931155
dab512bd-a02d-4c1f-8dbc-9155a163efc0,64,150.0,2.6795499355580645,2718816.9821428573,76068.98214285714,0.3536081111700137,0.0013747810540481803
dab512bd-a02d-4c1f-8dbc-9155a163efc0,64,150.0,3.1015428418717597,2525660.9821428573,76068.98214285714,0.3536081111700137,0.0014904457968236866
dab512bd-a02d-4c1f-8dbc-9155a163efc0,64,150.0,3.5899939285746147,2330252.9821428573,76068.98214285714,0.3536081111700137,0.0016437224146777312
dab512bd-a02d-4c1f-8dbc-9155a163efc0,64,150.0,4.1553694610340255,2135176.9821428573,76068.98214285714,0.3536081111700137,0.0018462696460927568
dab512bd-a02d-4c1f-8dbc-9155a163efc0,64,150.0,4.809783999982975,1946196.982142857,76068.98214285714,0.3536081111700137,0.0021073912754522106
dab512bd-a02d-4c1f-8dbc-9155a163efc0,64,150.0,5.567259985766836,1765665.982142857,76068.98214285714,0.3536081111700137,0.0024374480859276062
dab512bd-a02d-4c1f-8dbc-9155a163efc0,64,150.0,6.444028203601297,1595033.982142857,76068.98214285714,0.3536081111700137,0.002851313957270535
dab512bd-a02d-4c1f-8dbc-9155a163efc0,64,150.0,7.458875568048258,1437248.982142857,76068.98214285714,0.3536081111700137,0.0033711759796979284
dab512bd-a02d-4c1f-8dbc-9155a163efc0,64,150.0,8.633547678847101,1291813.982142857,76068.98214285714,0.3536081111700137,0.004016982312568903
dab512bd-a02d-4c1f-8dbc-9155a163efc0,64,150.0,9.993214773849669,1154799.982142857,76068.98214285714,0.3536081111700137,0.00481686397897165
dab512bd-a02d-4c1f-8dbc-9155a163efc0,64,150.0,11.567011063246117,1030818.9821428572,76068.98214285714,0.3536081111700137,0.005807066707226583
dab512bd-a02d-4c1f-8dbc-9155a163efc0,64,150.0,13.388659001643386,915515.9821428572,76068.98214285714,0.3536081111700137,0.007024247493109839
dab512bd-a02d-4c1f-8dbc-9155a163efc0,64,150.0,15.497191874560272,811672.9821428572,76068.98214285714,0.3536081111700137,0.008492529787527984
dab512bd-a02d-4c1f-8dbc-9155a163efc0,64,150.0,17.937790182531224,714693.9821428572,76068.98214285714,0.3536081111700137,0.010293973000662386
dab512bd-a02d-4c1f-8dbc-9155a163efc0,64,150.0,20.762749744404477,629107.9821428572,76068.98214285714,0.3536081111700137,0.012432765657986462
dab512bd-a02d-4c1f-8dbc-9155a163efc0,64,150.0,24.03260226382781,551327.9821428572,76068.98214285714,0.3536081111700137,0.014976282050855612
dab512bd-a02d-4c1f-8dbc-9155a163efc0,64,150.0,27.81741236981361,485421.98214285716,76068.98214285714,0.3536081111700137,0.01796298219211011
dab512bd-a02d-4c1f-8dbc-9155a163efc0,64,150.0,32.19827892366621,425369.98214285716,76068.98214285714,0.3536081111700137,0.02156703246522397
dab512bd-a02d-4c1f-8dbc-9155a163efc0,64,150.0,37.26907276146309,371711.98214285716,76068.98214285714,0.3536081111700137,0.02573974209307931
dab512bd-a02d-4c1f-8dbc-9155a163efc0,64,150.0,43.13844810749518,325475.98214285716,76068.98214285714,0.3536081111700137,0.030702348867116588
dab512bd-a02d-4c1f-8dbc-9155a163efc0,64,150.0,49.93217075814364,285690.98214285716,76068.98214285714,0.3536081111700137,0.036520958032135474
dab512bd-a02d-4c1f-8dbc-9155a163efc0,64,150.0,57.795812923256825,249460.98214285716,76068.98214285714,0.3536081111700137,0.043438122988314586
dab512bd-a02d-4c1f-8dbc-9155a163efc0,64,150.0,66.89787246862902,218675.98214285716,76068.98214285714,0.3536081111700137,0.051361131143196105
dab512bd-a02d-4c1f-8dbc-9155a163efc0,64,150.0,77.43338339701937,192015.98214285716,76068.98214285714,0.3536081111700137,0.06038490184218488
dab512bd-a02d-4c1f-8dbc-9155a163efc0,64,150.0,89.62809493114324,169683.98214285716,76068.98214285714,0.3536081111700137,0.07032184725945721
dab512bd-a02d-4c1f-8dbc-9155a163efc0,64,150.0,103.74330874576306,151677.98214285716,76068.98214285714,0.3536081111700137,0.08110917305099107
dab512bd-a02d-4c1f-8dbc-9155a163efc0,64,150.0,120.08147799846844,136818.98214285716,76068.98214285714,0.3536081111700137,0.09340027094402185
dab512bd-a02d-4c1f-8dbc-9155a163efc0,64,150.0,138.99268813214488,123885.98214285714,76068.98214285714,0.3536081111700137,0.10645150147382382
dab512bd-a02d-4c1f-8dbc-9155a163efc0,64,150.0,160.88215831625678,113686.98214285714,76068.98214285714,0.3536081111700137,0.12085238306790738
dab512bd-a02d-4c1f-8dbc-9155a163efc0,64,150.0,186.21892426376562,105771.98214285714,76068.98214285714,0.3536081111700137,0.135985282575874
dab512bd-a02d-4c1f-8dbc-9155a163efc0,64,150.0,215.54588847438404,99332.98214285714,76068.98214285714,0.3536081111700137,0.15154171964432908
dab512bd-a02d-4c1f-8dbc-9155a163efc0,64,150.0,249.49145325533257,95011.98214285714,76068.98214285714,0.3536081111700137,0.16836952189916812
dab512bd-a02d-4c1f-8dbc-9155a163efc0,64,150.0,288.7829857856707,90902.98214285714,76068.98214285714,0.3536081111700137,0.18676085144565105
dab512bd-a02d-4c1f-8dbc-9155a163efc0,64,150.0,334.2624037463071,88340.98214285714,76068.98214285714,0.3536081111700137,0.20172586049348412
dab512bd-a02d-4c1f-8dbc-9155a163efc0,64,150.0,386.9042154761296,87627.98214285714,76068.98214285714,0.3536081111700137,0.20621581455586138
dab512bd-a02d-4c1f-8dbc-9155a163efc0,64,150.0,447.8364012089508,87359.98214285714,76068.98214285714,0.3536081111700137,0.20846133127427305
dab512bd-a02d-4c1f-8dbc-9155a163efc0,64,150.0,518.3645828231037,87101.98214285714,76068.98214285714,0.3536081111700137,0.2107015261367464
dab512bd-a02d-4c1f-8dbc-9155a163efc0,64,150.0,599.9999999999997,87023.98214285714,76068.98214285714,0.3536081111700137,0.21106337369764133
dc7e9403-19f7-409f-9240-05ee57cb7aea,64,150.0,2.0,4552230.485148515,93118.48514851485,0.034939112495703,0.0002323873006642774
dc7e9403-19f7-409f-9240-05ee57cb7aea,64,150.0,2.3149729741653853,4371199.485148515,93118.48514851485,0.034939112495703,0.0002388481500124103
dc7e9403-19f7-409f-9240-05ee57cb7aea,64,150.0,2.6795499355580645,4167846.4851485146,93118.48514851485,0.034939112495703,0.0002483800003515822
dc7e9403-19f7-409f-9240-05ee57cb7aea,64,150.0,3.1015428418717597,3943115.4851485146,93118.48514851485,0.034939112495703,0.00026241465844115635
dc7e9403-19f7-409f-9240-05ee57cb7aea,64,150.0,3.5899939285746147,3697509.4851485146,93118.48514851485,0.034939112495703,0.0002826633088923734
dc7e9403-19f7-409f-9240-05ee57cb7aea,64,150.0,4.1553694610340255,3436191.4851485146,93118.48514851485,0.034939112495703,0.0003111593354274542
dc7e9403-19f7-409f-9240-05ee57cb7aea,64,150.0,4.809783999982975,3159066.4851485146,93118.48514851485,0.034939112495703,0.0003509728858944877
dc7e9403-19f7-409f-9240-05ee57cb7aea,64,150.0,5.567259985766836,2876323.4851485146,93118.48514851485,0.034939112495703,0.0004045632960923301
dc7e9403-19f7-409f-9240-05ee57cb7aea,64,150.0,6.444028203601297,2591342.4851485146,93118.48514851485,0.034939112495703,0.0004756138606005466
dc7e9403-19f7-409f-9240-05ee57cb7aea,64,150.0,7.458875568048258,2316670.4851485146,93118.48514851485,0.034939112495703,0.0005664943305657326
dc7e9403-19f7-409f-9240-05ee57cb7aea,64,150.0,8.633547678847101,2053444.4851485149,93118.48514851485,0.034939112495703,0.0006813189577959045
dc7e9403-19f7-409f-9240-05ee57cb7aea,64,150.0,9.993214773849669,1807800.4851485149,93118.48514851485,0.034939112495703,0.0008249826430852365
dc7e9403-19f7-409f-9240-05ee57cb7aea,64,150.0,11.567011063246117,1580310.4851485149,93118.48514851485,0.034939112495703,0.0010018219895548883
dc7e9403-19f7-409f-9240-05ee57cb7aea,64,150.0,13.388659001643386,1372940.4851485149,93118.48514851485,0.034939112495703,0.0012155527677172812
dc7e9403-19f7-409f-9240-05ee57cb7aea,64,150.0,15.497191874560272,1186044.4851485149,93118.48514851485,0.034939112495703,0.0014737180313676682
dc7e9403-19f7-409f-9240-05ee57cb7aea,64,150.0,17.937790182531224,1022059.4851485149,93118.48514851485,0.034939112495703,0.0017752277174451047
dc7e9403-19f7-409f-9240-05ee57cb7aea,64,150.0,20.762749744404477,876507.4851485149,93118.48514851485,0.034939112495703,0.0021368057375341716
dc7e9403-19f7-409f-9240-05ee57cb7aea,64,150.0,24.03260226382781,747819.4851485149,93118.48514851485,0.034939112495703,0.0025566231732505455
dc7e9403-19f7-409f-9240-05ee57cb7aea,64,150.0,27.81741236981361,636551.4851485149,93118.48514851485,0.034939112495703,0.003042715903784869
dc7e9403-19f7-409f-9240-05ee57cb7aea,64,150.0,32.19827892366621,540621.4851485149,93118.48514851485,0.034939112495703,0.0036023854090775657
dc7e9403-19f7-409f-9240-05ee57cb7aea,64,150.0,37.26907276146309,459320.48514851485,93118.48514851485,0.034939112495703,0.004236658378766292
dc7e9403-19f7-409f-9240-05ee57cb7aea,64,150.0,43.13844810749518,391722.48514851485,93118.48514851485,0.034939112495703,0.004948396466281632
dc7e9403-19f7-409f-9240-05ee57cb7aea,64,150.0,49.93217075814364,335996.48514851485,93118.48514851485,0.034939112495703,0.005736655596859577
dc7e9403-19f7-409f-9240-05ee57cb7aea,64,150.0,57.795812923256825,287879.48514851485,93118.48514851485,0.034939112495703,0.006621803420426232
dc7e9403-19f7-409f-9240-05ee57cb7aea,64,150.0,66.89787246862902,249968.48514851485,93118.48514851485,0.034939112495703,0.007596597405648355
dc7e9403-19f7-409f-9240-05ee57cb7aea,64,150.0,77.43338339701937,219852.48514851485,93118.48514851485,0.034939112495703,0.008630647115238917
dc7e9403-19f7-409f-9240-05ee57cb7aea,64,150.0,89.62809493114324,194327.48514851485,93118.48514851485,0.034939112495703,0.009795305489861978
dc7e9403-19f7-409f-9240-05ee57cb7aea,64,150.0,103.74330874576306,172332.48514851485,93118.48514851485,0.034939112495703,0.011095642215504489
dc7e9403-19f7-409f-9240-05ee57cb7aea,64,150.0,120.08147799846844,154976.48514851485,93118.48514851485,0.034939112495703,0.01249784183382254
dc7e9403-19f7-409f-9240-05ee57cb7aea,64,150.0,138.99268813214488,139118.48514851485,93118.48514851485,0.034939112495703,0.014043351160337187
dc7e9403-19f7-409f-9240-05ee57cb7aea,64,150.0,160.88215831625678,128005.48514851485,93118.48514851485,0.034939112495703,0.015633106926764246
dc7e9403-19f7-409f-9240-05ee57cb7aea,64,150.0,186.21892426376562,119125.48514851485,93118.48514851485,0.034939112495703,0.017313535460217
dc7e9403-19f7-409f-9240-05ee57cb7aea,64,150.0,215.54588847438404,112730.48514851485,93118.48514851485,0.034939112495703,0.019006529482749536
dc7e9403-19f7-409f-9240-05ee57cb7aea,64,150.0,249.49145325533257,107814.48514851485,93118.48514851485,0.034939112495703,0.020704484496317243
dc7e9403-19f7-409f-9240-05ee57cb7aea,64,150.0,288.7829857856707,105790.48514851485,93118.48514851485,0.034939112495703,0.021759752319935568
dc7e9403-19f7-409f-9240-05ee57cb7aea,64,150.0,334.2624037463071,104965.48514851485,93118.48514851485,0.034939112495703,0.02238642371674744
dc7e9403-19f7-409f-9240-05ee57cb7aea,64,150.0,386.9042154761296,104620.48514851485,93118.48514851485,0.034939112495703,0.022717818190212024
dc7e9403-19f7-409f-9240-05ee57cb7aea,64,150.0,447.8364012089508,104376.48514851485,93118.48514851485,0.034939112495703,0.02300699259013993
dc7e9403-19f7-409f-9240-05ee57cb7aea,64,150.0,518.3645828231037,104214.48514851485,93118.48514851485,0.034939112495703,0.023288235730579924
dc7e9403-19f7-409f-9240-05ee57cb7aea,64,150.0,599.9999999999997,104082.48514851485,93118.48514851485,0.034939112495703,0.023531522380530877
e8f9fba4-d151-4b00-bee7-447f0f3e752c,64,150.0,2.0,4394347.211726384,93582.21172638437,0.03732115852789589,0.00048292519787889474
e8f9fba4-d151-4b00-bee7-447f0f3e752c,64,150.0,2.3149729741653853,4184712.2117263842,93582.21172638437,0.03732115852789589,0.0004996172033832045
e8f9fba4-d151-4b00-bee7-447f0f3e752c,64,150.0,2.6795499355580645,3951533.2117263842,93582.21172638437,0.03732115852789589,0.0005243207687165328
e8f9fba4-d151-4b00-bee7-447f0f3e752c,64,150.0,3.1015428418717597,3701030.2117263842,93582.21172638437,0.03732115852789589,0.0005597308505984033
e8f9fba4-d151-4b00-bee7-447f0f3e752c,64,150.0,3.5899939285746147,3431712.2117263842,93582.21172638437,0.03732115852789589,0.0006101022276923627
e8f9fba4-d151-4b00-bee7-447f0f3e752c,64,150.0,4.1553694610340255,3148335.2117263842,93582.21172638437,0.03732115852789589,0.000680414693787628
e8f9fba4-d151-4b00-bee7-447f0f3e752c,64,150.0,4.809783999982975,2859740.2117263842,93582.21172638437,0.03732115852789589,0.0007748923850999344
e8f9fba4-d151-4b00-bee7-447f0f3e752c,64,150.0,5.567259985766836,2573728.2117263842,93582.21172638437,0.03732115852789589,0.0008990662267677079
e8f9fba4-d151-4b00-bee7-447f0f3e752c,64,150.0,6.444028203601297,2291651.2117263842,93582.21172638437,0.03732115852789589,0.0010607740955420782
e8f9fba4-d151-4b00-bee7-447f0f3e752c,64,150.0,7.458875568048258,2024800.2117263845,93582.21172638437,0.03732115852789589,0.0012644122946434435
e8f9fba4-d151-4b00-bee7-447f0f3e752c,64,150.0,8.633547678847101,1773817.2117263845,93582.21172638437,0.03732115852789589,0.0015178046166519268
e8f9fba4-d151-4b00-bee7-447f0f3e752c,64,150.0,9.993214773849669,1545631.2117263845,93582.21172638437,0.03732115852789589,0.0018245346630600787
e8f9fba4-d151-4b00-bee7-447f0f3e752c,64,150.0,11.567011063246117,1337257.2117263845,93582.21172638437,0.03732115852789589,0.0021931716430400134
e8f9fba4-d151-4b00-bee7-447f0f3e752c,64,150.0,13.388659001643386,1150627.2117263845,93582.21172638437,0.03732115852789589,0.0026339186305030407
e8f9fba4-d151-4b00-bee7-447f0f3e752c,64,150.0,15.497191874560272,989276.2117263844,93582.21172638437,0.03732115852789589,0.003140116183717893
e8f9fba4-d151-4b00-bee7-447f0f3e752c,64,150.0,17.937790182531224,846817.2117263844,93582.21172638437,0.03732115852789589,0.0037300834197341206
e8f9fba4-d151-4b00-bee7-447f0f3e752c,64,150.0,20.762749744404477,724008.2117263844,93582.21172638437,0.03732115852789589,0.0044159657841604475
e8f9fba4-d151-4b00-bee7-447f0f3e752c,64,150.0,24.03260226382781,617811.2117263844,93582.21172638437,0.03732115852789589,0.005206171160846908
e8f9fba4-d151-4b00-bee7-447f0f3e752c,64,150.0,27.81741236981361,529082.2117263844,93582.21172638437,0.03732115852789589,0.00610341819803022
e8f9fba4-d151-4b00-bee7-447f0f3e752c,64,150.0,32.19827892366621,451127.21172638435,93582.21172638437,0.03732115852789589,0.007135292303717275
e8f9fba4-d151-4b00-bee7-447f0f3e752c,64,150.0,37.26907276146309,386514.21172638435,93582.21172638437,0.03732115852789589,0.00829651183675244
e8f9fba4-d151-4b00-bee7-447f0f3e752c,64,150.0,43.13844810749518,330254.21172638435,93582.21172638437,0.03732115852789589,0.009620253877546286
e8f9fba4-d151-4b00-bee7-447f0f3e752c,64,150.0,49.93217075814364,283515.21172638435,93582.21172638437,0.03732115852789589,0.011107757724142239
e8f9fba4-d151-4b00-bee7-447f0f3e752c,64,150.0,57.795812923256825,244059.21172638435,93582.21172638437,0.03732115852789589,0.012736435682904983
e8f9fba4-d151-4b00-bee7-447f0f3e752c,64,150.0,66.89787246862902,211851.21172638435,93582.21172638437,0.03732115852789589,0.014578561242973673
e8f9fba4-d151-4b00-bee7-447f0f3e752c,64,150.0,77.43338339701937,184342.21172638435,93582.21172638437,0.03732115852789589,0.016589623176050228
e8f9fba4-d151-4b00-bee7-447f0f3e752c,64,150.0,89.62809493114324,161876.21172638435,93582.21172638437,0.03732115852789589,0.0187349416753016
e8f9fba4-d151-4b00-bee7-447f0f3e752c,64,150.0,103.74330874576306,143842.21172638435,93582.21172638437,0.03732115852789589,0.02116607551648944
e8f9fba4-d151-4b00-bee7-447f0f3e752c,64,150.0,120.08147799846844,130047.21172638437,93582.21172638437,0.03732115852789589,0.023607000296004415
e8f9fba4-d151-4b00-bee7-447f0f3e752c,64,150.0,138.99268813214488,120101.21172638437,93582.21172638437,0.03732115852789589,0.02571693982800308
e8f9fba4-d151-4b00-bee7-447f0f3e752c,64,150.0,160.88215831625678,113952.21172638437,93582.21172638437,0.03732115852789589,0.027499209422010992
e8f9fba4-d151-4b00-bee7-447f0f3e752c,64,150.0,186.21892426376562,110197.21172638437,93582.21172638437,0.03732115852789589,0.02875942552783684
e8f9fba4-d151-4b00-bee7-447f0f3e752c,64,150.0,215.54588847438404,108101.21172638437,93582.21172638437,0.03732115852789589,0.02969240652600789
e8f9fba4-d151-4b00-bee7-447f0f3e752c,64,150.0,249.49145325533257,106632.21172638437,93582.21172638437,0.03732115852789589,0.030528280339904915
e8f9fba4-d151-4b00-bee7-447f0f3e752c,64,150.0,288.7829857856707,105717.21172638437,93582.21172638437,0.03732115852789589,0.031168266357594065
e8f9fba4-d151-4b00-bee7-447f0f3e752c,64,150.0,334.2624037463071,105086.21172638437,93582.21172638437,0.03732115852789589,0.03172111802791361
e8f9fba4-d151-4b00-bee7-447f0f3e752c,64,150.0,386.9042154761296,104808.21172638437,93582.21172638437,0.03732115852789589,0.032015291854231555
e8f9fba4-d151-4b00-bee7-447f0f3e752c,64,150.0,447.8364012089508,104685.21172638437,93582.21172638437,0.03732115852789589,0.03216141341336876
e8f9fba4-d151-4b00-bee7-447f0f3e752c,64,150.0,518.3645828231037,104632.21172638437,93582.21172638437,0.03732115852789589,0.03223760981507038
e8f9fba4-d151-4b00-bee7-447f0f3e752c,64,150.0,599.9999999999997,104598.21172638437,93582.21172638437,0.03732115852789589,0.03226169002510426
eebcaf65-7fa4-4118-869d-a084e84530e2,64,150.0,2.0,3018338.770053476,69484.77005347594,0.12305946166862808,0.0012503284800769645
eebcaf65-7fa4-4118-869d-a084e84530e2,64,150.0,2.3149729741653853,2853963.770053476,69484.77005347594,0.12305946166862808,0.001292771044101247
eebcaf65-7fa4-4118-869d-a084e84530e2,64,150.0,2.6795499355580645,2674347.770053476,69484.77005347594,0.12305946166862808,0.001353617595561339
eebcaf65-7fa4-4118-869d-a084e84530e2,64,150.0,3.1015428418717597,2480562.770053476,69484.77005347594,0.12305946166862808,0.0014403542267993673
eebcaf65-7fa4-4118-869d-a084e84530e2,64,150.0,3.5899939285746147,2277814.770053476,69484.77005347594,0.12305946166862808,0.0015595448792711584
eebcaf65-7fa4-4118-869d-a084e84530e2,64,150.0,4.1553694610340255,2068290.7700534759,69484.77005347594,0.12305946166862808,0.0017200241682512655
eebcaf65-7fa4-4118-869d-a084e84530e2,64,150.0,4.809783999982975,1860824.7700534759,69484.77005347594,0.12305946166862808,0.0019295525802719331
eebcaf65-7fa4-4118-869d-a084e84530e2,64,150.0,5.567259985766836,1656388.7700534759,69484.77005347594,0.12305946166862808,0.0021987938948614745
eebcaf65-7fa4-4118-869d-a084e84530e2,64,150.0,6.444028203601297,1462041.7700534759,69484.77005347594,0.12305946166862808,0.002536616894547767
eebcaf65-7fa4-4118-869d-a084e84530e2,64,150.0,7.458875568048258,1280697.7700534759,69484.77005347594,0.12305946166862808,0.0029498095508940165
eebcaf65-7fa4-4118-869d-a084e84530e2,64,150.0,8.633547678847101,1116293.7700534759,69484.77005347594,0.12305946166862808,0.003445079400881055
eebcaf65-7fa4-4118-869d-a084e84530e2,64,150.0,9.993214773849669,970190.770053476,69484.77005347594,0.12305946166862808,0.00403130545530774
eebcaf65-7fa4-4118-869d-a084e84530e2,64,150.0,11.567011063246117,839704.770053476,69484.77005347594,0.12305946166862808,0.004725162658281678
eebcaf65-7fa4-4118-869d-a084e84530e2,64,150.0,13.388659001643386,727077.770053476,69484.77005347594,0.12305946166862808,0.005525940962493637
eebcaf65-7fa4-4118-869d-a084e84530e2,64,150.0,15.497191874560272,627572.770053476,69484.77005347594,0.12305946166862808,0.0064548904159883475
eebcaf65-7fa4-4118-869d-a084e84530e2,64,150.0,17.937790182531224,542287.770053476,69484.77005347594,0.12305946166862808,0.007532447910515935
eebcaf65-7fa4-4118-869d-a084e84530e2,64,150.0,20.762749744404477,468137.7700534759,69484.77005347594,0.12305946166862808,0.008762332763553057
eebcaf65-7fa4-4118-869d-a084e84530e2,64,150.0,24.03260226382781,404085.7700534759,69484.77005347594,0.12305946166862808,0.01016569183045639
eebcaf65-7fa4-4118-869d-a084e84530e2,64,150.0,27.81741236981361,350921.7700534759,69484.77005347594,0.12305946166862808,0.011749281945151143
eebcaf65-7fa4-4118-869d-a084e84530e2,64,150.0,32.19827892366621,305834.7700534759,69484.77005347594,0.12305946166862808,0.013550322107394378
eebcaf65-7fa4-4118-869d-a084e84530e2,64,150.0,37.26907276146309,267197.7700534759,69484.77005347594,0.12305946166862808,0.015591599593341918
eebcaf65-7fa4-4118-869d-a084e84530e2,64,150.0,43.13844810749518,235015.77005347592,69484.77005347594,0.12305946166862808,0.017926821076582816
eebcaf65-7fa4-4118-869d-a084e84530e2,64,150.0,49.93217075814364,206800.77005347592,69484.77005347594,0.12305946166862808,0.020583914926236735
eebcaf65-7fa4-4118-869d-a084e84530e2,64,150.0,57.795812923256825,182707.77005347592,69484.77005347594,0.12305946166862808,0.02370949204350375
eebcaf65-7fa4-4118-869d-a084e84530e2,64,150.0,66.89787246862902,162304.77005347592,69484.77005347594,0.12305946166862808,0.027141460711992096
eebcaf65-7fa4-4118-869d-a084e84530e2,64,150.0,77.43338339701937,144936.77005347592,69484.77005347594,0.12305946166862808,0.031003859289211455
eebcaf65-7fa4-4118-869d-a084e84530e2,64,150.0,89.62809493114324,131163.77005347592,69484.77005347594,0.12305946166862808,0.035340619036846106
eebcaf65-7fa4-4118-869d-a084e84530e2,64,150.0,103.74330874576306,118587.77005347594,69484.77005347594,0.12305946166862808,0.04010088008312326
eebcaf65-7fa4-4118-869d-a084e84530e2,64,150.0,120.08147799846844,109047.77005347594,69484.77005347594,0.12305946166862808,0.04530518951284846
eebcaf65-7fa4-4118-869d-a084e84530e2,64,150.0,138.99268813214488,100404.77005347594,69484.77005347594,0.12305946166862808,0.05124232753681357
eebcaf65-7fa4-4118-869d-a084e84530e2,64,150.0,160.88215831625678,93662.77005347594,69484.77005347594,0.12305946166862808,0.05726312998537404
eebcaf65-7fa4-4118-869d-a084e84530e2,64,150.0,186.21892426376562,89344.77005347594,69484.77005347594,0.12305946166862808,0.06275758297706202
eebcaf65-7fa4-4118-869d-a084e84530e2,64,150.0,215.54588847438404,85940.77005347594,69484.77005347594,0.12305946166862808,0.06755694063357837
eebcaf65-7fa4-4118-869d-a084e84530e2,64,150.0,249.49145325533257,83824.77005347594,69484.77005347594,0.12305946166862808,0.07112391037733035
eebcaf65-7fa4-4118-869d-a084e84530e2,64,150.0,288.7829857856707,82448.77005347594,69484.77005347594,0.12305946166862808,0.0740272691493015
eebcaf65-7fa4-4118-869d-a084e84530e2,64,150.0,334.2624037463071,81690.77005347594,69484.77005347594,0.12305946166862808,0.07613919674999231
eebcaf65-7fa4-4118-869d-a084e84530e2,64,150.0,386.9042154761296,81111.77005347594,69484.77005347594,0.12305946166862808,0.07809943914791972
eebcaf65-7fa4-4118-869d-a084e84530e2,64,150.0,447.8364012089508,80852.77005347594,69484.77005347594,0.12305946166862808,0.07918446038928234
eebcaf65-7fa4-4118-869d-a084e84530e2,64,150.0,518.3645828231037,80639.77005347594,69484.77005347594,0.12305946166862808,0.08004343280115132
eebcaf65-7fa4-4118-869d-a084e84530e2,64,150.0,599.9999999999997,80548.77005347594,69484.77005347594,0.12305946166862808,0.08046426031847598
fe380793-8035-414e-b000-09bfe5ece92a,64,150.0,2.0,4027144.117397454,86138.11739745403,0.18287343951025295,0.0007582955552955091
fe380793-8035-414e-b000-09bfe5ece92a,64,150.0,2.3149729741653853,3844837.117397454,86138.11739745403,0.18287343951025295,0.0007889158966542414
fe380793-8035-414e-b000-09bfe5ece92a,64,150.0,2.6795499355580645,3646361.117397454,86138.11739745403,0.18287343951025295,0.0008333318099536788
fe380793-8035-414e-b000-09bfe5ece92a,64,150.0,3.1015428418717597,3431260.117397454,86138.11739745403,0.18287343951025295,0.0008965122998727643
fe380793-8035-414e-b000-09bfe5ece92a,64,150.0,3.5899939285746147,3204512.117397454,86138.11739745403,0.18287343951025295,0.0009849528676982254
fe380793-8035-414e-b000-09bfe5ece92a,64,150.0,4.1553694610340255,2967177.117397454,86138.11739745403,0.18287343951025295,0.001107150578434599
fe380793-8035-414e-b000-09bfe5ece92a,64,150.0,4.809783999982975,2726051.117397454,86138.11739745403,0.18287343951025295,0.0012727098377594808
fe380793-8035-414e-b000-09bfe5ece92a,64,150.0,5.567259985766836,2485579.117397454,86138.11739745403,0.18287343951025295,0.0014913852270195425
fe380793-8035-414e-b000-09bfe5ece92a,64,150.0,6.444028203601297,2248975.117397454,86138.11739745403,0.18287343951025295,0.0017792708876714623
fe380793-8035-414e-b000-09bfe5ece92a,64,150.0,7.458875568048258,2020454.117397454,86138.11739745403,0.18287343951025295,0.0021499053652830756
fe380793-8035-414e-b000-09bfe5ece92a,64,150.0,8.633547678847101,1801513.117397454,86138.11739745403,0.18287343951025295,0.0026203474361696064
fe380793-8035-414e-b000-09bfe5ece92a,64,150.0,9.993214773849669,1594750.117397454,86138.11739745403,0.18287343951025295,0.0032152746986602444
fe380793-8035-414e-b000-09bfe5ece92a,64,150.0,11.567011063246117,1403730.117397454,86138.11739745403,0.18287343951025295,0.003950457543776286
fe380793-8035-414e-b000-09bfe5ece92a,64,150.0,13.388659001643386,1229287.117397454,86138.11739745403,0.18287343951025295,0.004842266784553327
fe380793-8035-414e-b000-09bfe5ece92a,64,150.0,15.497191874560272,1071633.117397454,86138.11739745403,0.18287343951025295,0.005906982349192151
fe380793-8035-414e-b000-09bfe5ece92a,64,150.0,17.937790182531224,931695.117397454,86138.11739745403,0.18287343951025295,0.007159399752854511
fe380793-8035-414e-b000-09bfe5ece92a,64,150.0,20.762749744404477,811592.117397454,86138.11739745403,0.18287343951025295,0.008600708089997678
fe380793-8035-414e-b000-09bfe5ece92a,64,150.0,24.03260226382781,708826.117397454,86138.11739745403,0.18287343951025295,0.01024745369243441
fe380793-8035-414e-b000-09bfe5ece92a,64,150.0,27.81741236981361,621073.117397454,86138.11739745403,0.18287343951025295,0.012133952781039741
fe380793-8035-414e-b000-09bfe5ece92a,64,150.0,32.19827892366621,544351.117397454,86138.11739745403,0.18287343951025295,0.014313334912131326
fe380793-8035-414e-b000-09bfe5ece92a,64,150.0,37.26907276146309,477935.11739745404,86138.11739745403,0.18287343951025295,0.016852703133450744
fe380793-8035-414e-b000-09bfe5ece92a,64,150.0,43.13844810749518,422501.11739745404,86138.11739745403,0.18287343951025295,0.019821518767786886
fe380793-8035-414e-b000-09bfe5ece92a,64,150.0,49.93217075814364,373072.11739745404,86138.11739745403,0.18287343951025295,0.023392266841222066
fe380793-8035-414e-b000-09bfe5ece92a,64,150.0,57.795812923256825,328738.11739745404,86138.11739745403,0.18287343951025295,0.02758567804862512
fe380793-8035-414e-b000-09bfe5ece92a,64,150.0,66.89787246862902,288608.11739745404,86138.11739745403,0.18287343951025295,0.032566529169352675
fe380793-8035-414e-b000-09bfe5ece92a,64,150.0,77.43338339701937,253582.11739745404,86138.11739745403,0.18287343951025295,0.03855870361465348
fe380793-8035-414e-b000-09bfe5ece92a,64,150.0,89.62809493114324,221033.11739745404,86138.11739745403,0.18287343951025295,0.04568697719817589
fe380793-8035-414e-b000-09bfe5ece92a,64,150.0,103.74330874576306,193576.11739745404,86138.11739745403,0.18287343951025295,0.053922186151114666
fe380793-8035-414e-b000-09bfe5ece92a,64,150.0,120.08147799846844,169865.11739745404,86138.11739745403,0.18287343951025295,0.06317453421024835
fe380793-8035-414e-b000-09bfe5ece92a,64,150.0,138.99268813214488,149449.11739745404,86138.11739745403,0.18287343951025295,0.07338713185096772
fe380793-8035-414e-b000-09bfe5ece92a,64,150.0,160.88215831625678,133164.11739745404,86138.11739745403,0.18287343951025295,0.0846643731589561
fe380793-8035-414e-b000-09bfe5ece92a,64,150.0,186.21892426376562,121206.11739745403,86138.11739745403,0.18287343951025295,0.09602159365476774
fe380793-8035-414e-b000-09bfe5ece92a,64,150.0,215.54588847438404,111629.11739745403,86138.11739745403,0.18287343951025295,0.10747749858567643
fe380793-8035-414e-b000-09bfe5ece92a,64,150.0,249.49145325533257,105555.11739745403,86138.11739745403,0.18287343951025295,0.1176729934756697
fe380793-8035-414e-b000-09bfe5ece92a,64,150.0,288.7829857856707,102986.11739745403,86138.11739745403,0.18287343951025295,0.12307519794350728
fe380793-8035-414e-b000-09bfe5ece92a,64,150.0,334.2624037463071,101231.11739745403,86138.11739745403,0.18287343951025295,0.1280071135364728
fe380793-8035-414e-b000-09bfe5ece92a,64,150.0,386.9042154761296,99886.11739745403,86138.11739745403,0.18287343951025295,0.1328378449549473
fe380793-8035-414e-b000-09bfe5ece92a,64,150.0,447.8364012089508,98857.11739745403,86138.11739745403,0.18287343951025295,0.137738497946036
fe380793-8035-414e-b000-09bfe5ece92a,64,150.0,518.3645828231037,98247.11739745403,86138.11739745403,0.18287343951025295,0.14139351319690838
fe380793-8035-414e-b000-09bfe5ece92a,64,150.0,599.9999999999997,97819.11739745403,86138.11739745403,0.18287343951025295,0.14500132182890071
1a276285-8b0e-4cc9-9f0a-a3a002978724,32,150.0,2.0,3410816.2322899504,37131.232289950574,0.2132329076357336,0.0007913277235903076
1a276285-8b0e-4cc9-9f0a-a3a002978724,32,150.0,2.3149729741653853,3274308.2322899504,37131.232289950574,0.2132329076357336,0.0008187255483702265
1a276285-8b0e-4cc9-9f0a-a3a002978724,32,150.0,2.6795499355580645,3123609.2322899504,37131.232289950574,0.2132329076357336,0.0008589992898544061
1a276285-8b0e-4cc9-9f0a-a3a002978724,32,150.0,3.1015428418717597,2959199.2322899504,37131.232289950574,0.2132329076357336,0.0009174133511587194
1a276285-8b0e-4cc9-9f0a-a3a002978724,32,150.0,3.5899939285746147,2781954.2322899504,37131.232289950574,0.2132329076357336,0.001000723905108704
1a276285-8b0e-4cc9-9f0a-a3a002978724,32,150.0,4.1553694610340255,2594951.2322899504,37131.232289950574,0.2132329076357336,0.0011176102920303526
1a276285-8b0e-4cc9-9f0a-a3a002978724,32,150.0,4.809783999982975,2398467.2322899504,37131.232289950574,0.2132329076357336,0.0012806998980946138
1a276285-8b0e-4cc9-9f0a-a3a002978724,32,150.0,5.567259985766836,2197039.2322899504,37131.232289950574,0.2132329076357336,0.001501864097023919
1a276285-8b0e-4cc9-9f0a-a3a002978724,32,150.0,6.444028203601297,1996472.2322899506,37131.232289950574,0.2132329076357336,0.0017962695782948299
1a276285-8b0e-4cc9-9f0a-a3a002978724,32,150.0,7.458875568048258,1795828.2322899506,37131.232289950574,0.2132329076357336,0.002188955583437221
1a276285-8b0e-4cc9-9f0a-a3a002978724,32,150.0,8.633547678847101,1599701.2322899506,37131.232289950574,0.2132329076357336,0.002697254105089163
1a276285-8b0e-4cc9-9f0a-a3a002978724,32,150.0,9.993214773849669,1412967.2322899506,37131.232289950574,0.2132329076357336,0.0033415645684193866
1a276285-8b0e-4cc9-9f0a-a3a002978724,32,150.0,11.567011063246117,1237899.2322899506,37131.232289950574,0.2132329076357336,0.004144910347634723
1a276285-8b0e-4cc9-9f0a-a3a002978724,32,150.0,13.388659001643386,1077116.2322899506,37131.232289950574,0.2132329076357336,0.005127310460675544
1a276285-8b0e-4cc9-9f0a-a3a002978724,32,150.0,15.497191874560272,933348.2322899506,37131.232289950574,0.2132329076357336,0.00628185836670256
1a276285-8b0e-4cc9-9f0a-a3a002978724,32,150.0,17.937790182531224,804975.2322899506,37131.232289950574,0.2132329076357336,0.007647435912997481
1a276285-8b0e-4cc9-9f0a-a3a002978724,32,150.0,20.762749744404477,695459.2322899506,37131.232289950574,0.2132329076357336,0.009206016859424761
1a276285-8b0e-4cc9-9f0a-a3a002978724,32,150.0,24.03260226382781,601370.2322899506,37131.232289950574,0.2132329076357336,0.010976330768639918
1a276285-8b0e-4cc9-9f0a-a3a002978724,32,150.0,27.81741236981361,523259.2322899506,37131.232289950574,0.2132329076357336,0.012972435084449193
1a276285-8b0e-4cc9-9f0a-a3a002978724,32,150.0,32.19827892366621,453955.2322899506,37131.232289950574,0.2132329076357336,0.015271455273053533
1a276285-8b0e-4cc9-9f0a-a3a002978724,32,150.0,37.26907276146309,394810.2322899506,37131.232289950574,0.2132329076357336,0.017951181699235243
1a276285-8b0e-4cc9-9f0a-a3a002978724,32,150.0,43.13844810749518,345570.2322899506,37131.232289950574,0.2132329076357336,0.021053308485375292
1a276285-8b0e-4cc9-9f0a-a3a002978724,32,150.0,49.93217075814364,302357.2322899506,37131.232289950574,0.2132329076357336,0.024747215187428524
1a276285-8b0e-4cc9-9f0a-a3a002978724,32,150.0,57.795812923256825,263553.2322899506,37131.232289950574,0.2132329076357336,0.0291729070127309
1a276285-8b0e-4cc9-9f0a-a3a002978724,32,150.0,66.89787246862902,226831.23228995057,37131.232289950574,0.2132329076357336,0.03452222067177496
1a276285-8b0e-4cc9-9f0a-a3a002978724,32,150.0,77.43338339701937,195855.23228995057,37131.232289950574,0.2132329076357336,0.040972948083716
1a276285-8b0e-4cc9-9f0a-a3a002978724,32,150.0,89.62809493114324,166560.23228995057,37131.232289950574,0.2132329076357336,0.04866729663353222
1a276285-8b0e-4cc9-9f0a-a3a002978724,32,150.0,103.74330874576306,142661.23228995057,37131.232289950574,0.2132329076357336,0.05765804309161962
1a276285-8b0e-4cc9-9f0a-a3a002978724,32,150.0,120.08147799846844,119640.23228995057,37131.232289950574,0.2132329076357336,0.06824942973896728
1a276285-8b0e-4cc9-9f0a-a3a002978724,32,150.0,138.99268813214488,100263.23228995057,37131.232289950574,0.2132329076357336,0.08002804691838873
1a276285-8b0e-4cc9-9f0a-a3a002978724,32,150.0,160.88215831625678,83698.23228995057,37131.232289950574,0.2132329076357336,0.09341491656477927
1a276285-8b0e-4cc9-9f0a-a3a002978724,32,150.0,186.21892426376562,71600.23228995057,37131.232289950574,0.2132329076357336,0.1075657385684984
1a276285-8b0e-4cc9-9f0a-a3a002978724,32,150.0,215.54588847438404,61803.232289950574,37131.232289950574,0.2132329076357336,0.12154303946970604
1a276285-8b0e-4cc9-9f0a-a3a002978724,32,150.0,249.49145325533257,55392.232289950574,37131.232289950574,0.2132329076357336,0.13489038121214006
1a276285-8b0e-4cc9-9f0a-a3a002978724,32,150.0,288.7829857856707,52568.232289950574,37131.232289950574,0.2132329076357336,0.14211277801743286
1a276285-8b0e-4cc9-9f0a-a3a002978724,32,150.0,334.2624037463071,50930.232289950574,37131.232289950574,0.2132329076357336,0.14752867954354823
1a276285-8b0e-4cc9-9f0a-a3a002978724,32,150.0,386.9042154761296,49947.232289950574,37131.232289950574,0.2132329076357336,0.15173620908939728
1a276285-8b0e-4cc9-9f0a-a3a002978724,32,150.0,447.8364012089508,49221.232289950574,37131.232289950574,0.2132329076357336,0.15574886671429064
1a276285-8b0e-4cc9-9f0a-a3a002978724,32,150.0,518.3645828231037,48719.232289950574,37131.232289950574,0.2132329076357336,0.1591747423743897
1a276285-8b0e-4cc9-9f0a-a3a002978724,32,150.0,599.9999999999997,48422.232289950574,37131.232289950574,0.2132329076357336,0.1621185888911812
1e104bf4-7a24-4624-a5b2-c2c8289c0de7,32,150.0,2.0,3356769.2919254657,36904.29192546584,0.3815347500752587,0.0014321300393103577
1e104bf4-7a24-4624-a5b2-c2c8289c0de7,32,150.0,2.3149729741653853,3214200.2919254657,36904.29192546584,0.3815347500752587,0.0014916109415582636
1e104bf4-7a24-4624-a5b2-c2c8289c0de7,32,150.0,2.6795499355580645,3058853.2919254657,36904.29192546584,0.3815347500752587,0.0015774470111271197
1e104bf4-7a24-4624-a5b2-c2c8289c0de7,32,150.0,3.1015428418717597,2892692.2919254657,36904.29192546584,0.3815347500752587,0.00170059955582291
1e104bf4-7a24-4624-a5b2-c2c8289c0de7,32,150.0,3.5899939285746147,2716350.2919254657,36904.29192546584,0.3815347500752587,0.0018742925257478535
1e104bf4-7a24-4624-a5b2-c2c8289c0de7,32,150.0,4.1553694610340255,2531093.2919254657,36904.29192546584,0.3815347500752587,0.0021135341264902755
1e104bf4-7a24-4624-a5b2-c2c8289c0de7,32,150.0,4.809783999982975,2344126.2919254657,36904.29192546584,0.3815347500752587,0.0024388086084724723
1e104bf4-7a24-4624-a5b2-c2c8289c0de7,32,150.0,5.567259985766836,2151922.2919254657,36904.29192546584,0.3815347500752587,0.0028802842964858973
1e104bf4-7a24-4624-a5b2-c2c8289c0de7,32,150.0,6.444028203601297,1961919.291925466,36904.29192546584,0.3815347500752587,0.003457564558781385
1e104bf4-7a24-4624-a5b2-c2c8289c0de7,32,150.0,7.458875568048258,1772763.291925466,36904.29192546584,0.3815347500752587,0.004216007906409507
1e104bf4-7a24-4624-a5b2-c2c8289c0de7,32,150.0,8.633547678847101,1591792.291925466,36904.29192546584,0.3815347500752587,0.00519676806327658
1e104bf4-7a24-4624-a5b2-c2c8289c0de7,32,150.0,9.993214773849669,1418026.291925466,36904.29192546584,0.3815347500752587,0.0064479676808315255
1e104bf4-7a24-4624-a5b2-c2c8289c0de7,32,150.0,11.567011063246117,1255556.291925466,36904.29192546584,0.3815347500752587,0.008035716807558001
1e104bf4-7a24-4624-a5b2-c2c8289c0de7,32,150.0,13.388659001643386,1101239.291925466,36904.29192546584,0.3815347500752587,0.010022029392450517
1e104bf4-7a24-4624-a5b2-c2c8289c0de7,32,150.0,15.497191874560272,957858.2919254658,36904.29192546584,0.3815347500752587,0.012513305650833128
1e104bf4-7a24-4624-a5b2-c2c8289c0de7,32,150.0,17.937790182531224,823110.2919254658,36904.29192546584,0.3815347500752587,0.015597132772850058
1e104bf4-7a24-4624-a5b2-c2c8289c0de7,32,150.0,20.762749744404477,701111.2919254658,36904.29192546584,0.3815347500752587,0.0193323835249012
1e104bf4-7a24-4624-a5b2-c2c8289c0de7,32,150.0,24.03260226382781,593353.2919254658,36904.29192546584,0.3815347500752587,0.02373330093226739
1e104bf4-7a24-4624-a5b2-c2c8289c0de7,32,150.0,27.81741236981361,496637.29192546586,36904.29192546584,0.3815347500752587,0.028907472805944644
1e104bf4-7a24-4624-a5b2-c2c8289c0de7,32,150.0,32.19827892366621,411766.29192546586,36904.29192546584,0.3815347500752587,0.03492709787058511
1e104bf4-7a24-4624-a5b2-c2c8289c0de7,32,150.0,37.26907276146309,338485.29192546586,36904.29192546584,0.3815347500752587,0.04176501066706301
1e104bf4-7a24-4624-a5b2-c2c8289c0de7,32,150.0,43.13844810749518,279558.29192546586,36904.29192546584,0.3815347500752587,0.049343577329267994
1e104bf4-7a24-4624-a5b2-c2c8289c0de7,32,150.0,49.93217075814364,229921.29192546583,36904.29192546584,0.3815347500752587,0.05771863089803048
1e104bf4-7a24-4624-a5b2-c2c8289c0de7,32,150.0,57.795812923256825,191209.29192546583,36904.29192546584,0.3815347500752587,0.06662396726068082
1e104bf4-7a24-4624-a5b2-c2c8289c0de7,32,150.0,66.89787246862902,160178.29192546583,36904.29192546584,0.3815347500752587,0.07609434271821137
1e104bf4-7a24-4624-a5b2-c2c8289c0de7,32,150.0,77.43338339701937,135288.29192546583,36904.29192546584,0.3815347500752587,0.08596332811909795
1e104bf4-7a24-4624-a5b2-c2c8289c0de7,32,150.0,89.62809493114324,115692.29192546583,36904.29192546584,0.3815347500752587,0.0964840274189057
1e104bf4-7a24-4624-a5b2-c2c8289c0de7,32,150.0,103.74330874576306,100408.29192546583,36904.29192546584,0.3815347500752587,0.10755953550200333
1e104bf4-7a24-4624-a5b2-c2c8289c0de7,32,150.0,120.08147799846844,87873.29192546583,36904.29192546584,0.3815347500752587,0.11931697484165099
1e104bf4-7a24-4624-a5b2-c2c8289c0de7,32,150.0,138.99268813214488,77572.29192546583,36904.29192546584,0.3815347500752587,0.13234172818935733
1e104bf4-7a24-4624-a5b2-c2c8289c0de7,32,150.0,160.88215831625678,68730.29192546583,36904.29192546584,0.3815347500752587,0.14684400703227457
1e104bf4-7a24-4624-a5b2-c2c8289c0de7,32,150.0,186.21892426376562,62520.29192546584,36904.29192546584,0.3815347500752587,0.16119087408924143
1e104bf4-7a24-4624-a5b2-c2c8289c0de7,32,150.0,215.54588847438404,57477.29192546584,36904.29192546584,0.3815347500752587,0.17809020844102771
1e104bf4-7a24-4624-a5b2-c2c8289c0de7,32,150.0,249.49145325533257,52985.29192546584,36904.29192546584,0.3815347500752587,0.1966649305452281
1e104bf4-7a24-4624-a5b2-c2c8289c0de7,32,150.0,288.7829857856707,49760.29192546584,36904.29192546584,0.3815347500752587,0.21488766815667115
1e104bf4-7a24-4624-a5b2-c2c8289c0de7,32,150.0,334.2624037463071,48507.29192546584,36904.29192546584,0.3815347500752587,0.22393823602656843
1e104bf4-7a24-4624-a5b2-c2c8289c0de7,32,150.0,386.9042154761296,48170.29192546584,36904.29192546584,0.3815347500752587,0.22630156562772455
1e104bf4-7a24-4624-a5b2-c2c8289c0de7,32,150.0,447.8364012089508,47971.29192546584,36904.29192546584,0.3815347500752587,0.22816217820776952
1e104bf4-7a24-4624-a5b2-c2c8289c0de7,32,150.0,518.3645828231037,47824.29192546584,36904.29192546584,0.3815347500752587,0.22948476572858043
1e104bf4-7a24-4624-a5b2-c2c8289c0de7,32,150.0,599.9999999999997,47714.29192546584,36904.29192546584,0.3815347500752587,0.23050609667183397
6638cfb3-3831-4fc2-9327-194b76cf22e1,32,150.0,2.0,2811632.6095238095,32424.609523809522,1.0724413988312285,0.0046130717275869775
6638cfb3-3831-4fc2-9327-194b76cf22e1,32,150.0,2.3149729741653853,2677104.6095238095,32424.609523809522,1.0724413988312285,0.0047964489571587065
6638cfb3-3831-4fc2-9327-194b76cf22e1,32,150.0,2.6795499355580645,2530175.6095238095,32424.609523809522,1.0724413988312285,0.005062512715938023
6638cfb3-3831-4fc2-9327-194b76cf22e1,32,150.0,3.1015428418717597,2371386.6095238095,32424.609523809522,1.0724413988312285,0.005444145571299727
6638cfb3-3831-4fc2-9327-194b76cf22e1,32,150.0,3.5899939285746147,2202577.6095238095,32424.609523809522,1.0724413988312285,0.005982375517537469
6638cfb3-3831-4fc2-9327-194b76cf22e1,32,150.0,4.1553694610340255,2023473.6095238095,32424.609523809522,1.0724413988312285,0.006734462860586583
6638cfb3-3831-4fc2-9327-194b76cf22e1,32,150.0,4.809783999982975,1843151.6095238095,32424.609523809522,1.0724413988312285,0.00774531804145566
6638cfb3-3831-4fc2-9327-194b76cf22e1,32,150.0,5.567259985766836,1659358.6095238095,32424.609523809522,1.0724413988312285,0.009106688628020262
6638cfb3-3831-4fc2-9327-194b76cf22e1,32,150.0,6.444028203601297,1479822.6095238095,32424.609523809522,1.0724413988312285,0.010877630764532575
6638cfb3-3831-4fc2-9327-194b76cf22e1,32,150.0,7.458875568048258,1308689.6095238095,32424.609523809522,1.0724413988312285,0.013132643219130751
6638cfb3-3831-4fc2-9327-194b76cf22e1,32,150.0,8.633547678847101,1145723.6095238095,32424.609523809522,1.0724413988312285,0.015948192809794353
6638cfb3-3831-4fc2-9327-194b76cf22e1,32,150.0,9.993214773849669,997244.6095238095,32424.609523809522,1.0724413988312285,0.019393680579725556
6638cfb3-3831-4fc2-9327-194b76cf22e1,32,150.0,11.567011063246117,864621.6095238095,32424.609523809522,1.0724413988312285,0.023535077267951784
6638cfb3-3831-4fc2-9327-194b76cf22e1,32,150.0,13.388659001643386,745725.6095238095,32424.609523809522,1.0724413988312285,0.028449630512700774
6638cfb3-3831-4fc2-9327-194b76cf22e1,32,150.0,15.497191874560272,638538.6095238095,32424.609523809522,1.0724413988312285,0.03431045551067041
6638cfb3-3831-4fc2-9327-194b76cf22e1,32,150.0,17.937790182531224,542499.6095238095,32424.609523809522,1.0724413988312285,0.04126374898653281
6638cfb3-3831-4fc2-9327-194b76cf22e1,32,150.0,20.762749744404477,460925.6095238095,32424.609523809522,1.0724413988312285,0.04935899622003115
6638cfb3-3831-4fc2-9327-194b76cf22e1,32,150.0,24.03260226382781,387137.6095238095,32424.609523809522,1.0724413988312285,0.05904319342678415
6638cfb3-3831-4fc2-9327-194b76cf22e1,32,150.0,27.81741236981361,324996.6095238095,32424.609523809522,1.0724413988312285,0.07007491720215289
6638cfb3-3831-4fc2-9327-194b76cf22e1,32,150.0,32.19827892366621,269380.6095238095,32424.609523809522,1.0724413988312285,0.08293473817786891
6638cfb3-3831-4fc2-9327-194b76cf22e1,32,150.0,37.26907276146309,220895.60952380951,32424.609523809522,1.0724413988312285,0.09759509323633248
6638cfb3-3831-4fc2-9327-194b76cf22e1,32,150.0,43.13844810749518,181994.60952380951,32424.609523809522,1.0724413988312285,0.1139570655192649
6638cfb3-3831-4fc2-9327-194b76cf22e1,32,150.0,49.93217075814364,150597.60952380951,32424.609523809522,1.0724413988312285,0.1318446335078597
6638cfb3-3831-4fc2-9327-194b76cf22e1,32,150.0,57.795812923256825,124943.60952380951,32424.609523809522,1.0724413988312285,0.15047371925534606
6638cfb3-3831-4fc2-9327-194b76cf22e1,32,150.0,66.89787246862902,104060.60952380951,32424.609523809522,1.0724413988312285,0.17006673935109215
6638cfb3-3831-4fc2-9327-194b76cf22e1,32,150.0,77.43338339701937,88851.60952380951,32424.609523809522,1.0724413988312285,0.19013505505130027
6638cfb3-3831-4fc2-9327-194b76cf22e1,32,150.0,89.62809493114324,77569.60952380951,32424.609523809522,1.0724413988312285,0.20857425092803883
6638cfb3-3831-4fc2-9327-194b76cf22e1,32,150.0,103.74330874576306,70152.60952380951,32424.609523809522,1.0724413988312285,0.2270014441069846
6638cfb3-3831-4fc2-9327-194b76cf22e1,32,150.0,120.08147799846844,63793.60952380952,32424.609523809522,1.0724413988312285,0.24571995310375
6638cfb3-3831-4fc2-9327-194b76cf22e1,32,150.0,138.99268813214488,58574.60952380952,32424.609523809522,1.0724413988312285,0.2661683756571792
6638cfb3-3831-4fc2-9327-194b76cf22e1,32,150.0,160.88215831625678,54520.60952380952,32424.609523809522,1.0724413988312285,0.28747334362893173
6638cfb3-3831-4fc2-9327-194b76cf22e1,32,150.0,186.21892426376562,51928.60952380952,32424.609523809522,1.0724413988312285,0.3116815059830094
6638cfb3-3831-4fc2-9327-194b76cf22e1,32,150.0,215.54588847438404,49248.60952380952,32424.609523809522,1.0724413988312285,0.34032876203196366
6638cfb3-3831-4fc2-9327-194b76cf22e1,32,150.0,249.49145325533257,46805.60952380952,32424.609523809522,1.0724413988312285,0.37403113225863416
6638cfb3-3831-4fc2-9327-194b76cf22e1,32,150.0,288.7829857856707,44710.60952380952,32424.609523809522,1.0724413988312285,0.41196736085777774
6638cfb3-3831-4fc2-9327-194b76cf22e1,32,150.0,334.2624037463071,43666.60952380952,32424.609523809522,1.0724413988312285,0.4354593431589123
6638cfb3-3831-4fc2-9327-194b76cf22e1,32,150.0,386.9042154761296,43286.60952380952,32424.609523809522,1.0724413988312285,0.444531933685069
6638cfb3-3831-4fc2-9327-194b76cf22e1,32,150.0,447.8364012089508,43140.60952380952,32424.609523809522,1.0724413988312285,0.4473814403348438
6638cfb3-3831-4fc2-9327-194b76cf22e1,32,150.0,518.3645828231037,43085.60952380952,32424.609523809522,1.0724413988312285,0.4480875673466394
6638cfb3-3831-4fc2-9327-194b76cf22e1,32,150.0,599.9999999999997,43063.60952380952,32424.609523809522,1.0724413988312285,0.44808756452743687
749cb2b7-e57e-4453-a794-f6230e4d0226,32,150.0,2.0,3198006.748180495,36046.748180494906,0.07777137462104397,0.0002526630335191173
749cb2b7-e57e-4453-a794-f6230e4d0226,32,150.0,2.3149729741653853,3048379.748180495,36046.748180494906,0.07777137462104397,0.0002614827658932992
749cb2b7-e57e-4453-a794-f6230e4d0226,32,150.0,2.6795499355580645,2885020.748180495,36046.748180494906,0.07777137462104397,0.00027424807101939885
749cb2b7-e57e-4453-a794-f6230e4d0226,32,150.0,3.1015428418717597,2713060.748180495,36046.748180494906,0.07777137462104397,0.00029226777796474457
749cb2b7-e57e-4453-a794-f6230e4d0226,32,150.0,3.5899939285746147,2531369.748180495,36046.748180494906,0.07777137462104397,0.00031734733125921667
749cb2b7-e57e-4453-a794-f6230e4d0226,32,150.0,4.1553694610340255,2345850.748180495,36046.748180494906,0.07777137462104397,0.0003512639444734195
749cb2b7-e57e-4453-a794-f6230e4d0226,32,150.0,4.809783999982975,2156606.748180495,36046.748180494906,0.07777137462104397,0.000396646738727301
749cb2b7-e57e-4453-a794-f6230e4d0226,32,150.0,5.567259985766836,1968757.7481804949,36046.748180494906,0.07777137462104397,0.0004564299134101751
749cb2b7-e57e-4453-a794-f6230e4d0226,32,150.0,6.444028203601297,1787285.7481804949,36046.748180494906,0.07777137462104397,0.0005333726313656751
749cb2b7-e57e-4453-a794-f6230e4d0226,32,150.0,7.458875568048258,1613108.7481804949,36046.748180494906,0.07777137462104397,0.0006308506011425669
749cb2b7-e57e-4453-a794-f6230e4d0226,32,150.0,8.633547678847101,1447326.7481804949,36046.748180494906,0.07777137462104397,0.0007541169705170128
749cb2b7-e57e-4453-a794-f6230e4d0226,32,150.0,9.993214773849669,1291668.7481804949,36046.748180494906,0.07777137462104397,0.0009091314532686283
749cb2b7-e57e-4453-a794-f6230e4d0226,32,150.0,11.567011063246117,1148972.7481804949,36046.748180494906,0.07777137462104397,0.0010995279260317616
749cb2b7-e57e-4453-a794-f6230e4d0226,32,150.0,13.388659001643386,1019097.7481804949,36046.748180494906,0.07777137462104397,0.0013339276269963899
749cb2b7-e57e-4453-a794-f6230e4d0226,32,150.0,15.497191874560272,900732.7481804949,36046.748180494906,0.07777137462104397,0.0016211021348764168
749cb2b7-e57e-4453-a794-f6230e4d0226,32,150.0,17.937790182531224,794158.7481804949,36046.748180494906,0.07777137462104397,0.0019674387802799723
749cb2b7-e57e-4453-a794-f6230e4d0226,32,150.0,20.762749744404477,694046.7481804949,36046.748180494906,0.07777137462104397,0.0023957082612494013
749cb2b7-e57e-4453-a794-f6230e4d0226,32,150.0,24.03260226382781,605285.7481804949,36046.748180494906,0.07777137462104397,0.0029054129376531257
749cb2b7-e57e-4453-a794-f6230e4d0226,32,150.0,27.81741236981361,525751.7481804949,36046.748180494906,0.07777137462104397,0.0035183946269595327
749cb2b7-e57e-4453-a794-f6230e4d0226,32,150.0,32.19827892366621,453777.7481804949,36046.748180494906,0.07777137462104397,0.004244313765798889
749cb2b7-e57e-4453-a794-f6230e4d0226,32,150.0,37.26907276146309,391112.7481804949,36046.748180494906,0.07777137462104397,0.005080910719996914
749cb2b7-e57e-4453-a794-f6230e4d0226,32,150.0,43.13844810749518,334851.7481804949,36046.748180494906,0.07777137462104397,0.006075316774216539
749cb2b7-e57e-4453-a794-f6230e4d0226,32,150.0,49.93217075814364,287488.7481804949,36046.748180494906,0.07777137462104397,0.007217130243239828
749cb2b7-e57e-4453-a794-f6230e4d0226,32,150.0,57.795812923256825,246865.7481804949,36046.748180494906,0.07777137462104397,0.008571475238675543
749cb2b7-e57e-4453-a794-f6230e4d0226,32,150.0,66.89787246862902,212813.7481804949,36046.748180494906,0.07777137462104397,0.01010626945134725
749cb2b7-e57e-4453-a794-f6230e4d0226,32,150.0,77.43338339701937,182046.7481804949,36046.748180494906,0.07777137462104397,0.011885824874331416
749cb2b7-e57e-4453-a794-f6230e4d0226,32,150.0,89.62809493114324,156802.7481804949,36046.748180494906,0.07777137462104397,0.013891636952600296
749cb2b7-e57e-4453-a794-f6230e4d0226,32,150.0,103.74330874576306,134525.7481804949,36046.748180494906,0.07777137462104397,0.016223710859199096
749cb2b7-e57e-4453-a794-f6230e4d0226,32,150.0,120.08147799846844,115467.7481804949,36046.748180494906,0.07777137462104397,0.018829949122218265
749cb2b7-e57e-4453-a794-f6230e4d0226,32,150.0,138.99268813214488,99834.7481804949,36046.748180494906,0.07777137462104397,0.021744791496032374
749cb2b7-e57e-4453-a794-f6230e4d0226,32,150.0,160.88215831625678,86383.7481804949,36046.748180494906,0.07777137462104397,0.024930588443751928
749cb2b7-e57e-4453-a794-f6230e4d0226,32,150.0,186.21892426376562,75372.7481804949,36046.748180494906,0.07777137462104397,0.0284801998275951
749cb2b7-e57e-4453-a794-f6230e4d0226,32,150.0,215.54588847438404,66536.7481804949,36046.748180494906,0.07777137462104397,0.03237014023942285
749cb2b7-e57e-4453-a794-f6230e4d0226,32,150.0,249.49145325533257,59093.748180494906,36046.748180494906,0.07777137462104397,0.03645183187155201
749cb2b7-e57e-4453-a794-f6230e4d0226,32,150.0,288.7829857856707,53951.748180494906,36046.748180494906,0.07777137462104397,0.0408829343907569
749cb2b7-e57e-4453-a794-f6230e4d0226,32,150.0,334.2624037463071,49956.748180494906,36046.748180494906,0.07777137462104397,0.0449270809573916
749cb2b7-e57e-4453-a794-f6230e4d0226,32,150.0,386.9042154761296,48501.748180494906,36046.748180494906,0.07777137462104397,0.04674614710328158
749cb2b7-e57e-4453-a794-f6230e4d0226,32,150.0,447.8364012089508,47868.748180494906,36046.748180494906,0.07777137462104397,0.04775501308841686
749cb2b7-e57e-4453-a794-f6230e4d0226,32,150.0,518.3645828231037,47506.748180494906,36046.748180494906,0.07777137462104397,0.04851976744610293
749cb2b7-e57e-4453-a794-f6230e4d0226,32,150.0,599.9999999999997,47232.748180494906,36046.748180494906,0.07777137462104397,0.04917827580276187
d7ec0892-0a6c-4f4f-9d8f-72083692af5c,32,150.0,2.0,4802270.599647266,50226.59964726632,0.021733636411931396,0.000221729468624983
d7ec0892-0a6c-4f4f-9d8f-72083692af5c,32,150.0,2.3149729741653853,4624594.599647266,50226.59964726632,0.021733636411931396,0.00022809864395020052
d7ec0892-0a6c-4f4f-9d8f-72083692af5c,32,150.0,2.6795499355580645,4421164.599647266,50226.59964726632,0.021733636411931396,0.00023773591048612368
d7ec0892-0a6c-4f4f-9d8f-72083692af5c,32,150.0,3.1015428418717597,4196186.599647266,50226.59964726632,0.021733636411931396,0.0002520161026142594
d7ec0892-0a6c-4f4f-9d8f-72083692af5c,32,150.0,3.5899939285746147,3946347.5996472663,50226.59964726632,0.021733636411931396,0.0002729760482820017
d7ec0892-0a6c-4f4f-9d8f-72083692af5c,32,150.0,4.1553694610340255,3676454.5996472663,50226.59964726632,0.021733636411931396,0.00030290412062561095
d7ec0892-0a6c-4f4f-9d8f-72083692af5c,32,150.0,4.809783999982975,3389561.5996472663,50226.59964726632,0.021733636411931396,0.0003451465174887852
d7ec0892-0a6c-4f4f-9d8f-72083692af5c,32,150.0,5.567259985766836,3088017.5996472663,50226.59964726632,0.021733636411931396,0.00040369669874049666
d7ec0892-0a6c-4f4f-9d8f-72083692af5c,32,150.0,6.444028203601297,2780630.5996472663,50226.59964726632,0.021733636411931396,0.00048284487449836317
d7ec0892-0a6c-4f4f-9d8f-72083692af5c,32,150.0,7.458875568048258,2477044.5996472663,50226.59964726632,0.021733636411931396,0.0005871567186493021
d7ec0892-0a6c-4f4f-9d8f-72083692af5c,32,150.0,8.633547678847101,2179497.5996472663,50226.59964726632,0.021733636411931396,0.0007216818716429623
d7ec0892-0a6c-4f4f-9d8f-72083692af5c,32,150.0,9.993214773849669,1895619.5996472663,50226.59964726632,0.021733636411931396,0.0008918573328030109
d7ec0892-0a6c-4f4f-9d8f-72083692af5c,32,150.0,11.567011063246117,1631812.5996472663,50226.59964726632,0.021733636411931396,0.0011025447940725896
d7ec0892-0a6c-4f4f-9d8f-72083692af5c,32,150.0,13.388659001643386,1389248.5996472663,50226.59964726632,0.021733636411931396,0.001361250027710239
d7ec0892-0a6c-4f4f-9d8f-72083692af5c,32,150.0,15.497191874560272,1170006.5996472663,50226.59964726632,0.021733636411931396,0.0016689435060229397
d7ec0892-0a6c-4f4f-9d8f-72083692af5c,32,150.0,17.937790182531224,975509.5996472663,50226.59964726632,0.021733636411931396,0.002035910066336787
d7ec0892-0a6c-4f4f-9d8f-72083692af5c,32,150.0,20.762749744404477,803189.5996472663,50226.59964726632,0.021733636411931396,0.0024604649631228214
d7ec0892-0a6c-4f4f-9d8f-72083692af5c,32,150.0,24.03260226382781,657384.5996472663,50226.59964726632,0.021733636411931396,0.002945378570138987
d7ec0892-0a6c-4f4f-9d8f-72083692af5c,32,150.0,27.81741236981361,533276.5996472663,50226.59964726632,0.021733636411931396,0.003486750145601875
d7ec0892-0a6c-4f4f-9d8f-72083692af5c,32,150.0,32.19827892366621,430065.5996472663,50226.59964726632,0.021733636411931396,0.004084803347184577
d7ec0892-0a6c-4f4f-9d8f-72083692af5c,32,150.0,37.26907276146309,347868.5996472663,50226.59964726632,0.021733636411931396,0.004722080051013542
d7ec0892-0a6c-4f4f-9d8f-72083692af5c,32,150.0,43.13844810749518,283133.5996472663,50226.59964726632,0.021733636411931396,0.005391105529413319
d7ec0892-0a6c-4f4f-9d8f-72083692af5c,32,150.0,49.93217075814364,231134.59964726632,50226.59964726632,0.021733636411931396,0.00610076575813715
d7ec0892-0a6c-4f4f-9d8f-72083692af5c,32,150.0,57.795812923256825,190612.59964726632,50226.59964726632,0.021733636411931396,0.006841011688378701
d7ec0892-0a6c-4f4f-9d8f-72083692af5c,32,150.0,66.89787246862902,159063.59964726632,50226.59964726632,0.021733636411931396,0.007624705239089904
d7ec0892-0a6c-4f4f-9d8f-72083692af5c,32,150.0,77.43338339701937,134502.59964726632,50226.59964726632,0.021733636411931396,0.008421083457556862
d7ec0892-0a6c-4f4f-9d8f-72083692af5c,32,150.0,89.62809493114324,115343.59964726632,50226.59964726632,0.021733636411931396,0.009254870724278103
d7ec0892-0a6c-4f4f-9d8f-72083692af5c,32,150.0,103.74330874576306,99271.59964726632,50226.59964726632,0.021733636411931396,0.01013847686923206
d7ec0892-0a6c-4f4f-9d8f-72083692af5c,32,150.0,120.08147799846844,87811.59964726632,50226.59964726632,0.021733636411931396,0.01100989642685903
d7ec0892-0a6c-4f4f-9d8f-72083692af5c,32,150.0,138.99268813214488,79203.59964726632,50226.59964726632,0.021733636411931396,0.011848181372938723
d7ec0892-0a6c-4f4f-9d8f-72083692af5c,32,150.0,160.88215831625678,73296.59964726632,50226.59964726632,0.021733636411931396,0.01267010976816952
d7ec0892-0a6c-4f4f-9d8f-72083692af5c,32,150.0,186.21892426376562,68665.59964726632,50226.59964726632,0.021733636411931396,0.01347354457629618
d7ec0892-0a6c-4f4f-9d8f-72083692af5c,32,150.0,215.54588847438404,65585.59964726632,50226.59964726632,0.021733636411931396,0.014175603135369017
d7ec0892-0a6c-4f4f-9d8f-72083692af5c,32,150.0,249.49145325533257,63817.59964726632,50226.59964726632,0.021733636411931396,0.014696666231168113
d7ec0892-0a6c-4f4f-9d8f-72083692af5c,32,150.0,288.7829857856707,62819.59964726632,50226.59964726632,0.021733636411931396,0.015066555964787882
d7ec0892-0a6c-4f4f-9d8f-72083692af5c,32,150.0,334.2624037463071,62127.59964726632,50226.59964726632,0.021733636411931396,0.015371468857810407
d7ec0892-0a6c-4f4f-9d8f-72083692af5c,32,150.0,386.9042154761296,61786.59964726632,50226.59964726632,0.021733636411931396,0.01556651764415415
d7ec0892-0a6c-4f4f-9d8f-72083692af5c,32,150.0,447.8364012089508,61604.59964726632,50226.59964726632,0.021733636411931396,0.01567797659019481
d7ec0892-0a6c-4f4f-9d8f-72083692af5c,32,150.0,518.3645828231037,61510.59964726632,50226.59964726632,0.021733636411931396,0.015754256019168113
d7ec0892-0a6c-4f4f-9d8f-72083692af5c,32,150.0,599.9999999999997,61470.59964726632,50226.59964726632,0.021733636411931396,0.015795255739011353
da8dfec1-d265-44e8-84ce-6ae9c109b8bd,32,150.0,2.0,4266312.0,46525.0,0.010072155320928967,0.00015801681868830503
da8dfec1-d265-44e8-84ce-6ae9c109b8bd,32,150.0,2.3149729741653853,4078044.0,46525.0,0.010072155320928967,0.0001621205922476888
da8dfec1-d265-44e8-84ce-6ae9c109b8bd,32,150.0,2.6795499355580645,3866227.0,46525.0,0.010072155320928967,0.00016818154931223965
da8dfec1-d265-44e8-84ce-6ae9c109b8bd,32,150.0,3.1015428418717597,3630809.0,46525.0,0.010072155320928967,0.00017716643302447677
da8dfec1-d265-44e8-84ce-6ae9c109b8bd,32,150.0,3.5899939285746147,3376008.0,46525.0,0.010072155320928967,0.0001901576013601955
da8dfec1-d265-44e8-84ce-6ae9c109b8bd,32,150.0,4.1553694610340255,3106641.0,46525.0,0.010072155320928967,0.0002085177943184809
da8dfec1-d265-44e8-84ce-6ae9c109b8bd,32,150.0,4.809783999982975,2821485.0,46525.0,0.010072155320928967,0.000234019247012984
da8dfec1-d265-44e8-84ce-6ae9c109b8bd,32,150.0,5.567259985766836,2525730.0,46525.0,0.010072155320928967,0.0002686724760495394
da8dfec1-d265-44e8-84ce-6ae9c109b8bd,32,150.0,6.444028203601297,2233118.0,46525.0,0.010072155320928967,0.00031472236372412864
da8dfec1-d265-44e8-84ce-6ae9c109b8bd,32,150.0,7.458875568048258,1952947.0,46525.0,0.010072155320928967,0.00037304545474634086
da8dfec1-d265-44e8-84ce-6ae9c109b8bd,32,150.0,8.633547678847101,1687663.0,46525.0,0.010072155320928967,0.00044650614208905054
da8dfec1-d265-44e8-84ce-6ae9c109b8bd,32,150.0,9.993214773849669,1441619.0,46525.0,0.010072155320928967,0.0005368709864366696
da8dfec1-d265-44e8-84ce-6ae9c109b8bd,32,150.0,11.567011063246117,1217417.0,46525.0,0.010072155320928967,0.0006454122380610615
da8dfec1-d265-44e8-84ce-6ae9c109b8bd,32,150.0,13.388659001643386,1018796.0,46525.0,0.010072155320928967,0.0007726311621444465
da8dfec1-d265-44e8-84ce-6ae9c109b8bd,32,150.0,15.497191874560272,849482.0,46525.0,0.010072155320928967,0.0009209873578232844
da8dfec1-d265-44e8-84ce-6ae9c109b8bd,32,150.0,17.937790182531224,704157.0,46525.0,0.010072155320928967,0.001089149018703339
da8dfec1-d265-44e8-84ce-6ae9c109b8bd,32,150.0,20.762749744404477,578929.0,46525.0,0.010072155320928967,0.0012794415265487639
da8dfec1-d265-44e8-84ce-6ae9c109b8bd,32,150.0,24.03260226382781,474753.0,46525.0,0.010072155320928967,0.001490010871845095
da8dfec1-d265-44e8-84ce-6ae9c109b8bd,32,150.0,27.81741236981361,390798.0,46525.0,0.010072155320928967,0.0017219083776303836
da8dfec1-d265-44e8-84ce-6ae9c109b8bd,32,150.0,32.19827892366621,321729.0,46525.0,0.010072155320928967,0.0019764942190001796
da8dfec1-d265-44e8-84ce-6ae9c109b8bd,32,150.0,37.26907276146309,267180.0,46525.0,0.010072155320928967,0.0022461962062155743
da8dfec1-d265-44e8-84ce-6ae9c109b8bd,32,150.0,43.13844810749518,220046.0,46525.0,0.010072155320928967,0.0025516911679199427
da8dfec1-d265-44e8-84ce-6ae9c109b8bd,32,150.0,49.93217075814364,182121.0,46525.0,0.010072155320928967,0.002876984042903952
da8dfec1-d265-44e8-84ce-6ae9c109b8bd,32,150.0,57.795812923256825,152849.0,46525.0,0.010072155320928967,0.003225455450608715
da8dfec1-d265-44e8-84ce-6ae9c109b8bd,32,150.0,66.89787246862902,129505.0,46525.0,0.010072155320928967,0.003588605835090426
da8dfec1-d265-44e8-84ce-6ae9c109b8bd,32,150.0,77.43338339701937,110341.0,46525.0,0.010072155320928967,0.003985929217113274
da8dfec1-d265-44e8-84ce-6ae9c109b8bd,32,150.0,89.62809493114324,95781.0,46525.0,0.010072155320928967,0.0043718452644554776
da8dfec1-d265-44e8-84ce-6ae9c109b8bd,32,150.0,103.74330874576306,84797.0,46525.0,0.010072155320928967,0.004782660091763918
da8dfec1-d265-44e8-84ce-6ae9c109b8bd,32,150.0,120.08147799846844,75795.0,46525.0,0.010072155320928967,0.00522164566160218
da8dfec1-d265-44e8-84ce-6ae9c109b8bd,32,150.0,138.99268813214488,69164.0,46525.0,0.010072155320928967,0.005667439221148001
da8dfec1-d265-44e8-84ce-6ae9c109b8bd,32,150.0,160.88215831625678,64002.0,46525.0,0.010072155320928967,0.006135384772802248
da8dfec1-d265-44e8-84ce-6ae9c109b8bd,32,150.0,186.21892426376562,60529.0,46525.0,0.010072155320928967,0.006531906096386816
da8dfec1-d265-44e8-84ce-6ae9c109b8bd,32,150.0,215.54588847438404,58875.0,46525.0,0.010072155320928967,0.006763851665215871
da8dfec1-d265-44e8-84ce-6ae9c109b8bd,32,150.0,249.49145325533257,58106.0,46525.0,0.010072155320928967,0.006896913938405856
da8dfec1-d265-44e8-84ce-6ae9c109b8bd,32,150.0,288.7829857856707,57722.0,46525.0,0.010072155320928967,0.0069739649313875765
da8dfec1-d265-44e8-84ce-6ae9c109b8bd,32,150.0,334.2624037463071,57477.0,46525.0,0.010072155320928967,0.00702769703902764
da8dfec1-d265-44e8-84ce-6ae9c109b8bd,32,150.0,386.9042154761296,57385.0,46525.0,0.010072155320928967,0.007046266676689941
da8dfec1-d265-44e8-84ce-6ae9c109b8bd,32,150.0,447.8364012089508,57384.0,46525.0,0.010072155320928967,0.007046266698030171
da8dfec1-d265-44e8-84ce-6ae9c109b8bd,32,150.0,518.3645828231037,57351.0,46525.0,0.010072155320928967,0.007050408153238762
da8dfec1-d265-44e8-84ce-6ae9c109b8bd,32,150.0,599.9999999999997,57351.0,46525.0,0.010072155320928967,0.007050408153238762
dab512bd-a02d-4c1f-8dbc-9155a163efc0,32,150.0,2.0,3046296.5535714286,38853.55357142857,0.3536081111700137,0.001233169026051549
dab512bd-a02d-4c1f-8dbc-9155a163efc0,32,150.0,2.3149729741653853,2867831.5535714286,38853.55357142857,0.3536081111700137,0.0012934224704768728
dab512bd-a02d-4c1f-8dbc-9155a163efc0,32,150.0,2.6795499355580645,2681509.5535714286,38853.55357142857,0.3536081111700137,0.0013770157968447418
dab512bd-a02d-4c1f-8dbc-9155a163efc0,32,150.0,3.1015428418717597,2488313.5535714286,38853.55357142857,0.3536081111700137,0.001492672388970088
dab512bd-a02d-4c1f-8dbc-9155a163efc0,32,150.0,3.5899939285746147,2292948.5535714286,38853.55357142857,0.3536081111700137,0.0016459555122995788
dab512bd-a02d-4c1f-8dbc-9155a163efc0,32,150.0,4.1553694610340255,2097935.5535714286,38853.55357142857,0.3536081111700137,0.0018484736052644065
dab512bd-a02d-4c1f-8dbc-9155a163efc0,32,150.0,4.809783999982975,1908960.5535714286,38853.55357142857,0.3536081111700137,0.002109608627545747
dab512bd-a02d-4c1f-8dbc-9155a163efc0,32,150.0,5.567259985766836,1728355.5535714286,38853.55357142857,0.3536081111700137,0.002439990754205934
dab512bd-a02d-4c1f-8dbc-9155a163efc0,32,150.0,6.444028203601297,1557879.5535714286,38853.55357142857,0.3536081111700137,0.00285330396860391
dab512bd-a02d-4c1f-8dbc-9155a163efc0,32,150.0,7.458875568048258,1400154.5535714286,38853.55357142857,0.3536081111700137,0.0033734543820463235
dab512bd-a02d-4c1f-8dbc-9155a163efc0,32,150.0,8.633547678847101,1254581.5535714286,38853.55357142857,0.3536081111700137,0.0040193214760887545
dab512bd-a02d-4c1f-8dbc-9155a163efc0,32,150.0,9.993214773849669,1117568.5535714286,38853.55357142857,0.3536081111700137,0.004818839265687728
dab512bd-a02d-4c1f-8dbc-9155a163efc0,32,150.0,11.567011063246117,993483.5535714285,38853.55357142857,0.3536081111700137,0.005809802918056255
dab512bd-a02d-4c1f-8dbc-9155a163efc0,32,150.0,13.388659001643386,878267.5535714285,38853.55357142857,0.3536081111700137,0.0070270235966697694
dab512bd-a02d-4c1f-8dbc-9155a163efc0,32,150.0,15.497191874560272,774437.5535714285,38853.55357142857,0.3536081111700137,0.008495035037705101
dab512bd-a02d-4c1f-8dbc-9155a163efc0,32,150.0,17.937790182531224,677465.5535714285,38853.55357142857,0.3536081111700137,0.010296048858808624
dab512bd-a02d-4c1f-8dbc-9155a163efc0,32,150.0,20.762749744404477,591864.5535714285,38853.55357142857,0.3536081111700137,0.01243483190800309
dab512bd-a02d-4c1f-8dbc-9155a163efc0,32,150.0,24.03260226382781,514127.5535714286,38853.55357142857,0.3536081111700137,0.014979912604200977
dab512bd-a02d-4c1f-8dbc-9155a163efc0,32,150.0,27.81741236981361,448097.5535714286,38853.55357142857,0.3536081111700137,0.01796491458844843
dab512bd-a02d-4c1f-8dbc-9155a163efc0,32,150.0,32.19827892366621,388072.5535714286,38853.55357142857,0.3536081111700137,0.02156966490071454
dab512bd-a02d-4c1f-8dbc-9155a163efc0,32,150.0,37.26907276146309,334508.5535714286,38853.55357142857,0.3536081111700137,0.025740817845976767
dab512bd-a02d-4c1f-8dbc-9155a163efc0,32,150.0,43.13844810749518,288274.5535714286,38853.55357142857,0.3536081111700137,0.03070333518214395
dab512bd-a02d-4c1f-8dbc-9155a163efc0,32,150.0,49.93217075814364,248495.55357142858,38853.55357142857,0.3536081111700137,0.03652123976375152
dab512bd-a02d-4c1f-8dbc-9155a163efc0,32,150.0,57.795812923256825,212228.55357142858,38853.55357142857,0.3536081111700137,0.04343898294170339
dab512bd-a02d-4c1f-8dbc-9155a163efc0,32,150.0,66.89787246862902,181448.55357142858,38853.55357142857,0.3536081111700137,0.05136193913668265
dab512bd-a02d-4c1f-8dbc-9155a163efc0,32,150.0,77.43338339701937,154806.55357142858,38853.55357142857,0.3536081111700137,0.06038563857344921
dab512bd-a02d-4c1f-8dbc-9155a163efc0,32,150.0,89.62809493114324,132466.55357142858,38853.55357142857,0.3536081111700137,0.07032253151840255
dab512bd-a02d-4c1f-8dbc-9155a163efc0,32,150.0,103.74330874576306,114461.55357142858,38853.55357142857,0.3536081111700137,0.08110980380384226
dab512bd-a02d-4c1f-8dbc-9155a163efc0,32,150.0,120.08147799846844,99605.55357142858,38853.55357142857,0.3536081111700137,0.09339797084422287
dab512bd-a02d-4c1f-8dbc-9155a163efc0,32,150.0,138.99268813214488,86666.55357142858,38853.55357142857,0.3536081111700137,0.10645863284731327
dab512bd-a02d-4c1f-8dbc-9155a163efc0,32,150.0,160.88215831625678,76474.55357142858,38853.55357142857,0.3536081111700137,0.12085286196060425
dab512bd-a02d-4c1f-8dbc-9155a163efc0,32,150.0,186.21892426376562,68556.55357142858,38853.55357142857,0.3536081111700137,0.13598571301060813
dab512bd-a02d-4c1f-8dbc-9155a163efc0,32,150.0,215.54588847438404,62116.55357142857,38853.55357142857,0.3536081111700137,0.15154211492535344
dab512bd-a02d-4c1f-8dbc-9155a163efc0,32,150.0,249.49145325533257,57814.55357142857,38853.55357142857,0.3536081111700137,0.16837137850822373
dab512bd-a02d-4c1f-8dbc-9155a163efc0,32,150.0,288.7829857856707,53687.55357142857,38853.55357142857,0.3536081111700137,0.1867611571830789
dab512bd-a02d-4c1f-8dbc-9155a163efc0,32,150.0,334.2624037463071,51130.55357142857,38853.55357142857,0.3536081111700137,0.20172611798616652
dab512bd-a02d-4c1f-8dbc-9155a163efc0,32,150.0,386.9042154761296,50415.55357142857,38853.55357142857,0.3536081111700137,0.20621604778504937
dab512bd-a02d-4c1f-8dbc-9155a163efc0,32,150.0,447.8364012089508,50146.55357142857,38853.55357142857,0.3536081111700137,0.20846154378696743
dab512bd-a02d-4c1f-8dbc-9155a163efc0,32,150.0,518.3645828231037,49889.55357142857,38853.55357142857,0.3536081111700137,0.21070172226356515
dab512bd-a02d-4c1f-8dbc-9155a163efc0,32,150.0,599.9999999999997,49811.55357142857,38853.55357142857,0.3536081111700137,0.21106356629814904
dc7e9403-19f7-409f-9240-05ee57cb7aea,32,150.0,2.0,4506386.481848185,48003.48184818482,0.034939112495703,0.00023355995669930592
dc7e9403-19f7-409f-9240-05ee57cb7aea,32,150.0,2.3149729741653853,4325381.481848185,48003.48184818482,0.034939112495703,0.000240016486274594
dc7e9403-19f7-409f-9240-05ee57cb7aea,32,150.0,2.6795499355580645,4121922.481848185,48003.48184818482,0.034939112495703,0.0002495543020233649
dc7e9403-19f7-409f-9240-05ee57cb7aea,32,150.0,3.1015428418717597,3896984.481848185,48003.48184818482,0.034939112495703,0.00026360401987152865
dc7e9403-19f7-409f-9240-05ee57cb7aea,32,150.0,3.5899939285746147,3651895.481848185,48003.48184818482,0.034939112495703,0.0002838103247708778
dc7e9403-19f7-409f-9240-05ee57cb7aea,32,150.0,4.1553694610340255,3391038.481848185,48003.48184818482,0.034939112495703,0.00031228999293348895
dc7e9403-19f7-409f-9240-05ee57cb7aea,32,150.0,4.809783999982975,3114024.481848185,48003.48184818482,0.034939112495703,0.0003520851342901669
dc7e9403-19f7-409f-9240-05ee57cb7aea,32,150.0,5.567259985766836,2830270.481848185,48003.48184818482,0.034939112495703,0.0004058312533268543
dc7e9403-19f7-409f-9240-05ee57cb7aea,32,150.0,6.444028203601297,2546005.481848185,48003.48184818482,0.034939112495703,0.0004767258824339316
dc7e9403-19f7-409f-9240-05ee57cb7aea,32,150.0,7.458875568048258,2271115.481848185,48003.48184818482,0.034939112495703,0.0005676236411501481
dc7e9403-19f7-409f-9240-05ee57cb7aea,32,150.0,8.633547678847101,2008014.4818481847,48003.48184818482,0.034939112495703,0.0006824514365368654
dc7e9403-19f7-409f-9240-05ee57cb7aea,32,150.0,9.993214773849669,1762263.4818481847,48003.48184818482,0.034939112495703,0.0008261977698793891
dc7e9403-19f7-409f-9240-05ee57cb7aea,32,150.0,11.567011063246117,1535033.4818481847,48003.48184818482,0.034939112495703,0.0010028385298494014
dc7e9403-19f7-409f-9240-05ee57cb7aea,32,150.0,13.388659001643386,1327590.4818481847,48003.48184818482,0.034939112495703,0.0012165829847666447
dc7e9403-19f7-409f-9240-05ee57cb7aea,32,150.0,15.497191874560272,1140843.4818481847,48003.48184818482,0.034939112495703,0.0014747445717613811
dc7e9403-19f7-409f-9240-05ee57cb7aea,32,150.0,17.937790182531224,976876.4818481848,48003.48184818482,0.034939112495703,0.0017761224616002745
dc7e9403-19f7-409f-9240-05ee57cb7aea,32,150.0,20.762749744404477,831249.4818481848,48003.48184818482,0.034939112495703,0.0021378238066067875
dc7e9403-19f7-409f-9240-05ee57cb7aea,32,150.0,24.03260226382781,702571.4818481848,48003.48184818482,0.034939112495703,0.002557493060094346
dc7e9403-19f7-409f-9240-05ee57cb7aea,32,150.0,27.81741236981361,591439.4818481848,48003.48184818482,0.034939112495703,0.003043300590869173
dc7e9403-19f7-409f-9240-05ee57cb7aea,32,150.0,32.19827892366621,495546.48184818483,48003.48184818482,0.034939112495703,0.0036030691324135345
dc7e9403-19f7-409f-9240-05ee57cb7aea,32,150.0,37.26907276146309,414239.48184818483,48003.48184818482,0.034939112495703,0.004237337545277757
dc7e9403-19f7-409f-9240-05ee57cb7aea,32,150.0,43.13844810749518,346583.48184818483,48003.48184818482,0.034939112495703,0.004948844103923711
dc7e9403-19f7-409f-9240-05ee57cb7aea,32,150.0,49.93217075814364,290841.48184818483,48003.48184818482,0.034939112495703,0.0057370551933591165
dc7e9403-19f7-409f-9240-05ee57cb7aea,32,150.0,57.795812923256825,242746.48184818483,48003.48184818482,0.034939112495703,0.00662243436007972
dc7e9403-19f7-409f-9240-05ee57cb7aea,32,150.0,66.89787246862902,204855.48184818483,48003.48184818482,0.034939112495703,0.007596237036603707
dc7e9403-19f7-409f-9240-05ee57cb7aea,32,150.0,77.43338339701937,174726.48184818483,48003.48184818482,0.034939112495703,0.008630946235208482
dc7e9403-19f7-409f-9240-05ee57cb7aea,32,150.0,89.62809493114324,149216.48184818483,48003.48184818482,0.034939112495703,0.009795482231330433
dc7e9403-19f7-409f-9240-05ee57cb7aea,32,150.0,103.74330874576306,127219.48184818482,48003.48184818482,0.034939112495703,0.011096584325709586
dc7e9403-19f7-409f-9240-05ee57cb7aea,32,150.0,120.08147799846844,109853.48184818482,48003.48184818482,0.034939112495703,0.012498422178098134
dc7e9403-19f7-409f-9240-05ee57cb7aea,32,150.0,138.99268813214488,94010.48184818482,48003.48184818482,0.034939112495703,0.014042341943890849
dc7e9403-19f7-409f-9240-05ee57cb7aea,32,150.0,160.88215831625678,82891.48184818482,48003.48184818482,0.034939112495703,0.015633311036867666
dc7e9403-19f7-409f-9240-05ee57cb7aea,32,150.0,186.21892426376562,74014.48184818482,48003.48184818482,0.034939112495703,0.01731372448924721
dc7e9403-19f7-409f-9240-05ee57cb7aea,32,150.0,215.54588847438404,67609.48184818482,48003.48184818482,0.034939112495703,0.019006680383770874
dc7e9403-19f7-409f-9240-05ee57cb7aea,32,150.0,249.49145325533257,62694.48184818482,48003.48184818482,0.034939112495703,0.020704612085647767
dc7e9403-19f7-409f-9240-05ee57cb7aea,32,150.0,288.7829857856707,60666.48184818482,48003.48184818482,0.034939112495703,0.021759862798848954
dc7e9403-19f7-409f-9240-05ee57cb7aea,32,150.0,334.2624037463071,59849.48184818482,48003.48184818482,0.034939112495703,0.02238652244240554
dc7e9403-19f7-409f-9240-05ee57cb7aea,32,150.0,386.9042154761296,59501.48184818482,48003.48184818482,0.034939112495703,0.02271791189952238
dc7e9403-19f7-409f-9240-05ee57cb7aea,32,150.0,447.8364012089508,59259.48184818482,48003.48184818482,0.034939112495703,0.023007080283438744
dc7e9403-19f7-409f-9240-05ee57cb7aea,32,150.0,518.3645828231037,59094.48184818482,48003.48184818482,0.034939112495703,0.023288315674299544
dc7e9403-19f7-409f-9240-05ee57cb7aea,32,150.0,599.9999999999997,58965.48184818482,48003.48184818482,0.034939112495703,0.02353159836495158
e8f9fba4-d151-4b00-bee7-447f0f3e752c,32,150.0,2.0,4349284.651465798,48427.651465798044,0.03732115852789589,0.0004881481047339316
e8f9fba4-d151-4b00-bee7-447f0f3e752c,32,150.0,2.3149729741653853,4140141.6514657983,48427.651465798044,0.03732115852789589,0.0005048009683606879
e8f9fba4-d151-4b00-bee7-447f0f3e752c,32,150.0,2.6795499355580645,3906813.6514657983,48427.651465798044,0.03732115852789589,0.0005294635914705706
e8f9fba4-d151-4b00-bee7-447f0f3e752c,32,150.0,3.1015428418717597,3655891.6514657983,48427.651465798044,0.03732115852789589,0.0005649987311315543
e8f9fba4-d151-4b00-bee7-447f0f3e752c,32,150.0,3.5899939285746147,3387222.6514657983,48427.651465798044,0.03732115852789589,0.000615286079437108
e8f9fba4-d151-4b00-bee7-447f0f3e752c,32,150.0,4.1553694610340255,3103242.6514657983,48427.651465798044,0.03732115852789589,0.0006856797126888141
e8f9fba4-d151-4b00-bee7-447f0f3e752c,32,150.0,4.809783999982975,2814704.6514657983,48427.651465798044,0.03732115852789589,0.000780101544043545
e8f9fba4-d151-4b00-bee7-447f0f3e752c,32,150.0,5.567259985766836,2528656.6514657983,48427.651465798044,0.03732115852789589,0.0009042829324141552
e8f9fba4-d151-4b00-bee7-447f0f3e752c,32,150.0,6.444028203601297,2246361.6514657983,48427.651465798044,0.03732115852789589,0.0010662460674074237
e8f9fba4-d151-4b00-bee7-447f0f3e752c,32,150.0,7.458875568048258,1979510.651465798,48427.651465798044,0.03732115852789589,0.0012698041924621736
e8f9fba4-d151-4b00-bee7-447f0f3e752c,32,150.0,8.633547678847101,1728015.651465798,48427.651465798044,0.03732115852789589,0.0015234283606758482
e8f9fba4-d151-4b00-bee7-447f0f3e752c,32,150.0,9.993214773849669,1500020.651465798,48427.651465798044,0.03732115852789589,0.001830133251745103
e8f9fba4-d151-4b00-bee7-447f0f3e752c,32,150.0,11.567011063246117,1291865.651465798,48427.651465798044,0.03732115852789589,0.002198347111120222
e8f9fba4-d151-4b00-bee7-447f0f3e752c,32,150.0,13.388659001643386,1105191.651465798,48427.651465798044,0.03732115852789589,0.0026390364884039154
e8f9fba4-d151-4b00-bee7-447f0f3e752c,32,150.0,15.497191874560272,943739.651465798,48427.651465798044,0.03732115852789589,0.0031455508948836494
e8f9fba4-d151-4b00-bee7-447f0f3e752c,32,150.0,17.937790182531224,801317.651465798,48427.651465798044,0.03732115852789589,0.00373565607968001
e8f9fba4-d151-4b00-bee7-447f0f3e752c,32,150.0,20.762749744404477,678593.651465798,48427.651465798044,0.03732115852789589,0.004420923919480677
e8f9fba4-d151-4b00-bee7-447f0f3e752c,32,150.0,24.03260226382781,572459.651465798,48427.651465798044,0.03732115852789589,0.005210743556050291
e8f9fba4-d151-4b00-bee7-447f0f3e752c,32,150.0,27.81741236981361,483797.65146579803,48427.651465798044,0.03732115852789589,0.006107411206493691
e8f9fba4-d151-4b00-bee7-447f0f3e752c,32,150.0,32.19827892366621,405884.65146579803,48427.651465798044,0.03732115852789589,0.007138645411004822
e8f9fba4-d151-4b00-bee7-447f0f3e752c,32,150.0,37.26907276146309,341284.65146579803,48427.651465798044,0.03732115852789589,0.00829992515341932
e8f9fba4-d151-4b00-bee7-447f0f3e752c,32,150.0,43.13844810749518,285053.65146579803,48427.651465798044,0.03732115852789589,0.009622894571046682
e8f9fba4-d151-4b00-bee7-447f0f3e752c,32,150.0,49.93217075814364,238295.65146579803,48427.651465798044,0.03732115852789589,0.011111616165309687
e8f9fba4-d151-4b00-bee7-447f0f3e752c,32,150.0,57.795812923256825,198837.65146579803,48427.651465798044,0.03732115852789589,0.01273944949434817
e8f9fba4-d151-4b00-bee7-447f0f3e752c,32,150.0,66.89787246862902,166678.65146579803,48427.651465798044,0.03732115852789589,0.014581111556219117
e8f9fba4-d151-4b00-bee7-447f0f3e752c,32,150.0,77.43338339701937,139197.65146579803,48427.651465798044,0.03732115852789589,0.0165910938485602
e8f9fba4-d151-4b00-bee7-447f0f3e752c,32,150.0,89.62809493114324,116706.65146579804,48427.651465798044,0.03732115852789589,0.01873780549677499
e8f9fba4-d151-4b00-bee7-447f0f3e752c,32,150.0,103.74330874576306,98669.65146579804,48427.651465798044,0.03732115852789589,0.0211692165835125
e8f9fba4-d151-4b00-bee7-447f0f3e752c,32,150.0,120.08147799846844,84905.65146579804,48427.651465798044,0.03732115852789589,0.023606185527578694
e8f9fba4-d151-4b00-bee7-447f0f3e752c,32,150.0,138.99268813214488,74946.65146579804,48427.651465798044,0.03732115852789589,0.02571769439521477
e8f9fba4-d151-4b00-bee7-447f0f3e752c,32,150.0,160.88215831625678,68797.65146579804,48427.651465798044,0.03732115852789589,0.027499793226922795
e8f9fba4-d151-4b00-bee7-447f0f3e752c,32,150.0,186.21892426376562,65033.651465798044,48427.651465798044,0.03732115852789589,0.028759893250989592
e8f9fba4-d151-4b00-bee7-447f0f3e752c,32,150.0,215.54588847438404,62952.651465798044,48427.651465798044,0.03732115852789589,0.029692781335231313
e8f9fba4-d151-4b00-bee7-447f0f3e752c,32,150.0,249.49145325533257,61485.651465798044,48427.651465798044,0.03732115852789589,0.030528570812894496
e8f9fba4-d151-4b00-bee7-447f0f3e752c,32,150.0,288.7829857856707,60567.651465798044,48427.651465798044,0.03732115852789589,0.031168516120673083
e8f9fba4-d151-4b00-bee7-447f0f3e752c,32,150.0,334.2624037463071,59943.651465798044,48427.651465798044,0.03732115852789589,0.03172132244608147
e8f9fba4-d151-4b00-bee7-447f0f3e752c,32,150.0,386.9042154761296,59661.651465798044,48427.651465798044,0.03732115852789589,0.03201547921210512
e8f9fba4-d151-4b00-bee7-447f0f3e752c,32,150.0,447.8364012089508,59538.651465798044,48427.651465798044,0.03732115852789589,0.032161592112086475
e8f9fba4-d151-4b00-bee7-447f0f3e752c,32,150.0,518.3645828231037,59485.651465798044,48427.651465798044,0.03732115852789589,0.03223778555743256
e8f9fba4-d151-4b00-bee7-447f0f3e752c,32,150.0,599.9999999999997,59451.651465798044,48427.651465798044,0.03732115852789589,0.03226186206597607
eebcaf65-7fa4-4118-869d-a084e84530e2,32,150.0,2.0,2984805.0659536542,35693.065953654186,0.12305946166862808,0.0012664701954841128
eebcaf65-7fa4-4118-869d-a084e84530e2,32,150.0,2.3149729741653853,2820470.0659536542,35693.065953654186,0.12305946166862808,0.0013089317209859684
eebcaf65-7fa4-4118-869d-a084e84530e2,32,150.0,2.6795499355580645,2641122.0659536542,35693.065953654186,0.12305946166862808,0.0013697350338856382
eebcaf65-7fa4-4118-869d-a084e84530e2,32,150.0,3.1015428418717597,2446798.0659536542,35693.065953654186,0.12305946166862808,0.001456591005909898
eebcaf65-7fa4-4118-869d-a084e84530e2,32,150.0,3.5899939285746147,2244578.0659536542,35693.065953654186,0.12305946166862808,0.0015755747467247534
eebcaf65-7fa4-4118-869d-a084e84530e2,32,150.0,4.1553694610340255,2034255.0659536542,35693.065953654186,0.12305946166862808,0.0017363499068085344
eebcaf65-7fa4-4118-869d-a084e84530e2,32,150.0,4.809783999982975,1827034.0659536542,35693.065953654186,0.12305946166862808,0.0019457330234683725
eebcaf65-7fa4-4118-869d-a084e84530e2,32,150.0,5.567259985766836,1622425.0659536542,35693.065953654186,0.12305946166862808,0.0022154731295327764
eebcaf65-7fa4-4118-869d-a084e84530e2,32,150.0,6.444028203601297,1427755.0659536542,35693.065953654186,0.12305946166862808,0.0025541215920865798
eebcaf65-7fa4-4118-869d-a084e84530e2,32,150.0,7.458875568048258,1246323.0659536542,35693.065953654186,0.12305946166862808,0.0029673218664659326
eebcaf65-7fa4-4118-869d-a084e84530e2,32,150.0,8.633547678847101,1082236.0659536542,35693.065953654186,0.12305946166862808,0.0034626092579329625
eebcaf65-7fa4-4118-869d-a084e84530e2,32,150.0,9.993214773849669,936042.0659536542,35693.065953654186,0.12305946166862808,0.004048776660264514
eebcaf65-7fa4-4118-869d-a084e84530e2,32,150.0,11.567011063246117,805533.0659536542,35693.065953654186,0.12305946166862808,0.004741822490859618
eebcaf65-7fa4-4118-869d-a084e84530e2,32,150.0,13.388659001643386,692980.0659536542,35693.065953654186,0.12305946166862808,0.00554359229821494
eebcaf65-7fa4-4118-869d-a084e84530e2,32,150.0,15.497191874560272,593742.0659536542,35693.065953654186,0.12305946166862808,0.006469829448787615
eebcaf65-7fa4-4118-869d-a084e84530e2,32,150.0,17.937790182531224,508261.0659536542,35693.065953654186,0.12305946166862808,0.007550008719252544
eebcaf65-7fa4-4118-869d-a084e84530e2,32,150.0,20.762749744404477,434196.0659536542,35693.065953654186,0.12305946166862808,0.008777384578730311
eebcaf65-7fa4-4118-869d-a084e84530e2,32,150.0,24.03260226382781,370100.0659536542,35693.065953654186,0.12305946166862808,0.010179594671220513
eebcaf65-7fa4-4118-869d-a084e84530e2,32,150.0,27.81741236981361,317052.0659536542,35693.065953654186,0.12305946166862808,0.011762971628287058
eebcaf65-7fa4-4118-869d-a084e84530e2,32,150.0,32.19827892366621,271983.0659536542,35693.065953654186,0.12305946166862808,0.013561819592726626
eebcaf65-7fa4-4118-869d-a084e84530e2,32,150.0,37.26907276146309,233350.06595365418,35693.065953654186,0.12305946166862808,0.015605825809017088
eebcaf65-7fa4-4118-869d-a084e84530e2,32,150.0,43.13844810749518,201146.06595365418,35693.065953654186,0.12305946166862808,0.01794094980852187
eebcaf65-7fa4-4118-869d-a084e84530e2,32,150.0,49.93217075814364,172961.06595365418,35693.065953654186,0.12305946166862808,0.020594893141706285
eebcaf65-7fa4-4118-869d-a084e84530e2,32,150.0,57.795812923256825,148918.06595365418,35693.065953654186,0.12305946166862808,0.02371887064495926
eebcaf65-7fa4-4118-869d-a084e84530e2,32,150.0,66.89787246862902,128501.06595365418,35693.065953654186,0.12305946166862808,0.02714864626659472
eebcaf65-7fa4-4118-869d-a084e84530e2,32,150.0,77.43338339701937,111135.06595365418,35693.065953654186,0.12305946166862808,0.031009850896739837
eebcaf65-7fa4-4118-869d-a084e84530e2,32,150.0,89.62809493114324,97381.06595365418,35693.065953654186,0.12305946166862808,0.035344078736768404
eebcaf65-7fa4-4118-869d-a084e84530e2,32,150.0,103.74330874576306,84810.06595365418,35693.065953654186,0.12305946166862808,0.04010158973955754
eebcaf65-7fa4-4118-869d-a084e84530e2,32,150.0,120.08147799846844,75233.06595365418,35693.065953654186,0.12305946166862808,0.04532262018982774
eebcaf65-7fa4-4118-869d-a084e84530e2,32,150.0,138.99268813214488,66614.06595365418,35693.065953654186,0.12305946166862808,0.05124653513123866
eebcaf65-7fa4-4118-869d-a084e84530e2,32,150.0,160.88215831625678,59865.065953654186,35693.065953654186,0.12305946166862808,0.05726989161628809
eebcaf65-7fa4-4118-869d-a084e84530e2,32,150.0,186.21892426376562,55552.065953654186,35693.065953654186,0.12305946166862808,0.06275885513437658
eebcaf65-7fa4-4118-869d-a084e84530e2,32,150.0,215.54588847438404,52148.065953654186,35693.065953654186,0.12305946166862808,0.06755809908497568
eebcaf65-7fa4-4118-869d-a084e84530e2,32,150.0,249.49145325533257,50039.065953654186,35693.065953654186,0.12305946166862808,0.07112487318979738
eebcaf65-7fa4-4118-869d-a084e84530e2,32,150.0,288.7829857856707,48654.065953654186,35693.065953654186,0.12305946166862808,0.07402818012669019
eebcaf65-7fa4-4118-869d-a084e84530e2,32,150.0,334.2624037463071,47901.065953654186,35693.065953654186,0.12305946166862808,0.07614004153289537
eebcaf65-7fa4-4118-869d-a084e84530e2,32,150.0,386.9042154761296,47324.065953654186,35693.065953654186,0.12305946166862808,0.07810025007245462
eebcaf65-7fa4-4118-869d-a084e84530e2,32,150.0,447.8364012089508,47061.065953654186,35693.065953654186,0.12305946166862808,0.07918524650585082
eebcaf65-7fa4-4118-869d-a084e84530e2,32,150.0,518.3645828231037,46852.065953654186,35693.065953654186,0.12305946166862808,0.08004419416185897
eebcaf65-7fa4-4118-869d-a084e84530e2,32,150.0,599.9999999999997,46764.065953654186,35693.065953654186,0.12305946166862808,0.08046501404810506
fe380793-8035-414e-b000-09bfe5ece92a,32,150.0,2.0,3985339.613861386,44141.61386138614,0.18287343951025295,0.0007626792666497405
fe380793-8035-414e-b000-09bfe5ece92a,32,150.0,2.3149729741653853,3802825.613861386,44141.61386138614,0.18287343951025295,0.0007933645654761269
fe380793-8035-414e-b000-09bfe5ece92a,32,150.0,2.6795499355580645,3604036.613861386,44141.61386138614,0.18287343951025295,0.0008377852236471282
fe380793-8035-414e-b000-09bfe5ece92a,32,150.0,3.1015428418717597,3389193.613861386,44141.61386138614,0.18287343951025295,0.0009009258944966663
fe380793-8035-414e-b000-09bfe5ece92a,32,150.0,3.5899939285746147,3162374.613861386,44141.61386138614,0.18287343951025295,0.0009894055977035673
fe380793-8035-414e-b000-09bfe5ece92a,32,150.0,4.1553694610340255,2925249.613861386,44141.61386138614,0.18287343951025295,0.0011114909907781819
fe380793-8035-414e-b000-09bfe5ece92a,32,150.0,4.809783999982975,2684208.613861386,44141.61386138614,0.18287343951025295,0.0012769762240316218
fe380793-8035-414e-b000-09bfe5ece92a,32,150.0,5.567259985766836,2443376.613861386,44141.61386138614,0.18287343951025295,0.0014958639604205507
fe380793-8035-414e-b000-09bfe5ece92a,32,150.0,6.444028203601297,2206829.613861386,44141.61386138614,0.18287343951025295,0.0017836420785590956
fe380793-8035-414e-b000-09bfe5ece92a,32,150.0,7.458875568048258,1978363.6138613862,44141.61386138614,0.18287343951025295,0.00215427764332335
fe380793-8035-414e-b000-09bfe5ece92a,32,150.0,8.633547678847101,1759404.6138613862,44141.61386138614,0.18287343951025295,0.0026248352998214397
fe380793-8035-414e-b000-09bfe5ece92a,32,150.0,9.993214773849669,1552717.6138613862,44141.61386138614,0.18287343951025295,0.0032195253828488615
fe380793-8035-414e-b000-09bfe5ece92a,32,150.0,11.567011063246117,1361782.6138613862,44141.61386138614,0.18287343951025295,0.0039543831700161085
fe380793-8035-414e-b000-09bfe5ece92a,32,150.0,13.388659001643386,1187182.6138613862,44141.61386138614,0.18287343951025295,0.004846658683472879
fe380793-8035-414e-b000-09bfe5ece92a,32,150.0,15.497191874560272,1029543.6138613862,44141.61386138614,0.18287343951025295,0.00591095739768948
fe380793-8035-414e-b000-09bfe5ece92a,32,150.0,17.937790182531224,889496.6138613862,44141.61386138614,0.18287343951025295,0.00716367879192181
fe380793-8035-414e-b000-09bfe5ece92a,32,150.0,20.762749744404477,769553.6138613862,44141.61386138614,0.18287343951025295,0.008604399514105127
fe380793-8035-414e-b000-09bfe5ece92a,32,150.0,24.03260226382781,666782.6138613862,44141.61386138614,0.18287343951025295,0.010250968355171957
fe380793-8035-414e-b000-09bfe5ece92a,32,150.0,27.81741236981361,579032.6138613862,44141.61386138614,0.18287343951025295,0.0121385688248138
fe380793-8035-414e-b000-09bfe5ece92a,32,150.0,32.19827892366621,502383.61386138614,44141.61386138614,0.18287343951025295,0.014315107070003337
fe380793-8035-414e-b000-09bfe5ece92a,32,150.0,37.26907276146309,435874.61386138614,44141.61386138614,0.18287343951025295,0.016855925177200727
fe380793-8035-414e-b000-09bfe5ece92a,32,150.0,43.13844810749518,380464.61386138614,44141.61386138614,0.18287343951025295,0.019824838516452996
fe380793-8035-414e-b000-09bfe5ece92a,32,150.0,49.93217075814364,331042.61386138614,44141.61386138614,0.18287343951025295,0.0233952504916768
fe380793-8035-414e-b000-09bfe5ece92a,32,150.0,57.795812923256825,286733.61386138614,44141.61386138614,0.18287343951025295,0.027589024915442486
fe380793-8035-414e-b000-09bfe5ece92a,32,150.0,66.89787246862902,246564.61386138614,44141.61386138614,0.18287343951025295,0.032570964644753515
fe380793-8035-414e-b000-09bfe5ece92a,32,150.0,77.43338339701937,211568.61386138614,44141.61386138614,0.18287343951025295,0.038559382081540555
fe380793-8035-414e-b000-09bfe5ece92a,32,150.0,89.62809493114324,179024.61386138614,44141.61386138614,0.18287343951025295,0.04568977349367162
fe380793-8035-414e-b000-09bfe5ece92a,32,150.0,103.74330874576306,151587.61386138614,44141.61386138614,0.18287343951025295,0.05392354731947024
fe380793-8035-414e-b000-09bfe5ece92a,32,150.0,120.08147799846844,127863.61386138614,44141.61386138614,0.18287343951025295,0.06317578236704562
fe380793-8035-414e-b000-09bfe5ece92a,32,150.0,138.99268813214488,107460.61386138614,44141.61386138614,0.18287343951025295,0.07339173118636895
fe380793-8035-414e-b000-09bfe5ece92a,32,150.0,160.88215831625678,91164.61386138614,44141.61386138614,0.18287343951025295,0.08467000427181594
fe380793-8035-414e-b000-09bfe5ece92a,32,150.0,186.21892426376562,79208.61386138614,44141.61386138614,0.18287343951025295,0.09602244038514073
fe380793-8035-414e-b000-09bfe5ece92a,32,150.0,215.54588847438404,69636.61386138614,44141.61386138614,0.18287343951025295,0.10747268360479985
fe380793-8035-414e-b000-09bfe5ece92a,32,150.0,249.49145325533257,63552.61386138614,44141.61386138614,0.18287343951025295,0.11767362323094392
fe380793-8035-414e-b000-09bfe5ece92a,32,150.0,288.7829857856707,60989.61386138614,44141.61386138614,0.18287343951025295,0.12307576886649388
fe380793-8035-414e-b000-09bfe5ece92a,32,150.0,334.2624037463071,59232.61386138614,44141.61386138614,0.18287343951025295,0.12800763255464012
fe380793-8035-414e-b000-09bfe5ece92a,32,150.0,386.9042154761296,57886.61386138614,44141.61386138614,0.18287343951025295,0.13283830287515555
fe380793-8035-414e-b000-09bfe5ece92a,32,150.0,447.8364012089508,56850.61386138614,44141.61386138614,0.18287343951025295,0.13773887058157241
fe380793-8035-414e-b000-09bfe5ece92a,32,150.0,518.3645828231037,56246.61386138614,44141.61386138614,0.18287343951025295,0.1413938369541641
fe380793-8035-414e-b000-09bfe5ece92a,32,150.0,599.9999999999997,55822.61386138614,44141.61386138614,0.18287343951025295,0.1450016266369922
