pid,m,epsilon,alpha,track,target,balanced_accuracy,null,n_trials
1a276285-8b0e-4cc9-9f0a-a3a002978724,p48,100.0,6.863715560110469,size,choice,0.5055555555555555,0.49954670329670336,636
1a276285-8b0e-4cc9-9f0a-a3a002978724,p48,100.0,6.863715560110469,size,feedback,0.5570488803694345,0.4980728715728716,637
1e104bf4-7a24-4624-a5b2-c2c8289c0de7,p48,100.0,6.863715560110469,size,choice,0.5486289252543123,0.5051625558451227,739
1e104bf4-7a24-4624-a5b2-c2c8289c0de7,p48,100.0,6.863715560110469,size,feedback,0.5363576039090305,0.503313000131182,742
6638cfb3-3831-4fc2-9327-194b76cf22e1,p48,100.0,6.863715560110469,size,choice,0.6034897980290472,0.49704162704078914,524
6638cfb3-3831-4fc2-9327-194b76cf22e1,p48,100.0,6.863715560110469,size,feedback,0.5273934404461559,0.500072553025296,528
749cb2b7-e57e-4453-a794-f6230e4d0226,p48,100.0,6.863715560110469,size,choice,0.4990421455938697,0.5000892857142857,765
749cb2b7-e57e-4453-a794-f6230e4d0226,p48,100.0,6.863715560110469,size,feedback,0.6056051334353221,0.5028758492711981,767
d7ec0892-0a6c-4f4f-9d8f-72083692af5c,p48,100.0,6.863715560110469,size,choice,0.7823125150711358,0.5003525710828796,663
d7ec0892-0a6c-4f4f-9d8f-72083692af5c,p48,100.0,6.863715560110469,size,feedback,0.8698386331276697,0.5046718568926888,663
da8dfec1-d265-44e8-84ce-6ae9c109b8bd,p48,100.0,6.863715560110469,size,choice,0.5392639215164813,0.5084957701459404,524
da8dfec1-d265-44e8-84ce-6ae9c109b8bd,p48,100.0,6.863715560110469,size,feedback,0.5391581463285089,0.5013615333773959,528
dab512bd-a02d-4c1f-8dbc-9155a163efc0,p48,100.0,6.863715560110469,size,choice,0.5218249361504528,0.5002586789232503,410
dab512bd-a02d-4c1f-8dbc-9155a163efc0,p48,100.0,6.863715560110469,size,feedback,0.7374006951340616,0.4952853239656518,410
dc7e9403-19f7-409f-9240-05ee57cb7aea,p48,100.0,6.863715560110469,size,choice,0.5810533738338034,0.501340361445783,859
dc7e9403-19f7-409f-9240-05ee57cb7aea,p48,100.0,6.863715560110469,size,feedback,0.5460352728787669,0.4987293115241708,872
e8f9fba4-d151-4b00-bee7-447f0f3e752c,p48,100.0,6.863715560110469,size,choice,0.5417672335616726,0.5002234320922961,771
e8f9fba4-d151-4b00-bee7-447f0f3e752c,p48,100.0,6.863715560110469,size,feedback,0.689092641105025,0.5063533040712102,802
eebcaf65-7fa4-4118-869d-a084e84530e2,p48,100.0,6.863715560110469,size,choice,0.4981132075471698,0.49972194637537243,723
eebcaf65-7fa4-4118-869d-a084e84530e2,p48,100.0,6.863715560110469,size,feedback,0.8349418109565712,0.5032634010156946,724
fe380793-8035-414e-b000-09bfe5ece92a,p48,100.0,6.863715560110469,size,choice,0.5857305397907563,0.506972608274079,945
fe380793-8035-414e-b000-09bfe5ece92a,p48,100.0,6.863715560110469,size,feedback,0.5330947107755087,0.500312305900621,945
1a276285-8b0e-4cc9-9f0a-a3a002978724,p48,100.0,2.5,grid,choice,0.5055555555555555,0.5001371635610766,636
1a276285-8b0e-4cc9-9f0a-a3a002978724,p48,100.0,2.5,grid,feedback,0.5439429583805292,0.4985025252525252,637
1a276285-8b0e-4cc9-9f0a-a3a002978724,p48,100.0,3.5,grid,choice,0.5027777777777778,0.4998702686202687,636
1a276285-8b0e-4cc9-9f0a-a3a002978724,p48,100.0,3.5,grid,feedback,0.5892727483953414,0.5012465367965367,637
1a276285-8b0e-4cc9-9f0a-a3a002978724,p48,100.0,5.0,grid,choice,0.5027777777777778,0.4998702686202687,636
1a276285-8b0e-4cc9-9f0a-a3a002978724,p48,100.0,5.0,grid,feedback,0.5282158519938428,0.502353823953824,637
1a276285-8b0e-4cc9-9f0a-a3a002978724,p48,100.0,7.0,grid,choice,0.5055555555555555,0.5001282051282051,636
1a276285-8b0e-4cc9-9f0a-a3a002978724,p48,100.0,7.0,grid,feedback,0.5354622288054369,0.49962943722943737,637
1a276285-8b0e-4cc9-9f0a-a3a002978724,p48,100.0,10.0,grid,choice,0.5055555555555555,0.4995568561872909,636
1a276285-8b0e-4cc9-9f0a-a3a002978724,p48,100.0,10.0,grid,feedback,0.535694577560919,0.49879086099086095,637
1a276285-8b0e-4cc9-9f0a-a3a002978724,p48,100.0,14.0,grid,choice,0.5016812865497077,0.4995556617295748,636
1a276285-8b0e-4cc9-9f0a-a3a002978724,p48,100.0,14.0,grid,feedback,0.5429409543725131,0.5004668831168831,637
1e104bf4-7a24-4624-a5b2-c2c8289c0de7,p48,100.0,2.5,grid,choice,0.5555064130915524,0.5017139798957557,739
1e104bf4-7a24-4624-a5b2-c2c8289c0de7,p48,100.0,2.5,grid,feedback,0.595439464318031,0.5047439765621585,742
1e104bf4-7a24-4624-a5b2-c2c8289c0de7,p48,100.0,3.5,grid,choice,0.5382832080200501,0.5018613179448994,739
1e104bf4-7a24-4624-a5b2-c2c8289c0de7,p48,100.0,3.5,grid,feedback,0.5768474392230198,0.5010680397044033,742
1e104bf4-7a24-4624-a5b2-c2c8289c0de7,p48,100.0,5.0,grid,choice,0.5344611528822055,0.4947793652271034,739
1e104bf4-7a24-4624-a5b2-c2c8289c0de7,p48,100.0,5.0,grid,feedback,0.5298847801170296,0.5031734553325462,742
1e104bf4-7a24-4624-a5b2-c2c8289c0de7,p48,100.0,7.0,grid,choice,0.5474900486510393,0.4949108804914371,739
1e104bf4-7a24-4624-a5b2-c2c8289c0de7,p48,100.0,7.0,grid,feedback,0.5363576039090305,0.5024201976474704,742
1e104bf4-7a24-4624-a5b2-c2c8289c0de7,p48,100.0,10.0,grid,choice,0.5371443314167772,0.49716706999255394,739
1e104bf4-7a24-4624-a5b2-c2c8289c0de7,p48,100.0,10.0,grid,feedback,0.5690655727815648,0.5013747868293322,742
1e104bf4-7a24-4624-a5b2-c2c8289c0de7,p48,100.0,14.0,grid,choice,0.5282065457762053,0.5051693037974683,739
1e104bf4-7a24-4624-a5b2-c2c8289c0de7,p48,100.0,14.0,grid,feedback,0.5695481691500272,0.49909019852201675,742
6638cfb3-3831-4fc2-9327-194b76cf22e1,p48,100.0,2.5,grid,choice,0.5972474624351758,0.5023137250343455,524
6638cfb3-3831-4fc2-9327-194b76cf22e1,p48,100.0,2.5,grid,feedback,0.5095073695392378,0.5003867992549419,528
6638cfb3-3831-4fc2-9327-194b76cf22e1,p48,100.0,3.5,grid,choice,0.604405833074775,0.4985350477483941,524
6638cfb3-3831-4fc2-9327-194b76cf22e1,p48,100.0,3.5,grid,feedback,0.5072500331961227,0.4999140779907469,528
6638cfb3-3831-4fc2-9327-194b76cf22e1,p48,100.0,5.0,grid,choice,0.5993676403232717,0.5026619006580373,524
6638cfb3-3831-4fc2-9327-194b76cf22e1,p48,100.0,5.0,grid,feedback,0.5072500331961227,0.49990450189268754,528
6638cfb3-3831-4fc2-9327-194b76cf22e1,p48,100.0,7.0,grid,choice,0.6123546533102847,0.49857040421368837,524
6638cfb3-3831-4fc2-9327-194b76cf22e1,p48,100.0,7.0,grid,feedback,0.5106360377107954,0.5008021390374332,528
6638cfb3-3831-4fc2-9327-194b76cf22e1,p48,100.0,10.0,grid,choice,0.5830932435027998,0.4971361479375711,524
6638cfb3-3831-4fc2-9327-194b76cf22e1,p48,100.0,10.0,grid,feedback,0.5237684238480945,0.5009816814877126,528
6638cfb3-3831-4fc2-9327-194b76cf22e1,p48,100.0,14.0,grid,choice,0.588087111977897,0.4962207171747699,524
6638cfb3-3831-4fc2-9327-194b76cf22e1,p48,100.0,14.0,grid,feedback,0.5095073695392378,0.49865829477858553,528
749cb2b7-e57e-4453-a794-f6230e4d0226,p48,100.0,2.5,grid,choice,0.5,0.5,765
749cb2b7-e57e-4453-a794-f6230e4d0226,p48,100.0,2.5,grid,feedback,0.6015765765765766,0.5001864655353028,767
749cb2b7-e57e-4453-a794-f6230e4d0226,p48,100.0,3.5,grid,choice,0.5,0.5,765
749cb2b7-e57e-4453-a794-f6230e4d0226,p48,100.0,3.5,grid,feedback,0.6090770015298317,0.4999822663194755,767
749cb2b7-e57e-4453-a794-f6230e4d0226,p48,100.0,5.0,grid,choice,0.49808429118773945,0.5002027407116693,765
749cb2b7-e57e-4453-a794-f6230e4d0226,p48,100.0,5.0,grid,feedback,0.5967278599354071,0.4994265361707222,767
749cb2b7-e57e-4453-a794-f6230e4d0226,p48,100.0,7.0,grid,choice,0.4990421455938697,0.500539638932496,765
749cb2b7-e57e-4453-a794-f6230e4d0226,p48,100.0,7.0,grid,feedback,0.6032466428692844,0.5015597408039268,767
749cb2b7-e57e-4453-a794-f6230e4d0226,p48,100.0,10.0,grid,choice,0.4990421455938697,0.4999391679748822,765
749cb2b7-e57e-4453-a794-f6230e4d0226,p48,100.0,10.0,grid,feedback,0.607062723100459,0.49589506449971565,767
749cb2b7-e57e-4453-a794-f6230e4d0226,p48,100.0,14.0,grid,choice,0.5,0.5,765
749cb2b7-e57e-4453-a794-f6230e4d0226,p48,100.0,14.0,grid,feedback,0.5923550909399966,0.4967518930891024,767
d7ec0892-0a6c-4f4f-9d8f-72083692af5c,p48,100.0,2.5,grid,choice,0.7875572703158911,0.49682831215970963,663
d7ec0892-0a6c-4f4f-9d8f-72083692af5c,p48,100.0,2.5,grid,feedback,0.872251226071824,0.504881054011829,663
d7ec0892-0a6c-4f4f-9d8f-72083692af5c,p48,100.0,3.5,grid,choice,0.7770074752833374,0.5021200846944949,663
d7ec0892-0a6c-4f4f-9d8f-72083692af5c,p48,100.0,3.5,grid,feedback,0.873220218319886,0.5010067042654923,663
d7ec0892-0a6c-4f4f-9d8f-72083692af5c,p48,100.0,5.0,grid,choice,0.780564263322884,0.5010001512401694,663
d7ec0892-0a6c-4f4f-9d8f-72083692af5c,p48,100.0,5.0,grid,feedback,0.8630359120392344,0.49661581811782674,663
d7ec0892-0a6c-4f4f-9d8f-72083692af5c,p48,100.0,7.0,grid,choice,0.7840607668193875,0.4964381427707199,663
d7ec0892-0a6c-4f4f-9d8f-72083692af5c,p48,100.0,7.0,grid,feedback,0.8761469704160734,0.4947616305271562,663
d7ec0892-0a6c-4f4f-9d8f-72083692af5c,p48,100.0,10.0,grid,choice,0.7805039787798409,0.500246037507562,663
d7ec0892-0a6c-4f4f-9d8f-72083692af5c,p48,100.0,10.0,grid,feedback,0.8635105204872646,0.491135480243448,663
d7ec0892-0a6c-4f4f-9d8f-72083692af5c,p48,100.0,14.0,grid,choice,0.7712804436942369,0.4884064428312159,663
d7ec0892-0a6c-4f4f-9d8f-72083692af5c,p48,100.0,14.0,grid,feedback,0.8727456098718558,0.5004598978050183,663
da8dfec1-d265-44e8-84ce-6ae9c109b8bd,p48,100.0,2.5,grid,choice,0.5441322045417608,0.5012109014911946,524
da8dfec1-d265-44e8-84ce-6ae9c109b8bd,p48,100.0,2.5,grid,feedback,0.5153897224804143,0.49928618638466626,528
da8dfec1-d265-44e8-84ce-6ae9c109b8bd,p48,100.0,3.5,grid,choice,0.5453806716605352,0.49773383007378386,524
da8dfec1-d265-44e8-84ce-6ae9c109b8bd,p48,100.0,3.5,grid,feedback,0.5153897224804143,0.4989358889623265,528
da8dfec1-d265-44e8-84ce-6ae9c109b8bd,p48,100.0,5.0,grid,choice,0.5287295184906107,0.4979278351267928,524
da8dfec1-d265-44e8-84ce-6ae9c109b8bd,p48,100.0,5.0,grid,feedback,0.5344044615588899,0.49904592020669336,528
da8dfec1-d265-44e8-84ce-6ae9c109b8bd,p48,100.0,7.0,grid,choice,0.5239055597417372,0.5043277851698025,524
da8dfec1-d265-44e8-84ce-6ae9c109b8bd,p48,100.0,7.0,grid,feedback,0.5285221086177134,0.4977263714474553,528
da8dfec1-d265-44e8-84ce-6ae9c109b8bd,p48,100.0,10.0,grid,choice,0.5321055508768819,0.5020006855569692,524
da8dfec1-d265-44e8-84ce-6ae9c109b8bd,p48,100.0,10.0,grid,feedback,0.5262647722745983,0.5003731298443789,528
da8dfec1-d265-44e8-84ce-6ae9c109b8bd,p48,100.0,14.0,grid,choice,0.5376386980482544,0.49811484944509354,524
da8dfec1-d265-44e8-84ce-6ae9c109b8bd,p48,100.0,14.0,grid,feedback,0.5330367813039437,0.5011481553806405,528
dab512bd-a02d-4c1f-8dbc-9155a163efc0,p48,100.0,2.5,grid,choice,0.5183132110517762,0.49750718390804594,410
dab512bd-a02d-4c1f-8dbc-9155a163efc0,p48,100.0,2.5,grid,feedback,0.7281839622641509,0.5020125966929244,410
dab512bd-a02d-4c1f-8dbc-9155a163efc0,p48,100.0,3.5,grid,choice,0.5158753192477362,0.49562083894493436,410
dab512bd-a02d-4c1f-8dbc-9155a163efc0,p48,100.0,3.5,grid,feedback,0.7390454319761668,0.497018185366546,410
dab512bd-a02d-4c1f-8dbc-9155a163efc0,p48,100.0,5.0,grid,choice,0.5252495936846993,0.49840523064738823,410
dab512bd-a02d-4c1f-8dbc-9155a163efc0,p48,100.0,5.0,grid,feedback,0.7010923535253227,0.5051559151231282,410
dab512bd-a02d-4c1f-8dbc-9155a163efc0,p48,100.0,7.0,grid,choice,0.5253366612491294,0.5003330114603716,410
dab512bd-a02d-4c1f-8dbc-9155a163efc0,p48,100.0,7.0,grid,feedback,0.7008751241310824,0.496368604073522,410
dab512bd-a02d-4c1f-8dbc-9155a163efc0,p48,100.0,10.0,grid,choice,0.49738797306710003,0.5008045977011494,410
dab512bd-a02d-4c1f-8dbc-9155a163efc0,p48,100.0,10.0,grid,feedback,0.6902308838133069,0.4991162621531475,410
dab512bd-a02d-4c1f-8dbc-9155a163efc0,p48,100.0,14.0,grid,choice,0.5109124680752264,0.498412356321839,410
dab512bd-a02d-4c1f-8dbc-9155a163efc0,p48,100.0,14.0,grid,feedback,0.7449726911618669,0.5012529983677524,410
dc7e9403-19f7-409f-9240-05ee57cb7aea,p48,100.0,2.5,grid,choice,0.5632702321544804,0.5044034253898712,859
dc7e9403-19f7-409f-9240-05ee57cb7aea,p48,100.0,2.5,grid,feedback,0.5721196130167107,0.4990136736643718,872
dc7e9403-19f7-409f-9240-05ee57cb7aea,p48,100.0,3.5,grid,choice,0.5733266435235409,0.5015500964898556,859
dc7e9403-19f7-409f-9240-05ee57cb7aea,p48,100.0,3.5,grid,feedback,0.5690529093181502,0.4982642130268083,872
dc7e9403-19f7-409f-9240-05ee57cb7aea,p48,100.0,5.0,grid,choice,0.5477571056628336,0.49741016012100336,859
dc7e9403-19f7-409f-9240-05ee57cb7aea,p48,100.0,5.0,grid,feedback,0.554147572096468,0.4992435174903596,872
dc7e9403-19f7-409f-9240-05ee57cb7aea,p48,100.0,7.0,grid,choice,0.5605418745931873,0.5009481106243154,859
dc7e9403-19f7-409f-9240-05ee57cb7aea,p48,100.0,7.0,grid,feedback,0.5491019765773272,0.49647438992804366,872
dc7e9403-19f7-409f-9240-05ee57cb7aea,p48,100.0,10.0,grid,choice,0.5801448253417227,0.5020506702133208,859
dc7e9403-19f7-409f-9240-05ee57cb7aea,p48,100.0,10.0,grid,feedback,0.6102740360135166,0.49953100180200777,872
dc7e9403-19f7-409f-9240-05ee57cb7aea,p48,100.0,14.0,grid,choice,0.5732696897374702,0.5021666210295729,859
dc7e9403-19f7-409f-9240-05ee57cb7aea,p48,100.0,14.0,grid,feedback,0.540989677359626,0.500172392771579,872
e8f9fba4-d151-4b00-bee7-447f0f3e752c,p48,100.0,2.5,grid,choice,0.5472257488455153,0.5040766948884059,771
e8f9fba4-d151-4b00-bee7-447f0f3e752c,p48,100.0,2.5,grid,feedback,0.7171648011431293,0.4980950646315425,802
e8f9fba4-d151-4b00-bee7-447f0f3e752c,p48,100.0,3.5,grid,choice,0.5402500104636075,0.5002955405199446,771
e8f9fba4-d151-4b00-bee7-447f0f3e752c,p48,100.0,3.5,grid,feedback,0.7202607763753275,0.4977011692827054,802
e8f9fba4-d151-4b00-bee7-447f0f3e752c,p48,100.0,5.0,grid,choice,0.5444563807078979,0.49904143055791017,771
e8f9fba4-d151-4b00-bee7-447f0f3e752c,p48,100.0,5.0,grid,feedback,0.6866615067079463,0.5009457851241657,802
e8f9fba4-d151-4b00-bee7-447f0f3e752c,p48,100.0,7.0,grid,choice,0.540755751496296,0.5034022244313269,771
e8f9fba4-d151-4b00-bee7-447f0f3e752c,p48,100.0,7.0,grid,feedback,0.6785941097086607,0.4945457860859445,802
e8f9fba4-d151-4b00-bee7-447f0f3e752c,p48,100.0,10.0,grid,choice,0.5256323506843199,0.49935895081231685,771
e8f9fba4-d151-4b00-bee7-447f0f3e752c,p48,100.0,10.0,grid,feedback,0.6441116932603,0.49885015664973936,802
e8f9fba4-d151-4b00-bee7-447f0f3e752c,p48,100.0,14.0,grid,choice,0.5295178369630426,0.4999118156271031,771
e8f9fba4-d151-4b00-bee7-447f0f3e752c,p48,100.0,14.0,grid,feedback,0.6642256092720489,0.5007795728980322,802
eebcaf65-7fa4-4118-869d-a084e84530e2,p48,100.0,2.5,grid,choice,0.5,0.5,723
eebcaf65-7fa4-4118-869d-a084e84530e2,p48,100.0,2.5,grid,feedback,0.8230708405985159,0.49832176212910156,724
eebcaf65-7fa4-4118-869d-a084e84530e2,p48,100.0,3.5,grid,choice,0.5,0.5,723
eebcaf65-7fa4-4118-869d-a084e84530e2,p48,100.0,3.5,grid,feedback,0.8294675803900896,0.5056034474841815,724
eebcaf65-7fa4-4118-869d-a084e84530e2,p48,100.0,5.0,grid,choice,0.5,0.5,723
eebcaf65-7fa4-4118-869d-a084e84530e2,p48,100.0,5.0,grid,feedback,0.8358643201816633,0.5032771303413506,724
eebcaf65-7fa4-4118-869d-a084e84530e2,p48,100.0,7.0,grid,choice,0.4990566037735849,0.4995928500496525,723
eebcaf65-7fa4-4118-869d-a084e84530e2,p48,100.0,7.0,grid,feedback,0.8294473054620657,0.5073954114665125,724
eebcaf65-7fa4-4118-869d-a084e84530e2,p48,100.0,10.0,grid,choice,0.5,0.5,723
eebcaf65-7fa4-4118-869d-a084e84530e2,p48,100.0,10.0,grid,feedback,0.8487186245488829,0.5023640383502768,724
eebcaf65-7fa4-4118-869d-a084e84530e2,p48,100.0,14.0,grid,choice,0.5,0.5,723
eebcaf65-7fa4-4118-869d-a084e84530e2,p48,100.0,14.0,grid,feedback,0.83129232391225,0.4963580667823787,724
fe380793-8035-414e-b000-09bfe5ece92a,p48,100.0,2.5,grid,choice,0.5851117840111693,0.5010701088127559,945
fe380793-8035-414e-b000-09bfe5ece92a,p48,100.0,2.5,grid,feedback,0.5312243865859826,0.5002801255622189,945
fe380793-8035-414e-b000-09bfe5ece92a,p48,100.0,3.5,grid,choice,0.5860455839422676,0.4973516752854988,945
fe380793-8035-414e-b000-09bfe5ece92a,p48,100.0,3.5,grid,feedback,0.5207348760964721,0.502801898158064,945
fe380793-8035-414e-b000-09bfe5ece92a,p48,100.0,5.0,grid,choice,0.570098456963609,0.4983365384615385,945
fe380793-8035-414e-b000-09bfe5ece92a,p48,100.0,5.0,grid,feedback,0.5207348760964721,0.4994955691796959,945
fe380793-8035-414e-b000-09bfe5ece92a,p48,100.0,7.0,grid,choice,0.5663224601548476,0.5010057369101486,945
fe380793-8035-414e-b000-09bfe5ece92a,p48,100.0,7.0,grid,feedback,0.539464276372007,0.5021211447847506,945
fe380793-8035-414e-b000-09bfe5ece92a,p48,100.0,10.0,grid,choice,0.5658351616471142,0.5015628366731307,945
fe380793-8035-414e-b000-09bfe5ece92a,p48,100.0,10.0,grid,feedback,0.5191086967894948,0.5005442680445491,945
fe380793-8035-414e-b000-09bfe5ece92a,p48,100.0,14.0,grid,choice,0.5686773585247774,0.4909390756302521,945
fe380793-8035-414e-b000-09bfe5ece92a,p48,100.0,14.0,grid,feedback,0.5057461241999895,0.49912931034482755,945
1a276285-8b0e-4cc9-9f0a-a3a002978724,inf,100.0,2.5,grid,choice,0.5055555555555555,0.5003292058183362,636
1a276285-8b0e-4cc9-9f0a-a3a002978724,inf,100.0,2.5,grid,feedback,0.5439429583805292,0.4970659692159692,637
1a276285-8b0e-4cc9-9f0a-a3a002978724,inf,100.0,3.5,grid,choice,0.5027777777777778,0.5000641025641026,636
1a276285-8b0e-4cc9-9f0a-a3a002978724,inf,100.0,3.5,grid,feedback,0.612478580349104,0.5011091871091871,637
1a276285-8b0e-4cc9-9f0a-a3a002978724,inf,100.0,5.0,grid,choice,0.5027777777777778,0.4996764346764347,636
1a276285-8b0e-4cc9-9f0a-a3a002978724,inf,100.0,5.0,grid,feedback,0.5282158519938428,0.4993152477152477,637
1a276285-8b0e-4cc9-9f0a-a3a002978724,inf,100.0,7.0,grid,choice,0.5055555555555555,0.500903540903541,636
1a276285-8b0e-4cc9-9f0a-a3a002978724,inf,100.0,7.0,grid,feedback,0.5354622288054369,0.5010334295334296,637
1a276285-8b0e-4cc9-9f0a-a3a002978724,inf,100.0,10.0,grid,choice,0.5055555555555555,0.4999427323883846,636
1a276285-8b0e-4cc9-9f0a-a3a002978724,inf,100.0,10.0,grid,feedback,0.535694577560919,0.4976418951418951,637
1a276285-8b0e-4cc9-9f0a-a3a002978724,inf,100.0,14.0,grid,choice,0.5016812865497077,0.5009119021075543,636
1a276285-8b0e-4cc9-9f0a-a3a002978724,inf,100.0,14.0,grid,feedback,0.5153422787604194,0.49813759018759024,637
1e104bf4-7a24-4624-a5b2-c2c8289c0de7,inf,100.0,2.5,grid,choice,0.5525652366209641,0.4987775502606106,739
1e104bf4-7a24-4624-a5b2-c2c8289c0de7,inf,100.0,2.5,grid,feedback,0.595439464318031,0.4998137216319035,742
1e104bf4-7a24-4624-a5b2-c2c8289c0de7,inf,100.0,3.5,grid,choice,0.552233524988943,0.4938568503350707,739
1e104bf4-7a24-4624-a5b2-c2c8289c0de7,inf,100.0,3.5,grid,feedback,0.5804970742595161,0.49439869473960385,742
1e104bf4-7a24-4624-a5b2-c2c8289c0de7,inf,100.0,5.0,grid,choice,0.5317374318148311,0.49736550632911397,739
1e104bf4-7a24-4624-a5b2-c2c8289c0de7,inf,100.0,5.0,grid,feedback,0.5298847801170296,0.5029403340766977,742
1e104bf4-7a24-4624-a5b2-c2c8289c0de7,inf,100.0,7.0,grid,choice,0.5460194604157452,0.49710359270290394,739
1e104bf4-7a24-4624-a5b2-c2c8289c0de7,inf,100.0,7.0,grid,feedback,0.5363576039090305,0.5006610477065022,742
1e104bf4-7a24-4624-a5b2-c2c8289c0de7,inf,100.0,10.0,grid,choice,0.5284240011794191,0.5012275688756515,739
1e104bf4-7a24-4624-a5b2-c2c8289c0de7,inf,100.0,10.0,grid,feedback,0.5690655727815648,0.4999694455376274,742
1e104bf4-7a24-4624-a5b2-c2c8289c0de7,inf,100.0,14.0,grid,choice,0.5254828247088309,0.500957930007446,739
1e104bf4-7a24-4624-a5b2-c2c8289c0de7,inf,100.0,14.0,grid,feedback,0.5695481691500272,0.4972715247715247,742
6638cfb3-3831-4fc2-9327-194b76cf22e1,inf,100.0,2.5,grid,choice,0.5887150392269846,0.5065899771895517,524
6638cfb3-3831-4fc2-9327-194b76cf22e1,inf,100.0,2.5,grid,feedback,0.5095073695392378,0.4993365453944601,528
6638cfb3-3831-4fc2-9327-194b76cf22e1,inf,100.0,3.5,grid,choice,0.604405833074775,0.49681089224590735,524
6638cfb3-3831-4fc2-9327-194b76cf22e1,inf,100.0,3.5,grid,feedback,0.5072500331961227,0.5013152676801058,528
6638cfb3-3831-4fc2-9327-194b76cf22e1,inf,100.0,5.0,grid,choice,0.5993676403232717,0.49956099348450544,524
6638cfb3-3831-4fc2-9327-194b76cf22e1,inf,100.0,5.0,grid,feedback,0.5072500331961227,0.5023559454425284,528
6638cfb3-3831-4fc2-9327-194b76cf22e1,inf,100.0,7.0,grid,choice,0.6051962826706854,0.501803494664496,524
6638cfb3-3831-4fc2-9327-194b76cf22e1,inf,100.0,7.0,grid,feedback,0.5058823529411764,0.4999164438502673,528
6638cfb3-3831-4fc2-9327-194b76cf22e1,inf,100.0,10.0,grid,choice,0.5830932435027998,0.5068351381467578,524
6638cfb3-3831-4fc2-9327-194b76cf22e1,inf,100.0,10.0,grid,feedback,0.5237684238480945,0.49923083278255104,528
6638cfb3-3831-4fc2-9327-194b76cf22e1,inf,100.0,14.0,grid,choice,0.588087111977897,0.491963051561129,524
6638cfb3-3831-4fc2-9327-194b76cf22e1,inf,100.0,14.0,grid,feedback,0.5095073695392378,0.500760079312624,528
749cb2b7-e57e-4453-a794-f6230e4d0226,inf,100.0,2.5,grid,choice,0.5,0.5,765
749cb2b7-e57e-4453-a794-f6230e4d0226,inf,100.0,2.5,grid,feedback,0.6015765765765766,0.496281464188441,767
749cb2b7-e57e-4453-a794-f6230e4d0226,inf,100.0,3.5,grid,choice,0.5,0.5,765
749cb2b7-e57e-4453-a794-f6230e4d0226,inf,100.0,3.5,grid,feedback,0.6090770015298317,0.5007750441471371,767
749cb2b7-e57e-4453-a794-f6230e4d0226,inf,100.0,5.0,grid,choice,0.49808429118773945,0.4994404761904761,765
749cb2b7-e57e-4453-a794-f6230e4d0226,inf,100.0,5.0,grid,feedback,0.5967278599354071,0.49863098979378045,767
749cb2b7-e57e-4453-a794-f6230e4d0226,inf,100.0,7.0,grid,choice,0.4990421455938697,0.5000892857142857,765
749cb2b7-e57e-4453-a794-f6230e4d0226,inf,100.0,7.0,grid,feedback,0.6032466428692844,0.4987480171201102,767
749cb2b7-e57e-4453-a794-f6230e4d0226,inf,100.0,10.0,grid,choice,0.4990421455938697,0.49993916797488225,765
749cb2b7-e57e-4453-a794-f6230e4d0226,inf,100.0,10.0,grid,feedback,0.6040158082610914,0.50707745951932,767
749cb2b7-e57e-4453-a794-f6230e4d0226,inf,100.0,14.0,grid,choice,0.5,0.5,765
749cb2b7-e57e-4453-a794-f6230e4d0226,inf,100.0,14.0,grid,feedback,0.5923550909399966,0.49777797731286116,767
d7ec0892-0a6c-4f4f-9d8f-72083692af5c,inf,100.0,2.5,grid,choice,0.7862310103689414,0.5061300060496068,663
d7ec0892-0a6c-4f4f-9d8f-72083692af5c,inf,100.0,2.5,grid,feedback,0.872251226071824,0.49392373361489533,663
d7ec0892-0a6c-4f4f-9d8f-72083692af5c,inf,100.0,3.5,grid,choice,0.7765854834820352,0.5003181488203267,663
d7ec0892-0a6c-4f4f-9d8f-72083692af5c,inf,100.0,3.5,grid,feedback,0.873220218319886,0.49873081858995816,663
d7ec0892-0a6c-4f4f-9d8f-72083692af5c,inf,100.0,5.0,grid,choice,0.7823125150711358,0.4990742589231699,663
d7ec0892-0a6c-4f4f-9d8f-72083692af5c,inf,100.0,5.0,grid,feedback,0.8630359120392344,0.5030591473307409,663
d7ec0892-0a6c-4f4f-9d8f-72083692af5c,inf,100.0,7.0,grid,choice,0.7827345068724378,0.5021874773139747,663
d7ec0892-0a6c-4f4f-9d8f-72083692af5c,inf,100.0,7.0,grid,feedback,0.869344249327638,0.4980596967199745,663
d7ec0892-0a6c-4f4f-9d8f-72083692af5c,inf,100.0,10.0,grid,choice,0.7805039787798409,0.5048309739866909,663
d7ec0892-0a6c-4f4f-9d8f-72083692af5c,inf,100.0,10.0,grid,feedback,0.8640049042872964,0.5052246325959499,663
d7ec0892-0a6c-4f4f-9d8f-72083692af5c,inf,100.0,14.0,grid,choice,0.766517964793827,0.5017724137931034,663
d7ec0892-0a6c-4f4f-9d8f-72083692af5c,inf,100.0,14.0,grid,feedback,0.869344249327638,0.5030825553895942,663
da8dfec1-d265-44e8-84ce-6ae9c109b8bd,inf,100.0,2.5,grid,choice,0.5441322045417608,0.4888020378559368,524
da8dfec1-d265-44e8-84ce-6ae9c109b8bd,inf,100.0,2.5,grid,feedback,0.5153897224804143,0.4999867812293457,528
da8dfec1-d265-44e8-84ce-6ae9c109b8bd,inf,100.0,3.5,grid,choice,0.5436741870188969,0.5014007475166131,524
da8dfec1-d265-44e8-84ce-6ae9c109b8bd,inf,100.0,3.5,grid,feedback,0.5153897224804143,0.49858559153998677,528
da8dfec1-d265-44e8-84ce-6ae9c109b8bd,inf,100.0,5.0,grid,choice,0.5248585316844703,0.5004143375481391,524
da8dfec1-d265-44e8-84ce-6ae9c109b8bd,inf,100.0,5.0,grid,feedback,0.5344044615588899,0.49869498437781645,528
da8dfec1-d265-44e8-84ce-6ae9c109b8bd,inf,100.0,7.0,grid,choice,0.537557436874843,0.507343189656524,524
da8dfec1-d265-44e8-84ce-6ae9c109b8bd,inf,100.0,7.0,grid,feedback,0.5285221086177134,0.499477858559154,528
da8dfec1-d265-44e8-84ce-6ae9c109b8bd,inf,100.0,10.0,grid,choice,0.5359765376830223,0.5041513096679212,524
da8dfec1-d265-44e8-84ce-6ae9c109b8bd,inf,100.0,10.0,grid,feedback,0.5262647722745983,0.5007227888601813,528
da8dfec1-d265-44e8-84ce-6ae9c109b8bd,inf,100.0,14.0,grid,choice,0.5393451826898926,0.49849291951572,524
da8dfec1-d265-44e8-84ce-6ae9c109b8bd,inf,100.0,14.0,grid,feedback,0.5330367813039437,0.49904700925313944,528
dab512bd-a02d-4c1f-8dbc-9155a163efc0,inf,100.0,2.5,grid,choice,0.5183132110517762,0.498390804597701,410
dab512bd-a02d-4c1f-8dbc-9155a163efc0,inf,100.0,2.5,grid,feedback,0.7454071499503476,0.5061970229224326,410
dab512bd-a02d-4c1f-8dbc-9155a163efc0,inf,100.0,3.5,grid,choice,0.5158753192477362,0.4980455323185865,410
dab512bd-a02d-4c1f-8dbc-9155a163efc0,inf,100.0,3.5,grid,feedback,0.7437624131082423,0.5002091938116529,410
dab512bd-a02d-4c1f-8dbc-9155a163efc0,inf,100.0,5.0,grid,choice,0.5252495936846993,0.5007995366723418,410
dab512bd-a02d-4c1f-8dbc-9155a163efc0,inf,100.0,5.0,grid,feedback,0.7074540714995035,0.5044874210488964,410
dab512bd-a02d-4c1f-8dbc-9155a163efc0,inf,100.0,7.0,grid,choice,0.5278616206175992,0.5017849708620266,410
dab512bd-a02d-4c1f-8dbc-9155a163efc0,inf,100.0,7.0,grid,feedback,0.7072368421052632,0.5029112908948974,410
dab512bd-a02d-4c1f-8dbc-9155a163efc0,inf,100.0,10.0,grid,choice,0.49738797306710003,0.5002155172413792,410
dab512bd-a02d-4c1f-8dbc-9155a163efc0,inf,100.0,10.0,grid,feedback,0.6871586395233367,0.5020654318359238,410
dab512bd-a02d-4c1f-8dbc-9155a163efc0,inf,100.0,14.0,grid,choice,0.5126247968423496,0.5007255747126437,410
dab512bd-a02d-4c1f-8dbc-9155a163efc0,inf,100.0,14.0,grid,feedback,0.7449726911618669,0.4906341991341991,410
dc7e9403-19f7-409f-9240-05ee57cb7aea,inf,100.0,2.5,grid,choice,0.5412806465610762,0.5048058141657539,859
dc7e9403-19f7-409f-9240-05ee57cb7aea,inf,100.0,2.5,grid,feedback,0.5721196130167107,0.5005149542196328,872
dc7e9403-19f7-409f-9240-05ee57cb7aea,inf,100.0,3.5,grid,choice,0.5720763723150357,0.49543635581286183,859
dc7e9403-19f7-409f-9240-05ee57cb7aea,inf,100.0,3.5,grid,feedback,0.5690529093181502,0.5007765191697539,872
dc7e9403-19f7-409f-9240-05ee57cb7aea,inf,100.0,5.0,grid,choice,0.5570758298980256,0.49925800605017456,859
dc7e9403-19f7-409f-9240-05ee57cb7aea,inf,100.0,5.0,grid,feedback,0.5497616071841873,0.4999007586893838,872
dc7e9403-19f7-409f-9240-05ee57cb7aea,inf,100.0,7.0,grid,choice,0.5616782382295509,0.5024421060866845,859
dc7e9403-19f7-409f-9240-05ee57cb7aea,inf,100.0,7.0,grid,feedback,0.5491019765773272,0.5028031072235991,872
dc7e9403-19f7-409f-9240-05ee57cb7aea,inf,100.0,10.0,grid,choice,0.5801448253417227,0.49995651436916494,859
dc7e9403-19f7-409f-9240-05ee57cb7aea,inf,100.0,10.0,grid,feedback,0.5903231032726937,0.49879781244790633,872
dc7e9403-19f7-409f-9240-05ee57cb7aea,inf,100.0,14.0,grid,choice,0.5836678238229551,0.5005550774526678,859
dc7e9403-19f7-409f-9240-05ee57cb7aea,inf,100.0,14.0,grid,feedback,0.540989677359626,0.5007124905456585,872
e8f9fba4-d151-4b00-bee7-447f0f3e752c,inf,100.0,2.5,grid,choice,0.5483174519022839,0.49722620374794296,771
e8f9fba4-d151-4b00-bee7-447f0f3e752c,inf,100.0,2.5,grid,feedback,0.7147336667460507,0.4976639207878894,802
e8f9fba4-d151-4b00-bee7-447f0f3e752c,inf,100.0,3.5,grid,choice,0.539158307406839,0.5002990254252526,771
e8f9fba4-d151-4b00-bee7-447f0f3e752c,inf,100.0,3.5,grid,feedback,0.7178296419782488,0.49784909147960066,802
e8f9fba4-d151-4b00-bee7-447f0f3e752c,inf,100.0,5.0,grid,choice,0.5444563807078979,0.5013265822925712,771
e8f9fba4-d151-4b00-bee7-447f0f3e752c,inf,100.0,5.0,grid,feedback,0.6866615067079463,0.5048667365158598,802
e8f9fba4-d151-4b00-bee7-447f0f3e752c,inf,100.0,7.0,grid,choice,0.5396640484395273,0.5028316032961897,771
e8f9fba4-d151-4b00-bee7-447f0f3e752c,inf,100.0,7.0,grid,feedback,0.6785941097086607,0.5051039400475118,802
e8f9fba4-d151-4b00-bee7-447f0f3e752c,inf,100.0,10.0,grid,choice,0.5272297947737767,0.49919714460387665,771
e8f9fba4-d151-4b00-bee7-447f0f3e752c,inf,100.0,10.0,grid,feedback,0.6441116932603,0.5028582560303537,802
e8f9fba4-d151-4b00-bee7-447f0f3e752c,inf,100.0,14.0,grid,choice,0.5306095400198111,0.506799283582243,771
e8f9fba4-d151-4b00-bee7-447f0f3e752c,inf,100.0,14.0,grid,feedback,0.6649996030800984,0.5051476733366035,802
eebcaf65-7fa4-4118-869d-a084e84530e2,inf,100.0,2.5,grid,choice,0.5,0.5,723
eebcaf65-7fa4-4118-869d-a084e84530e2,inf,100.0,2.5,grid,feedback,0.8203033129232391,0.49489211688752976,724
eebcaf65-7fa4-4118-869d-a084e84530e2,inf,100.0,3.5,grid,choice,0.5,0.5,723
eebcaf65-7fa4-4118-869d-a084e84530e2,inf,100.0,3.5,grid,feedback,0.8358845951096874,0.49509080181098525,724
eebcaf65-7fa4-4118-869d-a084e84530e2,inf,100.0,5.0,grid,choice,0.49976048489588426,0.4999801390268124,723
eebcaf65-7fa4-4118-869d-a084e84530e2,inf,100.0,5.0,grid,feedback,0.8303698146871579,0.49458985361508306,724
eebcaf65-7fa4-4118-869d-a084e84530e2,inf,100.0,7.0,grid,choice,0.4981132075471698,0.49972194637537243,723
eebcaf65-7fa4-4118-869d-a084e84530e2,inf,100.0,7.0,grid,feedback,0.8321945582093184,0.5047385803234428,724
eebcaf65-7fa4-4118-869d-a084e84530e2,inf,100.0,10.0,grid,choice,0.5,0.5,723
eebcaf65-7fa4-4118-869d-a084e84530e2,inf,100.0,10.0,grid,feedback,0.8450691375045618,0.504088342930086,724
eebcaf65-7fa4-4118-869d-a084e84530e2,inf,100.0,14.0,grid,choice,0.5016472773487144,0.49990069513406155,723
eebcaf65-7fa4-4118-869d-a084e84530e2,inf,100.0,14.0,grid,feedback,0.8377093386318478,0.48987441570010376,724
fe380793-8035-414e-b000-09bfe5ece92a,inf,100.0,2.5,grid,choice,0.5905627277837211,0.5004213262227969,945
fe380793-8035-414e-b000-09bfe5ece92a,inf,100.0,2.5,grid,feedback,0.5312243865859826,0.4994893245341615,945
fe380793-8035-414e-b000-09bfe5ece92a,inf,100.0,3.5,grid,choice,0.5800869431197984,0.4909695108812755,945
fe380793-8035-414e-b000-09bfe5ece92a,inf,100.0,3.5,grid,feedback,0.5312243865859826,0.5000883888412936,945
fe380793-8035-414e-b000-09bfe5ece92a,inf,100.0,5.0,grid,choice,0.562526064803902,0.49917911010558064,945
fe380793-8035-414e-b000-09bfe5ece92a,inf,100.0,5.0,grid,feedback,0.5207348760964721,0.49952538686014136,945
fe380793-8035-414e-b000-09bfe5ece92a,inf,100.0,7.0,grid,choice,0.5729406538412721,0.5015085649644473,945
fe380793-8035-414e-b000-09bfe5ece92a,inf,100.0,7.0,grid,feedback,0.5388408349754983,0.5019094359070465,945
fe380793-8035-414e-b000-09bfe5ece92a,inf,100.0,10.0,grid,choice,0.5686977570669616,0.5013157455289808,945
fe380793-8035-414e-b000-09bfe5ece92a,inf,100.0,10.0,grid,feedback,0.5191086967894948,0.501191040640394,945
fe380793-8035-414e-b000-09bfe5ece92a,inf,100.0,14.0,grid,choice,0.5661502057986256,0.4989198987287223,945
fe380793-8035-414e-b000-09bfe5ece92a,inf,100.0,14.0,grid,feedback,0.5057461241999895,0.4999439655172413,945
1a276285-8b0e-4cc9-9f0a-a3a002978724,p48,70.0,2.5,grid,choice,0.5055555555555555,0.49994213515952646,636
1a276285-8b0e-4cc9-9f0a-a3a002978724,p48,70.0,2.5,grid,feedback,0.5459469663965613,0.4974329244829244,637
1a276285-8b0e-4cc9-9f0a-a3a002978724,p48,70.0,3.5,grid,choice,0.5027777777777778,0.4998702686202687,636
1a276285-8b0e-4cc9-9f0a-a3a002978724,p48,70.0,3.5,grid,feedback,0.5860343876158113,0.49869641654641655,637
1a276285-8b0e-4cc9-9f0a-a3a002978724,p48,70.0,5.0,grid,choice,0.5027777777777778,0.4998702686202687,636
1a276285-8b0e-4cc9-9f0a-a3a002978724,p48,70.0,5.0,grid,feedback,0.5673012692050768,0.496551948051948,637
1a276285-8b0e-4cc9-9f0a-a3a002978724,p48,70.0,7.0,grid,choice,0.5055555555555555,0.5001282051282051,636
1a276285-8b0e-4cc9-9f0a-a3a002978724,p48,70.0,7.0,grid,feedback,0.539085417211234,0.4958189273689274,637
1a276285-8b0e-4cc9-9f0a-a3a002978724,p48,70.0,10.0,grid,choice,0.5055555555555555,0.5001377607899348,636
1a276285-8b0e-4cc9-9f0a-a3a002978724,p48,70.0,10.0,grid,feedback,0.536696581568935,0.5009286195286196,637
1a276285-8b0e-4cc9-9f0a-a3a002978724,p48,70.0,14.0,grid,choice,0.5016812865497077,0.5001353718745023,636
1a276285-8b0e-4cc9-9f0a-a3a002978724,p48,70.0,14.0,grid,feedback,0.5429409543725131,0.5001665704665705,637
1e104bf4-7a24-4624-a5b2-c2c8289c0de7,p48,70.0,2.5,grid,choice,0.5513637033760873,0.49620676656738644,739
1e104bf4-7a24-4624-a5b2-c2c8289c0de7,p48,70.0,2.5,grid,feedback,0.582493816734029,0.5026792819974638,742
1e104bf4-7a24-4624-a5b2-c2c8289c0de7,p48,70.0,3.5,grid,choice,0.533985699542975,0.5066070364854802,739
1e104bf4-7a24-4624-a5b2-c2c8289c0de7,p48,70.0,3.5,grid,feedback,0.5796706279785244,0.4982958371594735,742
1e104bf4-7a24-4624-a5b2-c2c8289c0de7,p48,70.0,5.0,grid,choice,0.5222615361934247,0.49403713700670143,739
1e104bf4-7a24-4624-a5b2-c2c8289c0de7,p48,70.0,5.0,grid,feedback,0.5327079688725342,0.5003880252743889,742
1e104bf4-7a24-4624-a5b2-c2c8289c0de7,p48,70.0,7.0,grid,choice,0.5429750847707504,0.5022981198808638,739
1e104bf4-7a24-4624-a5b2-c2c8289c0de7,p48,70.0,7.0,grid,feedback,0.5355311576280388,0.5005075101666011,742
1e104bf4-7a24-4624-a5b2-c2c8289c0de7,p48,70.0,10.0,grid,choice,0.5373101872327879,0.49837392963514515,739
1e104bf4-7a24-4624-a5b2-c2c8289c0de7,p48,70.0,10.0,grid,feedback,0.5690655727815648,0.5009482268573178,742
1e104bf4-7a24-4624-a5b2-c2c8289c0de7,p48,70.0,14.0,grid,choice,0.5403545628777826,0.5032716399851079,739
1e104bf4-7a24-4624-a5b2-c2c8289c0de7,p48,70.0,14.0,grid,feedback,0.5695481691500272,0.49816432725523635,742
6638cfb3-3831-4fc2-9327-194b76cf22e1,p48,70.0,2.5,grid,choice,0.5693601051962827,0.49922435960166317,524
6638cfb3-3831-4fc2-9327-194b76cf22e1,p48,70.0,2.5,grid,feedback,0.5036250165980614,0.49943159286186384,528
6638cfb3-3831-4fc2-9327-194b76cf22e1,p48,70.0,3.5,grid,choice,0.5917512521608085,0.5100463169965684,524
6638cfb3-3831-4fc2-9327-194b76cf22e1,p48,70.0,3.5,grid,feedback,0.5024963484265038,0.501810971579643,528
6638cfb3-3831-4fc2-9327-194b76cf22e1,p48,70.0,5.0,grid,choice,0.5958290855901778,0.49992873289283957,524
6638cfb3-3831-4fc2-9327-194b76cf22e1,p48,70.0,5.0,grid,feedback,0.5013676802549463,0.49823529411764705,528
6638cfb3-3831-4fc2-9327-194b76cf22e1,p48,70.0,7.0,grid,choice,0.580057030568976,0.4998215497372121,524
6638cfb3-3831-4fc2-9327-194b76cf22e1,p48,70.0,7.0,grid,feedback,0.5058823529411764,0.5002673796791444,528
6638cfb3-3831-4fc2-9327-194b76cf22e1,p48,70.0,10.0,grid,choice,0.5860481952632124,0.4985307427425847,524
6638cfb3-3831-4fc2-9327-194b76cf22e1,p48,70.0,10.0,grid,feedback,0.5237684238480945,0.5006313840653729,528
6638cfb3-3831-4fc2-9327-194b76cf22e1,p48,70.0,14.0,grid,choice,0.5863806273362587,0.5026507279176856,524
6638cfb3-3831-4fc2-9327-194b76cf22e1,p48,70.0,14.0,grid,feedback,0.5095073695392378,0.500760079312624,528
749cb2b7-e57e-4453-a794-f6230e4d0226,p48,70.0,2.5,grid,choice,0.5,0.5,765
749cb2b7-e57e-4453-a794-f6230e4d0226,p48,70.0,2.5,grid,feedback,0.6003314635390107,0.49762615605638855,767
749cb2b7-e57e-4453-a794-f6230e4d0226,p48,70.0,3.5,grid,choice,0.4990421455938697,0.4999583333333333,765
749cb2b7-e57e-4453-a794-f6230e4d0226,p48,70.0,3.5,grid,feedback,0.5914541900390957,0.5012778725569422,767
749cb2b7-e57e-4453-a794-f6230e4d0226,p48,70.0,5.0,grid,choice,0.49808429118773945,0.5001977367870224,765
749cb2b7-e57e-4453-a794-f6230e4d0226,p48,70.0,5.0,grid,feedback,0.5967278599354071,0.496606506839065,767
749cb2b7-e57e-4453-a794-f6230e4d0226,p48,70.0,7.0,grid,choice,0.4990421455938697,0.5002394034536891,765
749cb2b7-e57e-4453-a794-f6230e4d0226,p48,70.0,7.0,grid,feedback,0.6032466428692844,0.4985977672024184,767
749cb2b7-e57e-4453-a794-f6230e4d0226,p48,70.0,10.0,grid,choice,0.4990421455938697,0.4999391679748822,765
749cb2b7-e57e-4453-a794-f6230e4d0226,p48,70.0,10.0,grid,feedback,0.6040158082610914,0.5010198736942924,767
749cb2b7-e57e-4453-a794-f6230e4d0226,p48,70.0,14.0,grid,choice,0.5,0.5,765
749cb2b7-e57e-4453-a794-f6230e4d0226,p48,70.0,14.0,grid,feedback,0.5870814210436852,0.5034872497081799,767
d7ec0892-0a6c-4f4f-9d8f-72083692af5c,p48,70.0,2.5,grid,choice,0.7752592235350857,0.49936167574107687,663
d7ec0892-0a6c-4f4f-9d8f-72083692af5c,p48,70.0,2.5,grid,feedback,0.8669118810314824,0.5013425635016696,663
d7ec0892-0a6c-4f4f-9d8f-72083692af5c,p48,70.0,3.5,grid,choice,0.769532191945985,0.506956684815487,663
d7ec0892-0a6c-4f4f-9d8f-72083692af5c,p48,70.0,3.5,grid,feedback,0.8688498655276063,0.49629509391122206,663
d7ec0892-0a6c-4f4f-9d8f-72083692af5c,p48,70.0,5.0,grid,choice,0.7673619483964311,0.49367244404113736,663
d7ec0892-0a6c-4f4f-9d8f-72083692af5c,p48,70.0,5.0,grid,feedback,0.8708076253757318,0.5026573249036423,663
d7ec0892-0a6c-4f4f-9d8f-72083692af5c,p48,70.0,7.0,grid,choice,0.7795997106341934,0.5031534482758621,663
d7ec0892-0a6c-4f4f-9d8f-72083692af5c,p48,70.0,7.0,grid,feedback,0.8727456098718558,0.5007068772372589,663
d7ec0892-0a6c-4f4f-9d8f-72083692af5c,p48,70.0,10.0,grid,choice,0.7818302387267904,0.504453932244404,663
d7ec0892-0a6c-4f4f-9d8f-72083692af5c,p48,70.0,10.0,grid,feedback,0.858171175446923,0.4992202160215634,663
d7ec0892-0a6c-4f4f-9d8f-72083692af5c,p48,70.0,14.0,grid,choice,0.7647697130455751,0.4997262250453721,663
d7ec0892-0a6c-4f4f-9d8f-72083692af5c,p48,70.0,14.0,grid,feedback,0.8649738965353584,0.5037325332852618,663
da8dfec1-d265-44e8-84ce-6ae9c109b8bd,p48,70.0,2.5,grid,choice,0.5251540268605115,0.49051639794960067,524
da8dfec1-d265-44e8-84ce-6ae9c109b8bd,p48,70.0,2.5,grid,feedback,0.5133713982206878,0.5025578321216128,528
da8dfec1-d265-44e8-84ce-6ae9c109b8bd,p48,70.0,3.5,grid,choice,0.5420932878270762,0.4978554083037817,524
da8dfec1-d265-44e8-84ce-6ae9c109b8bd,p48,70.0,3.5,grid,feedback,0.5036250165980614,0.4997818902842036,528
da8dfec1-d265-44e8-84ce-6ae9c109b8bd,p48,70.0,5.0,grid,choice,0.5198646632093731,0.4993583797715278,524
da8dfec1-d265-44e8-84ce-6ae9c109b8bd,p48,70.0,5.0,grid,feedback,0.5224007435931484,0.4989358889623265,528
da8dfec1-d265-44e8-84ce-6ae9c109b8bd,p48,70.0,7.0,grid,choice,0.5477963447246724,0.49590921046869285,524
da8dfec1-d265-44e8-84ce-6ae9c109b8bd,p48,70.0,7.0,grid,feedback,0.5285221086177134,0.499477858559154,528
da8dfec1-d265-44e8-84ce-6ae9c109b8bd,p48,70.0,10.0,grid,choice,0.5359765376830223,0.5074538154651488,524
da8dfec1-d265-44e8-84ce-6ae9c109b8bd,p48,70.0,10.0,grid,feedback,0.5251361041030408,0.49959983176110073,528
da8dfec1-d265-44e8-84ce-6ae9c109b8bd,p48,70.0,14.0,grid,choice,0.5376386980482544,0.5006277685174723,524
da8dfec1-d265-44e8-84ce-6ae9c109b8bd,p48,70.0,14.0,grid,feedback,0.5330367813039437,0.5000979015201586,528
dab512bd-a02d-4c1f-8dbc-9155a163efc0,p48,70.0,2.5,grid,choice,0.511638031112143,0.5038505747126437,410
dab512bd-a02d-4c1f-8dbc-9155a163efc0,p48,70.0,2.5,grid,feedback,0.7456243793445878,0.49669285359449283,410
dab512bd-a02d-4c1f-8dbc-9155a163efc0,p48,70.0,3.5,grid,choice,0.5159623868121662,0.5019193845873673,410
dab512bd-a02d-4c1f-8dbc-9155a163efc0,p48,70.0,3.5,grid,feedback,0.7468346573982125,0.5052227130792704,410
dab512bd-a02d-4c1f-8dbc-9155a163efc0,p48,70.0,5.0,grid,choice,0.5447237055955421,0.5023222287161504,410
dab512bd-a02d-4c1f-8dbc-9155a163efc0,p48,70.0,5.0,grid,feedback,0.7263219960278053,0.5052841175218223,410
dab512bd-a02d-4c1f-8dbc-9155a163efc0,p48,70.0,7.0,grid,choice,0.5448107731599722,0.5015547311090218,410
dab512bd-a02d-4c1f-8dbc-9155a163efc0,p48,70.0,7.0,grid,feedback,0.7293942403177756,0.5040193208430913,410
dab512bd-a02d-4c1f-8dbc-9155a163efc0,p48,70.0,10.0,grid,choice,0.49738797306710003,0.49903735632183893,410
dab512bd-a02d-4c1f-8dbc-9155a163efc0,p48,70.0,10.0,grid,feedback,0.6777246772591857,0.5011738521041801,410
dab512bd-a02d-4c1f-8dbc-9155a163efc0,p48,70.0,14.0,grid,choice,0.5151497562108196,0.5019899425287356,410
dab512bd-a02d-4c1f-8dbc-9155a163efc0,p48,70.0,14.0,grid,feedback,0.7386109731876862,0.4960563480235611,410
dc7e9403-19f7-409f-9240-05ee57cb7aea,p48,70.0,2.5,grid,choice,0.5540084617053591,0.4928197530381264,859
dc7e9403-19f7-409f-9240-05ee57cb7aea,p48,70.0,2.5,grid,feedback,0.5721196130167107,0.49927849424886717,872
dc7e9403-19f7-409f-9240-05ee57cb7aea,p48,70.0,3.5,grid,choice,0.5512231503579952,0.4954915115005476,859
dc7e9403-19f7-409f-9240-05ee57cb7aea,p48,70.0,3.5,grid,feedback,0.5710318011387308,0.49746498793839566,872
dc7e9403-19f7-409f-9240-05ee57cb7aea,p48,70.0,5.0,grid,choice,0.5559964200477328,0.5057630848067596,859
dc7e9403-19f7-409f-9240-05ee57cb7aea,p48,70.0,5.0,grid,feedback,0.5822108040549924,0.5005600044154703,872
dc7e9403-19f7-409f-9240-05ee57cb7aea,p48,70.0,7.0,grid,choice,0.5723041874593187,0.5001413771971001,859
dc7e9403-19f7-409f-9240-05ee57cb7aea,p48,70.0,7.0,grid,feedback,0.5784844697495718,0.5034869988165713,872
dc7e9403-19f7-409f-9240-05ee57cb7aea,p48,70.0,10.0,grid,choice,0.5803156866999348,0.49349811583998326,859
dc7e9403-19f7-409f-9240-05ee57cb7aea,p48,70.0,10.0,grid,feedback,0.5903231032726937,0.4998004815342415,872
dc7e9403-19f7-409f-9240-05ee57cb7aea,p48,70.0,14.0,grid,choice,0.5848041874593187,0.5015808363323423,859
dc7e9403-19f7-409f-9240-05ee57cb7aea,p48,70.0,14.0,grid,feedback,0.540989677359626,0.4969279021212168,872
e8f9fba4-d151-4b00-bee7-447f0f3e752c,p48,70.0,2.5,grid,choice,0.5471455278541234,0.5012961193395976,771
e8f9fba4-d151-4b00-bee7-447f0f3e752c,p48,70.0,2.5,grid,feedback,0.7106453917599429,0.4990457391992229,802
e8f9fba4-d151-4b00-bee7-447f0f3e752c,p48,70.0,3.5,grid,choice,0.5418474545530645,0.5058241758241759,771
e8f9fba4-d151-4b00-bee7-447f0f3e752c,p48,70.0,3.5,grid,feedback,0.7114193855679924,0.5045248764114105,802
e8f9fba4-d151-4b00-bee7-447f0f3e752c,p48,70.0,5.0,grid,choice,0.5439506396752096,0.495021797783018,771
e8f9fba4-d151-4b00-bee7-447f0f3e752c,p48,70.0,5.0,grid,feedback,0.6921886163372232,0.5050792884519207,802
e8f9fba4-d151-4b00-bee7-447f0f3e752c,p48,70.0,7.0,grid,choice,0.5434448986425213,0.4974728614069427,771
e8f9fba4-d151-4b00-bee7-447f0f3e752c,p48,70.0,7.0,grid,feedback,0.6577061998888625,0.501685581251082,802
e8f9fba4-d151-4b00-bee7-447f0f3e752c,p48,70.0,10.0,grid,choice,0.5310106449767708,0.5010968803675676,771
e8f9fba4-d151-4b00-bee7-447f0f3e752c,p48,70.0,10.0,grid,feedback,0.6473168214654282,0.5004717152845903,802
e8f9fba4-d151-4b00-bee7-447f0f3e752c,p48,70.0,14.0,grid,choice,0.5330336091075241,0.5039445596090056,771
e8f9fba4-d151-4b00-bee7-447f0f3e752c,p48,70.0,14.0,grid,feedback,0.6747241406684131,0.49860176462384836,802
eebcaf65-7fa4-4118-869d-a084e84530e2,p48,70.0,2.5,grid,choice,0.5,0.5,723
eebcaf65-7fa4-4118-869d-a084e84530e2,p48,70.0,2.5,grid,feedback,0.8175966100320344,0.501210086233022,724
eebcaf65-7fa4-4118-869d-a084e84530e2,p48,70.0,3.5,grid,choice,0.5,0.5,723
eebcaf65-7fa4-4118-869d-a084e84530e2,p48,70.0,3.5,grid,feedback,0.8294878553181136,0.4947422766803502,724
eebcaf65-7fa4-4118-869d-a084e84530e2,p48,70.0,5.0,grid,choice,0.5,0.5,723
eebcaf65-7fa4-4118-869d-a084e84530e2,p48,70.0,5.0,grid,feedback,0.8358845951096874,0.4997228535875325,724
eebcaf65-7fa4-4118-869d-a084e84530e2,p48,70.0,7.0,grid,choice,0.4981132075471698,0.49990069513406155,723
eebcaf65-7fa4-4118-869d-a084e84530e2,p48,70.0,7.0,grid,feedback,0.8349418109565712,0.5007220638069262,724
eebcaf65-7fa4-4118-869d-a084e84530e2,p48,70.0,10.0,grid,choice,0.5,0.5,723
eebcaf65-7fa4-4118-869d-a084e84530e2,p48,70.0,10.0,grid,feedback,0.853331170674344,0.5016992910341534,724
eebcaf65-7fa4-4118-869d-a084e84530e2,p48,70.0,14.0,grid,choice,0.4990566037735849,0.49959285004965254,723
eebcaf65-7fa4-4118-869d-a084e84530e2,p48,70.0,14.0,grid,feedback,0.8285653460930213,0.4995726575199051,724
fe380793-8035-414e-b000-09bfe5ece92a,p48,70.0,2.5,grid,choice,0.5779654947326431,0.49874698340874823,945
fe380793-8035-414e-b000-09bfe5ece92a,p48,70.0,2.5,grid,feedback,0.5299775037929652,0.5011004631612765,945
fe380793-8035-414e-b000-09bfe5ece92a,p48,70.0,3.5,grid,choice,0.5898827763775816,0.4954871794871794,945
fe380793-8035-414e-b000-09bfe5ece92a,p48,70.0,3.5,grid,feedback,0.5306009451894739,0.4992874611801242,945
fe380793-8035-414e-b000-09bfe5ece92a,p48,70.0,5.0,grid,choice,0.5696723540824282,0.4946243535875889,945
fe380793-8035-414e-b000-09bfe5ece92a,p48,70.0,5.0,grid,feedback,0.5312243865859826,0.4984769691047334,945
fe380793-8035-414e-b000-09bfe5ece92a,p48,70.0,7.0,grid,choice,0.5622110206523907,0.5002759103641456,945
fe380793-8035-414e-b000-09bfe5ece92a,p48,70.0,7.0,grid,feedback,0.5359677728755036,0.49780065993788825,945
fe380793-8035-414e-b000-09bfe5ece92a,p48,70.0,10.0,grid,choice,0.5639267647005494,0.5020195809092868,945
fe380793-8035-414e-b000-09bfe5ece92a,p48,70.0,10.0,grid,feedback,0.5293540623964564,0.5011162722210323,945
fe380793-8035-414e-b000-09bfe5ece92a,p48,70.0,14.0,grid,choice,0.5643936646660985,0.5000389463477698,945
fe380793-8035-414e-b000-09bfe5ece92a,p48,70.0,14.0,grid,feedback,0.5022496207034861,0.5005689655172414,945
1a276285-8b0e-4cc9-9f0a-a3a002978724,p32,100.0,2.5,grid,choice,0.5055555555555555,0.4997494956734087,636
1a276285-8b0e-4cc9-9f0a-a3a002978724,p32,100.0,2.5,grid,feedback,0.5721588103743719,0.5025873737373737,637
1a276285-8b0e-4cc9-9f0a-a3a002978724,p32,100.0,3.5,grid,choice,0.5027777777777778,0.4996764346764347,636
1a276285-8b0e-4cc9-9f0a-a3a002978724,p32,100.0,3.5,grid,feedback,0.574162818390404,0.49834410774410776,637
1a276285-8b0e-4cc9-9f0a-a3a002978724,p32,100.0,5.0,grid,choice,0.5027777777777778,0.5000641025641026,636
1a276285-8b0e-4cc9-9f0a-a3a002978724,p32,100.0,5.0,grid,feedback,0.5292178560018588,0.49955930735930737,637
1a276285-8b0e-4cc9-9f0a-a3a002978724,p32,100.0,7.0,grid,choice,0.5055555555555555,0.49993437118437123,636
1a276285-8b0e-4cc9-9f0a-a3a002978724,p32,100.0,7.0,grid,feedback,0.5354622288054369,0.49966149591149595,637
1a276285-8b0e-4cc9-9f0a-a3a002978724,p32,100.0,10.0,grid,choice,0.5055555555555555,0.4997483012156925,636
1a276285-8b0e-4cc9-9f0a-a3a002978724,p32,100.0,10.0,grid,feedback,0.536696581568935,0.5011297258297258,637
1a276285-8b0e-4cc9-9f0a-a3a002978724,p32,100.0,14.0,grid,choice,0.5016812865497077,0.5001353718745023,636
1a276285-8b0e-4cc9-9f0a-a3a002978724,p32,100.0,14.0,grid,feedback,0.5153422787604194,0.4995105339105339,637
1e104bf4-7a24-4624-a5b2-c2c8289c0de7,p32,100.0,2.5,grid,choice,0.5459678608285419,0.4967548399106479,739
1e104bf4-7a24-4624-a5b2-c2c8289c0de7,p32,100.0,2.5,grid,feedback,0.595439464318031,0.49961366915912364,742
1e104bf4-7a24-4624-a5b2-c2c8289c0de7,p32,100.0,3.5,grid,choice,0.5523367241633496,0.5042148175725987,739
1e104bf4-7a24-4624-a5b2-c2c8289c0de7,p32,100.0,3.5,grid,feedback,0.5804970742595161,0.500287889719708,742
1e104bf4-7a24-4624-a5b2-c2c8289c0de7,p32,100.0,5.0,grid,choice,0.5210600029485478,0.5023455416976917,739
1e104bf4-7a24-4624-a5b2-c2c8289c0de7,p32,100.0,5.0,grid,feedback,0.5298847801170296,0.5002486991123355,742
1e104bf4-7a24-4624-a5b2-c2c8289c0de7,p32,100.0,7.0,grid,choice,0.5365951643815421,0.5038532204020849,739
1e104bf4-7a24-4624-a5b2-c2c8289c0de7,p32,100.0,7.0,grid,feedback,0.5363576039090305,0.5004279264506537,742
1e104bf4-7a24-4624-a5b2-c2c8289c0de7,p32,100.0,10.0,grid,choice,0.5234114698510983,0.4955885145197319,739
1e104bf4-7a24-4624-a5b2-c2c8289c0de7,p32,100.0,10.0,grid,feedback,0.5690655727815648,0.4973439481394027,742
1e104bf4-7a24-4624-a5b2-c2c8289c0de7,p32,100.0,14.0,grid,choice,0.541390240306649,0.4969665394638868,739
1e104bf4-7a24-4624-a5b2-c2c8289c0de7,p32,100.0,14.0,grid,feedback,0.5695481691500272,0.4986041147404783,742
6638cfb3-3831-4fc2-9327-194b76cf22e1,p32,100.0,2.5,grid,choice,0.6009928637914986,0.49586430189160746,524
6638cfb3-3831-4fc2-9327-194b76cf22e1,p32,100.0,2.5,grid,feedback,0.5095073695392378,0.4996862044102625,528
6638cfb3-3831-4fc2-9327-194b76cf22e1,p32,100.0,3.5,grid,choice,0.6106481686686465,0.49960877837316475,524
6638cfb3-3831-4fc2-9327-194b76cf22e1,p32,100.0,3.5,grid,feedback,0.5072500331961227,0.5006146728354264,528
6638cfb3-3831-4fc2-9327-194b76cf22e1,p32,100.0,5.0,grid,choice,0.5929997192795827,0.502156564613474,524
6638cfb3-3831-4fc2-9327-194b76cf22e1,p32,100.0,5.0,grid,feedback,0.5072500331961227,0.49920263023493355,528
6638cfb3-3831-4fc2-9327-194b76cf22e1,p32,100.0,7.0,grid,choice,0.6101901511457826,0.5063159490395445,524
6638cfb3-3831-4fc2-9327-194b76cf22e1,p32,100.0,7.0,grid,feedback,0.5058823529411764,0.5006183155080214,528
6638cfb3-3831-4fc2-9327-194b76cf22e1,p32,100.0,10.0,grid,choice,0.5865062127860763,0.49955086556973943,524
6638cfb3-3831-4fc2-9327-194b76cf22e1,p32,100.0,10.0,grid,feedback,0.5237684238480945,0.5002817250495704,528
6638cfb3-3831-4fc2-9327-194b76cf22e1,p32,100.0,14.0,grid,choice,0.5863806273362587,0.4999470382911682,524
6638cfb3-3831-4fc2-9327-194b76cf22e1,p32,100.0,14.0,grid,feedback,0.5153897224804143,0.5017382683410443,528
749cb2b7-e57e-4453-a794-f6230e4d0226,p32,100.0,2.5,grid,choice,0.5,0.5,765
749cb2b7-e57e-4453-a794-f6230e4d0226,p32,100.0,2.5,grid,feedback,0.5992180860105388,0.5014183203136692,767
749cb2b7-e57e-4453-a794-f6230e4d0226,p32,100.0,3.5,grid,choice,0.5,0.5,765
749cb2b7-e57e-4453-a794-f6230e4d0226,p32,100.0,3.5,grid,feedback,0.5923550909399966,0.4998897818083865,767
749cb2b7-e57e-4453-a794-f6230e4d0226,p32,100.0,5.0,grid,choice,0.49808429118773945,0.5004979722658294,765
749cb2b7-e57e-4453-a794-f6230e4d0226,p32,100.0,5.0,grid,feedback,0.5967278599354071,0.500271916434707,767
749cb2b7-e57e-4453-a794-f6230e4d0226,p32,100.0,7.0,grid,choice,0.4990421455938697,0.5000892857142857,765
749cb2b7-e57e-4453-a794-f6230e4d0226,p32,100.0,7.0,grid,feedback,0.6005439401665816,0.49605085151596784,767
749cb2b7-e57e-4453-a794-f6230e4d0226,p32,100.0,10.0,grid,choice,0.4990421455938697,0.4996389324960752,765
749cb2b7-e57e-4453-a794-f6230e4d0226,p32,100.0,10.0,grid,feedback,0.6040158082610914,0.5030894016940528,767
749cb2b7-e57e-4453-a794-f6230e4d0226,p32,100.0,14.0,grid,choice,0.5,0.5,765
749cb2b7-e57e-4453-a794-f6230e4d0226,p32,100.0,14.0,grid,feedback,0.5932559918408975,0.4940870521684475,767
d7ec0892-0a6c-4f4f-9d8f-72083692af5c,p32,100.0,2.5,grid,choice,0.7875572703158911,0.49962044767090136,663
d7ec0892-0a6c-4f4f-9d8f-72083692af5c,p32,100.0,2.5,grid,feedback,0.872251226071824,0.5020000590164215,663
d7ec0892-0a6c-4f4f-9d8f-72083692af5c,p32,100.0,3.5,grid,choice,0.7875572703158911,0.49636875378100426,663
d7ec0892-0a6c-4f4f-9d8f-72083692af5c,p32,100.0,3.5,grid,feedback,0.8756525866160417,0.5002770724421209,663
d7ec0892-0a6c-4f4f-9d8f-72083692af5c,p32,100.0,5.0,grid,choice,0.7744152399324813,0.5106844525105868,663
d7ec0892-0a6c-4f4f-9d8f-72083692af5c,p32,100.0,5.0,grid,feedback,0.8640049042872964,0.5014394158876498,663
d7ec0892-0a6c-4f4f-9d8f-72083692af5c,p32,100.0,7.0,grid,choice,0.7827345068724378,0.5003539624924379,663
d7ec0892-0a6c-4f4f-9d8f-72083692af5c,p32,100.0,7.0,grid,feedback,0.8737146021199178,0.5051642931334929,663
d7ec0892-0a6c-4f4f-9d8f-72083692af5c,p32,100.0,10.0,grid,choice,0.7827345068724378,0.5076930127041742,663
d7ec0892-0a6c-4f4f-9d8f-72083692af5c,p32,100.0,10.0,grid,feedback,0.8557388071507673,0.5063595409166215,663
d7ec0892-0a6c-4f4f-9d8f-72083692af5c,p32,100.0,14.0,grid,choice,0.7642874367012298,0.4996847852389595,663
d7ec0892-0a6c-4f4f-9d8f-72083692af5c,p32,100.0,14.0,grid,feedback,0.868375257079576,0.4990525847046603,663
da8dfec1-d265-44e8-84ce-6ae9c109b8bd,p32,100.0,2.5,grid,choice,0.5353929347103409,0.5016284019007446,524
da8dfec1-d265-44e8-84ce-6ae9c109b8bd,p32,100.0,2.5,grid,feedback,0.5153897224804143,0.499636483807006,528
da8dfec1-d265-44e8-84ce-6ae9c109b8bd,p32,100.0,3.5,grid,choice,0.549835261439357,0.5063922794282628,524
da8dfec1-d265-44e8-84ce-6ae9c109b8bd,p32,100.0,3.5,grid,feedback,0.5153897224804143,0.5006873760740251,528
da8dfec1-d265-44e8-84ce-6ae9c109b8bd,p32,100.0,5.0,grid,choice,0.5142871917615945,0.5011765682250833,524
da8dfec1-d265-44e8-84ce-6ae9c109b8bd,p32,100.0,5.0,grid,feedback,0.5344044615588899,0.49904592020669347,528
da8dfec1-d265-44e8-84ce-6ae9c109b8bd,p32,100.0,7.0,grid,choice,0.537557436874843,0.4924256551853896,524
da8dfec1-d265-44e8-84ce-6ae9c109b8bd,p32,100.0,7.0,grid,feedback,0.5285221086177134,0.499477858559154,528
da8dfec1-d265-44e8-84ce-6ae9c109b8bd,p32,100.0,10.0,grid,choice,0.5359765376830223,0.5035267932207715,524
da8dfec1-d265-44e8-84ce-6ae9c109b8bd,p32,100.0,10.0,grid,feedback,0.5262647722745983,0.49687015562098175,528
da8dfec1-d265-44e8-84ce-6ae9c109b8bd,p32,100.0,14.0,grid,choice,0.5376386980482544,0.4905451759334901,524
da8dfec1-d265-44e8-84ce-6ae9c109b8bd,p32,100.0,14.0,grid,feedback,0.5330367813039437,0.4997456888782071,528
dab512bd-a02d-4c1f-8dbc-9155a163efc0,p32,100.0,2.5,grid,choice,0.5166879498490828,0.5046120689655171,410
dab512bd-a02d-4c1f-8dbc-9155a163efc0,p32,100.0,2.5,grid,feedback,0.7468346573982125,0.5025420126321766,410
dab512bd-a02d-4c1f-8dbc-9155a163efc0,p32,100.0,3.5,grid,choice,0.5158753192477362,0.5033396596193428,410
dab512bd-a02d-4c1f-8dbc-9155a163efc0,p32,100.0,3.5,grid,feedback,0.7390454319761668,0.4993248172592435,410
dab512bd-a02d-4c1f-8dbc-9155a163efc0,p32,100.0,5.0,grid,choice,0.5252495936846993,0.5016375763389491,410
dab512bd-a02d-4c1f-8dbc-9155a163efc0,p32,100.0,5.0,grid,feedback,0.712171052631579,0.4987250904832871,410
dab512bd-a02d-4c1f-8dbc-9155a163efc0,p32,100.0,7.0,grid,choice,0.523624332482006,0.4989034137592222,410
dab512bd-a02d-4c1f-8dbc-9155a163efc0,p32,100.0,7.0,grid,feedback,0.6994476166832175,0.5023413881200766,410
dab512bd-a02d-4c1f-8dbc-9155a163efc0,p32,100.0,10.0,grid,choice,0.49738797306710003,0.4999209770114942,410
dab512bd-a02d-4c1f-8dbc-9155a163efc0,p32,100.0,10.0,grid,feedback,0.683869165839126,0.5055931623021788,410
dab512bd-a02d-4c1f-8dbc-9155a163efc0,p32,100.0,14.0,grid,choice,0.5092001393081032,0.4990445402298851,410
dab512bd-a02d-4c1f-8dbc-9155a163efc0,p32,100.0,14.0,grid,feedback,0.7447554617676266,0.4939693421332765,410
dc7e9403-19f7-409f-9240-05ee57cb7aea,p32,100.0,2.5,grid,choice,0.5571897374701671,0.5003263704167319,859
dc7e9403-19f7-409f-9240-05ee57cb7aea,p32,100.0,2.5,grid,feedback,0.5677336481044299,0.4984476040046455,872
dc7e9403-19f7-409f-9240-05ee57cb7aea,p32,100.0,3.5,grid,choice,0.5675309177695813,0.5134655505137432,859
dc7e9403-19f7-409f-9240-05ee57cb7aea,p32,100.0,3.5,grid,feedback,0.5646669444058695,0.4972102847048386,872
dc7e9403-19f7-409f-9240-05ee57cb7aea,p32,100.0,5.0,grid,choice,0.5646886526361468,0.4976502438324728,859
dc7e9403-19f7-409f-9240-05ee57cb7aea,p32,100.0,5.0,grid,feedback,0.5335370087487848,0.50093406311436,872
dc7e9403-19f7-409f-9240-05ee57cb7aea,p32,100.0,7.0,grid,choice,0.5732127359513994,0.5066729580660303,859
dc7e9403-19f7-409f-9240-05ee57cb7aea,p32,100.0,7.0,grid,feedback,0.5491019765773272,0.5010111435516913,872
dc7e9403-19f7-409f-9240-05ee57cb7aea,p32,100.0,10.0,grid,choice,0.5814520503362985,0.49696920800083455,859
dc7e9403-19f7-409f-9240-05ee57cb7aea,p32,100.0,10.0,grid,feedback,0.6102740360135166,0.5003420198468844,872
dc7e9403-19f7-409f-9240-05ee57cb7aea,p32,100.0,14.0,grid,choice,0.5929865480581471,0.4992731640849112,859
dc7e9403-19f7-409f-9240-05ee57cb7aea,p32,100.0,14.0,grid,feedback,0.540989677359626,0.5016655346714299,872
e8f9fba4-d151-4b00-bee7-447f0f3e752c,p32,100.0,2.5,grid,choice,0.5488231929349722,0.49746381520925703,771
e8f9fba4-d151-4b00-bee7-447f0f3e752c,p32,100.0,2.5,grid,feedback,0.7155076605541002,0.4999706825744898,802
e8f9fba4-d151-4b00-bee7-447f0f3e752c,p32,100.0,3.5,grid,choice,0.539158307406839,0.4943678707142943,771
e8f9fba4-d151-4b00-bee7-447f0f3e752c,p32,100.0,3.5,grid,feedback,0.7161725013892197,0.49781320269971346,802
e8f9fba4-d151-4b00-bee7-447f0f3e752c,p32,100.0,5.0,grid,choice,0.5428589366184411,0.5019885901460235,771
e8f9fba4-d151-4b00-bee7-447f0f3e752c,p32,100.0,5.0,grid,feedback,0.6874355005159959,0.5033337883749784,802
e8f9fba4-d151-4b00-bee7-447f0f3e752c,p32,100.0,7.0,grid,choice,0.540755751496296,0.5001537746576317,771
e8f9fba4-d151-4b00-bee7-447f0f3e752c,p32,100.0,7.0,grid,feedback,0.6721838532984044,0.4969366680612461,802
e8f9fba4-d151-4b00-bee7-447f0f3e752c,p32,100.0,10.0,grid,choice,0.5291725379131381,0.4949464613226885,771
e8f9fba4-d151-4b00-bee7-447f0f3e752c,p32,100.0,10.0,grid,feedback,0.6441116932603,0.49962959910650734,802
e8f9fba4-d151-4b00-bee7-447f0f3e752c,p32,100.0,14.0,grid,choice,0.5279203928735857,0.4998218138803692,771
e8f9fba4-d151-4b00-bee7-447f0f3e752c,p32,100.0,14.0,grid,feedback,0.673176153052314,0.5017627459749553,802
eebcaf65-7fa4-4118-869d-a084e84530e2,p32,100.0,2.5,grid,choice,0.4990566037735849,0.5001088534107402,723
eebcaf65-7fa4-4118-869d-a084e84530e2,p32,100.0,2.5,grid,feedback,0.8221483313734236,0.49179835799101845,724
eebcaf65-7fa4-4118-869d-a084e84530e2,p32,100.0,3.5,grid,choice,0.5,0.5,723
eebcaf65-7fa4-4118-869d-a084e84530e2,p32,100.0,3.5,grid,feedback,0.8331373423624346,0.49897949555059645,724
eebcaf65-7fa4-4118-869d-a084e84530e2,p32,100.0,5.0,grid,choice,0.5,0.5,723
eebcaf65-7fa4-4118-869d-a084e84530e2,p32,100.0,5.0,grid,feedback,0.8304103645432059,0.5029843260691883,724
eebcaf65-7fa4-4118-869d-a084e84530e2,p32,100.0,7.0,grid,choice,0.5016472773487144,0.5000490795202812,723
eebcaf65-7fa4-4118-869d-a084e84530e2,p32,100.0,7.0,grid,feedback,0.83129232391225,0.5039482716661615,724
eebcaf65-7fa4-4118-869d-a084e84530e2,p32,100.0,10.0,grid,choice,0.5,0.5,723
eebcaf65-7fa4-4118-869d-a084e84530e2,p32,100.0,10.0,grid,feedback,0.848738899476907,0.5039290092845138,724
eebcaf65-7fa4-4118-869d-a084e84530e2,p32,100.0,14.0,grid,choice,0.5,0.5,723
eebcaf65-7fa4-4118-869d-a084e84530e2,p32,100.0,14.0,grid,feedback,0.8349620858845951,0.49650240837167436,724
fe380793-8035-414e-b000-09bfe5ece92a,p32,100.0,2.5,grid,choice,0.5796812387808018,0.5022381760396466,945
fe380793-8035-414e-b000-09bfe5ece92a,p32,100.0,2.5,grid,feedback,0.5312243865859826,0.49697976011994,945
fe380793-8035-414e-b000-09bfe5ece92a,p32,100.0,3.5,grid,choice,0.593212271762978,0.4965396466278819,945
fe380793-8035-414e-b000-09bfe5ece92a,p32,100.0,3.5,grid,feedback,0.5207348760964721,0.500154268847719,945
fe380793-8035-414e-b000-09bfe5ece92a,p32,100.0,5.0,grid,choice,0.5691442584903266,0.49931078970049564,945
fe380793-8035-414e-b000-09bfe5ece92a,p32,100.0,5.0,grid,feedback,0.5207348760964721,0.5027780440137074,945
fe380793-8035-414e-b000-09bfe5ece92a,p32,100.0,7.0,grid,choice,0.5715195554024406,0.49647861452273223,945
fe380793-8035-414e-b000-09bfe5ece92a,p32,100.0,7.0,grid,feedback,0.539464276372007,0.5022890273613194,945
fe380793-8035-414e-b000-09bfe5ece92a,p32,100.0,10.0,grid,choice,0.56324681329441,0.4981991219564749,945
fe380793-8035-414e-b000-09bfe5ece92a,p32,100.0,10.0,grid,feedback,0.5191086967894948,0.5005681221889055,945
fe380793-8035-414e-b000-09bfe5ece92a,p32,100.0,14.0,grid,choice,0.5682716541857809,0.4966902068519716,945
fe380793-8035-414e-b000-09bfe5ece92a,p32,100.0,14.0,grid,feedback,0.5057461241999895,0.49933297413793093,945
1a276285-8b0e-4cc9-9f0a-a3a002978724,p48,50.0,2.5,grid,choice,0.5027777777777778,0.4998702686202687,636
1a276285-8b0e-4cc9-9f0a-a3a002978724,p48,50.0,2.5,grid,feedback,0.5380834132032181,0.4979373737373738,637
1a276285-8b0e-4cc9-9f0a-a3a002978724,p48,50.0,3.5,grid,choice,0.5027777777777778,0.4998702686202687,636
1a276285-8b0e-4cc9-9f0a-a3a002978724,p48,50.0,3.5,grid,feedback,0.5662992651970608,0.5023980038480038,637
1a276285-8b0e-4cc9-9f0a-a3a002978724,p48,50.0,5.0,grid,choice,0.5027777777777778,0.5002579365079365,636
1a276285-8b0e-4cc9-9f0a-a3a002978724,p48,50.0,5.0,grid,feedback,0.5767840027881851,0.49740132275132276,637
1a276285-8b0e-4cc9-9f0a-a3a002978724,p48,50.0,7.0,grid,choice,0.5055555555555555,0.5003220390720391,636
1a276285-8b0e-4cc9-9f0a-a3a002978724,p48,50.0,7.0,grid,feedback,0.575549650024687,0.49778001443001435,637
1a276285-8b0e-4cc9-9f0a-a3a002978724,p48,50.0,10.0,grid,choice,0.5055555555555555,0.4999427323883846,636
1a276285-8b0e-4cc9-9f0a-a3a002978724,p48,50.0,10.0,grid,feedback,0.5189654671662165,0.5015826358826359,637
1a276285-8b0e-4cc9-9f0a-a3a002978724,p48,50.0,14.0,grid,choice,0.5016812865497077,0.4993636194723151,636
1a276285-8b0e-4cc9-9f0a-a3a002978724,p48,50.0,14.0,grid,feedback,0.5429409543725131,0.5038227032227033,637
1e104bf4-7a24-4624-a5b2-c2c8289c0de7,p48,50.0,2.5,grid,choice,0.5460821170573493,0.498738319061802,739
1e104bf4-7a24-4624-a5b2-c2c8289c0de7,p48,50.0,2.5,grid,feedback,0.5869698980515172,0.5019733044733045,742
1e104bf4-7a24-4624-a5b2-c2c8289c0de7,p48,50.0,3.5,grid,choice,0.530546955624355,0.5010181496649294,739
1e104bf4-7a24-4624-a5b2-c2c8289c0de7,p48,50.0,3.5,grid,feedback,0.5731978041865234,0.4998625322488959,742
1e104bf4-7a24-4624-a5b2-c2c8289c0de7,p48,50.0,5.0,grid,choice,0.5370816747751732,0.5013246463142219,739
1e104bf4-7a24-4624-a5b2-c2c8289c0de7,p48,50.0,5.0,grid,feedback,0.5327079688725342,0.50525875639512,742
1e104bf4-7a24-4624-a5b2-c2c8289c0de7,p48,50.0,7.0,grid,choice,0.5526684357953708,0.49770667349218156,739
1e104bf4-7a24-4624-a5b2-c2c8289c0de7,p48,50.0,7.0,grid,feedback,0.5355311576280388,0.5007009488827671,742
1e104bf4-7a24-4624-a5b2-c2c8289c0de7,p48,50.0,10.0,grid,choice,0.5448805838124724,0.5021014519731942,739
1e104bf4-7a24-4624-a5b2-c2c8289c0de7,p48,50.0,10.0,grid,feedback,0.5690655727815648,0.5012888079933535,742
1e104bf4-7a24-4624-a5b2-c2c8289c0de7,p48,50.0,14.0,grid,choice,0.5416076957098629,0.4920061429635145,739
1e104bf4-7a24-4624-a5b2-c2c8289c0de7,p48,50.0,14.0,grid,feedback,0.5695481691500272,0.49927702348156894,742
6638cfb3-3831-4fc2-9327-194b76cf22e1,p48,50.0,2.5,grid,choice,0.5963314273894479,0.4926837365666247,524
6638cfb3-3831-4fc2-9327-194b76cf22e1,p48,50.0,2.5,grid,feedback,0.5024963484265038,0.5004097818902842,528
6638cfb3-3831-4fc2-9327-194b76cf22e1,p48,50.0,3.5,grid,choice,0.5976611556816335,0.504466492862476,524
6638cfb3-3831-4fc2-9327-194b76cf22e1,p48,50.0,3.5,grid,feedback,0.5024963484265038,0.5004097818902842,528
6638cfb3-3831-4fc2-9327-194b76cf22e1,p48,50.0,5.0,grid,choice,0.5775157720550212,0.5061360714341712,524
6638cfb3-3831-4fc2-9327-194b76cf22e1,p48,50.0,5.0,grid,feedback,0.5013676802549463,0.5006873760740251,528
6638cfb3-3831-4fc2-9327-194b76cf22e1,p48,50.0,7.0,grid,choice,0.5920024230604436,0.49374800293686555,524
6638cfb3-3831-4fc2-9327-194b76cf22e1,p48,50.0,7.0,grid,feedback,0.5058823529411764,0.4999164438502673,528
6638cfb3-3831-4fc2-9327-194b76cf22e1,p48,50.0,10.0,grid,choice,0.5860481952632124,0.49988592613177724,524
6638cfb3-3831-4fc2-9327-194b76cf22e1,p48,50.0,10.0,grid,feedback,0.5237684238480945,0.4974767920447035,528
6638cfb3-3831-4fc2-9327-194b76cf22e1,p48,50.0,14.0,grid,choice,0.5863806273362587,0.5017090764931275,524
6638cfb3-3831-4fc2-9327-194b76cf22e1,p48,50.0,14.0,grid,feedback,0.5095073695392378,0.500760079312624,528
749cb2b7-e57e-4453-a794-f6230e4d0226,p48,50.0,2.5,grid,choice,0.5,0.5,765
749cb2b7-e57e-4453-a794-f6230e4d0226,p48,50.0,2.5,grid,feedback,0.5996430392656807,0.49503920864385975,767
749cb2b7-e57e-4453-a794-f6230e4d0226,p48,50.0,3.5,grid,choice,0.4990421455938697,0.5002619047619047,765
749cb2b7-e57e-4453-a794-f6230e4d0226,p48,50.0,3.5,grid,feedback,0.606718510963794,0.5044627517883332,767
749cb2b7-e57e-4453-a794-f6230e4d0226,p48,50.0,5.0,grid,choice,0.49808429118773945,0.5003495225013082,765
749cb2b7-e57e-4453-a794-f6230e4d0226,p48,50.0,5.0,grid,feedback,0.5920108788033316,0.500443865792703,767
749cb2b7-e57e-4453-a794-f6230e4d0226,p48,50.0,7.0,grid,choice,0.4990421455938697,0.4999391679748822,765
749cb2b7-e57e-4453-a794-f6230e4d0226,p48,50.0,7.0,grid,feedback,0.6032466428692844,0.4994099248750411,767
749cb2b7-e57e-4453-a794-f6230e4d0226,p48,50.0,10.0,grid,choice,0.4990421455938697,0.49978905023547865,765
749cb2b7-e57e-4453-a794-f6230e4d0226,p48,50.0,10.0,grid,feedback,0.6040158082610914,0.49986291939780325,767
749cb2b7-e57e-4453-a794-f6230e4d0226,p48,50.0,14.0,grid,choice,0.5,0.5,765
749cb2b7-e57e-4453-a794-f6230e4d0226,p48,50.0,14.0,grid,feedback,0.5870814210436852,0.499117655861842,767
d7ec0892-0a6c-4f4f-9d8f-72083692af5c,p48,50.0,2.5,grid,choice,0.7795997106341934,0.5050033877797943,663
d7ec0892-0a6c-4f4f-9d8f-72083692af5c,p48,50.0,2.5,grid,feedback,0.869344249327638,0.499328320156576,663
d7ec0892-0a6c-4f4f-9d8f-72083692af5c,p48,50.0,3.5,grid,choice,0.7761032071376899,0.4992110707803992,663
d7ec0892-0a6c-4f4f-9d8f-72083692af5c,p48,50.0,3.5,grid,feedback,0.8664174972314507,0.5000346372743426,663
d7ec0892-0a6c-4f4f-9d8f-72083692af5c,p48,50.0,5.0,grid,choice,0.7756812153363877,0.4878563520871143,663
d7ec0892-0a6c-4f4f-9d8f-72083692af5c,p48,50.0,5.0,grid,feedback,0.8708076253757318,0.503018780098375,663
d7ec0892-0a6c-4f4f-9d8f-72083692af5c,p48,50.0,7.0,grid,choice,0.78315649867374,0.49538892921960076,663
d7ec0892-0a6c-4f4f-9d8f-72083692af5c,p48,50.0,7.0,grid,feedback,0.8727456098718558,0.49733790335041583,663
d7ec0892-0a6c-4f4f-9d8f-72083692af5c,p48,50.0,10.0,grid,choice,0.7835784904750422,0.508070266182698,663
d7ec0892-0a6c-4f4f-9d8f-72083692af5c,p48,50.0,10.0,grid,feedback,0.859140167694985,0.4979182096778348,663
d7ec0892-0a6c-4f4f-9d8f-72083692af5c,p48,50.0,14.0,grid,choice,0.7686882083433808,0.5050326376285541,663
d7ec0892-0a6c-4f4f-9d8f-72083692af5c,p48,50.0,14.0,grid,feedback,0.8649738965353584,0.5035213489222528,663
da8dfec1-d265-44e8-84ce-6ae9c109b8bd,p48,50.0,2.5,grid,choice,0.5382223010209358,0.5030355954370452,524
da8dfec1-d265-44e8-84ce-6ae9c109b8bd,p48,50.0,2.5,grid,feedback,0.5133713982206878,0.49870456047587575,528
da8dfec1-d265-44e8-84ce-6ae9c109b8bd,p48,50.0,3.5,grid,choice,0.5365158163792976,0.49442743557900104,524
da8dfec1-d265-44e8-84ce-6ae9c109b8bd,p48,50.0,3.5,grid,feedback,0.5036250165980614,0.500482485128883,528
da8dfec1-d265-44e8-84ce-6ae9c109b8bd,p48,50.0,5.0,grid,choice,0.5177001610448709,0.5013144230264962,524
da8dfec1-d265-44e8-84ce-6ae9c109b8bd,p48,50.0,5.0,grid,feedback,0.5224007435931484,0.5010376734963649,528
da8dfec1-d265-44e8-84ce-6ae9c109b8bd,p48,50.0,7.0,grid,choice,0.5482543622475363,0.5017858150801987,524
da8dfec1-d265-44e8-84ce-6ae9c109b8bd,p48,50.0,7.0,grid,feedback,0.5285221086177134,0.5019299405155321,528
da8dfec1-d265-44e8-84ce-6ae9c109b8bd,p48,50.0,10.0,grid,choice,0.5355185201601584,0.5063797658509367,524
da8dfec1-d265-44e8-84ce-6ae9c109b8bd,p48,50.0,10.0,grid,feedback,0.5251361041030408,0.4995991933545633,528
da8dfec1-d265-44e8-84ce-6ae9c109b8bd,p48,50.0,14.0,grid,choice,0.5376386980482544,0.5019581126313871,524
da8dfec1-d265-44e8-84ce-6ae9c109b8bd,p48,50.0,14.0,grid,feedback,0.5330367813039437,0.5050039806525267,528
dab512bd-a02d-4c1f-8dbc-9155a163efc0,p48,50.0,2.5,grid,choice,0.5217378685860228,0.5008257206142691,410
dab512bd-a02d-4c1f-8dbc-9155a163efc0,p48,50.0,2.5,grid,feedback,0.766137040714995,0.49205810446384207,410
dab512bd-a02d-4c1f-8dbc-9155a163efc0,p48,50.0,3.5,grid,choice,0.5337241699558858,0.5038404950067338,410
dab512bd-a02d-4c1f-8dbc-9155a163efc0,p48,50.0,3.5,grid,feedback,0.7451899205561072,0.4920800333546235,410
dab512bd-a02d-4c1f-8dbc-9155a163efc0,p48,50.0,5.0,grid,choice,0.5252495936846993,0.5026643722630211,410
dab512bd-a02d-4c1f-8dbc-9155a163efc0,p48,50.0,5.0,grid,feedback,0.7312562065541212,0.5022779256262864,410
dab512bd-a02d-4c1f-8dbc-9155a163efc0,p48,50.0,7.0,grid,choice,0.5448107731599722,0.49825401388288915,410
dab512bd-a02d-4c1f-8dbc-9155a163efc0,p48,50.0,7.0,grid,feedback,0.7230325223435948,0.4999425697253565,410
dab512bd-a02d-4c1f-8dbc-9155a163efc0,p48,50.0,10.0,grid,choice,0.49738797306710003,0.5008045977011494,410
dab512bd-a02d-4c1f-8dbc-9155a163efc0,p48,50.0,10.0,grid,feedback,0.6777246772591857,0.5082341388120077,410
dab512bd-a02d-4c1f-8dbc-9155a163efc0,p48,50.0,14.0,grid,choice,0.5151497562108196,0.5019899425287356,410
dab512bd-a02d-4c1f-8dbc-9155a163efc0,p48,50.0,14.0,grid,feedback,0.7386109731876862,0.5122660563480235,410
dc7e9403-19f7-409f-9240-05ee57cb7aea,p48,50.0,2.5,grid,choice,0.5696327836840964,0.5060466541490638,859
dc7e9403-19f7-409f-9240-05ee57cb7aea,p48,50.0,2.5,grid,feedback,0.5721196130167107,0.4987867143597155,872
dc7e9403-19f7-409f-9240-05ee57cb7aea,p48,50.0,3.5,grid,choice,0.5766218268604903,0.49749416497157456,859
dc7e9403-19f7-409f-9240-05ee57cb7aea,p48,50.0,3.5,grid,feedback,0.5710318011387308,0.5015191895579983,872
dc7e9403-19f7-409f-9240-05ee57cb7aea,p48,50.0,5.0,grid,choice,0.5463359730961164,0.5066564961143274,859
dc7e9403-19f7-409f-9240-05ee57cb7aea,p48,50.0,5.0,grid,feedback,0.5822108040549924,0.49906882312907364,872
dc7e9403-19f7-409f-9240-05ee57cb7aea,p48,50.0,7.0,grid,choice,0.5688950965502277,0.49884508814478684,859
dc7e9403-19f7-409f-9240-05ee57cb7aea,p48,50.0,7.0,grid,feedback,0.5784844697495718,0.5004053863226503,872
dc7e9403-19f7-409f-9240-05ee57cb7aea,p48,50.0,10.0,grid,choice,0.5803156866999348,0.50443856595212,859
dc7e9403-19f7-409f-9240-05ee57cb7aea,p48,50.0,10.0,grid,feedback,0.5903231032726937,0.5010405053956909,872
dc7e9403-19f7-409f-9240-05ee57cb7aea,p48,50.0,14.0,grid,choice,0.5848041874593187,0.49598422912428947,859
dc7e9403-19f7-409f-9240-05ee57cb7aea,p48,50.0,14.0,grid,feedback,0.540989677359626,0.4981696687501808,872
e8f9fba4-d151-4b00-bee7-447f0f3e752c,p48,50.0,2.5,grid,choice,0.5455480837646665,0.500354683301738,771
e8f9fba4-d151-4b00-bee7-447f0f3e752c,p48,50.0,2.5,grid,feedback,0.7130765261570216,0.49454443658991665,802
e8f9fba4-d151-4b00-bee7-447f0f3e752c,p48,50.0,3.5,grid,choice,0.542939157609833,0.5027623632795443,771
e8f9fba4-d151-4b00-bee7-447f0f3e752c,p48,50.0,3.5,grid,feedback,0.7089882511709137,0.5044295292573142,802
e8f9fba4-d151-4b00-bee7-447f0f3e752c,p48,50.0,5.0,grid,choice,0.5423531955857528,0.4990482141358719,771
e8f9fba4-d151-4b00-bee7-447f0f3e752c,p48,50.0,5.0,grid,feedback,0.6946197507343018,0.4955755429241926,802
e8f9fba4-d151-4b00-bee7-447f0f3e752c,p48,50.0,7.0,grid,choice,0.5434448986425213,0.5013915817702634,771
e8f9fba4-d151-4b00-bee7-447f0f3e752c,p48,50.0,7.0,grid,feedback,0.658589346669842,0.4960247766268489,802
e8f9fba4-d151-4b00-bee7-447f0f3e752c,p48,50.0,10.0,grid,choice,0.5278157567978571,0.497083812828904,771
e8f9fba4-d151-4b00-bee7-447f0f3e752c,p48,50.0,10.0,grid,feedback,0.6473168214654282,0.5002927210167926,802
e8f9fba4-d151-4b00-bee7-447f0f3e752c,p48,50.0,14.0,grid,choice,0.5306095400198111,0.501130436495093,771
e8f9fba4-d151-4b00-bee7-447f0f3e752c,p48,50.0,14.0,grid,feedback,0.6649996030800984,0.4983703083222728,802
eebcaf65-7fa4-4118-869d-a084e84530e2,p48,50.0,2.5,grid,choice,0.5,0.5,723
eebcaf65-7fa4-4118-869d-a084e84530e2,p48,50.0,2.5,grid,feedback,0.8248955841206764,0.4993878281951677,724
eebcaf65-7fa4-4118-869d-a084e84530e2,p48,50.0,3.5,grid,choice,0.5,0.5,723
eebcaf65-7fa4-4118-869d-a084e84530e2,p48,50.0,3.5,grid,feedback,0.8221483313734236,0.4995487919111772,724
eebcaf65-7fa4-4118-869d-a084e84530e2,p48,50.0,5.0,grid,choice,0.5,0.5,723
eebcaf65-7fa4-4118-869d-a084e84530e2,p48,50.0,5.0,grid,feedback,0.8404971412351486,0.5010270247311532,724
eebcaf65-7fa4-4118-869d-a084e84530e2,p48,50.0,7.0,grid,choice,0.4990566037735849,0.4999503475670308,723
eebcaf65-7fa4-4118-869d-a084e84530e2,p48,50.0,7.0,grid,feedback,0.8349418109565712,0.49434122195590086,724
eebcaf65-7fa4-4118-869d-a084e84530e2,p48,50.0,10.0,grid,choice,0.5,0.5,723
eebcaf65-7fa4-4118-869d-a084e84530e2,p48,50.0,10.0,grid,feedback,0.8432241190543774,0.5013754235887263,724
eebcaf65-7fa4-4118-869d-a084e84530e2,p48,50.0,14.0,grid,choice,0.5,0.5,723
eebcaf65-7fa4-4118-869d-a084e84530e2,p48,50.0,14.0,grid,feedback,0.8239730748955841,0.504271530705017,724
fe380793-8035-414e-b000-09bfe5ece92a,p48,50.0,2.5,grid,choice,0.5787270403075193,0.4987692307692308,945
fe380793-8035-414e-b000-09bfe5ece92a,p48,50.0,2.5,grid,feedback,0.5316036830999424,0.4970621251874061,945
fe380793-8035-414e-b000-09bfe5ece92a,p48,50.0,3.5,grid,choice,0.5875278780076517,0.5028743535875889,945
fe380793-8035-414e-b000-09bfe5ece92a,p48,50.0,3.5,grid,feedback,0.5340974486859774,0.5007605349111159,945
fe380793-8035-414e-b000-09bfe5ece92a,p48,50.0,5.0,grid,choice,0.5765647948359958,0.5060063833225596,945
fe380793-8035-414e-b000-09bfe5ece92a,p48,50.0,5.0,grid,feedback,0.5312243865859826,0.4992677701327908,945
fe380793-8035-414e-b000-09bfe5ece92a,p48,50.0,7.0,grid,choice,0.5698650069808344,0.5006679325576384,945
fe380793-8035-414e-b000-09bfe5ece92a,p48,50.0,7.0,grid,feedback,0.5359677728755036,0.5000230710537589,945
fe380793-8035-414e-b000-09bfe5ece92a,p48,50.0,10.0,grid,choice,0.560597269315153,0.5039330963154492,945
fe380793-8035-414e-b000-09bfe5ece92a,p48,50.0,10.0,grid,feedback,0.5287306209999477,0.499255280841722,945
fe380793-8035-414e-b000-09bfe5ece92a,p48,50.0,14.0,grid,choice,0.5696315569980599,0.5022833441068735,945
fe380793-8035-414e-b000-09bfe5ece92a,p48,50.0,14.0,grid,feedback,0.5022496207034861,0.4995506465517242,945
1a276285-8b0e-4cc9-9f0a-a3a002978724,p32,70.0,2.5,grid,choice,0.5055555555555555,0.499556856187291,636
1a276285-8b0e-4cc9-9f0a-a3a002978724,p32,70.0,2.5,grid,feedback,0.5495701548023584,0.4984570466570466,637
1a276285-8b0e-4cc9-9f0a-a3a002978724,p32,70.0,3.5,grid,choice,0.5027777777777778,0.5000641025641026,636
1a276285-8b0e-4cc9-9f0a-a3a002978724,p32,70.0,3.5,grid,feedback,0.5630609044175308,0.4954421356421356,637
1a276285-8b0e-4cc9-9f0a-a3a002978724,p32,70.0,5.0,grid,choice,0.5027777777777778,0.5000641025641026,636
1a276285-8b0e-4cc9-9f0a-a3a002978724,p32,70.0,5.0,grid,feedback,0.5673012692050768,0.4952161616161616,637
1a276285-8b0e-4cc9-9f0a-a3a002978724,p32,70.0,7.0,grid,choice,0.5055555555555555,0.5005158730158731,636
1a276285-8b0e-4cc9-9f0a-a3a002978724,p32,70.0,7.0,grid,feedback,0.5568165316139525,0.5011318662818662,637
1a276285-8b0e-4cc9-9f0a-a3a002978724,p32,70.0,10.0,grid,choice,0.5055555555555555,0.5001347746456442,636
1a276285-8b0e-4cc9-9f0a-a3a002978724,p32,70.0,10.0,grid,feedback,0.535694577560919,0.49670216450216453,637
1a276285-8b0e-4cc9-9f0a-a3a002978724,p32,70.0,14.0,grid,choice,0.5016812865497077,0.5005236369910283,636
1a276285-8b0e-4cc9-9f0a-a3a002978724,p32,70.0,14.0,grid,feedback,0.5153422787604194,0.5008834776334777,637
1e104bf4-7a24-4624-a5b2-c2c8289c0de7,p32,70.0,2.5,grid,choice,0.5459678608285419,0.4975116809381981,739
1e104bf4-7a24-4624-a5b2-c2c8289c0de7,p32,70.0,2.5,grid,feedback,0.5484768052120408,0.5002922624513534,742
1e104bf4-7a24-4624-a5b2-c2c8289c0de7,p32,70.0,3.5,grid,choice,0.5375792422232051,0.5006008935219657,739
1e104bf4-7a24-4624-a5b2-c2c8289c0de7,p32,70.0,3.5,grid,feedback,0.5760209929420281,0.5015609558791377,742
1e104bf4-7a24-4624-a5b2-c2c8289c0de7,p32,70.0,5.0,grid,choice,0.5299977885891198,0.5009249348473567,739
1e104bf4-7a24-4624-a5b2-c2c8289c0de7,p32,70.0,5.0,grid,feedback,0.533534415153526,0.49744320914775464,742
1e104bf4-7a24-4624-a5b2-c2c8289c0de7,p32,70.0,7.0,grid,choice,0.5388323750552853,0.4994039463886821,739
1e104bf4-7a24-4624-a5b2-c2c8289c0de7,p32,70.0,7.0,grid,feedback,0.5355311576280388,0.49985444269535173,742
1e104bf4-7a24-4624-a5b2-c2c8289c0de7,p32,70.0,10.0,grid,choice,0.5367610201975527,0.5001416604616531,739
1e104bf4-7a24-4624-a5b2-c2c8289c0de7,p32,70.0,10.0,grid,feedback,0.5742293539241117,0.5007520551838733,742
1e104bf4-7a24-4624-a5b2-c2c8289c0de7,p32,70.0,14.0,grid,choice,0.5302779006339378,0.5008165487714072,739
1e104bf4-7a24-4624-a5b2-c2c8289c0de7,p32,70.0,14.0,grid,feedback,0.5695481691500272,0.4983577659714024,742
6638cfb3-3831-4fc2-9327-194b76cf22e1,p32,70.0,2.5,grid,choice,0.5749375766440613,0.497420163430726,524
6638cfb3-3831-4fc2-9327-194b76cf22e1,p32,70.0,2.5,grid,feedback,0.5,0.5,528
6638cfb3-3831-4fc2-9327-194b76cf22e1,p32,70.0,3.5,grid,choice,0.5972031381587696,0.4983366660521164,524
6638cfb3-3831-4fc2-9327-194b76cf22e1,p32,70.0,3.5,grid,feedback,0.5024963484265038,0.5011103767349637,528
6638cfb3-3831-4fc2-9327-194b76cf22e1,p32,70.0,5.0,grid,choice,0.5882126974277145,0.49630936109658835,524
6638cfb3-3831-4fc2-9327-194b76cf22e1,p32,70.0,5.0,grid,feedback,0.5013676802549463,0.5010376734963647,528
6638cfb3-3831-4fc2-9327-194b76cf22e1,p32,70.0,7.0,grid,choice,0.5847184669710267,0.5055223398037729,524
6638cfb3-3831-4fc2-9327-194b76cf22e1,p32,70.0,7.0,grid,feedback,0.5058823529411764,0.5002673796791444,528
6638cfb3-3831-4fc2-9327-194b76cf22e1,p32,70.0,10.0,grid,choice,0.5860481952632124,0.5029655353534916,524
6638cfb3-3831-4fc2-9327-194b76cf22e1,p32,70.0,10.0,grid,feedback,0.5237684238480945,0.5002817250495702,528
6638cfb3-3831-4fc2-9327-194b76cf22e1,p32,70.0,14.0,grid,choice,0.588087111977897,0.5020524564619961,524
6638cfb3-3831-4fc2-9327-194b76cf22e1,p32,70.0,14.0,grid,feedback,0.5153897224804143,0.49823529411764705,528
749cb2b7-e57e-4453-a794-f6230e4d0226,p32,70.0,2.5,grid,choice,0.5,0.5,765
749cb2b7-e57e-4453-a794-f6230e4d0226,p32,70.0,2.5,grid,feedback,0.6003314635390107,0.4980879800065847,767
749cb2b7-e57e-4453-a794-f6230e4d0226,p32,70.0,3.5,grid,choice,0.4990421455938697,0.5002619047619047,765
749cb2b7-e57e-4453-a794-f6230e4d0226,p32,70.0,3.5,grid,feedback,0.6014448410674825,0.5043137739067971,767
749cb2b7-e57e-4453-a794-f6230e4d0226,p32,70.0,5.0,grid,choice,0.49808429118773945,0.5012569008372579,765
749cb2b7-e57e-4453-a794-f6230e4d0226,p32,70.0,5.0,grid,feedback,0.5967278599354071,0.504978001257071,767
749cb2b7-e57e-4453-a794-f6230e4d0226,p32,70.0,7.0,grid,choice,0.4990421455938697,0.5000892857142856,765
749cb2b7-e57e-4453-a794-f6230e4d0226,p32,70.0,7.0,grid,feedback,0.6032466428692844,0.4974629613001706,767
749cb2b7-e57e-4453-a794-f6230e4d0226,p32,70.0,10.0,grid,choice,0.4990421455938697,0.49963893249607527,765
749cb2b7-e57e-4453-a794-f6230e4d0226,p32,70.0,10.0,grid,feedback,0.607062723100459,0.49689346323067257,767
749cb2b7-e57e-4453-a794-f6230e4d0226,p32,70.0,14.0,grid,choice,0.5,0.5,765
749cb2b7-e57e-4453-a794-f6230e4d0226,p32,70.0,14.0,grid,feedback,0.5932559918408975,0.49800589626171027,767
d7ec0892-0a6c-4f4f-9d8f-72083692af5c,p32,70.0,2.5,grid,choice,0.7800819869785387,0.4938106775559589,663
d7ec0892-0a6c-4f4f-9d8f-72083692af5c,p32,70.0,2.5,grid,feedback,0.8678808732795444,0.4961643779025349,663
d7ec0892-0a6c-4f4f-9d8f-72083692af5c,p32,70.0,3.5,grid,choice,0.773932963588136,0.5021429522081065,663
d7ec0892-0a6c-4f4f-9d8f-72083692af5c,p32,70.0,3.5,grid,feedback,0.8698188577756684,0.49875563660477445,663
d7ec0892-0a6c-4f4f-9d8f-72083692af5c,p32,70.0,5.0,grid,choice,0.7744152399324813,0.4996211433756806,663
d7ec0892-0a6c-4f4f-9d8f-72083692af5c,p32,70.0,5.0,grid,feedback,0.8756723619680431,0.4990613599100374,663
d7ec0892-0a6c-4f4f-9d8f-72083692af5c,p32,70.0,7.0,grid,choice,0.7748372317337835,0.5059575620084694,663
d7ec0892-0a6c-4f4f-9d8f-72083692af5c,p32,70.0,7.0,grid,feedback,0.8727456098718558,0.48765679160979625,663
d7ec0892-0a6c-4f4f-9d8f-72083692af5c,p32,70.0,10.0,grid,choice,0.7818302387267904,0.5126074410163339,663
d7ec0892-0a6c-4f4f-9d8f-72083692af5c,p32,70.0,10.0,grid,feedback,0.8557388071507673,0.5054828584120934,663
d7ec0892-0a6c-4f4f-9d8f-72083692af5c,p32,70.0,14.0,grid,choice,0.7594646732577767,0.4953166061705989,663
d7ec0892-0a6c-4f4f-9d8f-72083692af5c,p32,70.0,14.0,grid,feedback,0.8698386331276697,0.49972067634965195,663
da8dfec1-d265-44e8-84ce-6ae9c109b8bd,p32,70.0,2.5,grid,choice,0.5420932878270762,0.4992576967015951,524
da8dfec1-d265-44e8-84ce-6ae9c109b8bd,p32,70.0,2.5,grid,feedback,0.5192537511618642,0.5003833443489756,528
da8dfec1-d265-44e8-84ce-6ae9c109b8bd,p32,70.0,3.5,grid,choice,0.5408448207083019,0.49218461000296826,524
da8dfec1-d265-44e8-84ce-6ae9c109b8bd,p32,70.0,3.5,grid,feedback,0.5212720754215907,0.5013152676801057,528
da8dfec1-d265-44e8-84ce-6ae9c109b8bd,p32,70.0,5.0,grid,choice,0.5125807071199563,0.5006253774483116,524
da8dfec1-d265-44e8-84ce-6ae9c109b8bd,p32,70.0,5.0,grid,feedback,0.5282830965343248,0.5027164573694646,528
da8dfec1-d265-44e8-84ce-6ae9c109b8bd,p32,70.0,7.0,grid,choice,0.5447158075144424,0.4999918603626423,524
da8dfec1-d265-44e8-84ce-6ae9c109b8bd,p32,70.0,7.0,grid,feedback,0.5344044615588899,0.4997554527428949,528
da8dfec1-d265-44e8-84ce-6ae9c109b8bd,p32,70.0,10.0,grid,choice,0.5429280616993928,0.5010744659224661,524
da8dfec1-d265-44e8-84ce-6ae9c109b8bd,p32,70.0,10.0,grid,feedback,0.5262647722745983,0.500722150453644,528
da8dfec1-d265-44e8-84ce-6ae9c109b8bd,p32,70.0,14.0,grid,choice,0.5333096937192501,0.5070941602765151,524
da8dfec1-d265-44e8-84ce-6ae9c109b8bd,p32,70.0,14.0,grid,feedback,0.5330367813039437,0.4993973066754792,528
dab512bd-a02d-4c1f-8dbc-9155a163efc0,p32,70.0,2.5,grid,choice,0.514162990480613,0.5041015826832347,410
dab512bd-a02d-4c1f-8dbc-9155a163efc0,p32,70.0,2.5,grid,feedback,0.7456243793445878,0.4989238343623588,410
dab512bd-a02d-4c1f-8dbc-9155a163efc0,p32,70.0,3.5,grid,choice,0.5159623868121662,0.5019193845873672,410
dab512bd-a02d-4c1f-8dbc-9155a163efc0,p32,70.0,3.5,grid,feedback,0.7466174280039721,0.49707448016464406,410
dab512bd-a02d-4c1f-8dbc-9155a163efc0,p32,70.0,5.0,grid,choice,0.5277745530531692,0.49866383545515375,410
dab512bd-a02d-4c1f-8dbc-9155a163efc0,p32,70.0,5.0,grid,feedback,0.7326837140019862,0.5020267546660989,410
dab512bd-a02d-4c1f-8dbc-9155a163efc0,p32,70.0,7.0,grid,choice,0.5448107731599722,0.49740837737910715,410
dab512bd-a02d-4c1f-8dbc-9155a163efc0,p32,70.0,7.0,grid,feedback,0.7246772591857,0.5004809275424029,410
dab512bd-a02d-4c1f-8dbc-9155a163efc0,p32,70.0,10.0,grid,choice,0.49738797306710003,0.49962643678160906,410
dab512bd-a02d-4c1f-8dbc-9155a163efc0,p32,70.0,10.0,grid,feedback,0.7103090863952334,0.4979219537293308,410
dab512bd-a02d-4c1f-8dbc-9155a163efc0,p32,70.0,14.0,grid,choice,0.5109124680752264,0.5004741379310343,410
dab512bd-a02d-4c1f-8dbc-9155a163efc0,p32,70.0,14.0,grid,feedback,0.7511171797418074,0.49522331630118516,410
dc7e9403-19f7-409f-9240-05ee57cb7aea,p32,70.0,2.5,grid,choice,0.5492351920156215,0.5040304073436603,859
dc7e9403-19f7-409f-9240-05ee57cb7aea,p32,70.0,2.5,grid,feedback,0.5670740174975698,0.4992832868595329,872
dc7e9403-19f7-409f-9240-05ee57cb7aea,p32,70.0,3.5,grid,choice,0.5765079192883489,0.5046256780368225,859
dc7e9403-19f7-409f-9240-05ee57cb7aea,p32,70.0,3.5,grid,feedback,0.5697125399250104,0.5014664544807035,872
dc7e9403-19f7-409f-9240-05ee57cb7aea,p32,70.0,5.0,grid,choice,0.5522456064222174,0.5023331638241277,859
dc7e9403-19f7-409f-9240-05ee57cb7aea,p32,70.0,5.0,grid,feedback,0.5585335370087487,0.4998864600740917,872
dc7e9403-19f7-409f-9240-05ee57cb7aea,p32,70.0,7.0,grid,choice,0.5686672814059448,0.5033678219370991,859
dc7e9403-19f7-409f-9240-05ee57cb7aea,p32,70.0,7.0,grid,feedback,0.554147572096468,0.5013009552845809,872
dc7e9403-19f7-409f-9240-05ee57cb7aea,p32,70.0,10.0,grid,choice,0.5815090041223693,0.49818315469670893,859
dc7e9403-19f7-409f-9240-05ee57cb7aea,p32,70.0,10.0,grid,feedback,0.6346109336666204,0.49938803373116186,872
dc7e9403-19f7-409f-9240-05ee57cb7aea,p32,70.0,14.0,grid,choice,0.5929865480581471,0.5025221339905074,859
dc7e9403-19f7-409f-9240-05ee57cb7aea,p32,70.0,14.0,grid,feedback,0.540989677359626,0.4991907936067297,872
e8f9fba4-d151-4b00-bee7-447f0f3e752c,p32,70.0,2.5,grid,choice,0.5455480837646665,0.4948692133018922,771
e8f9fba4-d151-4b00-bee7-447f0f3e752c,p32,70.0,2.5,grid,feedback,0.6985988727474796,0.49646592898224556,802
e8f9fba4-d151-4b00-bee7-447f0f3e752c,p32,70.0,3.5,grid,choice,0.5418474545530645,0.4977815216963183,771
e8f9fba4-d151-4b00-bee7-447f0f3e752c,p32,70.0,3.5,grid,feedback,0.7009208541716282,0.49988208770942744,802
e8f9fba4-d151-4b00-bee7-447f0f3e752c,p32,70.0,5.0,grid,choice,0.5412614925289841,0.5006681192813731,771
e8f9fba4-d151-4b00-bee7-447f0f3e752c,p32,70.0,5.0,grid,feedback,0.6953937445423514,0.5034582618010272,802
e8f9fba4-d151-4b00-bee7-447f0f3e752c,p32,70.0,7.0,grid,choice,0.5402500104636075,0.4977683098808626,771
e8f9fba4-d151-4b00-bee7-447f0f3e752c,p32,70.0,7.0,grid,feedback,0.658589346669842,0.5009910145805684,802
e8f9fba4-d151-4b00-bee7-447f0f3e752c,p32,70.0,10.0,grid,choice,0.530769982002595,0.49857359272331225,771
e8f9fba4-d151-4b00-bee7-447f0f3e752c,p32,70.0,10.0,grid,feedback,0.6506311026434866,0.49602919239425236,802
e8f9fba4-d151-4b00-bee7-447f0f3e752c,p32,70.0,14.0,grid,choice,0.5268286898168171,0.5021066916175613,771
e8f9fba4-d151-4b00-bee7-447f0f3e752c,p32,70.0,14.0,grid,feedback,0.6602464872588711,0.5027427602092831,802
eebcaf65-7fa4-4118-869d-a084e84530e2,p32,70.0,2.5,grid,choice,0.5,0.5,723
eebcaf65-7fa4-4118-869d-a084e84530e2,p32,70.0,2.5,grid,feedback,0.8084323425651838,0.4982530810627142,724
eebcaf65-7fa4-4118-869d-a084e84530e2,p32,70.0,3.5,grid,choice,0.5,0.5,723
eebcaf65-7fa4-4118-869d-a084e84530e2,p32,70.0,3.5,grid,feedback,0.8294878553181136,0.5086262523991881,724
eebcaf65-7fa4-4118-869d-a084e84530e2,p32,70.0,5.0,grid,choice,0.5,0.5,723
eebcaf65-7fa4-4118-869d-a084e84530e2,p32,70.0,5.0,grid,feedback,0.8368071043347796,0.49909656215848874,724
eebcaf65-7fa4-4118-869d-a084e84530e2,p32,70.0,7.0,grid,choice,0.4981132075471698,0.49990069513406155,723
eebcaf65-7fa4-4118-869d-a084e84530e2,p32,70.0,7.0,grid,feedback,0.8330967925063866,0.49745947782645034,724
eebcaf65-7fa4-4118-869d-a084e84530e2,p32,70.0,10.0,grid,choice,0.5,0.5,723
eebcaf65-7fa4-4118-869d-a084e84530e2,p32,70.0,10.0,grid,feedback,0.8478163902518145,0.49729123619031873,724
eebcaf65-7fa4-4118-869d-a084e84530e2,p32,70.0,14.0,grid,choice,0.5,0.5,723
eebcaf65-7fa4-4118-869d-a084e84530e2,p32,70.0,14.0,grid,feedback,0.8303900896151819,0.49880224260958206,724
fe380793-8035-414e-b000-09bfe5ece92a,p32,70.0,2.5,grid,choice,0.5656833058330765,0.4951558661926308,945
fe380793-8035-414e-b000-09bfe5ece92a,p32,70.0,2.5,grid,feedback,0.5299775037929652,0.49823127944956097,945
fe380793-8035-414e-b000-09bfe5ece92a,p32,70.0,3.5,grid,choice,0.5886951279215246,0.4999786683904331,945
fe380793-8035-414e-b000-09bfe5ece92a,p32,70.0,3.5,grid,feedback,0.5312243865859826,0.4982554147033627,945
fe380793-8035-414e-b000-09bfe5ece92a,p32,70.0,5.0,grid,choice,0.5767982448187703,0.5003789054083172,945
fe380793-8035-414e-b000-09bfe5ece92a,p32,70.0,5.0,grid,feedback,0.5207348760964721,0.5023826434996788,945
fe380793-8035-414e-b000-09bfe5ece92a,p32,70.0,7.0,grid,choice,0.5589019238091785,0.4983407670760613,945
fe380793-8035-414e-b000-09bfe5ece92a,p32,70.0,7.0,grid,feedback,0.539464276372007,0.5005097250481902,945
fe380793-8035-414e-b000-09bfe5ece92a,p32,70.0,10.0,grid,choice,0.5632264147522257,0.4994838666235724,945
fe380793-8035-414e-b000-09bfe5ece92a,p32,70.0,10.0,grid,feedback,0.5264810002964616,0.49981524416363243,945
fe380793-8035-414e-b000-09bfe5ece92a,p32,70.0,14.0,grid,choice,0.5705857554713423,0.5075168336565395,945
fe380793-8035-414e-b000-09bfe5ece92a,p32,70.0,14.0,grid,feedback,0.5057461241999895,0.4997403017241379,945
1a276285-8b0e-4cc9-9f0a-a3a002978724,p32,50.0,2.5,grid,choice,0.5027777777777778,0.5008394383394383,636
1a276285-8b0e-4cc9-9f0a-a3a002978724,p32,50.0,2.5,grid,feedback,0.5443277860067962,0.4990176767676768,637
1a276285-8b0e-4cc9-9f0a-a3a002978724,p32,50.0,3.5,grid,choice,0.5027777777777778,0.5004517704517704,636
1a276285-8b0e-4cc9-9f0a-a3a002978724,p32,50.0,3.5,grid,feedback,0.5844152072260462,0.5060535113035113,637
1a276285-8b0e-4cc9-9f0a-a3a002978724,p32,50.0,5.0,grid,choice,0.5027777777777778,0.4990949328449329,636
1a276285-8b0e-4cc9-9f0a-a3a002978724,p32,50.0,5.0,grid,feedback,0.5673012692050768,0.5026152717652718,637
1a276285-8b0e-4cc9-9f0a-a3a002978724,p32,50.0,7.0,grid,choice,0.5055555555555555,0.4993528693528694,636
1a276285-8b0e-4cc9-9f0a-a3a002978724,p32,50.0,7.0,grid,feedback,0.574547646016671,0.5023725589225589,637
1a276285-8b0e-4cc9-9f0a-a3a002978724,p32,50.0,10.0,grid,choice,0.5055555555555555,0.4997488984445506,636
1a276285-8b0e-4cc9-9f0a-a3a002978724,p32,50.0,10.0,grid,feedback,0.536696581568935,0.5007265031265031,637
1a276285-8b0e-4cc9-9f0a-a3a002978724,p32,50.0,14.0,grid,choice,0.5016812865497077,0.501104541593672,636
1a276285-8b0e-4cc9-9f0a-a3a002978724,p32,50.0,14.0,grid,feedback,0.5153422787604194,0.4992488936988937,637
1e104bf4-7a24-4624-a5b2-c2c8289c0de7,p32,50.0,2.5,grid,choice,0.5485883827215097,0.5001303052866717,739
1e104bf4-7a24-4624-a5b2-c2c8289c0de7,p32,50.0,2.5,grid,feedback,0.5869698980515172,0.5003877519786611,742
1e104bf4-7a24-4624-a5b2-c2c8289c0de7,p32,50.0,3.5,grid,choice,0.5425291169099218,0.4962053704393149,739
1e104bf4-7a24-4624-a5b2-c2c8289c0de7,p32,50.0,3.5,grid,feedback,0.5731978041865234,0.501014911014911,742
1e104bf4-7a24-4624-a5b2-c2c8289c0de7,p32,50.0,5.0,grid,choice,0.5456877487837241,0.5001556217423677,739
1e104bf4-7a24-4624-a5b2-c2c8289c0de7,p32,50.0,5.0,grid,feedback,0.5342221149785848,0.5032916284052648,742
1e104bf4-7a24-4624-a5b2-c2c8289c0de7,p32,50.0,7.0,grid,choice,0.5484741264927023,0.4942217516753537,739
1e104bf4-7a24-4624-a5b2-c2c8289c0de7,p32,50.0,7.0,grid,feedback,0.5355311576280388,0.5014333814333815,742
1e104bf4-7a24-4624-a5b2-c2c8289c0de7,p32,50.0,10.0,grid,choice,0.5434099955771783,0.49846863365599403,739
1e104bf4-7a24-4624-a5b2-c2c8289c0de7,p32,50.0,10.0,grid,feedback,0.5690655727815648,0.49575178188814545,742
1e104bf4-7a24-4624-a5b2-c2c8289c0de7,p32,50.0,14.0,grid,choice,0.5196004717676544,0.49887569806403576,739
1e104bf4-7a24-4624-a5b2-c2c8289c0de7,p32,50.0,14.0,grid,feedback,0.5695481691500272,0.4983842209978574,742
6638cfb3-3831-4fc2-9327-194b76cf22e1,p32,50.0,2.5,grid,choice,0.5967894449123118,0.501148261967105,524
6638cfb3-3831-4fc2-9327-194b76cf22e1,p32,50.0,2.5,grid,feedback,0.5024963484265038,0.49830799735624587,528
6638cfb3-3831-4fc2-9327-194b76cf22e1,p32,50.0,3.5,grid,choice,0.5997000723963182,0.5040951107569187,524
6638cfb3-3831-4fc2-9327-194b76cf22e1,p32,50.0,3.5,grid,feedback,0.5024963484265038,0.5021612690019829,528
6638cfb3-3831-4fc2-9327-194b76cf22e1,p32,50.0,5.0,grid,choice,0.5778482041280676,0.5024109830227331,524
6638cfb3-3831-4fc2-9327-194b76cf22e1,p32,50.0,5.0,grid,feedback,0.5013676802549463,0.49858559153998677,528
6638cfb3-3831-4fc2-9327-194b76cf22e1,p32,50.0,7.0,grid,choice,0.5920024230604436,0.5009365124505905,524
6638cfb3-3831-4fc2-9327-194b76cf22e1,p32,50.0,7.0,grid,feedback,0.5058823529411764,0.5002673796791444,528
6638cfb3-3831-4fc2-9327-194b76cf22e1,p32,50.0,10.0,grid,choice,0.5999512432959532,0.5011398709228148,524
6638cfb3-3831-4fc2-9327-194b76cf22e1,p32,50.0,10.0,grid,feedback,0.5237684238480945,0.502384147990146,528
6638cfb3-3831-4fc2-9327-194b76cf22e1,p32,50.0,14.0,grid,choice,0.588087111977897,0.49684913313267637,524
6638cfb3-3831-4fc2-9327-194b76cf22e1,p32,50.0,14.0,grid,feedback,0.5153897224804143,0.49858559153998677,528
749cb2b7-e57e-4453-a794-f6230e4d0226,p32,50.0,2.5,grid,choice,0.5,0.5,765
749cb2b7-e57e-4453-a794-f6230e4d0226,p32,50.0,2.5,grid,feedback,0.5947135815060344,0.4972226212923887,767
749cb2b7-e57e-4453-a794-f6230e4d0226,p32,50.0,3.5,grid,choice,0.4990421455938697,0.4993511904761905,765
749cb2b7-e57e-4453-a794-f6230e4d0226,p32,50.0,3.5,grid,feedback,0.606718510963794,0.49908368501391764,767
749cb2b7-e57e-4453-a794-f6230e4d0226,p32,50.0,5.0,grid,choice,0.49808429118773945,0.4997523874934588,765
749cb2b7-e57e-4453-a794-f6230e4d0226,p32,50.0,5.0,grid,feedback,0.5943693693693693,0.49675062105294676,767
749cb2b7-e57e-4453-a794-f6230e4d0226,p32,50.0,7.0,grid,choice,0.4990421455938697,0.5003895211930925,765
749cb2b7-e57e-4453-a794-f6230e4d0226,p32,50.0,7.0,grid,feedback,0.6032466428692844,0.49628939570800035,767
749cb2b7-e57e-4453-a794-f6230e4d0226,p32,50.0,10.0,grid,choice,0.4990421455938697,0.5000892857142857,765
749cb2b7-e57e-4453-a794-f6230e4d0226,p32,50.0,10.0,grid,feedback,0.607062723100459,0.5028735296758553,767
749cb2b7-e57e-4453-a794-f6230e4d0226,p32,50.0,14.0,grid,choice,0.5,0.5,765
749cb2b7-e57e-4453-a794-f6230e4d0226,p32,50.0,14.0,grid,feedback,0.5932559918408975,0.5012905180928438,767
d7ec0892-0a6c-4f4f-9d8f-72083692af5c,p32,50.0,2.5,grid,choice,0.7770074752833374,0.49828771929824556,663
d7ec0892-0a6c-4f4f-9d8f-72083692af5c,p32,50.0,2.5,grid,feedback,0.8678808732795444,0.4937593428360502,663
d7ec0892-0a6c-4f4f-9d8f-72083692af5c,p32,50.0,3.5,grid,choice,0.769110200144683,0.5031250453720507,663
d7ec0892-0a6c-4f4f-9d8f-72083692af5c,p32,50.0,3.5,grid,feedback,0.8698188577756684,0.49410823611719157,663
d7ec0892-0a6c-4f4f-9d8f-72083692af5c,p32,50.0,5.0,grid,choice,0.7744152399324813,0.503780459770115,663
d7ec0892-0a6c-4f4f-9d8f-72083692af5c,p32,50.0,5.0,grid,feedback,0.8732399936718873,0.4988638984745864,663
d7ec0892-0a6c-4f4f-9d8f-72083692af5c,p32,50.0,7.0,grid,choice,0.7717627200385822,0.4950305807622504,663
d7ec0892-0a6c-4f4f-9d8f-72083692af5c,p32,50.0,7.0,grid,feedback,0.8727456098718558,0.4992250854128574,663
d7ec0892-0a6c-4f4f-9d8f-72083692af5c,p32,50.0,10.0,grid,choice,0.7818302387267904,0.49251439806412584,663
d7ec0892-0a6c-4f4f-9d8f-72083692af5c,p32,50.0,10.0,grid,feedback,0.8557388071507673,0.5109747924768012,663
d7ec0892-0a6c-4f4f-9d8f-72083692af5c,p32,50.0,14.0,grid,choice,0.7594646732577767,0.5094809134906231,663
d7ec0892-0a6c-4f4f-9d8f-72083692af5c,p32,50.0,14.0,grid,feedback,0.8708076253757318,0.48917340526898606,663
da8dfec1-d265-44e8-84ce-6ae9c109b8bd,p32,50.0,2.5,grid,choice,0.5420932878270762,0.504861043603694,524
da8dfec1-d265-44e8-84ce-6ae9c109b8bd,p32,50.0,2.5,grid,feedback,0.5192537511618642,0.49898215465961665,528
da8dfec1-d265-44e8-84ce-6ae9c109b8bd,p32,50.0,3.5,grid,choice,0.5420932878270762,0.5083097790268227,524
da8dfec1-d265-44e8-84ce-6ae9c109b8bd,p32,50.0,3.5,grid,feedback,0.5212720754215907,0.49886318572372773,528
da8dfec1-d265-44e8-84ce-6ae9c109b8bd,p32,50.0,5.0,grid,choice,0.5125807071199563,0.4994267584022629,524
da8dfec1-d265-44e8-84ce-6ae9c109b8bd,p32,50.0,5.0,grid,feedback,0.5282830965343248,0.5006146728354263,528
da8dfec1-d265-44e8-84ce-6ae9c109b8bd,p32,50.0,7.0,grid,choice,0.5447158075144424,0.4967208899156625,524
da8dfec1-d265-44e8-84ce-6ae9c109b8bd,p32,50.0,7.0,grid,feedback,0.5344044615588899,0.5001057501652346,528
da8dfec1-d265-44e8-84ce-6ae9c109b8bd,p32,50.0,10.0,grid,choice,0.5407635595348906,0.503751315831446,524
da8dfec1-d265-44e8-84ce-6ae9c109b8bd,p32,50.0,10.0,grid,feedback,0.5262647722745983,0.4972210914498587,528
da8dfec1-d265-44e8-84ce-6ae9c109b8bd,p32,50.0,14.0,grid,choice,0.5333096937192501,0.49822531035239676,524
da8dfec1-d265-44e8-84ce-6ae9c109b8bd,p32,50.0,14.0,grid,feedback,0.5330367813039437,0.49939730667547927,528
dab512bd-a02d-4c1f-8dbc-9155a163efc0,p32,50.0,2.5,grid,choice,0.5243498955189227,0.4991526958978138,410
dab512bd-a02d-4c1f-8dbc-9155a163efc0,p32,50.0,2.5,grid,feedback,0.7739262661370407,0.4994554325455964,410
dab512bd-a02d-4c1f-8dbc-9155a163efc0,p32,50.0,3.5,grid,choice,0.5337241699558858,0.5026851245987174,410
dab512bd-a02d-4c1f-8dbc-9155a163efc0,p32,50.0,3.5,grid,feedback,0.7404729394240317,0.4975317578596266,410
dab512bd-a02d-4c1f-8dbc-9155a163efc0,p32,50.0,5.0,grid,choice,0.5252495936846993,0.5023318478472628,410
dab512bd-a02d-4c1f-8dbc-9155a163efc0,p32,50.0,5.0,grid,feedback,0.7281839622641509,0.5037381662053793,410
dab512bd-a02d-4c1f-8dbc-9155a163efc0,p32,50.0,7.0,grid,choice,0.5448107731599722,0.4983299822546355,410
dab512bd-a02d-4c1f-8dbc-9155a163efc0,p32,50.0,7.0,grid,feedback,0.7232497517378351,0.49251912568305994,410
dab512bd-a02d-4c1f-8dbc-9155a163efc0,p32,50.0,10.0,grid,choice,0.49738797306710003,0.5010991379310343,410
dab512bd-a02d-4c1f-8dbc-9155a163efc0,p32,50.0,10.0,grid,feedback,0.6869414101290963,0.5047142147470016,410
dab512bd-a02d-4c1f-8dbc-9155a163efc0,p32,50.0,14.0,grid,choice,0.5109124680752264,0.49782327586206887,410
dab512bd-a02d-4c1f-8dbc-9155a163efc0,p32,50.0,14.0,grid,feedback,0.7558341608738828,0.4945630721737278,410
dc7e9403-19f7-409f-9240-05ee57cb7aea,p32,50.0,2.5,grid,choice,0.5492351920156215,0.5040418818129662,859
dc7e9403-19f7-409f-9240-05ee57cb7aea,p32,50.0,2.5,grid,feedback,0.5714599824098505,0.5023766328973889,872
dc7e9403-19f7-409f-9240-05ee57cb7aea,p32,50.0,3.5,grid,choice,0.5753715556519852,0.5030060175768007,859
dc7e9403-19f7-409f-9240-05ee57cb7aea,p32,50.0,3.5,grid,feedback,0.5697125399250104,0.4966403248160451,872
dc7e9403-19f7-409f-9240-05ee57cb7aea,p32,50.0,5.0,grid,choice,0.553381970058581,0.5006787539769468,859
dc7e9403-19f7-409f-9240-05ee57cb7aea,p32,50.0,5.0,grid,feedback,0.5585335370087487,0.5008876042388515,872
dc7e9403-19f7-409f-9240-05ee57cb7aea,p32,50.0,7.0,grid,choice,0.5709969624647429,0.5006890875189068,859
dc7e9403-19f7-409f-9240-05ee57cb7aea,p32,50.0,7.0,grid,feedback,0.554147572096468,0.49804571182753626,872
dc7e9403-19f7-409f-9240-05ee57cb7aea,p32,50.0,10.0,grid,choice,0.5827023215448036,0.4933209787200751,859
dc7e9403-19f7-409f-9240-05ee57cb7aea,p32,50.0,10.0,grid,feedback,0.6153196315326575,0.49948181253332263,872
dc7e9403-19f7-409f-9240-05ee57cb7aea,p32,50.0,14.0,grid,choice,0.5918501844217835,0.5038382751786366,859
dc7e9403-19f7-409f-9240-05ee57cb7aea,p32,50.0,14.0,grid,feedback,0.540989677359626,0.49812970736660256,872
e8f9fba4-d151-4b00-bee7-447f0f3e752c,p32,50.0,2.5,grid,choice,0.5471455278541234,0.4996676710386388,771
e8f9fba4-d151-4b00-bee7-447f0f3e752c,p32,50.0,2.5,grid,feedback,0.6985988727474796,0.4986513864042934,802
e8f9fba4-d151-4b00-bee7-447f0f3e752c,p32,50.0,3.5,grid,choice,0.542939157609833,0.49738594213173465,771
e8f9fba4-d151-4b00-bee7-447f0f3e752c,p32,50.0,3.5,grid,feedback,0.7089882511709137,0.495750625156289,802
e8f9fba4-d151-4b00-bee7-447f0f3e752c,p32,50.0,5.0,grid,choice,0.5439506396752096,0.4974205214685579,771
e8f9fba4-d151-4b00-bee7-447f0f3e752c,p32,50.0,5.0,grid,feedback,0.6946197507343018,0.5092159145555619,802
e8f9fba4-d151-4b00-bee7-447f0f3e752c,p32,50.0,7.0,grid,choice,0.540755751496296,0.5046001777558581,771
e8f9fba4-d151-4b00-bee7-447f0f3e752c,p32,50.0,7.0,grid,feedback,0.6617944748749702,0.5044053278944738,802
e8f9fba4-d151-4b00-bee7-447f0f3e752c,p32,50.0,10.0,grid,choice,0.5280808348563695,0.507730408324728,771
e8f9fba4-d151-4b00-bee7-447f0f3e752c,p32,50.0,10.0,grid,feedback,0.6474259744383584,0.4988051844691942,802
e8f9fba4-d151-4b00-bee7-447f0f3e752c,p32,50.0,14.0,grid,choice,0.5206795764331654,0.49839647476568943,771
e8f9fba4-d151-4b00-bee7-447f0f3e752c,p32,50.0,14.0,grid,feedback,0.6602464872588711,0.49734466128551374,802
eebcaf65-7fa4-4118-869d-a084e84530e2,p32,50.0,2.5,grid,choice,0.5,0.5,723
eebcaf65-7fa4-4118-869d-a084e84530e2,p32,50.0,2.5,grid,feedback,0.8285653460930213,0.4989487767584098,724
eebcaf65-7fa4-4118-869d-a084e84530e2,p32,50.0,3.5,grid,choice,0.5,0.5,723
eebcaf65-7fa4-4118-869d-a084e84530e2,p32,50.0,3.5,grid,feedback,0.8303900896151819,0.5030420098998082,724
eebcaf65-7fa4-4118-869d-a084e84530e2,p32,50.0,5.0,grid,choice,0.5,0.5,723
eebcaf65-7fa4-4118-869d-a084e84530e2,p32,50.0,5.0,grid,feedback,0.8413993755322169,0.4963312509757465,724
eebcaf65-7fa4-4118-869d-a084e84530e2,p32,50.0,7.0,grid,choice,0.5007038811222994,0.49966217248491335,723
eebcaf65-7fa4-4118-869d-a084e84530e2,p32,50.0,7.0,grid,feedback,0.8413791006041929,0.5061282038919653,724
eebcaf65-7fa4-4118-869d-a084e84530e2,p32,50.0,10.0,grid,choice,0.5,0.5,723
eebcaf65-7fa4-4118-869d-a084e84530e2,p32,50.0,10.0,grid,feedback,0.8450488625765379,0.5062410920094407,724
eebcaf65-7fa4-4118-869d-a084e84530e2,p32,50.0,14.0,grid,choice,0.5,0.5,723
eebcaf65-7fa4-4118-869d-a084e84530e2,p32,50.0,14.0,grid,feedback,0.8368071043347796,0.4946631379085508,724
fe380793-8035-414e-b000-09bfe5ece92a,p32,50.0,2.5,grid,choice,0.5863198310094105,0.5038045410471882,945
fe380793-8035-414e-b000-09bfe5ece92a,p32,50.0,2.5,grid,feedback,0.5340974486859774,0.4988601614371386,945
fe380793-8035-414e-b000-09bfe5ece92a,p32,50.0,3.5,grid,choice,0.5929788217802034,0.49571253501400564,945
fe380793-8035-414e-b000-09bfe5ece92a,p32,50.0,3.5,grid,feedback,0.5340974486859774,0.49847848843435427,945
fe380793-8035-414e-b000-09bfe5ece92a,p32,50.0,5.0,grid,choice,0.5727480009428659,0.4961109943977591,945
fe380793-8035-414e-b000-09bfe5ece92a,p32,50.0,5.0,grid,feedback,0.5242313795929756,0.5011209975369458,945
fe380793-8035-414e-b000-09bfe5ece92a,p32,50.0,7.0,grid,choice,0.5712453083352976,0.49824609459168284,945
fe380793-8035-414e-b000-09bfe5ece92a,p32,50.0,7.0,grid,feedback,0.5338533038034284,0.5005736372884987,945
fe380793-8035-414e-b000-09bfe5ece92a,p32,50.0,10.0,grid,choice,0.5658351616471142,0.5042377720318896,945
fe380793-8035-414e-b000-09bfe5ece92a,p32,50.0,10.0,grid,feedback,0.5213583174929808,0.49894421316127646,945
fe380793-8035-414e-b000-09bfe5ece92a,p32,50.0,14.0,grid,choice,0.5686773585247774,0.49907296380090505,945
fe380793-8035-414e-b000-09bfe5ece92a,p32,50.0,14.0,grid,feedback,0.5057461241999895,0.500758620689655,945
1a276285-8b0e-4cc9-9f0a-a3a002978724,p24,100.0,2.5,grid,choice,0.5055555555555555,0.5005224425333121,636
1a276285-8b0e-4cc9-9f0a-a3a002978724,p24,100.0,2.5,grid,feedback,0.5439429583805292,0.5042722462722463,637
1a276285-8b0e-4cc9-9f0a-a3a002978724,p24,100.0,3.5,grid,choice,0.5027777777777778,0.4998702686202687,636
1a276285-8b0e-4cc9-9f0a-a3a002978724,p24,100.0,3.5,grid,feedback,0.5928959368011385,0.4960005291005291,637
1a276285-8b0e-4cc9-9f0a-a3a002978724,p24,100.0,5.0,grid,choice,0.5027777777777778,0.5002579365079365,636
1a276285-8b0e-4cc9-9f0a-a3a002978724,p24,100.0,5.0,grid,feedback,0.5475661467863263,0.5041048581048582,637
1a276285-8b0e-4cc9-9f0a-a3a002978724,p24,100.0,7.0,grid,choice,0.5055555555555555,0.5005158730158731,636
1a276285-8b0e-4cc9-9f0a-a3a002978724,p24,100.0,7.0,grid,feedback,0.5354622288054369,0.5008165704665705,637
1a276285-8b0e-4cc9-9f0a-a3a002978724,p24,100.0,10.0,grid,choice,0.5055555555555555,0.5003315947337686,636
1a276285-8b0e-4cc9-9f0a-a3a002978724,p24,100.0,10.0,grid,feedback,0.536696581568935,0.4992696007696008,637
1a276285-8b0e-4cc9-9f0a-a3a002978724,p24,100.0,14.0,grid,choice,0.5016812865497077,0.4999439268461008,636
1a276285-8b0e-4cc9-9f0a-a3a002978724,p24,100.0,14.0,grid,feedback,0.5153422787604194,0.4974188071188072,637
1e104bf4-7a24-4624-a5b2-c2c8289c0de7,p24,100.0,2.5,grid,choice,0.5528342916113814,0.4978434475055845,739
1e104bf4-7a24-4624-a5b2-c2c8289c0de7,p24,100.0,2.5,grid,feedback,0.5877963443325089,0.502199593335957,742
1e104bf4-7a24-4624-a5b2-c2c8289c0de7,p24,100.0,3.5,grid,choice,0.5380657526168362,0.5048105454206999,739
1e104bf4-7a24-4624-a5b2-c2c8289c0de7,p24,100.0,3.5,grid,feedback,0.5768474392230198,0.49744391971664703,742
1e104bf4-7a24-4624-a5b2-c2c8289c0de7,p24,100.0,5.0,grid,choice,0.5183362818811735,0.4987802959791512,739
1e104bf4-7a24-4624-a5b2-c2c8289c0de7,p24,100.0,5.0,grid,feedback,0.5298847801170296,0.4997758428440246,742
1e104bf4-7a24-4624-a5b2-c2c8289c0de7,p24,100.0,7.0,grid,choice,0.5335397316821465,0.5048411206254654,739
1e104bf4-7a24-4624-a5b2-c2c8289c0de7,p24,100.0,7.0,grid,feedback,0.5363576039090305,0.497283276487822,742
1e104bf4-7a24-4624-a5b2-c2c8289c0de7,p24,100.0,10.0,grid,choice,0.5324008550788737,0.4983373510796723,739
1e104bf4-7a24-4624-a5b2-c2c8289c0de7,p24,100.0,10.0,grid,feedback,0.5698920190625565,0.5010620818575365,742
1e104bf4-7a24-4624-a5b2-c2c8289c0de7,p24,100.0,14.0,grid,choice,0.5279890903729912,0.49842563291139236,739
1e104bf4-7a24-4624-a5b2-c2c8289c0de7,p24,100.0,14.0,grid,feedback,0.5695481691500272,0.4990769710087892,742
6638cfb3-3831-4fc2-9327-194b76cf22e1,p24,100.0,2.5,grid,choice,0.6116897891641919,0.503248768241195,524
6638cfb3-3831-4fc2-9327-194b76cf22e1,p24,100.0,2.5,grid,feedback,0.5095073695392378,0.4993365453944601,528
6638cfb3-3831-4fc2-9327-194b76cf22e1,p24,100.0,3.5,grid,choice,0.604405833074775,0.5031562275119201,524
6638cfb3-3831-4fc2-9327-194b76cf22e1,p24,100.0,3.5,grid,feedback,0.5072500331961227,0.5016655651024454,528
6638cfb3-3831-4fc2-9327-194b76cf22e1,p24,100.0,5.0,grid,choice,0.5912932346379446,0.5023784231216524,524
6638cfb3-3831-4fc2-9327-194b76cf22e1,p24,100.0,5.0,grid,feedback,0.5072500331961227,0.49815237637445164,528
6638cfb3-3831-4fc2-9327-194b76cf22e1,p24,100.0,7.0,grid,choice,0.6047382651478215,0.4970938480453247,524
6638cfb3-3831-4fc2-9327-194b76cf22e1,p24,100.0,7.0,grid,feedback,0.5058823529411764,0.4999164438502673,528
6638cfb3-3831-4fc2-9327-194b76cf22e1,p24,100.0,10.0,grid,choice,0.5865062127860763,0.48486756801909187,524
6638cfb3-3831-4fc2-9327-194b76cf22e1,p24,100.0,10.0,grid,feedback,0.5237684238480945,0.4985295995313345,528
6638cfb3-3831-4fc2-9327-194b76cf22e1,p24,100.0,14.0,grid,choice,0.588087111977897,0.5101742087845368,524
6638cfb3-3831-4fc2-9327-194b76cf22e1,p24,100.0,14.0,grid,feedback,0.5095073695392378,0.5000594844679445,528
749cb2b7-e57e-4453-a794-f6230e4d0226,p24,100.0,2.5,grid,choice,0.5,0.5,765
749cb2b7-e57e-4453-a794-f6230e4d0226,p24,100.0,2.5,grid,feedback,0.6015765765765766,0.5030958367004879,767
749cb2b7-e57e-4453-a794-f6230e4d0226,p24,100.0,3.5,grid,choice,0.5,0.5,765
749cb2b7-e57e-4453-a794-f6230e4d0226,p24,100.0,3.5,grid,feedback,0.6076194118646949,0.5012862530304392,767
749cb2b7-e57e-4453-a794-f6230e4d0226,p24,100.0,5.0,grid,choice,0.49808429118773945,0.49990083725798,765
749cb2b7-e57e-4453-a794-f6230e4d0226,p24,100.0,5.0,grid,feedback,0.5967278599354071,0.4983111101134357,767
749cb2b7-e57e-4453-a794-f6230e4d0226,p24,100.0,7.0,grid,choice,0.4990421455938697,0.49993916797488225,765
749cb2b7-e57e-4453-a794-f6230e4d0226,p24,100.0,7.0,grid,feedback,0.6032466428692844,0.4979054054054054,767
749cb2b7-e57e-4453-a794-f6230e4d0226,p24,100.0,10.0,grid,choice,0.4990421455938697,0.5002394034536891,765
749cb2b7-e57e-4453-a794-f6230e4d0226,p24,100.0,10.0,grid,feedback,0.606161822199558,0.5018666756457456,767
749cb2b7-e57e-4453-a794-f6230e4d0226,p24,100.0,14.0,grid,choice,0.5,0.5,765
749cb2b7-e57e-4453-a794-f6230e4d0226,p24,100.0,14.0,grid,feedback,0.597972972972973,0.5018781239711472,767
d7ec0892-0a6c-4f4f-9d8f-72083692af5c,p24,100.0,2.5,grid,choice,0.7823125150711358,0.5001994555353901,663
d7ec0892-0a6c-4f4f-9d8f-72083692af5c,p24,100.0,2.5,grid,feedback,0.8698188577756684,0.49436630205248383,663
d7ec0892-0a6c-4f4f-9d8f-72083692af5c,p24,100.0,3.5,grid,choice,0.7795997106341934,0.5076975499092559,663
d7ec0892-0a6c-4f4f-9d8f-72083692af5c,p24,100.0,3.5,grid,feedback,0.8771159626641354,0.5017102883864266,663
d7ec0892-0a6c-4f4f-9d8f-72083692af5c,p24,100.0,5.0,grid,choice,0.7717024354955389,0.4934823956442832,663
d7ec0892-0a6c-4f4f-9d8f-72083692af5c,p24,100.0,5.0,grid,feedback,0.8708076253757318,0.5034953237533586,663
d7ec0892-0a6c-4f4f-9d8f-72083692af5c,p24,100.0,7.0,grid,choice,0.7844827586206896,0.5014816696914701,663
d7ec0892-0a6c-4f4f-9d8f-72083692af5c,p24,100.0,7.0,grid,feedback,0.8713020091757633,0.49849382580927615,663
d7ec0892-0a6c-4f4f-9d8f-72083692af5c,p24,100.0,10.0,grid,choice,0.769110200144683,0.49341249243799146,663
d7ec0892-0a6c-4f4f-9d8f-72083692af5c,p24,100.0,10.0,grid,feedback,0.8523374466065496,0.5064512524357686,663
d7ec0892-0a6c-4f4f-9d8f-72083692af5c,p24,100.0,14.0,grid,choice,0.7695924764890282,0.49663333333333326,663
d7ec0892-0a6c-4f4f-9d8f-72083692af5c,p24,100.0,14.0,grid,feedback,0.8698386331276697,0.5014954836342097,663
da8dfec1-d265-44e8-84ce-6ae9c109b8bd,p24,100.0,2.5,grid,choice,0.5458386891833991,0.5050386747664753,524
da8dfec1-d265-44e8-84ce-6ae9c109b8bd,p24,100.0,2.5,grid,feedback,0.5153897224804143,0.49928618638466626,528
da8dfec1-d265-44e8-84ce-6ae9c109b8bd,p24,100.0,3.5,grid,choice,0.5563287679328635,0.49621704744454315,524
da8dfec1-d265-44e8-84ce-6ae9c109b8bd,p24,100.0,3.5,grid,feedback,0.5212720754215907,0.4992134831460674,528
da8dfec1-d265-44e8-84ce-6ae9c109b8bd,p24,100.0,5.0,grid,choice,0.5181581785677349,0.5023565696416127,524
da8dfec1-d265-44e8-84ce-6ae9c109b8bd,p24,100.0,5.0,grid,feedback,0.5330367813039437,0.49940815958661294,528
da8dfec1-d265-44e8-84ce-6ae9c109b8bd,p24,100.0,7.0,grid,choice,0.5380154543977069,0.4994251702133067,524
da8dfec1-d265-44e8-84ce-6ae9c109b8bd,p24,100.0,7.0,grid,feedback,0.5330367813039437,0.502571050892267,528
da8dfec1-d265-44e8-84ce-6ae9c109b8bd,p24,100.0,10.0,grid,choice,0.5347280705642481,0.4854617331615476,524
da8dfec1-d265-44e8-84ce-6ae9c109b8bd,p24,100.0,10.0,grid,feedback,0.5262647722745983,0.49686824040136984,528
da8dfec1-d265-44e8-84ce-6ae9c109b8bd,p24,100.0,14.0,grid,choice,0.5288551039404281,0.49365932116884226,524
da8dfec1-d265-44e8-84ce-6ae9c109b8bd,p24,100.0,14.0,grid,feedback,0.5330367813039437,0.5014990912095175,528
dab512bd-a02d-4c1f-8dbc-9155a163efc0,p24,100.0,2.5,grid,choice,0.5149756210819596,0.498764367816092,410
dab512bd-a02d-4c1f-8dbc-9155a163efc0,p24,100.0,2.5,grid,feedback,0.7503413604766633,0.4897181534312681,410
dab512bd-a02d-4c1f-8dbc-9155a163efc0,p24,100.0,3.5,grid,choice,0.5184002786162062,0.49809259035736375,410
dab512bd-a02d-4c1f-8dbc-9155a163efc0,p24,100.0,3.5,grid,feedback,0.7312562065541212,0.5060308352849335,410
dab512bd-a02d-4c1f-8dbc-9155a163efc0,p24,100.0,5.0,grid,choice,0.5252495936846993,0.4951576912814779,410
dab512bd-a02d-4c1f-8dbc-9155a163efc0,p24,100.0,5.0,grid,feedback,0.712171052631579,0.5051641650699027,410
dab512bd-a02d-4c1f-8dbc-9155a163efc0,p24,100.0,7.0,grid,choice,0.5320989087531924,0.5023791705841995,410
dab512bd-a02d-4c1f-8dbc-9155a163efc0,p24,100.0,7.0,grid,feedback,0.7103090863952334,0.5042458661557022,410
dab512bd-a02d-4c1f-8dbc-9155a163efc0,p24,100.0,10.0,grid,choice,0.49738797306710003,0.5016882183908045,410
dab512bd-a02d-4c1f-8dbc-9155a163efc0,p24,100.0,10.0,grid,feedback,0.6945134061569017,0.49536218153431266,410
dab512bd-a02d-4c1f-8dbc-9155a163efc0,p24,100.0,14.0,grid,choice,0.5092001393081032,0.49639367816091956,410
dab512bd-a02d-4c1f-8dbc-9155a163efc0,p24,100.0,14.0,grid,feedback,0.7546238828202582,0.5111206088992973,410
dc7e9403-19f7-409f-9240-05ee57cb7aea,p24,100.0,2.5,grid,choice,0.5789515079192884,0.495423675220362,859
dc7e9403-19f7-409f-9240-05ee57cb7aea,p24,100.0,2.5,grid,feedback,0.5677336481044299,0.5001396642176076,872
dc7e9403-19f7-409f-9240-05ee57cb7aea,p24,100.0,3.5,grid,choice,0.5732696897374702,0.49498585250091287,859
dc7e9403-19f7-409f-9240-05ee57cb7aea,p24,100.0,3.5,grid,feedback,0.5596213488867288,0.4973507858641579,872
dc7e9403-19f7-409f-9240-05ee57cb7aea,p24,100.0,5.0,grid,choice,0.570541332176177,0.49954020627966406,859
dc7e9403-19f7-409f-9240-05ee57cb7aea,p24,100.0,5.0,grid,feedback,0.5491019765773272,0.5007746601603347,872
dc7e9403-19f7-409f-9240-05ee57cb7aea,p24,100.0,7.0,grid,choice,0.5746338685181167,0.5042097611224117,859
dc7e9403-19f7-409f-9240-05ee57cb7aea,p24,100.0,7.0,grid,feedback,0.5491019765773272,0.49931799410903255,872
dc7e9403-19f7-409f-9240-05ee57cb7aea,p24,100.0,10.0,grid,choice,0.5860544586678238,0.503065443592552,859
dc7e9403-19f7-409f-9240-05ee57cb7aea,p24,100.0,10.0,grid,feedback,0.6102740360135166,0.5007556197363943,872
dc7e9403-19f7-409f-9240-05ee57cb7aea,p24,100.0,14.0,grid,choice,0.5802587329138642,0.49458933135137956,859
dc7e9403-19f7-409f-9240-05ee57cb7aea,p24,100.0,14.0,grid,feedback,0.5558950145813082,0.4966483231201187,872
e8f9fba4-d151-4b00-bee7-447f0f3e752c,p24,100.0,2.5,grid,choice,0.5483174519022839,0.4992324945585815,771
e8f9fba4-d151-4b00-bee7-447f0f3e752c,p24,100.0,2.5,grid,feedback,0.7203699293482575,0.49921032181122205,802
e8f9fba4-d151-4b00-bee7-447f0f3e752c,p24,100.0,3.5,grid,choice,0.5418474545530645,0.5002915140415141,771
e8f9fba4-d151-4b00-bee7-447f0f3e752c,p24,100.0,3.5,grid,feedback,0.7226919107724061,0.49521990353357564,802
e8f9fba4-d151-4b00-bee7-447f0f3e752c,p24,100.0,5.0,grid,choice,0.5439506396752096,0.5006341521576445,771
e8f9fba4-d151-4b00-bee7-447f0f3e752c,p24,100.0,5.0,grid,feedback,0.6921886163372232,0.49409317774155087,802
e8f9fba4-d151-4b00-bee7-447f0f3e752c,p24,100.0,7.0,grid,choice,0.5364691602606135,0.5004358122398095,771
e8f9fba4-d151-4b00-bee7-447f0f3e752c,p24,100.0,7.0,grid,feedback,0.6834563785028182,0.5018501380152731,802
e8f9fba4-d151-4b00-bee7-447f0f3e752c,p24,100.0,10.0,grid,choice,0.5318616850593635,0.4944180101105066,771
e8f9fba4-d151-4b00-bee7-447f0f3e752c,p24,100.0,10.0,grid,feedback,0.6433376994522505,0.5024277187085233,802
e8f9fba4-d151-4b00-bee7-447f0f3e752c,p24,100.0,14.0,grid,choice,0.5295178369630426,0.49804529777531187,771
e8f9fba4-d151-4b00-bee7-447f0f3e752c,p24,100.0,14.0,grid,feedback,0.658589346669842,0.5023194789081886,802
eebcaf65-7fa4-4118-869d-a084e84530e2,p24,100.0,2.5,grid,choice,0.5,0.5,723
eebcaf65-7fa4-4118-869d-a084e84530e2,p24,100.0,2.5,grid,feedback,0.8139065731316654,0.4990622044062411,724
eebcaf65-7fa4-4118-869d-a084e84530e2,p24,100.0,3.5,grid,choice,0.5,0.5,723
eebcaf65-7fa4-4118-869d-a084e84530e2,p24,100.0,3.5,grid,feedback,0.8157313166538258,0.5018155655655656,724
eebcaf65-7fa4-4118-869d-a084e84530e2,p24,100.0,5.0,grid,choice,0.5,0.5,723
eebcaf65-7fa4-4118-869d-a084e84530e2,p24,100.0,5.0,grid,feedback,0.8294878553181136,0.49783659806595587,724
eebcaf65-7fa4-4118-869d-a084e84530e2,p24,100.0,7.0,grid,choice,0.5016472773487144,0.49917557864181494,723
eebcaf65-7fa4-4118-869d-a084e84530e2,p24,100.0,7.0,grid,feedback,0.8322148331373423,0.5005142413055258,724
eebcaf65-7fa4-4118-869d-a084e84530e2,p24,100.0,10.0,grid,choice,0.5,0.5,723
eebcaf65-7fa4-4118-869d-a084e84530e2,p24,100.0,10.0,grid,feedback,0.8450691375045618,0.4952639680965369,724
eebcaf65-7fa4-4118-869d-a084e84530e2,p24,100.0,14.0,grid,choice,0.5,0.5,723
eebcaf65-7fa4-4118-869d-a084e84530e2,p24,100.0,14.0,grid,feedback,0.8230302907424678,0.4966270513632899,724
fe380793-8035-414e-b000-09bfe5ece92a,p24,100.0,2.5,grid,choice,0.5832441841489728,0.4997131275587158,945
fe380793-8035-414e-b000-09bfe5ece92a,p24,100.0,2.5,grid,feedback,0.5312243865859826,0.49863292460912406,945
fe380793-8035-414e-b000-09bfe5ece92a,p24,100.0,3.5,grid,choice,0.5929788217802034,0.49900813402283994,945
fe380793-8035-414e-b000-09bfe5ece92a,p24,100.0,3.5,grid,feedback,0.5312243865859826,0.497452686603127,945
fe380793-8035-414e-b000-09bfe5ece92a,p24,100.0,5.0,grid,choice,0.56727665862813,0.5022988849385908,945
fe380793-8035-414e-b000-09bfe5ece92a,p24,100.0,5.0,grid,feedback,0.5207348760964721,0.4994955691796959,945
fe380793-8035-414e-b000-09bfe5ece92a,p24,100.0,7.0,grid,choice,0.5757828507189353,0.5021191014867487,945
fe380793-8035-414e-b000-09bfe5ece92a,p24,100.0,7.0,grid,feedback,0.5338533038034284,0.5022366473013494,945
fe380793-8035-414e-b000-09bfe5ece92a,p24,100.0,10.0,grid,choice,0.5691646570325107,0.49911821266968326,945
fe380793-8035-414e-b000-09bfe5ece92a,p24,100.0,10.0,grid,feedback,0.5149887518964825,0.49930647622617275,945
fe380793-8035-414e-b000-09bfe5ece92a,p24,100.0,14.0,grid,choice,0.5686773585247774,0.4992918552036199,945
fe380793-8035-414e-b000-09bfe5ece92a,p24,100.0,14.0,grid,feedback,0.5057461241999895,0.5005549568965516,945
1a276285-8b0e-4cc9-9f0a-a3a002978724,p16,100.0,2.5,grid,choice,0.5,0.5,636
1a276285-8b0e-4cc9-9f0a-a3a002978724,p16,100.0,2.5,grid,feedback,0.5711568063663559,0.4976707070707071,637
1a276285-8b0e-4cc9-9f0a-a3a002978724,p16,100.0,3.5,grid,choice,0.5027777777777778,0.4996764346764347,636
1a276285-8b0e-4cc9-9f0a-a3a002978724,p16,100.0,3.5,grid,feedback,0.5902747524033574,0.5060305675805676,637
1a276285-8b0e-4cc9-9f0a-a3a002978724,p16,100.0,5.0,grid,choice,0.5027777777777778,0.5002579365079365,636
1a276285-8b0e-4cc9-9f0a-a3a002978724,p16,100.0,5.0,grid,feedback,0.5229734831982806,0.49857999037999046,637
1a276285-8b0e-4cc9-9f0a-a3a002978724,p16,100.0,7.0,grid,choice,0.5055555555555555,0.5012912087912088,636
1a276285-8b0e-4cc9-9f0a-a3a002978724,p16,100.0,7.0,grid,feedback,0.5505721588103744,0.5005946127946128,637
1a276285-8b0e-4cc9-9f0a-a3a002978724,p16,100.0,10.0,grid,choice,0.5055555555555555,0.49974949567340865,636
1a276285-8b0e-4cc9-9f0a-a3a002978724,p16,100.0,10.0,grid,feedback,0.5399349423484651,0.5007675565175566,637
1a276285-8b0e-4cc9-9f0a-a3a002978724,p16,100.0,14.0,grid,choice,0.5016812865497077,0.4999439268461008,636
1a276285-8b0e-4cc9-9f0a-a3a002978724,p16,100.0,14.0,grid,feedback,0.5153422787604194,0.5020919672919673,637
1e104bf4-7a24-4624-a5b2-c2c8289c0de7,p16,100.0,2.5,grid,choice,0.5394847412649271,0.5006453834698437,739
1e104bf4-7a24-4624-a5b2-c2c8289c0de7,p16,100.0,2.5,grid,feedback,0.5833202630150208,0.49951457212820843,742
1e104bf4-7a24-4624-a5b2-c2c8289c0de7,p16,100.0,3.5,grid,choice,0.48952528379772964,0.497785880491437,739
1e104bf4-7a24-4624-a5b2-c2c8289c0de7,p16,100.0,3.5,grid,feedback,0.5735416540990529,0.49739024443569896,742
1e104bf4-7a24-4624-a5b2-c2c8289c0de7,p16,100.0,5.0,grid,choice,0.5378998968008256,0.4980620811615786,739
1e104bf4-7a24-4624-a5b2-c2c8289c0de7,p16,100.0,5.0,grid,feedback,0.5290583338360378,0.49947516288425375,742
1e104bf4-7a24-4624-a5b2-c2c8289c0de7,p16,100.0,7.0,grid,choice,0.539702196668141,0.49341288160833946,739
1e104bf4-7a24-4624-a5b2-c2c8289c0de7,p16,100.0,7.0,grid,feedback,0.5695481691500272,0.4985908872272509,742
1e104bf4-7a24-4624-a5b2-c2c8289c0de7,p16,100.0,10.0,grid,choice,0.5193830163644405,0.5015568224125093,739
1e104bf4-7a24-4624-a5b2-c2c8289c0de7,p16,100.0,10.0,grid,feedback,0.5735416540990529,0.5002687043596136,742
1e104bf4-7a24-4624-a5b2-c2c8289c0de7,p16,100.0,14.0,grid,choice,0.5314794338788147,0.5058524758004468,739
1e104bf4-7a24-4624-a5b2-c2c8289c0de7,p16,100.0,14.0,grid,feedback,0.5712010617120106,0.49955102977830257,742
6638cfb3-3831-4fc2-9327-194b76cf22e1,p16,100.0,2.5,grid,choice,0.5987027761771789,0.4999651544584722,524
6638cfb3-3831-4fc2-9327-194b76cf22e1,p16,100.0,2.5,grid,feedback,0.5095073695392378,0.5003880760680165,528
6638cfb3-3831-4fc2-9327-194b76cf22e1,p16,100.0,3.5,grid,choice,0.6096508724495073,0.5050250028249489,524
6638cfb3-3831-4fc2-9327-194b76cf22e1,p16,100.0,3.5,grid,feedback,0.5072500331961227,0.5006146728354264,528
6638cfb3-3831-4fc2-9327-194b76cf22e1,p16,100.0,5.0,grid,choice,0.6024481775335018,0.49802401720164086,524
6638cfb3-3831-4fc2-9327-194b76cf22e1,p16,100.0,5.0,grid,feedback,0.5072500331961227,0.5016547121913116,528
6638cfb3-3831-4fc2-9327-194b76cf22e1,p16,100.0,7.0,grid,choice,0.6073607848351876,0.49744532710204575,524
6638cfb3-3831-4fc2-9327-194b76cf22e1,p16,100.0,7.0,grid,feedback,0.5058823529411764,0.4999164438502673,528
6638cfb3-3831-4fc2-9327-194b76cf22e1,p16,100.0,10.0,grid,choice,0.5751444232672902,0.5040158364741177,524
6638cfb3-3831-4fc2-9327-194b76cf22e1,p16,100.0,10.0,grid,feedback,0.5237684238480945,0.5009810430811753,528
6638cfb3-3831-4fc2-9327-194b76cf22e1,p16,100.0,14.0,grid,choice,0.5897935966195351,0.4962072979918263,524
6638cfb3-3831-4fc2-9327-194b76cf22e1,p16,100.0,14.0,grid,feedback,0.5153897224804143,0.5020809048849366,528
749cb2b7-e57e-4453-a794-f6230e4d0226,p16,100.0,2.5,grid,choice,0.5,0.5,765
749cb2b7-e57e-4453-a794-f6230e4d0226,p16,100.0,2.5,grid,feedback,0.5997747747747748,0.4990382658405914,767
749cb2b7-e57e-4453-a794-f6230e4d0226,p16,100.0,3.5,grid,choice,0.5,0.5,765
749cb2b7-e57e-4453-a794-f6230e4d0226,p16,100.0,3.5,grid,feedback,0.5923550909399966,0.5049268205082158,767
749cb2b7-e57e-4453-a794-f6230e4d0226,p16,100.0,5.0,grid,choice,0.49808429118773945,0.5004996402407116,765
749cb2b7-e57e-4453-a794-f6230e4d0226,p16,100.0,5.0,grid,feedback,0.5967278599354071,0.4992596749573493,767
749cb2b7-e57e-4453-a794-f6230e4d0226,p16,100.0,7.0,grid,choice,0.49808429118773945,0.4995955978545264,765
749cb2b7-e57e-4453-a794-f6230e4d0226,p16,100.0,7.0,grid,feedback,0.6005439401665816,0.5073372541977192,767
749cb2b7-e57e-4453-a794-f6230e4d0226,p16,100.0,10.0,grid,choice,0.4990421455938697,0.4999391679748822,765
749cb2b7-e57e-4453-a794-f6230e4d0226,p16,100.0,10.0,grid,feedback,0.6087327893931668,0.5006506090808416,767
749cb2b7-e57e-4453-a794-f6230e4d0226,p16,100.0,14.0,grid,choice,0.5,0.5,765
749cb2b7-e57e-4453-a794-f6230e4d0226,p16,100.0,14.0,grid,feedback,0.5879823219445861,0.5026551135853462,767
d7ec0892-0a6c-4f4f-9d8f-72083692af5c,p16,100.0,2.5,grid,choice,0.767301663853388,0.4975964912280702,663
d7ec0892-0a6c-4f4f-9d8f-72083692af5c,p16,100.0,2.5,grid,feedback,0.8683950324315772,0.4998089488209591,663
d7ec0892-0a6c-4f4f-9d8f-72083692af5c,p16,100.0,3.5,grid,choice,0.7619966240655895,0.5022790381125226,663
d7ec0892-0a6c-4f4f-9d8f-72083692af5c,p16,100.0,3.5,grid,feedback,0.8606035437430786,0.4954576262093001,663
d7ec0892-0a6c-4f4f-9d8f-72083692af5c,p16,100.0,5.0,grid,choice,0.762840607668194,0.506837386569873,663
d7ec0892-0a6c-4f4f-9d8f-72083692af5c,p16,100.0,5.0,grid,feedback,0.8654682803353899,0.5005492229146816,663
d7ec0892-0a6c-4f4f-9d8f-72083692af5c,p16,100.0,7.0,grid,choice,0.7774294670846396,0.4947761040532365,663
d7ec0892-0a6c-4f4f-9d8f-72083692af5c,p16,100.0,7.0,grid,feedback,0.859140167694985,0.4936379535680255,663
d7ec0892-0a6c-4f4f-9d8f-72083692af5c,p16,100.0,10.0,grid,choice,0.7818302387267904,0.4951051724137931,663
d7ec0892-0a6c-4f4f-9d8f-72083692af5c,p16,100.0,10.0,grid,feedback,0.8538008226546433,0.49370290167649555,663
d7ec0892-0a6c-4f4f-9d8f-72083692af5c,p16,100.0,14.0,grid,choice,0.7620569086086327,0.5022089836660617,663
d7ec0892-0a6c-4f4f-9d8f-72083692af5c,p16,100.0,14.0,grid,feedback,0.8640049042872964,0.49644304593409044,663
da8dfec1-d265-44e8-84ce-6ae9c109b8bd,p16,100.0,2.5,grid,choice,0.5371806805253905,0.4924511648791544,524
da8dfec1-d265-44e8-84ce-6ae9c109b8bd,p16,100.0,2.5,grid,feedback,0.5153897224804143,0.5024286486811271,528
da8dfec1-d265-44e8-84ce-6ae9c109b8bd,p16,100.0,3.5,grid,choice,0.5519997636038592,0.5010820878778065,524
da8dfec1-d265-44e8-84ce-6ae9c109b8bd,p16,100.0,3.5,grid,feedback,0.5282830965343248,0.500964970257766,528
da8dfec1-d265-44e8-84ce-6ae9c109b8bd,p16,100.0,5.0,grid,choice,0.5311451915547478,0.4945224930809028,524
da8dfec1-d265-44e8-84ce-6ae9c109b8bd,p16,100.0,5.0,grid,feedback,0.5282830965343248,0.5002643754130865,528
da8dfec1-d265-44e8-84ce-6ae9c109b8bd,p16,100.0,7.0,grid,choice,0.5624085811799122,0.49506030657588623,524
da8dfec1-d265-44e8-84ce-6ae9c109b8bd,p16,100.0,7.0,grid,feedback,0.5282830965343248,0.500964970257766,528
da8dfec1-d265-44e8-84ce-6ae9c109b8bd,p16,100.0,10.0,grid,choice,0.5572891272549976,0.5009900513140472,524
da8dfec1-d265-44e8-84ce-6ae9c109b8bd,p16,100.0,10.0,grid,feedback,0.5262647722745983,0.4996725349996995,528
da8dfec1-d265-44e8-84ce-6ae9c109b8bd,p16,100.0,14.0,grid,choice,0.5359322134066161,0.49741951869359224,524
da8dfec1-d265-44e8-84ce-6ae9c109b8bd,p16,100.0,14.0,grid,feedback,0.5330367813039437,0.5000972631136215,528
dab512bd-a02d-4c1f-8dbc-9155a163efc0,p16,100.0,2.5,grid,choice,0.523450197353146,0.5033329627559102,410
dab512bd-a02d-4c1f-8dbc-9155a163efc0,p16,100.0,2.5,grid,feedback,0.729611469712016,0.5055849478390461,410
dab512bd-a02d-4c1f-8dbc-9155a163efc0,p16,100.0,3.5,grid,choice,0.5447237055955421,0.5013562074894756,410
dab512bd-a02d-4c1f-8dbc-9155a163efc0,p16,100.0,3.5,grid,feedback,0.7072368421052632,0.4987866191185863,410
dab512bd-a02d-4c1f-8dbc-9155a163efc0,p16,100.0,5.0,grid,choice,0.5396737868586022,0.4956652552960808,410
dab512bd-a02d-4c1f-8dbc-9155a163efc0,p16,100.0,5.0,grid,feedback,0.7312562065541212,0.5028680363352493,410
dab512bd-a02d-4c1f-8dbc-9155a163efc0,p16,100.0,7.0,grid,choice,0.5227246343162294,0.49997464191632995,410
dab512bd-a02d-4c1f-8dbc-9155a163efc0,p16,100.0,7.0,grid,feedback,0.6933031281032771,0.4992958448655169,410
dab512bd-a02d-4c1f-8dbc-9155a163efc0,p16,100.0,10.0,grid,choice,0.5210993731135362,0.5011063218390804,410
dab512bd-a02d-4c1f-8dbc-9155a163efc0,p16,100.0,10.0,grid,feedback,0.7150260675273088,0.5075255659640906,410
dab512bd-a02d-4c1f-8dbc-9155a163efc0,p16,100.0,14.0,grid,choice,0.511812166241003,0.49794540229885065,410
dab512bd-a02d-4c1f-8dbc-9155a163efc0,p16,100.0,14.0,grid,feedback,0.7324664846077458,0.4992233340430061,410
dc7e9403-19f7-409f-9240-05ee57cb7aea,p16,100.0,2.5,grid,choice,0.5596333261011066,0.4957004315965159,859
dc7e9403-19f7-409f-9240-05ee57cb7aea,p16,100.0,2.5,grid,feedback,0.580891542841272,0.4974260925361331,872
dc7e9403-19f7-409f-9240-05ee57cb7aea,p16,100.0,3.5,grid,choice,0.5571897374701671,0.49682248474417146,859
dc7e9403-19f7-409f-9240-05ee57cb7aea,p16,100.0,3.5,grid,feedback,0.5852775077535527,0.5005455973077342,872
dc7e9403-19f7-409f-9240-05ee57cb7aea,p16,100.0,5.0,grid,choice,0.5421891950531569,0.5024869608303344,859
dc7e9403-19f7-409f-9240-05ee57cb7aea,p16,100.0,5.0,grid,feedback,0.6126811091052169,0.5008267520324252,872
dc7e9403-19f7-409f-9240-05ee57cb7aea,p16,100.0,7.0,grid,choice,0.5665654154914298,0.4973426824179837,859
dc7e9403-19f7-409f-9240-05ee57cb7aea,p16,100.0,7.0,grid,feedback,0.6258390038420589,0.49896801987168266,872
dc7e9403-19f7-409f-9240-05ee57cb7aea,p16,100.0,10.0,grid,choice,0.5561672814059448,0.5017428480154384,859
dc7e9403-19f7-409f-9240-05ee57cb7aea,p16,100.0,10.0,grid,feedback,0.6216844882655187,0.49965193987934264,872
dc7e9403-19f7-409f-9240-05ee57cb7aea,p16,100.0,14.0,grid,choice,0.5859405510956823,0.49566783367235173,859
dc7e9403-19f7-409f-9240-05ee57cb7aea,p16,100.0,14.0,grid,feedback,0.5683932787112901,0.500327502524602,872
e8f9fba4-d151-4b00-bee7-447f0f3e752c,p16,100.0,2.5,grid,choice,0.5494091549590524,0.4988739517456208,771
e8f9fba4-d151-4b00-bee7-447f0f3e752c,p16,100.0,2.5,grid,feedback,0.6778201159006112,0.4966865514455537,802
e8f9fba4-d151-4b00-bee7-447f0f3e752c,p16,100.0,3.5,grid,choice,0.5515123400811976,0.5002859527491365,771
e8f9fba4-d151-4b00-bee7-447f0f3e752c,p16,100.0,3.5,grid,feedback,0.6857783599269667,0.4981218856396791,802
e8f9fba4-d151-4b00-bee7-447f0f3e752c,p16,100.0,5.0,grid,choice,0.5451225637233701,0.5028801458009032,771
e8f9fba4-d151-4b00-bee7-447f0f3e752c,p16,100.0,5.0,grid,feedback,0.674614987695483,0.4998933970271415,802
e8f9fba4-d151-4b00-bee7-447f0f3e752c,p16,100.0,7.0,grid,choice,0.5418474545530645,0.5047170119891018,771
e8f9fba4-d151-4b00-bee7-447f0f3e752c,p16,100.0,7.0,grid,feedback,0.6569322060808129,0.503701006982515,802
e8f9fba4-d151-4b00-bee7-447f0f3e752c,p16,100.0,10.0,grid,choice,0.5301596048941781,0.499028764596787,771
e8f9fba4-d151-4b00-bee7-447f0f3e752c,p16,100.0,10.0,grid,feedback,0.6474259744383584,0.5007710551435935,802
e8f9fba4-d151-4b00-bee7-447f0f3e752c,p16,100.0,14.0,grid,choice,0.5273902367565607,0.5034551958482534,771
e8f9fba4-d151-4b00-bee7-447f0f3e752c,p16,100.0,14.0,grid,feedback,0.6514050964515361,0.4980500335420393,802
eebcaf65-7fa4-4118-869d-a084e84530e2,p16,100.0,2.5,grid,choice,0.5,0.5,723
eebcaf65-7fa4-4118-869d-a084e84530e2,p16,100.0,2.5,grid,feedback,0.8203033129232391,0.4995941928166699,724
eebcaf65-7fa4-4118-869d-a084e84530e2,p16,100.0,3.5,grid,choice,0.5,0.5,723
eebcaf65-7fa4-4118-869d-a084e84530e2,p16,100.0,3.5,grid,feedback,0.8303698146871579,0.5006974176010872,724
eebcaf65-7fa4-4118-869d-a084e84530e2,p16,100.0,5.0,grid,choice,0.5,0.5,723
eebcaf65-7fa4-4118-869d-a084e84530e2,p16,100.0,5.0,grid,feedback,0.8258180933457686,0.507025534709021,724
eebcaf65-7fa4-4118-869d-a084e84530e2,p16,100.0,7.0,grid,choice,0.4990566037735849,0.49977159880834165,723
eebcaf65-7fa4-4118-869d-a084e84530e2,p16,100.0,7.0,grid,feedback,0.8276225619399051,0.5072349872808589,724
eebcaf65-7fa4-4118-869d-a084e84530e2,p16,100.0,10.0,grid,choice,0.5,0.5,723
eebcaf65-7fa4-4118-869d-a084e84530e2,p16,100.0,10.0,grid,feedback,0.8340598515875268,0.4990825228898623,724
eebcaf65-7fa4-4118-869d-a084e84530e2,p16,100.0,14.0,grid,choice,0.5,0.5,723
eebcaf65-7fa4-4118-869d-a084e84530e2,p16,100.0,14.0,grid,feedback,0.8203033129232391,0.5007611625386855,724
fe380793-8035-414e-b000-09bfe5ece92a,p16,100.0,2.5,grid,choice,0.5658555601892985,0.49768665158371045,945
fe380793-8035-414e-b000-09bfe5ece92a,p16,100.0,2.5,grid,feedback,0.5347208900824861,0.5009286985971301,945
fe380793-8035-414e-b000-09bfe5ece92a,p16,100.0,3.5,grid,choice,0.5736818008739641,0.4959960137901314,945
fe380793-8035-414e-b000-09bfe5ece92a,p16,100.0,3.5,grid,feedback,0.5312243865859826,0.49863292460912406,945
fe380793-8035-414e-b000-09bfe5ece92a,p16,100.0,5.0,grid,choice,0.5619775706696162,0.49666235725059255,945
fe380793-8035-414e-b000-09bfe5ece92a,p16,100.0,5.0,grid,feedback,0.5229844967999582,0.5016959265902762,945
fe380793-8035-414e-b000-09bfe5ece92a,p16,100.0,7.0,grid,choice,0.5772447462421353,0.5010389463477699,945
fe380793-8035-414e-b000-09bfe5ece92a,p16,100.0,7.0,grid,feedback,0.5439635177789791,0.49954575390875994,945
fe380793-8035-414e-b000-09bfe5ece92a,p16,100.0,10.0,grid,choice,0.5725553480444597,0.5009503339797458,945
fe380793-8035-414e-b000-09bfe5ece92a,p16,100.0,10.0,grid,feedback,0.528107179603439,0.4997532461447847,945
fe380793-8035-414e-b000-09bfe5ece92a,p16,100.0,14.0,grid,choice,0.5651144131566064,0.5018070189614307,945
fe380793-8035-414e-b000-09bfe5ece92a,p16,100.0,14.0,grid,feedback,0.5,0.5,945
1a276285-8b0e-4cc9-9f0a-a3a002978724,p48q8,100.0,2.5,grid,choice,0.5055555555555555,0.4997488984445506,636
1a276285-8b0e-4cc9-9f0a-a3a002978724,p48q8,100.0,2.5,grid,feedback,0.5485681507943423,0.5008426647426648,637
1a276285-8b0e-4cc9-9f0a-a3a002978724,p48q8,100.0,3.5,grid,choice,0.5027777777777778,0.4998702686202687,636
1a276285-8b0e-4cc9-9f0a-a3a002978724,p48q8,100.0,3.5,grid,feedback,0.6132482356016381,0.4992677248677249,637
1a276285-8b0e-4cc9-9f0a-a3a002978724,p48q8,100.0,5.0,grid,choice,0.5027777777777778,0.4998702686202687,636
1a276285-8b0e-4cc9-9f0a-a3a002978724,p48q8,100.0,5.0,grid,feedback,0.5272138479858267,0.49831014911014904,637
1a276285-8b0e-4cc9-9f0a-a3a002978724,p48q8,100.0,7.0,grid,choice,0.5055555555555555,0.5003220390720391,636
1a276285-8b0e-4cc9-9f0a-a3a002978724,p48q8,100.0,7.0,grid,feedback,0.5282158519938428,0.5002513949013949,637
1a276285-8b0e-4cc9-9f0a-a3a002978724,p48q8,100.0,10.0,grid,choice,0.5055555555555555,0.49994213515952646,636
1a276285-8b0e-4cc9-9f0a-a3a002978724,p48q8,100.0,10.0,grid,feedback,0.5419389503644971,0.4976784511784511,637
1a276285-8b0e-4cc9-9f0a-a3a002978724,p48q8,100.0,14.0,grid,choice,0.5016812865497077,0.5003292058183362,636
1a276285-8b0e-4cc9-9f0a-a3a002978724,p48q8,100.0,14.0,grid,feedback,0.5153422787604194,0.49835394420394424,637
1e104bf4-7a24-4624-a5b2-c2c8289c0de7,p48q8,100.0,2.5,grid,choice,0.538998230871296,0.49921644638868207,739
1e104bf4-7a24-4624-a5b2-c2c8289c0de7,p48q8,100.0,2.5,grid,feedback,0.5841467092960125,0.5001211246665792,742
1e104bf4-7a24-4624-a5b2-c2c8289c0de7,p48q8,100.0,3.5,grid,choice,0.5587682441397611,0.5014109270290394,739
1e104bf4-7a24-4624-a5b2-c2c8289c0de7,p48q8,100.0,3.5,grid,feedback,0.5695481691500272,0.496711049892868,742
1e104bf4-7a24-4624-a5b2-c2c8289c0de7,p48q8,100.0,5.0,grid,choice,0.5371332743623766,0.5047087676842889,739
1e104bf4-7a24-4624-a5b2-c2c8289c0de7,p48q8,100.0,5.0,grid,feedback,0.5254086987995416,0.5031668415759324,742
1e104bf4-7a24-4624-a5b2-c2c8289c0de7,p48q8,100.0,7.0,grid,choice,0.5357253427686864,0.5043525688756516,739
1e104bf4-7a24-4624-a5b2-c2c8289c0de7,p48q8,100.0,7.0,grid,feedback,0.5363576039090305,0.4977296777296777,742
1e104bf4-7a24-4624-a5b2-c2c8289c0de7,p48q8,100.0,10.0,grid,choice,0.5254828247088309,0.4988969192107223,739
1e104bf4-7a24-4624-a5b2-c2c8289c0de7,p48q8,100.0,10.0,grid,feedback,0.5702358689750859,0.4987667256985439,742
1e104bf4-7a24-4624-a5b2-c2c8289c0de7,p48q8,100.0,14.0,grid,choice,0.533219077104526,0.4980690152643335,739
1e104bf4-7a24-4624-a5b2-c2c8289c0de7,p48q8,100.0,14.0,grid,feedback,0.5695481691500272,0.5008824172460536,742
6638cfb3-3831-4fc2-9327-194b76cf22e1,p48q8,100.0,2.5,grid,choice,0.5843860348979804,0.49586076191979744,524
6638cfb3-3831-4fc2-9327-194b76cf22e1,p48q8,100.0,2.5,grid,feedback,0.5095073695392378,0.5010899477257705,528
6638cfb3-3831-4fc2-9327-194b76cf22e1,p48q8,100.0,3.5,grid,choice,0.6021157454604553,0.4959896093244398,524
6638cfb3-3831-4fc2-9327-194b76cf22e1,p48q8,100.0,3.5,grid,feedback,0.5083787013676803,0.49717291053295676,528
6638cfb3-3831-4fc2-9327-194b76cf22e1,p48q8,100.0,5.0,grid,choice,0.5869642303089402,0.5037750454019294,524
6638cfb3-3831-4fc2-9327-194b76cf22e1,p48q8,100.0,5.0,grid,feedback,0.5072500331961227,0.5002528840954155,528
6638cfb3-3831-4fc2-9327-194b76cf22e1,p48q8,100.0,7.0,grid,choice,0.6051962826706854,0.510674280151666,524
6638cfb3-3831-4fc2-9327-194b76cf22e1,p48q8,100.0,7.0,grid,feedback,0.5106360377107954,0.5025568181818181,528
6638cfb3-3831-4fc2-9327-194b76cf22e1,p48q8,100.0,10.0,grid,choice,0.5861737807130298,0.501801237408703,524
6638cfb3-3831-4fc2-9327-194b76cf22e1,p48q8,100.0,10.0,grid,feedback,0.5237684238480945,0.5006332992849847,528
6638cfb3-3831-4fc2-9327-194b76cf22e1,p48q8,100.0,14.0,grid,choice,0.597077552708952,0.49952053994639894,524
6638cfb3-3831-4fc2-9327-194b76cf22e1,p48q8,100.0,14.0,grid,feedback,0.5212720754215907,0.4974498663101603,528
749cb2b7-e57e-4453-a794-f6230e4d0226,p48q8,100.0,2.5,grid,choice,0.5,0.5,765
749cb2b7-e57e-4453-a794-f6230e4d0226,p48q8,100.0,2.5,grid,feedback,0.5983171851096379,0.49696828888689354,767
749cb2b7-e57e-4453-a794-f6230e4d0226,p48q8,100.0,3.5,grid,choice,0.5,0.5,765
749cb2b7-e57e-4453-a794-f6230e4d0226,p48q8,100.0,3.5,grid,feedback,0.597972972972973,0.49835465864535633,767
749cb2b7-e57e-4453-a794-f6230e4d0226,p48q8,100.0,5.0,grid,choice,0.49808429118773945,0.5002027407116693,765
749cb2b7-e57e-4453-a794-f6230e4d0226,p48q8,100.0,5.0,grid,feedback,0.5985296617372089,0.5002382448894076,767
749cb2b7-e57e-4453-a794-f6230e4d0226,p48q8,100.0,7.0,grid,choice,0.4990421455938697,0.5000892857142857,765
749cb2b7-e57e-4453-a794-f6230e4d0226,p48q8,100.0,7.0,grid,feedback,0.6038033316335203,0.5015967795037563,767
749cb2b7-e57e-4453-a794-f6230e4d0226,p48q8,100.0,10.0,grid,choice,0.4990421455938697,0.4996389324960752,765
749cb2b7-e57e-4453-a794-f6230e4d0226,p48q8,100.0,10.0,grid,feedback,0.6087327893931668,0.5038881655742121,767
749cb2b7-e57e-4453-a794-f6230e4d0226,p48q8,100.0,14.0,grid,choice,0.4990421455938697,0.49993916797488225,765
749cb2b7-e57e-4453-a794-f6230e4d0226,p48q8,100.0,14.0,grid,feedback,0.597972972972973,0.49272769447188053,767
d7ec0892-0a6c-4f4f-9d8f-72083692af5c,p48q8,100.0,2.5,grid,choice,0.7888232457197975,0.5021170901391411,663
d7ec0892-0a6c-4f4f-9d8f-72083692af5c,p48q8,100.0,2.5,grid,feedback,0.8635105204872646,0.49529732258590636,663
d7ec0892-0a6c-4f4f-9d8f-72083692af5c,p48q8,100.0,3.5,grid,choice,0.78315649867374,0.5013751058681186,663
d7ec0892-0a6c-4f4f-9d8f-72083692af5c,p48q8,100.0,3.5,grid,feedback,0.872251226071824,0.4963297311855648,663
d7ec0892-0a6c-4f4f-9d8f-72083692af5c,p48q8,100.0,5.0,grid,choice,0.7787557270315891,0.496150756200847,663
d7ec0892-0a6c-4f4f-9d8f-72083692af5c,p48q8,100.0,5.0,grid,feedback,0.8654682803353899,0.5011102523327581,663
d7ec0892-0a6c-4f4f-9d8f-72083692af5c,p48q8,100.0,7.0,grid,choice,0.7787557270315891,0.5016850877192983,663
d7ec0892-0a6c-4f4f-9d8f-72083692af5c,p48q8,100.0,7.0,grid,feedback,0.868375257079576,0.49586535886276417,663
d7ec0892-0a6c-4f4f-9d8f-72083692af5c,p48q8,100.0,10.0,grid,choice,0.7806245478659272,0.5026330913490622,663
d7ec0892-0a6c-4f4f-9d8f-72083692af5c,p48q8,100.0,10.0,grid,feedback,0.8542952064546749,0.5033587554617016,663
d7ec0892-0a6c-4f4f-9d8f-72083692af5c,p48q8,100.0,14.0,grid,choice,0.7796599951772365,0.497535632183908,663
d7ec0892-0a6c-4f4f-9d8f-72083692af5c,p48q8,100.0,14.0,grid,feedback,0.8785793387122292,0.5049953870618835,663
da8dfec1-d265-44e8-84ce-6ae9c109b8bd,p48q8,100.0,2.5,grid,choice,0.5483356234209477,0.4951657258280344,524
da8dfec1-d265-44e8-84ce-6ae9c109b8bd,p48q8,100.0,2.5,grid,feedback,0.5153897224804143,0.5003370786516854,528
da8dfec1-d265-44e8-84ce-6ae9c109b8bd,p48q8,100.0,3.5,grid,choice,0.5575772350516378,0.5019619959223417,524
da8dfec1-d265-44e8-84ce-6ae9c109b8bd,p48q8,100.0,3.5,grid,feedback,0.5153897224804143,0.5003370786516854,528
da8dfec1-d265-44e8-84ce-6ae9c109b8bd,p48q8,100.0,5.0,grid,choice,0.5161192618530502,0.4973400795094699,524
da8dfec1-d265-44e8-84ce-6ae9c109b8bd,p48q8,100.0,5.0,grid,feedback,0.5271544283627672,0.5019329447815898,528
da8dfec1-d265-44e8-84ce-6ae9c109b8bd,p48q8,100.0,7.0,grid,choice,0.5389314894434348,0.5023408323786177,524
da8dfec1-d265-44e8-84ce-6ae9c109b8bd,p48q8,100.0,7.0,grid,feedback,0.5285221086177134,0.4998281559814937,528
da8dfec1-d265-44e8-84ce-6ae9c109b8bd,p48q8,100.0,10.0,grid,choice,0.5490891361198529,0.4986175416619133,524
da8dfec1-d265-44e8-84ce-6ae9c109b8bd,p48q8,100.0,10.0,grid,feedback,0.5262647722745983,0.49581798654088793,528
da8dfec1-d265-44e8-84ce-6ae9c109b8bd,p48q8,100.0,14.0,grid,choice,0.5260257376298332,0.4926267780282236,524
da8dfec1-d265-44e8-84ce-6ae9c109b8bd,p48q8,100.0,14.0,grid,feedback,0.5330367813039437,0.49834641440846,528
dab512bd-a02d-4c1f-8dbc-9155a163efc0,p48q8,100.0,2.5,grid,choice,0.5123635941490596,0.4983908045977012,410
dab512bd-a02d-4c1f-8dbc-9155a163efc0,p48q8,100.0,2.5,grid,feedback,0.7392626613704072,0.5065969235682349,410
dab512bd-a02d-4c1f-8dbc-9155a163efc0,p48q8,100.0,3.5,grid,choice,0.528587183654516,0.5015491989174904,410
dab512bd-a02d-4c1f-8dbc-9155a163efc0,p48q8,100.0,3.5,grid,feedback,0.7343284508440914,0.49465642963593764,410
dab512bd-a02d-4c1f-8dbc-9155a163efc0,p48q8,100.0,5.0,grid,choice,0.5133503598792662,0.498133480929027,410
dab512bd-a02d-4c1f-8dbc-9155a163efc0,p48q8,100.0,5.0,grid,feedback,0.7216050148957298,0.48875450642253915,410
dab512bd-a02d-4c1f-8dbc-9155a163efc0,p48q8,100.0,7.0,grid,choice,0.5227246343162294,0.5006829424270915,410
dab512bd-a02d-4c1f-8dbc-9155a163efc0,p48q8,100.0,7.0,grid,feedback,0.7029543197616683,0.4956077638208785,410
dab512bd-a02d-4c1f-8dbc-9155a163efc0,p48q8,100.0,10.0,grid,choice,0.4991003018342233,0.5001724137931034,410
dab512bd-a02d-4c1f-8dbc-9155a163efc0,p48q8,100.0,10.0,grid,feedback,0.700657894736842,0.4986983713008303,410
dab512bd-a02d-4c1f-8dbc-9155a163efc0,p48q8,100.0,14.0,grid,choice,0.5160494543765962,0.5015229885057472,410
dab512bd-a02d-4c1f-8dbc-9155a163efc0,p48q8,100.0,14.0,grid,feedback,0.7053748758689176,0.49591852955787374,410
dc7e9403-19f7-409f-9240-05ee57cb7aea,p48q8,100.0,2.5,grid,choice,0.558667823822955,0.5026233179471131,859
dc7e9403-19f7-409f-9240-05ee57cb7aea,p48q8,100.0,2.5,grid,feedback,0.5920705457575337,0.49928829128877994,872
dc7e9403-19f7-409f-9240-05ee57cb7aea,p48q8,100.0,3.5,grid,choice,0.5719624647428942,0.4999488212590622,859
dc7e9403-19f7-409f-9240-05ee57cb7aea,p48q8,100.0,3.5,grid,feedback,0.5602809794935888,0.5015142100992344,872
dc7e9403-19f7-409f-9240-05ee57cb7aea,p48q8,100.0,5.0,grid,choice,0.5741782382295508,0.5084513378188077,859
dc7e9403-19f7-409f-9240-05ee57cb7aea,p48q8,100.0,5.0,grid,feedback,0.5765055779289914,0.502961842001937,872
dc7e9403-19f7-409f-9240-05ee57cb7aea,p48q8,100.0,7.0,grid,choice,0.5642357344326319,0.5053767342095655,859
dc7e9403-19f7-409f-9240-05ee57cb7aea,p48q8,100.0,7.0,grid,feedback,0.5872563995741332,0.4990899102715824,872
dc7e9403-19f7-409f-9240-05ee57cb7aea,p48q8,100.0,10.0,grid,choice,0.5833261011065307,0.5006046914932457,859
dc7e9403-19f7-409f-9240-05ee57cb7aea,p48q8,100.0,10.0,grid,feedback,0.6339513030597602,0.4984398915695516,872
dc7e9403-19f7-409f-9240-05ee57cb7aea,p48q8,100.0,14.0,grid,choice,0.5860544586678238,0.5020052939028843,859
dc7e9403-19f7-409f-9240-05ee57cb7aea,p48q8,100.0,14.0,grid,feedback,0.5633476831921492,0.4987967955465058,872
e8f9fba4-d151-4b00-bee7-447f0f3e752c,p48q8,100.0,2.5,grid,choice,0.5455480837646665,0.4968745643868364,771
e8f9fba4-d151-4b00-bee7-447f0f3e752c,p48q8,100.0,2.5,grid,feedback,0.7042351353496864,0.4960450815828957,802
e8f9fba4-d151-4b00-bee7-447f0f3e752c,p48q8,100.0,3.5,grid,choice,0.5428589366184411,0.49917780851686894,771
e8f9fba4-d151-4b00-bee7-447f0f3e752c,p48q8,100.0,3.5,grid,feedback,0.7186036357862984,0.49668340282185924,802
e8f9fba4-d151-4b00-bee7-447f0f3e752c,p48q8,100.0,5.0,grid,choice,0.5428589366184411,0.49660594197761104,771
e8f9fba4-d151-4b00-bee7-447f0f3e752c,p48q8,100.0,5.0,grid,feedback,0.6953937445423514,0.4947752400840595,802
e8f9fba4-d151-4b00-bee7-447f0f3e752c,p48q8,100.0,7.0,grid,choice,0.540755751496296,0.4965170768922521,771
e8f9fba4-d151-4b00-bee7-447f0f3e752c,p48q8,100.0,7.0,grid,feedback,0.6859966658728268,0.5011542038153769,802
e8f9fba4-d151-4b00-bee7-447f0f3e752c,p48q8,100.0,10.0,grid,choice,0.5211050964744619,0.49962223241150305,771
e8f9fba4-d151-4b00-bee7-447f0f3e752c,p48q8,100.0,10.0,grid,feedback,0.6441116932603,0.5050546885519457,802
e8f9fba4-d151-4b00-bee7-447f0f3e752c,p48q8,100.0,14.0,grid,choice,0.5393117736512409,0.4952714308832822,771
e8f9fba4-d151-4b00-bee7-447f0f3e752c,p48q8,100.0,14.0,grid,feedback,0.6667658966420577,0.4997419072316156,802
eebcaf65-7fa4-4118-869d-a084e84530e2,p48q8,100.0,2.5,grid,choice,0.5,0.5,723
eebcaf65-7fa4-4118-869d-a084e84530e2,p48q8,100.0,2.5,grid,feedback,0.8194010786261708,0.5028225817560681,724
eebcaf65-7fa4-4118-869d-a084e84530e2,p48q8,100.0,3.5,grid,choice,0.5,0.5,723
eebcaf65-7fa4-4118-869d-a084e84530e2,p48q8,100.0,3.5,grid,feedback,0.8349620858845951,0.49389196535985525,724
eebcaf65-7fa4-4118-869d-a084e84530e2,p48q8,100.0,5.0,grid,choice,0.5,0.5,723
eebcaf65-7fa4-4118-869d-a084e84530e2,p48q8,100.0,5.0,grid,feedback,0.8413791006041929,0.5012053911709876,724
eebcaf65-7fa4-4118-869d-a084e84530e2,p48q8,100.0,7.0,grid,choice,0.5016472773487144,0.4997219463753724,723
eebcaf65-7fa4-4118-869d-a084e84530e2,p48q8,100.0,7.0,grid,feedback,0.8303698146871579,0.5030594470617407,724
eebcaf65-7fa4-4118-869d-a084e84530e2,p48q8,100.0,10.0,grid,choice,0.5,0.5,723
eebcaf65-7fa4-4118-869d-a084e84530e2,p48q8,100.0,10.0,grid,feedback,0.8478163902518145,0.493412403228917,724
eebcaf65-7fa4-4118-869d-a084e84530e2,p48q8,100.0,14.0,grid,choice,0.5,0.5,723
eebcaf65-7fa4-4118-869d-a084e84530e2,p48q8,100.0,14.0,grid,feedback,0.8257775434897205,0.5015785969455695,724
fe380793-8035-414e-b000-09bfe5ece92a,p48q8,100.0,2.5,grid,choice,0.584177984080071,0.5035060331825038,945
fe380793-8035-414e-b000-09bfe5ece92a,p48q8,100.0,2.5,grid,feedback,0.5347208900824861,0.4981975797815379,945
fe380793-8035-414e-b000-09bfe5ece92a,p48q8,100.0,3.5,grid,choice,0.5941664702362605,0.5060798319327731,945
fe380793-8035-414e-b000-09bfe5ece92a,p48q8,100.0,3.5,grid,feedback,0.5312243865859826,0.49924391598843443,945
fe380793-8035-414e-b000-09bfe5ece92a,p48q8,100.0,5.0,grid,choice,0.5784323946981922,0.497012039431157,945
fe380793-8035-414e-b000-09bfe5ece92a,p48q8,100.0,5.0,grid,feedback,0.5207348760964721,0.4993038324587707,945
fe380793-8035-414e-b000-09bfe5ece92a,p48q8,100.0,7.0,grid,choice,0.5812133959493029,0.4969683796595561,945
fe380793-8035-414e-b000-09bfe5ece92a,p48q8,100.0,7.0,grid,feedback,0.5382173935789896,0.5012486546905118,945
fe380793-8035-414e-b000-09bfe5ece92a,p48q8,100.0,10.0,grid,choice,0.5622722162789433,0.5024943169575522,945
fe380793-8035-414e-b000-09bfe5ece92a,p48q8,100.0,10.0,grid,feedback,0.5191086967894948,0.49829800278432207,945
fe380793-8035-414e-b000-09bfe5ece92a,p48q8,100.0,14.0,grid,choice,0.5708396039963011,0.49135388386123674,945
fe380793-8035-414e-b000-09bfe5ece92a,p48q8,100.0,14.0,grid,feedback,0.5,0.5,945
1a276285-8b0e-4cc9-9f0a-a3a002978724,p24q8,100.0,2.5,grid,choice,0.5055555555555555,0.4997488984445506,636
1a276285-8b0e-4cc9-9f0a-a3a002978724,p24q8,100.0,2.5,grid,feedback,0.5475661467863263,0.5002586099086099,637
1a276285-8b0e-4cc9-9f0a-a3a002978724,p24q8,100.0,3.5,grid,choice,0.5027777777777778,0.4998702686202687,636
1a276285-8b0e-4cc9-9f0a-a3a002978724,p24q8,100.0,3.5,grid,feedback,0.609625047195841,0.500692303992304,637
1a276285-8b0e-4cc9-9f0a-a3a002978724,p24q8,100.0,5.0,grid,choice,0.5027777777777778,0.5000641025641026,636
1a276285-8b0e-4cc9-9f0a-a3a002978724,p24q8,100.0,5.0,grid,feedback,0.5501873311841073,0.49792342472342477,637
1a276285-8b0e-4cc9-9f0a-a3a002978724,p24q8,100.0,7.0,grid,choice,0.5055555555555555,0.5001282051282051,636
1a276285-8b0e-4cc9-9f0a-a3a002978724,p24q8,100.0,7.0,grid,feedback,0.5282158519938428,0.5013790043290044,637
1a276285-8b0e-4cc9-9f0a-a3a002978724,p24q8,100.0,10.0,grid,choice,0.5055555555555555,0.5003304002760524,636
1a276285-8b0e-4cc9-9f0a-a3a002978724,p24q8,100.0,10.0,grid,feedback,0.539317765966716,0.5021683020683021,637
1a276285-8b0e-4cc9-9f0a-a3a002978724,p24q8,100.0,14.0,grid,choice,0.5016812865497077,0.49994213515952646,636
1a276285-8b0e-4cc9-9f0a-a3a002978724,p24q8,100.0,14.0,grid,feedback,0.5153422787604194,0.5002613756613757,637
1e104bf4-7a24-4624-a5b2-c2c8289c0de7,p24q8,100.0,2.5,grid,choice,0.5425917735515259,0.5079276340282949,739
1e104bf4-7a24-4624-a5b2-c2c8289c0de7,p24q8,100.0,2.5,grid,feedback,0.5804970742595161,0.5012815383269928,742
1e104bf4-7a24-4624-a5b2-c2c8289c0de7,p24q8,100.0,3.5,grid,choice,0.5401371074745688,0.49891953648548026,739
1e104bf4-7a24-4624-a5b2-c2c8289c0de7,p24q8,100.0,3.5,grid,feedback,0.5687217228690354,0.4987498360225633,742
1e104bf4-7a24-4624-a5b2-c2c8289c0de7,p24q8,100.0,5.0,grid,choice,0.5281438891346012,0.4965005584512285,739
1e104bf4-7a24-4624-a5b2-c2c8289c0de7,p24q8,100.0,5.0,grid,feedback,0.5254086987995416,0.5004752066115702,742
1e104bf4-7a24-4624-a5b2-c2c8289c0de7,p24q8,100.0,7.0,grid,choice,0.5239495798319327,0.5052021593447504,739
1e104bf4-7a24-4624-a5b2-c2c8289c0de7,p24q8,100.0,7.0,grid,feedback,0.5363576039090305,0.5030600376054921,742
1e104bf4-7a24-4624-a5b2-c2c8289c0de7,p24q8,100.0,10.0,grid,choice,0.5301120448179272,0.5003515450483991,739
1e104bf4-7a24-4624-a5b2-c2c8289c0de7,p24q8,100.0,10.0,grid,feedback,0.57340290764312,0.5010581463990555,742
1e104bf4-7a24-4624-a5b2-c2c8289c0de7,p24q8,100.0,14.0,grid,choice,0.5294596786082855,0.49951107594936706,739
1e104bf4-7a24-4624-a5b2-c2c8289c0de7,p24q8,100.0,14.0,grid,feedback,0.5695481691500272,0.49974326599326596,742
6638cfb3-3831-4fc2-9327-194b76cf22e1,p24q8,100.0,2.5,grid,choice,0.59849592955395,0.49654968855276654,524
6638cfb3-3831-4fc2-9327-194b76cf22e1,p24q8,100.0,2.5,grid,feedback,0.5095073695392378,0.5010893093192332,528
6638cfb3-3831-4fc2-9327-194b76cf22e1,p24q8,100.0,3.5,grid,choice,0.6033642125792297,0.4957086228793284,524
6638cfb3-3831-4fc2-9327-194b76cf22e1,p24q8,100.0,3.5,grid,feedback,0.5083787013676803,0.49927469506699507,528
6638cfb3-3831-4fc2-9327-194b76cf22e1,p24q8,100.0,5.0,grid,choice,0.5933321513526292,0.504399914629775,524
6638cfb3-3831-4fc2-9327-194b76cf22e1,p24q8,100.0,5.0,grid,feedback,0.5072500331961227,0.4988523328125939,528
6638cfb3-3831-4fc2-9327-194b76cf22e1,p24q8,100.0,7.0,grid,choice,0.6073607848351876,0.5047269342249179,524
6638cfb3-3831-4fc2-9327-194b76cf22e1,p24q8,100.0,7.0,grid,feedback,0.5058823529411764,0.49921457219251336,528
6638cfb3-3831-4fc2-9327-194b76cf22e1,p24q8,100.0,10.0,grid,choice,0.5883382828775321,0.49524703434434963,524
6638cfb3-3831-4fc2-9327-194b76cf22e1,p24q8,100.0,10.0,grid,feedback,0.5237684238480945,0.5013332557231268,528
6638cfb3-3831-4fc2-9327-194b76cf22e1,p24q8,100.0,14.0,grid,choice,0.5949130505444499,0.5000881708442568,524
6638cfb3-3831-4fc2-9327-194b76cf22e1,p24q8,100.0,14.0,grid,feedback,0.5212720754215907,0.5016547121913116,528
749cb2b7-e57e-4453-a794-f6230e4d0226,p24q8,100.0,2.5,grid,choice,0.5,0.5,765
749cb2b7-e57e-4453-a794-f6230e4d0226,p24q8,100.0,2.5,grid,feedback,0.5992180860105388,0.5066166831283111,767
749cb2b7-e57e-4453-a794-f6230e4d0226,p24q8,100.0,3.5,grid,choice,0.5,0.5,765
749cb2b7-e57e-4453-a794-f6230e4d0226,p24q8,100.0,3.5,grid,feedback,0.5932559918408975,0.5052101104426685,767
749cb2b7-e57e-4453-a794-f6230e4d0226,p24q8,100.0,5.0,grid,choice,0.49808429118773945,0.5012552328623756,765
749cb2b7-e57e-4453-a794-f6230e4d0226,p24q8,100.0,5.0,grid,feedback,0.5938126806051335,0.49878034180359765,767
749cb2b7-e57e-4453-a794-f6230e4d0226,p24q8,100.0,7.0,grid,choice,0.4990421455938697,0.5002394034536891,765
749cb2b7-e57e-4453-a794-f6230e4d0226,p24q8,100.0,7.0,grid,feedback,0.6005439401665816,0.4990100565681962,767
749cb2b7-e57e-4453-a794-f6230e4d0226,p24q8,100.0,10.0,grid,choice,0.4990421455938697,0.5000892857142856,765
749cb2b7-e57e-4453-a794-f6230e4d0226,p24q8,100.0,10.0,grid,feedback,0.6087327893931668,0.4959223758642364,767
749cb2b7-e57e-4453-a794-f6230e4d0226,p24q8,100.0,14.0,grid,choice,0.4990421455938697,0.49978905023547876,765
749cb2b7-e57e-4453-a794-f6230e4d0226,p24q8,100.0,14.0,grid,feedback,0.5952702702702704,0.5020543383915478,767
d7ec0892-0a6c-4f4f-9d8f-72083692af5c,p24q8,100.0,2.5,grid,choice,0.7893055220641427,0.5024989110707804,663
d7ec0892-0a6c-4f4f-9d8f-72083692af5c,p24q8,100.0,2.5,grid,feedback,0.8771159626641354,0.5022056196509662,663
d7ec0892-0a6c-4f4f-9d8f-72083692af5c,p24q8,100.0,3.5,grid,choice,0.7765251989389921,0.4931572897761646,663
d7ec0892-0a6c-4f4f-9d8f-72083692af5c,p24q8,100.0,3.5,grid,feedback,0.8795483309602912,0.5070178948520513,663
d7ec0892-0a6c-4f4f-9d8f-72083692af5c,p24q8,100.0,5.0,grid,choice,0.7646491439594888,0.5052298245614034,663
d7ec0892-0a6c-4f4f-9d8f-72083692af5c,p24q8,100.0,5.0,grid,feedback,0.8674260401835152,0.4988636892345463,663
d7ec0892-0a6c-4f4f-9d8f-72083692af5c,p24q8,100.0,7.0,grid,choice,0.7884615384615384,0.4900778886872354,663
d7ec0892-0a6c-4f4f-9d8f-72083692af5c,p24q8,100.0,7.0,grid,feedback,0.869344249327638,0.5031601265741289,663
d7ec0892-0a6c-4f4f-9d8f-72083692af5c,p24q8,100.0,10.0,grid,choice,0.7752592235350857,0.4952894434361766,663
d7ec0892-0a6c-4f4f-9d8f-72083692af5c,p24q8,100.0,10.0,grid,feedback,0.867406264831514,0.4962027557449803,663
d7ec0892-0a6c-4f4f-9d8f-72083692af5c,p24q8,100.0,14.0,grid,choice,0.780564263322884,0.501673049001815,663
d7ec0892-0a6c-4f4f-9d8f-72083692af5c,p24q8,100.0,14.0,grid,feedback,0.8751779781680114,0.4966204074493746,663
da8dfec1-d265-44e8-84ce-6ae9c109b8bd,p24q8,100.0,2.5,grid,choice,0.5402612177356205,0.5001976734315857,524
da8dfec1-d265-44e8-84ce-6ae9c109b8bd,p24q8,100.0,2.5,grid,feedback,0.5153897224804143,0.502088565763384,528
da8dfec1-d265-44e8-84ce-6ae9c109b8bd,p24q8,100.0,3.5,grid,choice,0.5571192175287738,0.5051706742193275,524
da8dfec1-d265-44e8-84ce-6ae9c109b8bd,p24q8,100.0,3.5,grid,feedback,0.5212720754215907,0.5006146728354263,528
da8dfec1-d265-44e8-84ce-6ae9c109b8bd,p24q8,100.0,5.0,grid,choice,0.5216967333008289,0.4981506952077514,524
da8dfec1-d265-44e8-84ce-6ae9c109b8bd,p24q8,100.0,5.0,grid,feedback,0.5330367813039437,0.5004584134470949,528
da8dfec1-d265-44e8-84ce-6ae9c109b8bd,p24q8,100.0,7.0,grid,choice,0.5406379740850731,0.5026721745510223,524
da8dfec1-d265-44e8-84ce-6ae9c109b8bd,p24q8,100.0,7.0,grid,feedback,0.5344044615588899,0.4966027759418374,528
da8dfec1-d265-44e8-84ce-6ae9c109b8bd,p24q8,100.0,10.0,grid,choice,0.5403055420120266,0.49707841895856975,524
da8dfec1-d265-44e8-84ce-6ae9c109b8bd,p24q8,100.0,10.0,grid,feedback,0.5262647722745983,0.5031735940034848,528
da8dfec1-d265-44e8-84ce-6ae9c109b8bd,p24q8,100.0,14.0,grid,choice,0.5316032090776118,0.5015113057427291,524
da8dfec1-d265-44e8-84ce-6ae9c109b8bd,p24q8,100.0,14.0,grid,feedback,0.5330367813039437,0.49764390434416883,528
dab512bd-a02d-4c1f-8dbc-9155a163efc0,p24q8,100.0,2.5,grid,choice,0.5123635941490596,0.5031034482758621,410
dab512bd-a02d-4c1f-8dbc-9155a163efc0,p24q8,100.0,2.5,grid,feedback,0.7489138530287984,0.5046316797956141,410
dab512bd-a02d-4c1f-8dbc-9155a163efc0,p24q8,100.0,3.5,grid,choice,0.535436498723009,0.5013160104269898,410
dab512bd-a02d-4c1f-8dbc-9155a163efc0,p24q8,100.0,3.5,grid,feedback,0.7265392254220457,0.5036690795543253,410
dab512bd-a02d-4c1f-8dbc-9155a163efc0,p24q8,100.0,5.0,grid,choice,0.5150626886463896,0.500387089294336,410
dab512bd-a02d-4c1f-8dbc-9155a163efc0,p24q8,100.0,5.0,grid,feedback,0.7230325223435948,0.504244819388262,410
dab512bd-a02d-4c1f-8dbc-9155a163efc0,p24q8,100.0,7.0,grid,choice,0.5227246343162294,0.4980244835209514,410
dab512bd-a02d-4c1f-8dbc-9155a163efc0,p24q8,100.0,7.0,grid,feedback,0.718098311817279,0.5017826272088566,410
dab512bd-a02d-4c1f-8dbc-9155a163efc0,p24q8,100.0,10.0,grid,choice,0.4948630136986301,0.5001293103448277,410
dab512bd-a02d-4c1f-8dbc-9155a163efc0,p24q8,100.0,10.0,grid,feedback,0.7090988083416088,0.5032104712227663,410
dab512bd-a02d-4c1f-8dbc-9155a163efc0,p24q8,100.0,14.0,grid,choice,0.5160494543765962,0.500639367816092,410
dab512bd-a02d-4c1f-8dbc-9155a163efc0,p24q8,100.0,14.0,grid,feedback,0.6879344587884806,0.4972472677595627,410
dc7e9403-19f7-409f-9240-05ee57cb7aea,p24q8,100.0,2.5,grid,choice,0.5685533738338034,0.4903958365931257,859
dc7e9403-19f7-409f-9240-05ee57cb7aea,p24q8,100.0,2.5,grid,feedback,0.5670740174975698,0.49917946217367887,872
dc7e9403-19f7-409f-9240-05ee57cb7aea,p24q8,100.0,3.5,grid,choice,0.5615073768713387,0.5096286770458458,859
dc7e9403-19f7-409f-9240-05ee57cb7aea,p24q8,100.0,3.5,grid,feedback,0.5558950145813082,0.4989473770315641,872
dc7e9403-19f7-409f-9240-05ee57cb7aea,p24q8,100.0,5.0,grid,choice,0.5695188761119548,0.500198945131174,859
dc7e9403-19f7-409f-9240-05ee57cb7aea,p24q8,100.0,5.0,grid,feedback,0.5846178771466926,0.4991330627106992,872
dc7e9403-19f7-409f-9240-05ee57cb7aea,p24q8,100.0,7.0,grid,choice,0.5710539162508136,0.504856047566891,859
dc7e9403-19f7-409f-9240-05ee57cb7aea,p24q8,100.0,7.0,grid,feedback,0.5909827338795538,0.4987320358899893,872
dc7e9403-19f7-409f-9240-05ee57cb7aea,p24q8,100.0,10.0,grid,choice,0.5834400086786722,0.5036099919157149,859
dc7e9403-19f7-409f-9240-05ee57cb7aea,p24q8,100.0,10.0,grid,feedback,0.5909827338795538,0.4989803440967022,872
dc7e9403-19f7-409f-9240-05ee57cb7aea,p24q8,100.0,14.0,grid,choice,0.5827592753308743,0.49602856230115266,859
dc7e9403-19f7-409f-9240-05ee57cb7aea,p24q8,100.0,14.0,grid,feedback,0.5633476831921492,0.4995175737094222,872
e8f9fba4-d151-4b00-bee7-447f0f3e752c,p24q8,100.0,2.5,grid,choice,0.5499148959917407,0.5019176611918548,771
e8f9fba4-d151-4b00-bee7-447f0f3e752c,p24q8,100.0,2.5,grid,feedback,0.7098713979518934,0.5022534714207398,802
e8f9fba4-d151-4b00-bee7-447f0f3e752c,p24q8,100.0,3.5,grid,choice,0.5402500104636075,0.4981586107129586,771
e8f9fba4-d151-4b00-bee7-447f0f3e752c,p24q8,100.0,3.5,grid,feedback,0.7234659045804557,0.49477195260353546,802
e8f9fba4-d151-4b00-bee7-447f0f3e752c,p24q8,100.0,5.0,grid,choice,0.5455480837646665,0.4999848594992355,771
e8f9fba4-d151-4b00-bee7-447f0f3e752c,p24q8,100.0,5.0,grid,feedback,0.6946197507343018,0.4977215439677227,802
e8f9fba4-d151-4b00-bee7-447f0f3e752c,p24q8,100.0,7.0,grid,choice,0.539158307406839,0.4967887839136087,771
e8f9fba4-d151-4b00-bee7-447f0f3e752c,p24q8,100.0,7.0,grid,feedback,0.6738409938874336,0.5047774888433646,802
e8f9fba4-d151-4b00-bee7-447f0f3e752c,p24q8,100.0,10.0,grid,choice,0.519507652385005,0.5011354155428489,771
e8f9fba4-d151-4b00-bee7-447f0f3e752c,p24q8,100.0,10.0,grid,feedback,0.6433376994522505,0.49988403110392987,802
e8f9fba4-d151-4b00-bee7-447f0f3e752c,p24q8,100.0,14.0,grid,choice,0.5325278680748358,0.5011872246111377,771
e8f9fba4-d151-4b00-bee7-447f0f3e752c,p24q8,100.0,14.0,grid,feedback,0.6649996030800984,0.5032929722815319,802
eebcaf65-7fa4-4118-869d-a084e84530e2,p24q8,100.0,2.5,grid,choice,0.5,0.5,723
eebcaf65-7fa4-4118-869d-a084e84530e2,p24q8,100.0,2.5,grid,feedback,0.8019950529175621,0.49629670955359034,724
eebcaf65-7fa4-4118-869d-a084e84530e2,p24q8,100.0,3.5,grid,choice,0.5,0.5,723
eebcaf65-7fa4-4118-869d-a084e84530e2,p24q8,100.0,3.5,grid,feedback,0.8157313166538258,0.5043842121938452,724
eebcaf65-7fa4-4118-869d-a084e84530e2,p24q8,100.0,5.0,grid,choice,0.5,0.5,723
eebcaf65-7fa4-4118-869d-a084e84530e2,p24q8,100.0,5.0,grid,feedback,0.8331576172904587,0.4980238380582418,724
eebcaf65-7fa4-4118-869d-a084e84530e2,p24q8,100.0,7.0,grid,choice,0.5016472773487144,0.5000794438927507,723
eebcaf65-7fa4-4118-869d-a084e84530e2,p24q8,100.0,7.0,grid,feedback,0.8340598515875268,0.5086084938149158,724
eebcaf65-7fa4-4118-869d-a084e84530e2,p24q8,100.0,10.0,grid,choice,0.5,0.5,723
eebcaf65-7fa4-4118-869d-a084e84530e2,p24q8,100.0,10.0,grid,feedback,0.8395746320100563,0.4977031159599968,724
eebcaf65-7fa4-4118-869d-a084e84530e2,p24q8,100.0,14.0,grid,choice,0.5,0.5,723
eebcaf65-7fa4-4118-869d-a084e84530e2,p24q8,100.0,14.0,grid,feedback,0.8193605287701229,0.4970723246181962,724
fe380793-8035-414e-b000-09bfe5ece92a,p24q8,100.0,2.5,grid,choice,0.5784935903247448,0.49799663326869215,945
fe380793-8035-414e-b000-09bfe5ece92a,p24q8,100.0,2.5,grid,feedback,0.5312243865859826,0.5004778258192333,945
fe380793-8035-414e-b000-09bfe5ece92a,p24q8,100.0,3.5,grid,choice,0.5939330202534858,0.4993069920275803,945
fe380793-8035-414e-b000-09bfe5ece92a,p24q8,100.0,3.5,grid,feedback,0.5312243865859826,0.4992558430606126,945
fe380793-8035-414e-b000-09bfe5ece92a,p24q8,100.0,5.0,grid,choice,0.5741894979238817,0.4989396412411118,945
fe380793-8035-414e-b000-09bfe5ece92a,p24q8,100.0,5.0,grid,feedback,0.5207348760964721,0.499501532715785,945
fe380793-8035-414e-b000-09bfe5ece92a,p24q8,100.0,7.0,grid,choice,0.589080433718337,0.49646716763628523,945
fe380793-8035-414e-b000-09bfe5ece92a,p24q8,100.0,7.0,grid,feedback,0.5338533038034284,0.49807003641036635,945
fe380793-8035-414e-b000-09bfe5ece92a,p24q8,100.0,10.0,grid,choice,0.5658555601892985,0.5032761527687999,945
fe380793-8035-414e-b000-09bfe5ece92a,p24q8,100.0,10.0,grid,feedback,0.5309802417034337,0.4996641277575498,945
fe380793-8035-414e-b000-09bfe5ece92a,p24q8,100.0,14.0,grid,choice,0.5682104585592282,0.5012572721396251,945
fe380793-8035-414e-b000-09bfe5ece92a,p24q8,100.0,14.0,grid,feedback,0.5,0.5,945
